{"type":"FeatureCollection","name":"abrigos_candidatos_rs","fonte":"OpenStreetMap (Geofabrik sul-latest, extração 20/07/2026) — locais nomeados: escolas, ginásios, centros comunitários e abrigos","features":[{"type":"Feature","geometry":{"type":"Point","coordinates":[-51.55931,-29.65503]},"properties":{"nome":"Escola Pedro João Müller","tipo":"school","mun":"Montenegro","ibge":"4312401"}},{"type":"Feature","geometry":{"type":"Point","coordinates":[-51.67005,-29.44888]},"properties":{"nome":"Centro Municipal de Educação Infantil e Ensino Fundamental Poçoantense","tipo":"school","mun":"Poço das Antas","ibge":"4314753"}},{"type":"Feature","geometry":{"type":"Point","coordinates":[-51.52035,-29.16253]},"properties":{"nome":"Natsport","tipo":"sports_centre","mun":"Bento Gonçalves","ibge":"4302105"}},{"type":"Feature","geometry":{"type":"Point","coordinates":[-51.52345,-29.16994]},"properties":{"nome":"Colégio Sagrado Coração de Jesus","tipo":"school","mun":"Bento Gonçalves","ibge":"4302105"}},{"type":"Feature","geometry":{"type":"Point","coordinates":[-51.51603,-29.16912]},"properties":{"nome":"Colégio Scalabriniano Medianeira","tipo":"school","mun":"Bento Gonçalves","ibge":"4302105"}},{"type":"Feature","geometry":{"type":"Point","coordinates":[-53.40292,-27.47843]},"properties":{"nome":"Instituto Estadual de Educação Madre Tereza","tipo":"school","mun":"Seberi","ibge":"4320206"}},{"type":"Feature","geometry":{"type":"Point","coordinates":[-51.1477,-29.76461]},"properties":{"nome":"Escola Cruz Vermelha Brasileira","tipo":"school","mun":"São Leopoldo","ibge":"4318705"}},{"type":"Feature","geometry":{"type":"Point","coordinates":[-51.15368,-29.72732]},"properties":{"nome":"Sagrado Coração de Jesus","tipo":"school","mun":"São Leopoldo","ibge":"4318705"}},{"type":"Feature","geometry":{"type":"Point","coordinates":[-51.11119,-29.67333]},"properties":{"nome":"IENH Pindorama","tipo":"school","mun":"Novo Hamburgo","ibge":"4313409"}},{"type":"Feature","geometry":{"type":"Point","coordinates":[-51.54434,-29.5205]},"properties":{"nome":"Sociedade Cultural e esportiva Esperança","tipo":"community_centre","mun":"Maratá","ibge":"4311791"}},{"type":"Feature","geometry":{"type":"Point","coordinates":[-51.54398,-29.51996]},"properties":{"nome":"Escola Municipal Pedro Cristiano Höller","tipo":"school","mun":"Maratá","ibge":"4311791"}},{"type":"Feature","geometry":{"type":"Point","coordinates":[-51.45701,-29.67731]},"properties":{"nome":"Academia Equilíbrio","tipo":"sports_centre","mun":"Montenegro","ibge":"4312401"}},{"type":"Feature","geometry":{"type":"Point","coordinates":[-51.49012,-29.69772]},"properties":{"nome":"SESI Montenegro","tipo":"sports_centre","mun":"Montenegro","ibge":"4312401"}},{"type":"Feature","geometry":{"type":"Point","coordinates":[-51.63781,-29.52955]},"properties":{"nome":"Escola Municipal Capitão Felipe Kerber","tipo":"school","mun":"Brochier","ibge":"4302659"}},{"type":"Feature","geometry":{"type":"Point","coordinates":[-53.39952,-27.48412]},"properties":{"nome":"Escola Estadual de 1° Grau Alfredo Westphalen","tipo":"school","mun":"Seberi","ibge":"4320206"}},{"type":"Feature","geometry":{"type":"Point","coordinates":[-51.50684,-29.16937]},"properties":{"nome":"Wizard Idiomas","tipo":"school","mun":"Bento Gonçalves","ibge":"4302105"}},{"type":"Feature","geometry":{"type":"Point","coordinates":[-51.16783,-29.93068]},"properties":{"nome":"Colégio Espírito Santo","tipo":"school","mun":"Canoas","ibge":"4304606"}},{"type":"Feature","geometry":{"type":"Point","coordinates":[-51.15451,-29.92766]},"properties":{"nome":"Escola de Educação Infantil Formiguinha","tipo":"school","mun":"Canoas","ibge":"4304606"}},{"type":"Feature","geometry":{"type":"Point","coordinates":[-51.1645,-29.90108]},"properties":{"nome":"Centro Olímpico Municipal de Canoas","tipo":"sports_centre","mun":"Canoas","ibge":"4304606"}},{"type":"Feature","geometry":{"type":"Point","coordinates":[-51.16008,-29.93386]},"properties":{"nome":"Escola Estadual Jasmelino Jardim","tipo":"school","mun":"Canoas","ibge":"4304606"}},{"type":"Feature","geometry":{"type":"Point","coordinates":[-53.17293,-27.42327]},"properties":{"nome":"EEEF Graciliano Ramos","tipo":"school","mun":"Rodeio Bonito","ibge":"4315909"}},{"type":"Feature","geometry":{"type":"Point","coordinates":[-53.34718,-27.42102]},"properties":{"nome":"E.M.1° Grau Ministro Tarso Dutra","tipo":"school","mun":"Seberi","ibge":"4320206"}},{"type":"Feature","geometry":{"type":"Point","coordinates":[-51.54238,-29.57288]},"properties":{"nome":"Colégio Municipal Estação Vitória","tipo":"school","mun":"Maratá","ibge":"4311791"}},{"type":"Feature","geometry":{"type":"Point","coordinates":[-51.5274,-29.5322]},"properties":{"nome":"Colégio São Pedro do Maratá","tipo":"school","mun":"Maratá","ibge":"4311791"}},{"type":"Feature","geometry":{"type":"Point","coordinates":[-51.14905,-29.79051]},"properties":{"nome":"Koloss Bowling","tipo":"sports_centre","mun":"São Leopoldo","ibge":"4318705"}},{"type":"Feature","geometry":{"type":"Point","coordinates":[-50.93068,-29.70086]},"properties":{"nome":"Escola Municipal de Educação Fundamental Abrillina Gomes","tipo":"school","mun":"Taquara","ibge":"4321204"}},{"type":"Feature","geometry":{"type":"Point","coordinates":[-50.85341,-29.69128]},"properties":{"nome":"Escola Municipal de Ensino Fundamental Padre Afonso Kist","tipo":"school","mun":"Parobé","ibge":"4314050"}},{"type":"Feature","geometry":{"type":"Point","coordinates":[-51.00515,-29.52063]},"properties":{"nome":"Escola Municipal Tiradentes","tipo":"school","mun":"Morro Reuter","ibge":"4312476"}},{"type":"Feature","geometry":{"type":"Point","coordinates":[-51.12331,-29.76469]},"properties":{"nome":"Escola Municipal de Ensino Fundamental Barão do Rio Branco","tipo":"school","mun":"São Leopoldo","ibge":"4318705"}},{"type":"Feature","geometry":{"type":"Point","coordinates":[-51.13622,-29.68367]},"properties":{"nome":"Academia Fitness Way","tipo":"sports_centre","mun":"Novo Hamburgo","ibge":"4313409"}},{"type":"Feature","geometry":{"type":"Point","coordinates":[-51.13614,-29.68364]},"properties":{"nome":"Maria Bailarina Centro de Dança","tipo":"sports_centre","mun":"Novo Hamburgo","ibge":"4313409"}},{"type":"Feature","geometry":{"type":"Point","coordinates":[-51.14429,-29.76923]},"properties":{"nome":"Winner English School","tipo":"school","mun":"São Leopoldo","ibge":"4318705"}},{"type":"Feature","geometry":{"type":"Point","coordinates":[-51.13518,-29.7704]},"properties":{"nome":"Sociedade Recreativa Rio Branco","tipo":"community_centre","mun":"São Leopoldo","ibge":"4318705"}},{"type":"Feature","geometry":{"type":"Point","coordinates":[-51.13722,-29.76867]},"properties":{"nome":"Atelier Escola das Artes","tipo":"school","mun":"São Leopoldo","ibge":"4318705"}},{"type":"Feature","geometry":{"type":"Point","coordinates":[-51.13414,-29.76941]},"properties":{"nome":"James Academia","tipo":"sports_centre","mun":"São Leopoldo","ibge":"4318705"}},{"type":"Feature","geometry":{"type":"Point","coordinates":[-50.90108,-31.08959]},"properties":{"nome":"Parque de Exposições","tipo":"community_centre","mun":"Mostardas","ibge":"4312500"}},{"type":"Feature","geometry":{"type":"Point","coordinates":[-51.13386,-29.77708]},"properties":{"nome":"Viver Pilates","tipo":"sports_centre","mun":"São Leopoldo","ibge":"4318705"}},{"type":"Feature","geometry":{"type":"Point","coordinates":[-51.14975,-29.62506]},"properties":{"nome":"Renz Fitness","tipo":"sports_centre","mun":"Ivoti","ibge":"4310801"}},{"type":"Feature","geometry":{"type":"Point","coordinates":[-51.1302,-29.7688]},"properties":{"nome":"Della Academica e Estética","tipo":"sports_centre","mun":"São Leopoldo","ibge":"4318705"}},{"type":"Feature","geometry":{"type":"Point","coordinates":[-51.23962,-30.13058]},"properties":{"nome":"Colégio Marista Ipanema","tipo":"school","mun":"Porto Alegre","ibge":"4314902"}},{"type":"Feature","geometry":{"type":"Point","coordinates":[-51.14602,-29.76569]},"properties":{"nome":"Academia Plenna Forma","tipo":"sports_centre","mun":"São Leopoldo","ibge":"4318705"}},{"type":"Feature","geometry":{"type":"Point","coordinates":[-51.09935,-29.76206]},"properties":{"nome":"Associação dos Moradores Jardim Alto-Feitoria","tipo":"community_centre","mun":"São Leopoldo","ibge":"4318705"}},{"type":"Feature","geometry":{"type":"Point","coordinates":[-51.10779,-29.75886]},"properties":{"nome":"Grêmio Atlético Mauá","tipo":"community_centre","mun":"São Leopoldo","ibge":"4318705"}},{"type":"Feature","geometry":{"type":"Point","coordinates":[-51.10635,-29.75588]},"properties":{"nome":"Escola Técnica Estadual Visconde de São Leopoldo","tipo":"school","mun":"São Leopoldo","ibge":"4318705"}},{"type":"Feature","geometry":{"type":"Point","coordinates":[-51.10753,-29.7613]},"properties":{"nome":"Associação Guadalupe","tipo":"community_centre","mun":"São Leopoldo","ibge":"4318705"}},{"type":"Feature","geometry":{"type":"Point","coordinates":[-51.175,-29.64808]},"properties":{"nome":"Escola de Ensino Fundamental Cirandinha","tipo":"school","mun":"Estância Velha","ibge":"4307609"}},{"type":"Feature","geometry":{"type":"Point","coordinates":[-51.14701,-29.76851]},"properties":{"nome":"Clube de Inglês","tipo":"school","mun":"São Leopoldo","ibge":"4318705"}},{"type":"Feature","geometry":{"type":"Point","coordinates":[-51.14558,-29.76611]},"properties":{"nome":"QI Informática","tipo":"school","mun":"São Leopoldo","ibge":"4318705"}},{"type":"Feature","geometry":{"type":"Point","coordinates":[-51.14535,-29.76733]},"properties":{"nome":"Byte Sul Centro de Educação Profissional","tipo":"school","mun":"São Leopoldo","ibge":"4318705"}},{"type":"Feature","geometry":{"type":"Point","coordinates":[-51.50253,-29.16585]},"properties":{"nome":"Ginásio Municipal","tipo":"sports_centre","mun":"Bento Gonçalves","ibge":"4302105"}},{"type":"Feature","geometry":{"type":"Point","coordinates":[-51.51907,-29.1717]},"properties":{"nome":"Clube Ipiranga","tipo":"sports_centre","mun":"Bento Gonçalves","ibge":"4302105"}},{"type":"Feature","geometry":{"type":"Point","coordinates":[-51.52133,-29.16688]},"properties":{"nome":"Multirão","tipo":"school","mun":"Bento Gonçalves","ibge":"4302105"}},{"type":"Feature","geometry":{"type":"Point","coordinates":[-51.1288,-29.71855]},"properties":{"nome":"Sociedade de Canto Sempre Viva","tipo":"community_centre","mun":"Novo Hamburgo","ibge":"4313409"}},{"type":"Feature","geometry":{"type":"Point","coordinates":[-51.60217,-29.49122]},"properties":{"nome":"Escola Pastor Rudolfo Saenger","tipo":"school","mun":"Brochier","ibge":"4302659"}},{"type":"Feature","geometry":{"type":"Point","coordinates":[-51.81311,-29.44745]},"properties":{"nome":"Ginásio do Gaúcho","tipo":"sports_centre","mun":"Teutônia","ibge":"4321451"}},{"type":"Feature","geometry":{"type":"Point","coordinates":[-51.14801,-29.76447]},"properties":{"nome":"Escola de Enfermagem da Paz","tipo":"school","mun":"São Leopoldo","ibge":"4318705"}},{"type":"Feature","geometry":{"type":"Point","coordinates":[-51.14589,-29.76126]},"properties":{"nome":"Tyeme Estúdio Pilates","tipo":"sports_centre","mun":"São Leopoldo","ibge":"4318705"}},{"type":"Feature","geometry":{"type":"Point","coordinates":[-51.1308,-29.68039]},"properties":{"nome":"Academia Bem Estar","tipo":"sports_centre","mun":"Novo Hamburgo","ibge":"4313409"}},{"type":"Feature","geometry":{"type":"Point","coordinates":[-51.14443,-29.77333]},"properties":{"nome":"Ahead Idiomas","tipo":"school","mun":"São Leopoldo","ibge":"4318705"}},{"type":"Feature","geometry":{"type":"Point","coordinates":[-51.14924,-29.7526]},"properties":{"nome":"Academia Vida Ativa","tipo":"sports_centre","mun":"São Leopoldo","ibge":"4318705"}},{"type":"Feature","geometry":{"type":"Point","coordinates":[-51.12667,-29.68793]},"properties":{"nome":"Ser Fisio","tipo":"sports_centre","mun":"Novo Hamburgo","ibge":"4313409"}},{"type":"Feature","geometry":{"type":"Point","coordinates":[-51.13171,-29.68828]},"properties":{"nome":"Escola de Idiomas Language Company School","tipo":"school","mun":"Novo Hamburgo","ibge":"4313409"}},{"type":"Feature","geometry":{"type":"Point","coordinates":[-51.17825,-29.87221]},"properties":{"nome":"Clube dos Empregados da Petrobrás","tipo":"community_centre","mun":"Canoas","ibge":"4304606"}},{"type":"Feature","geometry":{"type":"Point","coordinates":[-51.20315,-30.01254]},"properties":{"nome":"Miudinho Academia","tipo":"sports_centre","mun":"Porto Alegre","ibge":"4314902"}},{"type":"Feature","geometry":{"type":"Point","coordinates":[-51.21483,-30.02513]},"properties":{"nome":"Bar do Carlão","tipo":"sports_centre","mun":"Porto Alegre","ibge":"4314902"}},{"type":"Feature","geometry":{"type":"Point","coordinates":[-51.12959,-29.69048]},"properties":{"nome":"Arena Academia","tipo":"sports_centre","mun":"Novo Hamburgo","ibge":"4313409"}},{"type":"Feature","geometry":{"type":"Point","coordinates":[-51.64736,-29.49608]},"properties":{"nome":"EEEF Pedro Kunz","tipo":"school","mun":"Brochier","ibge":"4302659"}},{"type":"Feature","geometry":{"type":"Point","coordinates":[-51.64789,-29.49611]},"properties":{"nome":"Sociedade 25 de Julho","tipo":"sports_centre","mun":"Brochier","ibge":"4302659"}},{"type":"Feature","geometry":{"type":"Point","coordinates":[-51.16809,-30.0383]},"properties":{"nome":"Centro de Ensino e Treinamento em Saúde","tipo":"school","mun":"Porto Alegre","ibge":"4314902"}},{"type":"Feature","geometry":{"type":"Point","coordinates":[-51.16839,-30.03796]},"properties":{"nome":"Open Matt: Jiu Jitsu e Associados","tipo":"sports_centre","mun":"Porto Alegre","ibge":"4314902"}},{"type":"Feature","geometry":{"type":"Point","coordinates":[-51.14438,-29.75864]},"properties":{"nome":"Escola de Artes Pequeno Príncipe","tipo":"school","mun":"São Leopoldo","ibge":"4318705"}},{"type":"Feature","geometry":{"type":"Point","coordinates":[-50.24873,-29.89704]},"properties":{"nome":"CIEP NILTON PACHECO","tipo":"school","mun":"Osório","ibge":"4313508"}},{"type":"Feature","geometry":{"type":"Point","coordinates":[-50.25716,-29.8895]},"properties":{"nome":"Escola Estadual de Educação Básica Prudente de Morais","tipo":"school","mun":"Osório","ibge":"4313508"}},{"type":"Feature","geometry":{"type":"Point","coordinates":[-50.27735,-29.88577]},"properties":{"nome":"E. E. E. M. Ildefonso Simões Lopes - Escola Rural","tipo":"school","mun":"Osório","ibge":"4313508"}},{"type":"Feature","geometry":{"type":"Point","coordinates":[-50.29643,-29.89476]},"properties":{"nome":"E.M.E.F. 16 de Dezembro","tipo":"school","mun":"Osório","ibge":"4313508"}},{"type":"Feature","geometry":{"type":"Point","coordinates":[-51.14377,-29.78959]},"properties":{"nome":"Escola Estadual de Educação Fundamental General João Borges Fortes","tipo":"school","mun":"São Leopoldo","ibge":"4318705"}},{"type":"Feature","geometry":{"type":"Point","coordinates":[-50.97766,-29.94627]},"properties":{"nome":"Academia Perfil","tipo":"sports_centre","mun":"Gravataí","ibge":"4309209"}},{"type":"Feature","geometry":{"type":"Point","coordinates":[-51.24851,-30.12328]},"properties":{"nome":"APCEF","tipo":"sports_centre","mun":"Porto Alegre","ibge":"4314902"}},{"type":"Feature","geometry":{"type":"Point","coordinates":[-51.20316,-29.9993]},"properties":{"nome":"Faculdade São Francisco de Assis","tipo":"school","mun":"Porto Alegre","ibge":"4314902"}},{"type":"Feature","geometry":{"type":"Point","coordinates":[-51.00972,-29.79693]},"properties":{"nome":"E.M.E.F. Tiradentes","tipo":"school","mun":"Novo Hamburgo","ibge":"4313409"}},{"type":"Feature","geometry":{"type":"Point","coordinates":[-51.03949,-29.76271]},"properties":{"nome":"Instituto Estadual Madre Benícia","tipo":"school","mun":"Novo Hamburgo","ibge":"4313409"}},{"type":"Feature","geometry":{"type":"Point","coordinates":[-52.4215,-28.25117]},"properties":{"nome":"OLÉ Futebol Society","tipo":"sports_centre","mun":"Passo Fundo","ibge":"4314100"}},{"type":"Feature","geometry":{"type":"Point","coordinates":[-52.38382,-28.2746]},"properties":{"nome":"Escola Jerônimo Coelho","tipo":"school","mun":"Passo Fundo","ibge":"4314100"}},{"type":"Feature","geometry":{"type":"Point","coordinates":[-51.19341,-28.05587]},"properties":{"nome":"Escola Marcírio Marques Pacheco","tipo":"school","mun":"Esmeralda","ibge":"4307401"}},{"type":"Feature","geometry":{"type":"Point","coordinates":[-52.19959,-28.45395]},"properties":{"nome":"Instituto Estadual Santo Tomás de Aquino","tipo":"school","mun":"Marau","ibge":"4311809"}},{"type":"Feature","geometry":{"type":"Point","coordinates":[-51.07708,-30.00116]},"properties":{"nome":"Escola Estadual Antônio de Castro Alves","tipo":"school","mun":"Alvorada","ibge":"4300604"}},{"type":"Feature","geometry":{"type":"Point","coordinates":[-51.0779,-29.99796]},"properties":{"nome":"Escola Senador Salgado Filho","tipo":"school","mun":"Alvorada","ibge":"4300604"}},{"type":"Feature","geometry":{"type":"Point","coordinates":[-51.07473,-30.00562]},"properties":{"nome":"Escola Adventista","tipo":"school","mun":"Alvorada","ibge":"4300604"}},{"type":"Feature","geometry":{"type":"Point","coordinates":[-51.07628,-30.00401]},"properties":{"nome":"Escola Municipal Alfredo José Justo","tipo":"school","mun":"Alvorada","ibge":"4300604"}},{"type":"Feature","geometry":{"type":"Point","coordinates":[-51.60722,-28.78407]},"properties":{"nome":"Escola Estadual Reinaldo Cherubini","tipo":"school","mun":"Nova Prata","ibge":"4313300"}},{"type":"Feature","geometry":{"type":"Point","coordinates":[-52.43735,-29.69726]},"properties":{"nome":"Educar-se","tipo":"school","mun":"Santa Cruz do Sul","ibge":"4316808"}},{"type":"Feature","geometry":{"type":"Point","coordinates":[-50.9909,-29.46275]},"properties":{"nome":"Escola Alberto Schweitzer","tipo":"school","mun":"Santa Maria do Herval","ibge":"4316956"}},{"type":"Feature","geometry":{"type":"Point","coordinates":[-53.41013,-27.35896]},"properties":{"nome":"Escola José Cañellas","tipo":"school","mun":"Frederico Westphalen","ibge":"4308508"}},{"type":"Feature","geometry":{"type":"Point","coordinates":[-53.40768,-27.36031]},"properties":{"nome":"Universidade Regional Integrada (URI)","tipo":"school","mun":"Frederico Westphalen","ibge":"4308508"}},{"type":"Feature","geometry":{"type":"Point","coordinates":[-57.07973,-29.75424]},"properties":{"nome":"Colégio União","tipo":"school","mun":"Uruguaiana","ibge":"4322400"}},{"type":"Feature","geometry":{"type":"Point","coordinates":[-57.0807,-29.76143]},"properties":{"nome":"Escola Estadual Dom Hermeto","tipo":"school","mun":"Uruguaiana","ibge":"4322400"}},{"type":"Feature","geometry":{"type":"Point","coordinates":[-57.08491,-29.77021]},"properties":{"nome":"Instituto Laura Vicuña","tipo":"school","mun":"Uruguaiana","ibge":"4322400"}},{"type":"Feature","geometry":{"type":"Point","coordinates":[-50.99512,-29.93803]},"properties":{"nome":"Colégio Estadual Barbosa Rodrigues","tipo":"school","mun":"Gravataí","ibge":"4309209"}},{"type":"Feature","geometry":{"type":"Point","coordinates":[-51.17778,-29.9043]},"properties":{"nome":"QI - Escolas e Faculdades","tipo":"school","mun":"Canoas","ibge":"4304606"}},{"type":"Feature","geometry":{"type":"Point","coordinates":[-54.86679,-29.1865]},"properties":{"nome":"Colégio Estadual Cristóvão Pereira","tipo":"school","mun":"Santiago","ibge":"4317400"}},{"type":"Feature","geometry":{"type":"Point","coordinates":[-51.28231,-29.26754]},"properties":{"nome":"EMEF Padre Vicente Bertoni","tipo":"school","mun":"Farroupilha","ibge":"4307906"}},{"type":"Feature","geometry":{"type":"Point","coordinates":[-53.85354,-29.52722]},"properties":{"nome":"Ginásio Municipal de Esportes","tipo":"sports_centre","mun":"São Martinho da Serra","ibge":"4319125"}},{"type":"Feature","geometry":{"type":"Point","coordinates":[-50.9956,-29.77133]},"properties":{"nome":"Campo do Colonial","tipo":"sports_centre","mun":"Novo Hamburgo","ibge":"4313409"}},{"type":"Feature","geometry":{"type":"Point","coordinates":[-51.54232,-29.41989]},"properties":{"nome":"Escola de Ensino Fundamental Guilherme Appel","tipo":"school","mun":"São Pedro da Serra","ibge":"4319356"}},{"type":"Feature","geometry":{"type":"Point","coordinates":[-51.22313,-29.69559]},"properties":{"nome":"Escola Estadual de Ensino Fundamental Portão Velho","tipo":"school","mun":"Portão","ibge":"4314803"}},{"type":"Feature","geometry":{"type":"Point","coordinates":[-51.20192,-29.46702]},"properties":{"nome":"Associação Cultural e Recreativa Linha Nova","tipo":"community_centre","mun":"Linha Nova","ibge":"4311643"}},{"type":"Feature","geometry":{"type":"Point","coordinates":[-51.50003,-29.60264]},"properties":{"nome":"Sociedade Cultural e Esportiva Santos Reis","tipo":"community_centre","mun":"Montenegro","ibge":"4312401"}},{"type":"Feature","geometry":{"type":"Point","coordinates":[-51.15285,-29.5467]},"properties":{"nome":"Escola Municipal de Ensino Fundamental Olavo Bilac","tipo":"school","mun":"Ivoti","ibge":"4310801"}},{"type":"Feature","geometry":{"type":"Point","coordinates":[-51.15234,-29.54371]},"properties":{"nome":"Salão da Comunidade Evangélica São João","tipo":"community_centre","mun":"Ivoti","ibge":"4310801"}},{"type":"Feature","geometry":{"type":"Point","coordinates":[-51.14427,-29.51803]},"properties":{"nome":"Salão Vogel","tipo":"community_centre","mun":"Presidente Lucena","ibge":"4315149"}},{"type":"Feature","geometry":{"type":"Point","coordinates":[-51.2277,-29.59614]},"properties":{"nome":"Escola Municipal de Ensino Fundamental Nereu Ramos","tipo":"school","mun":"Lindolfo Collor","ibge":"4311627"}},{"type":"Feature","geometry":{"type":"Point","coordinates":[-51.09409,-29.62694]},"properties":{"nome":"Centro Comunitário Jacob Feiten","tipo":"community_centre","mun":"Dois Irmãos","ibge":"4306403"}},{"type":"Feature","geometry":{"type":"Point","coordinates":[-51.09319,-29.62359]},"properties":{"nome":"Escola Municipal de Ensino Fundamental Dr. Mário Sperb","tipo":"school","mun":"Dois Irmãos","ibge":"4306403"}},{"type":"Feature","geometry":{"type":"Point","coordinates":[-51.50153,-29.53671]},"properties":{"nome":"Escola João Lerner","tipo":"school","mun":"São José do Sul","ibge":"4318614"}},{"type":"Feature","geometry":{"type":"Point","coordinates":[-51.43704,-29.65953]},"properties":{"nome":"Escola Professora Maria Josepha Alves de Oliveira","tipo":"school","mun":"Montenegro","ibge":"4312401"}},{"type":"Feature","geometry":{"type":"Point","coordinates":[-51.20596,-29.50118]},"properties":{"nome":"Sociedade Recreativa Boa Esperança","tipo":"community_centre","mun":"São José do Hortêncio","ibge":"4318481"}},{"type":"Feature","geometry":{"type":"Point","coordinates":[-51.29515,-29.51169]},"properties":{"nome":"Escola Municipal de Ensino Fundamental Arthur Ernesto Gutheil","tipo":"school","mun":"Feliz","ibge":"4308102"}},{"type":"Feature","geometry":{"type":"Point","coordinates":[-55.12596,-29.55736]},"properties":{"nome":"Escola Municipal Assis Brasil","tipo":"school","mun":"São Francisco de Assis","ibge":"4318101"}},{"type":"Feature","geometry":{"type":"Point","coordinates":[-55.12786,-29.55456]},"properties":{"nome":"Instituto Estadual Salgado Filho (Fundamental)","tipo":"school","mun":"São Francisco de Assis","ibge":"4318101"}},{"type":"Feature","geometry":{"type":"Point","coordinates":[-55.12818,-29.55412]},"properties":{"nome":"Instituto Estadual Salgado Filho (Ensino Médio)","tipo":"school","mun":"São Francisco de Assis","ibge":"4318101"}},{"type":"Feature","geometry":{"type":"Point","coordinates":[-55.13347,-29.55619]},"properties":{"nome":"Escola Municipal de Ensino Fundamental José Batista Pompeu","tipo":"school","mun":"São Francisco de Assis","ibge":"4318101"}},{"type":"Feature","geometry":{"type":"Point","coordinates":[-55.12761,-29.5554]},"properties":{"nome":"Academia ao ar livre","tipo":"sports_centre","mun":"São Francisco de Assis","ibge":"4318101"}},{"type":"Feature","geometry":{"type":"Point","coordinates":[-53.42557,-27.37887]},"properties":{"nome":"Pólo da URI","tipo":"school","mun":"Frederico Westphalen","ibge":"4308508"}},{"type":"Feature","geometry":{"type":"Point","coordinates":[-51.4198,-29.62123]},"properties":{"nome":"Escola Rui Ramos","tipo":"school","mun":"Pareci Novo","ibge":"4314035"}},{"type":"Feature","geometry":{"type":"Point","coordinates":[-53.92483,-28.37936]},"properties":{"nome":"E.T.E 25 de Julho","tipo":"school","mun":"Ijuí","ibge":"4310207"}},{"type":"Feature","geometry":{"type":"Point","coordinates":[-53.91649,-28.39036]},"properties":{"nome":"Escola Adventista","tipo":"school","mun":"Ijuí","ibge":"4310207"}},{"type":"Feature","geometry":{"type":"Point","coordinates":[-53.91516,-28.38632]},"properties":{"nome":"Escola Estadual de Ensino Fundamental Rui Barbosa","tipo":"school","mun":"Ijuí","ibge":"4310207"}},{"type":"Feature","geometry":{"type":"Point","coordinates":[-53.90233,-28.38602]},"properties":{"nome":"Ginásio Municipal Wilson Maximino Mânica","tipo":"sports_centre","mun":"Ijuí","ibge":"4310207"}},{"type":"Feature","geometry":{"type":"Point","coordinates":[-53.90944,-28.38126]},"properties":{"nome":"Campo do Gaúcho","tipo":"sports_centre","mun":"Ijuí","ibge":"4310207"}},{"type":"Feature","geometry":{"type":"Point","coordinates":[-53.9155,-28.37189]},"properties":{"nome":"Campo CEAP","tipo":"sports_centre","mun":"Ijuí","ibge":"4310207"}},{"type":"Feature","geometry":{"type":"Point","coordinates":[-51.22261,-30.07471]},"properties":{"nome":"Associação Moradores Vila Tronco","tipo":"community_centre","mun":"Porto Alegre","ibge":"4314902"}},{"type":"Feature","geometry":{"type":"Point","coordinates":[-54.67764,-29.6948]},"properties":{"nome":"Escola Estadual São Vicente","tipo":"school","mun":"São Vicente do Sul","ibge":"4319802"}},{"type":"Feature","geometry":{"type":"Point","coordinates":[-54.67995,-29.69274]},"properties":{"nome":"Escola Muncipal Borges do Canto","tipo":"school","mun":"São Vicente do Sul","ibge":"4319802"}},{"type":"Feature","geometry":{"type":"Point","coordinates":[-52.10205,-29.57895]},"properties":{"nome":"EEEM Frida Reckziegel","tipo":"school","mun":"Venâncio Aires","ibge":"4322608"}},{"type":"Feature","geometry":{"type":"Point","coordinates":[-52.18307,-29.58195]},"properties":{"nome":"Escola São Judas Tadeu","tipo":"school","mun":"Venâncio Aires","ibge":"4322608"}},{"type":"Feature","geometry":{"type":"Point","coordinates":[-52.168,-29.55291]},"properties":{"nome":"Escola Perpeto Socorro","tipo":"school","mun":"Venâncio Aires","ibge":"4322608"}},{"type":"Feature","geometry":{"type":"Point","coordinates":[-53.45641,-29.42029]},"properties":{"nome":"Escola Municipal Dom Érico Ferrari","tipo":"school","mun":"Nova Palma","ibge":"4313102"}},{"type":"Feature","geometry":{"type":"Point","coordinates":[-53.40522,-29.47581]},"properties":{"nome":"Escola Municipal Pe João Zanella","tipo":"school","mun":"Nova Palma","ibge":"4313102"}},{"type":"Feature","geometry":{"type":"Point","coordinates":[-54.69631,-29.70287]},"properties":{"nome":"Instituto Federal Farroupilha Campos São Vicente do Sul","tipo":"school","mun":"São Vicente do Sul","ibge":"4319802"}},{"type":"Feature","geometry":{"type":"Point","coordinates":[-51.41811,-28.8858]},"properties":{"nome":"Escola Estadual de Ensino Médio Santana","tipo":"school","mun":"Antônio Prado","ibge":"4300802"}},{"type":"Feature","geometry":{"type":"Point","coordinates":[-51.28351,-28.83165]},"properties":{"nome":"Clube Recreativo Pinheiros","tipo":"sports_centre","mun":"Antônio Prado","ibge":"4300802"}},{"type":"Feature","geometry":{"type":"Point","coordinates":[-53.58943,-27.29819]},"properties":{"nome":"Escola Municipal Ensino Fundamental José Corrêa","tipo":"school","mun":"Palmitinho","ibge":"4313805"}},{"type":"Feature","geometry":{"type":"Point","coordinates":[-51.3656,-30.11512]},"properties":{"nome":"EMEF Zilá Paiva Rodrigues Jardim","tipo":"school","mun":"Guaíba","ibge":"4309308"}},{"type":"Feature","geometry":{"type":"Point","coordinates":[-54.71564,-28.46381]},"properties":{"nome":"CTG Rodeio das Missões","tipo":"community_centre","mun":"São Luiz Gonzaga","ibge":"4318903"}},{"type":"Feature","geometry":{"type":"Point","coordinates":[-54.47091,-27.86679]},"properties":{"nome":"Concórdia","tipo":"school","mun":"Santa Rosa","ibge":"4317202"}},{"type":"Feature","geometry":{"type":"Point","coordinates":[-54.48496,-27.86722]},"properties":{"nome":"Fernando Albino da Rosa","tipo":"school","mun":"Santa Rosa","ibge":"4317202"}},{"type":"Feature","geometry":{"type":"Point","coordinates":[-54.4856,-27.87301]},"properties":{"nome":"Liminha","tipo":"school","mun":"Santa Rosa","ibge":"4317202"}},{"type":"Feature","geometry":{"type":"Point","coordinates":[-54.47345,-27.8688]},"properties":{"nome":"Dom Bosco","tipo":"school","mun":"Santa Rosa","ibge":"4317202"}},{"type":"Feature","geometry":{"type":"Point","coordinates":[-54.47937,-27.86639]},"properties":{"nome":"Da Paz","tipo":"school","mun":"Santa Rosa","ibge":"4317202"}},{"type":"Feature","geometry":{"type":"Point","coordinates":[-54.48673,-27.87112]},"properties":{"nome":"Academia","tipo":"sports_centre","mun":"Santa Rosa","ibge":"4317202"}},{"type":"Feature","geometry":{"type":"Point","coordinates":[-51.33411,-30.08859]},"properties":{"nome":"Escola E.E.M. Doutor Ruy Coelho Gonçalves","tipo":"school","mun":"Guaíba","ibge":"4309308"}},{"type":"Feature","geometry":{"type":"Point","coordinates":[-53.9039,-30.81744]},"properties":{"nome":"EMEF Maria Joaquina de Menezes","tipo":"school","mun":"Lavras do Sul","ibge":"4311502"}},{"type":"Feature","geometry":{"type":"Point","coordinates":[-51.87231,-29.23631]},"properties":{"nome":"Instituto Estadual de Educação Monsenhor Scalabrini","tipo":"school","mun":"Encantado","ibge":"4306809"}},{"type":"Feature","geometry":{"type":"Point","coordinates":[-51.00602,-29.44483]},"properties":{"nome":"Escola Municipal Germano Hauschild","tipo":"school","mun":"Santa Maria do Herval","ibge":"4316956"}},{"type":"Feature","geometry":{"type":"Point","coordinates":[-51.17989,-29.48371]},"properties":{"nome":"Escola Municipal Henrique Konrad","tipo":"school","mun":"Linha Nova","ibge":"4311643"}},{"type":"Feature","geometry":{"type":"Point","coordinates":[-51.38222,-29.64079]},"properties":{"nome":"Escola Municipal Santo Inácio","tipo":"school","mun":"São Sebastião do Caí","ibge":"4319505"}},{"type":"Feature","geometry":{"type":"Point","coordinates":[-51.26567,-30.10081]},"properties":{"nome":"Sava Fitness","tipo":"sports_centre","mun":"Lagoa dos Patos","ibge":"4300002"}},{"type":"Feature","geometry":{"type":"Point","coordinates":[-51.17707,-29.60743]},"properties":{"nome":"E. M. E. F. ENGº ILDO MENEGHETTI","tipo":"school","mun":"Ivoti","ibge":"4310801"}},{"type":"Feature","geometry":{"type":"Point","coordinates":[-51.14977,-29.76229]},"properties":{"nome":"PV Sinos","tipo":"school","mun":"São Leopoldo","ibge":"4318705"}},{"type":"Feature","geometry":{"type":"Point","coordinates":[-53.57055,-30.16749]},"properties":{"nome":"Colégio Madre Júlia","tipo":"school","mun":"São Sepé","ibge":"4319604"}},{"type":"Feature","geometry":{"type":"Point","coordinates":[-53.57805,-30.16872]},"properties":{"nome":"Ginásio Municipal","tipo":"sports_centre","mun":"São Sepé","ibge":"4319604"}},{"type":"Feature","geometry":{"type":"Point","coordinates":[-54.47509,-27.86959]},"properties":{"nome":"Hey Peppers","tipo":"school","mun":"Santa Rosa","ibge":"4317202"}},{"type":"Feature","geometry":{"type":"Point","coordinates":[-51.31653,-30.2995]},"properties":{"nome":"Escola Estadual Francisco Rosales Neumann","tipo":"school","mun":"Barra do Ribeiro","ibge":"4301909"}},{"type":"Feature","geometry":{"type":"Point","coordinates":[-51.30494,-30.29457]},"properties":{"nome":"Escola Estadual Dr. Carlos Pinto de Albuquerque","tipo":"school","mun":"Barra do Ribeiro","ibge":"4301909"}},{"type":"Feature","geometry":{"type":"Point","coordinates":[-53.50055,-28.27626]},"properties":{"nome":"EMEI Amor Perfeito","tipo":"school","mun":"Panambi","ibge":"4313904"}},{"type":"Feature","geometry":{"type":"Point","coordinates":[-53.50034,-28.2768]},"properties":{"nome":"Escola de Educação Infantil Sementes do Amanhã","tipo":"school","mun":"Panambi","ibge":"4313904"}},{"type":"Feature","geometry":{"type":"Point","coordinates":[-53.50244,-28.27418]},"properties":{"nome":"EEEM José de Anchieta","tipo":"school","mun":"Panambi","ibge":"4313904"}},{"type":"Feature","geometry":{"type":"Point","coordinates":[-51.30019,-30.29722]},"properties":{"nome":"Ginásio Gatinão","tipo":"sports_centre","mun":"Barra do Ribeiro","ibge":"4301909"}},{"type":"Feature","geometry":{"type":"Point","coordinates":[-51.05594,-29.93438]},"properties":{"nome":"Escola Dora Dimer","tipo":"school","mun":"Gravataí","ibge":"4309209"}},{"type":"Feature","geometry":{"type":"Point","coordinates":[-50.99544,-29.9376]},"properties":{"nome":"GENSA","tipo":"school","mun":"Gravataí","ibge":"4309209"}},{"type":"Feature","geometry":{"type":"Point","coordinates":[-54.30686,-27.6317]},"properties":{"nome":"FAHOR","tipo":"school","mun":"Horizontina","ibge":"4309605"}},{"type":"Feature","geometry":{"type":"Point","coordinates":[-54.20439,-27.7153]},"properties":{"nome":"Escola Municipal de Ensino Fundamental Bem Viver Caúna","tipo":"school","mun":"Três de Maio","ibge":"4321808"}},{"type":"Feature","geometry":{"type":"Point","coordinates":[-54.23964,-27.76078]},"properties":{"nome":"Escola Municipal de Ensino Fundamental Germano Dockhorn","tipo":"school","mun":"Três de Maio","ibge":"4321808"}},{"type":"Feature","geometry":{"type":"Point","coordinates":[-54.2259,-27.78268]},"properties":{"nome":"Escola Estadual de Ensino Médio Castelo Branco","tipo":"school","mun":"Três de Maio","ibge":"4321808"}},{"type":"Feature","geometry":{"type":"Point","coordinates":[-51.51359,-29.41717]},"properties":{"nome":"Escola Imaculado Coração de Maria","tipo":"school","mun":"São Pedro da Serra","ibge":"4319356"}},{"type":"Feature","geometry":{"type":"Point","coordinates":[-51.51601,-29.42137]},"properties":{"nome":"Escola Estadual São Pedro","tipo":"school","mun":"São Pedro da Serra","ibge":"4319356"}},{"type":"Feature","geometry":{"type":"Point","coordinates":[-51.51095,-29.43602]},"properties":{"nome":"Wizard Idiomas","tipo":"school","mun":"Salvador do Sul","ibge":"4316501"}},{"type":"Feature","geometry":{"type":"Point","coordinates":[-51.80797,-29.51299]},"properties":{"nome":"Escola Reinaldo Afonso Augustin","tipo":"school","mun":"Teutônia","ibge":"4321451"}},{"type":"Feature","geometry":{"type":"Point","coordinates":[-51.81496,-29.5167]},"properties":{"nome":"Escola Municipal Leopoldo Klepker","tipo":"school","mun":"Teutônia","ibge":"4321451"}},{"type":"Feature","geometry":{"type":"Point","coordinates":[-51.80759,-29.50452]},"properties":{"nome":"Colégio Cenecista","tipo":"school","mun":"Teutônia","ibge":"4321451"}},{"type":"Feature","geometry":{"type":"Point","coordinates":[-51.96388,-29.49319]},"properties":{"nome":"Colégio Martin Luther","tipo":"school","mun":"Estrela","ibge":"4307807"}},{"type":"Feature","geometry":{"type":"Point","coordinates":[-54.23977,-27.78298]},"properties":{"nome":"Instituto Estadual de Educação Cardeal Pacelli","tipo":"school","mun":"Três de Maio","ibge":"4321808"}},{"type":"Feature","geometry":{"type":"Point","coordinates":[-51.96432,-29.5045]},"properties":{"nome":"Escola Estadual Ensino Médio","tipo":"school","mun":"Estrela","ibge":"4307807"}},{"type":"Feature","geometry":{"type":"Point","coordinates":[-51.94883,-29.50501]},"properties":{"nome":"Sociedade Rio Branco - Sede campestre","tipo":"sports_centre","mun":"Estrela","ibge":"4307807"}},{"type":"Feature","geometry":{"type":"Point","coordinates":[-51.96593,-29.51028]},"properties":{"nome":"Soges - Sede campestre","tipo":"sports_centre","mun":"Estrela","ibge":"4307807"}},{"type":"Feature","geometry":{"type":"Point","coordinates":[-51.96727,-29.5092]},"properties":{"nome":"Escola Estadual Vidal de Negreiros","tipo":"school","mun":"Estrela","ibge":"4307807"}},{"type":"Feature","geometry":{"type":"Point","coordinates":[-51.95071,-29.47017]},"properties":{"nome":"AABB - Associação Atlética Banco do Brasil","tipo":"sports_centre","mun":"Estrela","ibge":"4307807"}},{"type":"Feature","geometry":{"type":"Point","coordinates":[-51.947,-29.40007]},"properties":{"nome":"Escola Estadual Guararapes","tipo":"school","mun":"Arroio do Meio","ibge":"4301008"}},{"type":"Feature","geometry":{"type":"Point","coordinates":[-51.9679,-29.51172]},"properties":{"nome":"IEEEM - Instituto Estadual de Educação Estrela da Manhã","tipo":"school","mun":"Estrela","ibge":"4307807"}},{"type":"Feature","geometry":{"type":"Point","coordinates":[-51.22045,-30.06217]},"properties":{"nome":"CPOR","tipo":"school","mun":"Porto Alegre","ibge":"4314902"}},{"type":"Feature","geometry":{"type":"Point","coordinates":[-51.14352,-30.00831]},"properties":{"nome":"Unificado Pré-vestibular","tipo":"school","mun":"Porto Alegre","ibge":"4314902"}},{"type":"Feature","geometry":{"type":"Point","coordinates":[-51.223,-30.03291]},"properties":{"nome":"Diretório Central de Estudantes Sede Campus Centro","tipo":"community_centre","mun":"Porto Alegre","ibge":"4314902"}},{"type":"Feature","geometry":{"type":"Point","coordinates":[-54.09126,-27.49462]},"properties":{"nome":"Quadra Coberta Ponche Verde","tipo":"sports_centre","mun":"Crissiumal","ibge":"4306007"}},{"type":"Feature","geometry":{"type":"Point","coordinates":[-54.09593,-27.49712]},"properties":{"nome":"Escola Estadual Rocha Pombo","tipo":"school","mun":"Crissiumal","ibge":"4306007"}},{"type":"Feature","geometry":{"type":"Point","coordinates":[-54.10217,-27.49963]},"properties":{"nome":"Escola Municipal Madre Paulina","tipo":"school","mun":"Crissiumal","ibge":"4306007"}},{"type":"Feature","geometry":{"type":"Point","coordinates":[-54.10195,-27.50078]},"properties":{"nome":"Salão Comunitário Católico","tipo":"community_centre","mun":"Crissiumal","ibge":"4306007"}},{"type":"Feature","geometry":{"type":"Point","coordinates":[-54.09348,-27.49919]},"properties":{"nome":"Escola Municipal Rotermund","tipo":"school","mun":"Crissiumal","ibge":"4306007"}},{"type":"Feature","geometry":{"type":"Point","coordinates":[-54.09391,-27.49861]},"properties":{"nome":"Salão Comunitário Evangélico","tipo":"community_centre","mun":"Crissiumal","ibge":"4306007"}},{"type":"Feature","geometry":{"type":"Point","coordinates":[-52.7891,-29.66177]},"properties":{"nome":"Lepaje","tipo":"school","mun":"Candelária","ibge":"4304200"}},{"type":"Feature","geometry":{"type":"Point","coordinates":[-52.7814,-29.68069]},"properties":{"nome":"Penedo","tipo":"school","mun":"Candelária","ibge":"4304200"}},{"type":"Feature","geometry":{"type":"Point","coordinates":[-54.69461,-29.49409]},"properties":{"nome":"Instituto Estadual de Educação Professora Guilhermina Javorski","tipo":"school","mun":"Jaguari","ibge":"4311106"}},{"type":"Feature","geometry":{"type":"Point","coordinates":[-53.02802,-29.41988]},"properties":{"nome":"Colégio Copetti","tipo":"school","mun":"Sobradinho","ibge":"4320701"}},{"type":"Feature","geometry":{"type":"Point","coordinates":[-54.82013,-29.89226]},"properties":{"nome":"Escola Estadual de Ensino Médio Nossa Senhora das Vitórias","tipo":"school","mun":"Cacequi","ibge":"4302907"}},{"type":"Feature","geometry":{"type":"Point","coordinates":[-54.43636,-27.86218]},"properties":{"nome":"Bráulio de Oliveira","tipo":"school","mun":"Santa Rosa","ibge":"4317202"}},{"type":"Feature","geometry":{"type":"Point","coordinates":[-55.15167,-29.0481]},"properties":{"nome":"Colégio João Aquino","tipo":"school","mun":"Unistalda","ibge":"4322376"}},{"type":"Feature","geometry":{"type":"Point","coordinates":[-53.02813,-29.41413]},"properties":{"nome":"Sede Social CTG Galpão da Estância","tipo":"community_centre","mun":"Sobradinho","ibge":"4320701"}},{"type":"Feature","geometry":{"type":"Point","coordinates":[-53.01879,-29.41033]},"properties":{"nome":"EMEF Seomar Mainardi","tipo":"school","mun":"Sobradinho","ibge":"4320701"}},{"type":"Feature","geometry":{"type":"Point","coordinates":[-53.03216,-29.42582]},"properties":{"nome":"EMEF Espírito Santo","tipo":"school","mun":"Sobradinho","ibge":"4320701"}},{"type":"Feature","geometry":{"type":"Point","coordinates":[-53.9284,-27.458]},"properties":{"nome":"Colégio Ipiranga","tipo":"school","mun":"Três Passos","ibge":"4321907"}},{"type":"Feature","geometry":{"type":"Point","coordinates":[-53.92002,-27.46561]},"properties":{"nome":"Escola Estadual Gonçalves Dias","tipo":"school","mun":"Três Passos","ibge":"4321907"}},{"type":"Feature","geometry":{"type":"Point","coordinates":[-51.20145,-30.05869]},"properties":{"nome":"Escola Frei Pacífico","tipo":"school","mun":"Porto Alegre","ibge":"4314902"}},{"type":"Feature","geometry":{"type":"Point","coordinates":[-51.14029,-30.01557]},"properties":{"nome":"CTG Tiarayú","tipo":"community_centre","mun":"Porto Alegre","ibge":"4314902"}},{"type":"Feature","geometry":{"type":"Point","coordinates":[-53.94578,-27.44467]},"properties":{"nome":"Escola Municipal Ildo Meneghetti","tipo":"school","mun":"Três Passos","ibge":"4321907"}},{"type":"Feature","geometry":{"type":"Point","coordinates":[-53.94959,-27.43008]},"properties":{"nome":"Escola Municipal Coroinha Daronchi","tipo":"school","mun":"Três Passos","ibge":"4321907"}},{"type":"Feature","geometry":{"type":"Point","coordinates":[-53.93396,-27.44692]},"properties":{"nome":"Escola Municipal João Padilha do Nascimento","tipo":"school","mun":"Três Passos","ibge":"4321907"}},{"type":"Feature","geometry":{"type":"Point","coordinates":[-51.23968,-30.06477]},"properties":{"nome":"Academia Inter Fitness","tipo":"sports_centre","mun":"Porto Alegre","ibge":"4314902"}},{"type":"Feature","geometry":{"type":"Point","coordinates":[-51.15178,-29.68527]},"properties":{"nome":"CTG Porteira Velha","tipo":"community_centre","mun":"Novo Hamburgo","ibge":"4313409"}},{"type":"Feature","geometry":{"type":"Point","coordinates":[-51.14504,-29.68157]},"properties":{"nome":"Colégio Cenecista Felipe Tiago Gomes","tipo":"school","mun":"Novo Hamburgo","ibge":"4313409"}},{"type":"Feature","geometry":{"type":"Point","coordinates":[-53.89136,-30.81025]},"properties":{"nome":"E. E. E. F. José Bernardo de Medeiros","tipo":"school","mun":"Lavras do Sul","ibge":"4311502"}},{"type":"Feature","geometry":{"type":"Point","coordinates":[-53.20691,-29.72414]},"properties":{"nome":"Escola Municipal Aldo Rohde","tipo":"school","mun":"Paraíso do Sul","ibge":"4314027"}},{"type":"Feature","geometry":{"type":"Point","coordinates":[-53.13765,-29.74947]},"properties":{"nome":"Escola Estadual Alfredo Schlesner","tipo":"school","mun":"Paraíso do Sul","ibge":"4314027"}},{"type":"Feature","geometry":{"type":"Point","coordinates":[-53.20181,-29.73058]},"properties":{"nome":"Escola Municipal Célia Schfelbein","tipo":"school","mun":"Paraíso do Sul","ibge":"4314027"}},{"type":"Feature","geometry":{"type":"Point","coordinates":[-51.80636,-30.85626]},"properties":{"nome":"Escola Manoel da Silva Pacheco","tipo":"school","mun":"Camaquã","ibge":"4303509"}},{"type":"Feature","geometry":{"type":"Point","coordinates":[-51.20112,-30.00824]},"properties":{"nome":"Centro de Artes Marciais Ordem do Dragão","tipo":"sports_centre","mun":"Porto Alegre","ibge":"4314902"}},{"type":"Feature","geometry":{"type":"Point","coordinates":[-51.16106,-29.90475]},"properties":{"nome":"Escolinha Infantil Paraíso da Criança","tipo":"school","mun":"Canoas","ibge":"4304606"}},{"type":"Feature","geometry":{"type":"Point","coordinates":[-51.17677,-29.91284]},"properties":{"nome":"Polisport","tipo":"sports_centre","mun":"Canoas","ibge":"4304606"}},{"type":"Feature","geometry":{"type":"Point","coordinates":[-51.13053,-29.92471]},"properties":{"nome":"Ulbra Paz","tipo":"school","mun":"Canoas","ibge":"4304606"}},{"type":"Feature","geometry":{"type":"Point","coordinates":[-51.15621,-29.92952]},"properties":{"nome":"AMJI","tipo":"community_centre","mun":"Canoas","ibge":"4304606"}},{"type":"Feature","geometry":{"type":"Point","coordinates":[-51.22859,-30.05578]},"properties":{"nome":"Academia","tipo":"sports_centre","mun":"Porto Alegre","ibge":"4314902"}},{"type":"Feature","geometry":{"type":"Point","coordinates":[-53.7071,-29.70495]},"properties":{"nome":"Jump Academia","tipo":"sports_centre","mun":"Santa Maria","ibge":"4316907"}},{"type":"Feature","geometry":{"type":"Point","coordinates":[-56.00012,-28.6633]},"properties":{"nome":"CESB","tipo":"school","mun":"São Borja","ibge":"4318002"}},{"type":"Feature","geometry":{"type":"Point","coordinates":[-50.99779,-29.92183]},"properties":{"nome":"ASES","tipo":"sports_centre","mun":"Gravataí","ibge":"4309209"}},{"type":"Feature","geometry":{"type":"Point","coordinates":[-54.47276,-27.85906]},"properties":{"nome":"Polivalente","tipo":"school","mun":"Santa Rosa","ibge":"4317202"}},{"type":"Feature","geometry":{"type":"Point","coordinates":[-52.42793,-29.71784]},"properties":{"nome":"Colégio Marista São Luís","tipo":"school","mun":"Santa Cruz do Sul","ibge":"4316808"}},{"type":"Feature","geometry":{"type":"Point","coordinates":[-53.38462,-29.71986]},"properties":{"nome":"EMEF Dezidério Fuzer","tipo":"school","mun":"Restinga Sêca","ibge":"4315503"}},{"type":"Feature","geometry":{"type":"Point","coordinates":[-54.89815,-28.73091]},"properties":{"nome":"Escola Munucipal Josefina Ferreira Aquino","tipo":"school","mun":"Bossoroca","ibge":"4302501"}},{"type":"Feature","geometry":{"type":"Point","coordinates":[-53.71945,-29.70497]},"properties":{"nome":"Up Idiomas","tipo":"school","mun":"Santa Maria","ibge":"4316907"}},{"type":"Feature","geometry":{"type":"Point","coordinates":[-51.81614,-30.85435]},"properties":{"nome":"Colégio Contemporâneo","tipo":"school","mun":"Camaquã","ibge":"4303509"}},{"type":"Feature","geometry":{"type":"Point","coordinates":[-53.49517,-28.26658]},"properties":{"nome":"EMEF Conrado Doeth","tipo":"school","mun":"Panambi","ibge":"4313904"}},{"type":"Feature","geometry":{"type":"Point","coordinates":[-52.25422,-32.07736]},"properties":{"nome":"Quinta FC.","tipo":"sports_centre","mun":"Rio Grande","ibge":"4315602"}},{"type":"Feature","geometry":{"type":"Point","coordinates":[-50.16696,-30.05911]},"properties":{"nome":"EMEF Jorge Enéas Sperb","tipo":"school","mun":"Tramandaí","ibge":"4321600"}},{"type":"Feature","geometry":{"type":"Point","coordinates":[-51.79114,-28.59899]},"properties":{"nome":"GERCAN","tipo":"sports_centre","mun":"Paraí","ibge":"4314001"}},{"type":"Feature","geometry":{"type":"Point","coordinates":[-53.72217,-29.70246]},"properties":{"nome":"Fisk","tipo":"school","mun":"Santa Maria","ibge":"4316907"}},{"type":"Feature","geometry":{"type":"Point","coordinates":[-51.54591,-28.93397]},"properties":{"nome":"Colégio Regina Coeli","tipo":"school","mun":"Veranópolis","ibge":"4322806"}},{"type":"Feature","geometry":{"type":"Point","coordinates":[-53.06027,-27.33119]},"properties":{"nome":"Instituto Estadual de Educação Padre Vitório","tipo":"school","mun":"Planalto","ibge":"4314704"}},{"type":"Feature","geometry":{"type":"Point","coordinates":[-53.06759,-27.33778]},"properties":{"nome":"Aquarius Tênis Clube","tipo":"sports_centre","mun":"Planalto","ibge":"4314704"}},{"type":"Feature","geometry":{"type":"Point","coordinates":[-53.05535,-27.33288]},"properties":{"nome":"Escola Estadual de Ensino Fundamental Bom Pastor","tipo":"school","mun":"Planalto","ibge":"4314704"}},{"type":"Feature","geometry":{"type":"Point","coordinates":[-53.0635,-27.3357]},"properties":{"nome":"Escola Municipal Mário Quintana","tipo":"school","mun":"Planalto","ibge":"4314704"}},{"type":"Feature","geometry":{"type":"Point","coordinates":[-53.06991,-27.33793]},"properties":{"nome":"Esporte Clube do Vasco","tipo":"sports_centre","mun":"Planalto","ibge":"4314704"}},{"type":"Feature","geometry":{"type":"Point","coordinates":[-54.83403,-29.88165]},"properties":{"nome":"Escola Municipal Duque de Caxias","tipo":"school","mun":"Cacequi","ibge":"4302907"}},{"type":"Feature","geometry":{"type":"Point","coordinates":[-54.8252,-29.8791]},"properties":{"nome":"E. E. Prof. Antonio Lemos de Araújo","tipo":"school","mun":"Cacequi","ibge":"4302907"}},{"type":"Feature","geometry":{"type":"Point","coordinates":[-52.16696,-32.09243]},"properties":{"nome":"Associação Atlética Banco do Brasil","tipo":"sports_centre","mun":"Rio Grande","ibge":"4315602"}},{"type":"Feature","geometry":{"type":"Point","coordinates":[-52.10499,-32.04356]},"properties":{"nome":"Barra Solo","tipo":"sports_centre","mun":"Rio Grande","ibge":"4315602"}},{"type":"Feature","geometry":{"type":"Point","coordinates":[-53.1016,-31.44569]},"properties":{"nome":"INSTITUTO ESTADUAL DE EDUCACAO PONCHE VERDE","tipo":"school","mun":"Piratini","ibge":"4314605"}},{"type":"Feature","geometry":{"type":"Point","coordinates":[-52.67982,-31.4013]},"properties":{"nome":"Escola de Educação Infantil São João","tipo":"school","mun":"Canguçu","ibge":"4304507"}},{"type":"Feature","geometry":{"type":"Point","coordinates":[-51.81773,-30.85531]},"properties":{"nome":"Colégio Romano São Lucas","tipo":"school","mun":"Camaquã","ibge":"4303509"}},{"type":"Feature","geometry":{"type":"Point","coordinates":[-53.11916,-29.6832]},"properties":{"nome":"EMEF Salgado Filho","tipo":"school","mun":"Paraíso do Sul","ibge":"4314027"}},{"type":"Feature","geometry":{"type":"Point","coordinates":[-54.65061,-27.82866]},"properties":{"nome":"CTG Rancho da Amizade","tipo":"sports_centre","mun":"Santo Cristo","ibge":"4317905"}},{"type":"Feature","geometry":{"type":"Point","coordinates":[-53.04492,-29.63304]},"properties":{"nome":"Antiga EMEF Santa Rosa","tipo":"school","mun":"Paraíso do Sul","ibge":"4314027"}},{"type":"Feature","geometry":{"type":"Point","coordinates":[-53.45558,-29.61977]},"properties":{"nome":"EMEF La Salle","tipo":"school","mun":"São João do Polêsine","ibge":"4318432"}},{"type":"Feature","geometry":{"type":"Point","coordinates":[-51.18471,-29.92395]},"properties":{"nome":"Canoas Fitness","tipo":"sports_centre","mun":"Canoas","ibge":"4304606"}},{"type":"Feature","geometry":{"type":"Point","coordinates":[-53.0938,-29.66364]},"properties":{"nome":"Antiga EMEF Men de Sá","tipo":"school","mun":"Paraíso do Sul","ibge":"4314027"}},{"type":"Feature","geometry":{"type":"Point","coordinates":[-53.52848,-29.65294]},"properties":{"nome":"EEEF Padre Rafael Iop","tipo":"school","mun":"São João do Polêsine","ibge":"4318432"}},{"type":"Feature","geometry":{"type":"Point","coordinates":[-52.39183,-29.21563]},"properties":{"nome":"Escola Estadual de Ensino Fundamental São Francisco","tipo":"school","mun":"Progresso","ibge":"4315156"}},{"type":"Feature","geometry":{"type":"Point","coordinates":[-52.50598,-31.36843]},"properties":{"nome":"Salão Grafitte","tipo":"community_centre","mun":"Pelotas","ibge":"4314407"}},{"type":"Feature","geometry":{"type":"Point","coordinates":[-53.24425,-27.7686]},"properties":{"nome":"Escola Padre José de Anchieta","tipo":"school","mun":"São Pedro das Missões","ibge":"4319364"}},{"type":"Feature","geometry":{"type":"Point","coordinates":[-53.72383,-29.70157]},"properties":{"nome":"Academia Hype Fitness","tipo":"sports_centre","mun":"Santa Maria","ibge":"4316907"}},{"type":"Feature","geometry":{"type":"Point","coordinates":[-52.57541,-31.24357]},"properties":{"nome":"Salão Klug","tipo":"community_centre","mun":"Canguçu","ibge":"4304507"}},{"type":"Feature","geometry":{"type":"Point","coordinates":[-52.82803,-31.73018]},"properties":{"nome":"Casarão","tipo":"community_centre","mun":"Cerrito","ibge":"4305124"}},{"type":"Feature","geometry":{"type":"Point","coordinates":[-52.19558,-32.13634]},"properties":{"nome":"Country Club","tipo":"sports_centre","mun":"Rio Grande","ibge":"4315602"}},{"type":"Feature","geometry":{"type":"Point","coordinates":[-52.52049,-31.26831]},"properties":{"nome":"Vanda Venske","tipo":"community_centre","mun":"Canguçu","ibge":"4304507"}},{"type":"Feature","geometry":{"type":"Point","coordinates":[-52.51076,-31.26453]},"properties":{"nome":"Salão Krumreich","tipo":"community_centre","mun":"Canguçu","ibge":"4304507"}},{"type":"Feature","geometry":{"type":"Point","coordinates":[-52.4812,-31.20779]},"properties":{"nome":"Salão Lemke","tipo":"community_centre","mun":"Canguçu","ibge":"4304507"}},{"type":"Feature","geometry":{"type":"Point","coordinates":[-52.70761,-31.08664]},"properties":{"nome":"Comunidade Coxilha dos Pereiras","tipo":"community_centre","mun":"Canguçu","ibge":"4304507"}},{"type":"Feature","geometry":{"type":"Point","coordinates":[-52.69953,-31.48844]},"properties":{"nome":"Salão Alvorada","tipo":"community_centre","mun":"Canguçu","ibge":"4304507"}},{"type":"Feature","geometry":{"type":"Point","coordinates":[-51.18689,-30.0703]},"properties":{"nome":"Colégio Tiradentes","tipo":"school","mun":"Porto Alegre","ibge":"4314902"}},{"type":"Feature","geometry":{"type":"Point","coordinates":[-55.14059,-27.90388]},"properties":{"nome":"Instituto Estadual de Educação São Francisco Xavier","tipo":"school","mun":"Porto Xavier","ibge":"4315107"}},{"type":"Feature","geometry":{"type":"Point","coordinates":[-52.82278,-31.35477]},"properties":{"nome":"Salão Tri Legal","tipo":"community_centre","mun":"Canguçu","ibge":"4304507"}},{"type":"Feature","geometry":{"type":"Point","coordinates":[-53.07875,-29.7451]},"properties":{"nome":"EMEF Carlos Altermann","tipo":"school","mun":"Paraíso do Sul","ibge":"4314027"}},{"type":"Feature","geometry":{"type":"Point","coordinates":[-55.53293,-30.89697]},"properties":{"nome":"CTG","tipo":"community_centre","mun":"Sant'Ana do Livramento","ibge":"4317103"}},{"type":"Feature","geometry":{"type":"Point","coordinates":[-51.12086,-30.06883]},"properties":{"nome":"DACOMP","tipo":"community_centre","mun":"Porto Alegre","ibge":"4314902"}},{"type":"Feature","geometry":{"type":"Point","coordinates":[-51.23053,-30.03705]},"properties":{"nome":"Escola Estado do Rio Grande do Sul","tipo":"school","mun":"Porto Alegre","ibge":"4314902"}},{"type":"Feature","geometry":{"type":"Point","coordinates":[-49.85315,-29.50111]},"properties":{"nome":"Escola Professor Dietschi","tipo":"school","mun":"Arroio do Sal","ibge":"4301057"}},{"type":"Feature","geometry":{"type":"Point","coordinates":[-51.08754,-29.67083]},"properties":{"nome":"E.M.E.F. Santos Dumont","tipo":"school","mun":"Campo Bom","ibge":"4303905"}},{"type":"Feature","geometry":{"type":"Point","coordinates":[-53.81329,-29.68545]},"properties":{"nome":"Extreme Academia","tipo":"sports_centre","mun":"Santa Maria","ibge":"4316907"}},{"type":"Feature","geometry":{"type":"Point","coordinates":[-53.24002,-29.66685]},"properties":{"nome":"Salão Verde","tipo":"community_centre","mun":"Agudo","ibge":"4300109"}},{"type":"Feature","geometry":{"type":"Point","coordinates":[-53.44347,-29.57575]},"properties":{"nome":"Auditório Municipal","tipo":"community_centre","mun":"Faxinal do Soturno","ibge":"4308003"}},{"type":"Feature","geometry":{"type":"Point","coordinates":[-51.19325,-30.05765]},"properties":{"nome":"Escola Maurício Sirotsky Sobrinho","tipo":"school","mun":"Porto Alegre","ibge":"4314902"}},{"type":"Feature","geometry":{"type":"Point","coordinates":[-53.71132,-29.7009]},"properties":{"nome":"Colégio Riachuelo","tipo":"school","mun":"Santa Maria","ibge":"4316907"}},{"type":"Feature","geometry":{"type":"Point","coordinates":[-49.77983,-29.30627]},"properties":{"nome":"Escola Estadual de Educação Básica Marechal Deodoro","tipo":"school","mun":"Torres","ibge":"4321501"}},{"type":"Feature","geometry":{"type":"Point","coordinates":[-51.21717,-30.05044]},"properties":{"nome":"Colégio Romano Santa Marta","tipo":"school","mun":"Porto Alegre","ibge":"4314902"}},{"type":"Feature","geometry":{"type":"Point","coordinates":[-49.74441,-29.34123]},"properties":{"nome":"E. E. E. F. José Quartiero","tipo":"school","mun":"Torres","ibge":"4321501"}},{"type":"Feature","geometry":{"type":"Point","coordinates":[-49.82224,-29.28327]},"properties":{"nome":"Escola Municipal Fundamental São Judas Tadeu","tipo":"school","mun":"Torres","ibge":"4321501"}},{"type":"Feature","geometry":{"type":"Point","coordinates":[-49.73384,-29.33985]},"properties":{"nome":"Instituto Estadual de Educação Marcílio Dias","tipo":"school","mun":"Torres","ibge":"4321501"}},{"type":"Feature","geometry":{"type":"Point","coordinates":[-49.73415,-29.33927]},"properties":{"nome":"Escola Justino Alberto Tietboehl","tipo":"school","mun":"Torres","ibge":"4321501"}},{"type":"Feature","geometry":{"type":"Point","coordinates":[-51.20917,-30.0782]},"properties":{"nome":"Colégio Universitário","tipo":"school","mun":"Porto Alegre","ibge":"4314902"}},{"type":"Feature","geometry":{"type":"Point","coordinates":[-49.85555,-29.24843]},"properties":{"nome":"Escola Nossa Senhora da Glória","tipo":"school","mun":"Torres","ibge":"4321501"}},{"type":"Feature","geometry":{"type":"Point","coordinates":[-51.08336,-29.99605]},"properties":{"nome":"EE Fundamental Osório","tipo":"school","mun":"Alvorada","ibge":"4300604"}},{"type":"Feature","geometry":{"type":"Point","coordinates":[-51.18655,-29.21862]},"properties":{"nome":"EMEF Villa Lobos","tipo":"school","mun":"Caxias do Sul","ibge":"4305108"}},{"type":"Feature","geometry":{"type":"Point","coordinates":[-51.19644,-29.20788]},"properties":{"nome":"Escola Municipal Senador Teotônio Vilela","tipo":"school","mun":"Caxias do Sul","ibge":"4305108"}},{"type":"Feature","geometry":{"type":"Point","coordinates":[-51.28225,-29.21626]},"properties":{"nome":"Esporte Clube União Forquetense","tipo":"community_centre","mun":"Caxias do Sul","ibge":"4305108"}},{"type":"Feature","geometry":{"type":"Point","coordinates":[-51.14576,-30.03426]},"properties":{"nome":"Escola Especial Luiz Francisco Lucena Borges","tipo":"school","mun":"Porto Alegre","ibge":"4314902"}},{"type":"Feature","geometry":{"type":"Point","coordinates":[-51.13549,-30.09248]},"properties":{"nome":"Escola Eva Carminatti","tipo":"school","mun":"Porto Alegre","ibge":"4314902"}},{"type":"Feature","geometry":{"type":"Point","coordinates":[-51.10823,-30.01406]},"properties":{"nome":"Escola São Francisco - Santa Fé","tipo":"school","mun":"Porto Alegre","ibge":"4314902"}},{"type":"Feature","geometry":{"type":"Point","coordinates":[-51.19298,-30.07655]},"properties":{"nome":"Escola de Educação Especial Nazareth Apae Poa","tipo":"school","mun":"Porto Alegre","ibge":"4314902"}},{"type":"Feature","geometry":{"type":"Point","coordinates":[-51.23489,-30.11097]},"properties":{"nome":"Escola Alceu Wamosy","tipo":"school","mun":"Porto Alegre","ibge":"4314902"}},{"type":"Feature","geometry":{"type":"Point","coordinates":[-51.22744,-30.12844]},"properties":{"nome":"Escola Doutor Miguel Tostes","tipo":"school","mun":"Porto Alegre","ibge":"4314902"}},{"type":"Feature","geometry":{"type":"Point","coordinates":[-51.23046,-30.12883]},"properties":{"nome":"Escola Especial Educandário São João Batista","tipo":"school","mun":"Porto Alegre","ibge":"4314902"}},{"type":"Feature","geometry":{"type":"Point","coordinates":[-51.09827,-30.2204]},"properties":{"nome":"Escola Genoveva da Costa Bernardes","tipo":"school","mun":"Porto Alegre","ibge":"4314902"}},{"type":"Feature","geometry":{"type":"Point","coordinates":[-51.18307,-30.21011]},"properties":{"nome":"Escola Madre Raffo","tipo":"school","mun":"Porto Alegre","ibge":"4314902"}},{"type":"Feature","geometry":{"type":"Point","coordinates":[-51.15792,-29.23124]},"properties":{"nome":"Salão Paroquial","tipo":"community_centre","mun":"Caxias do Sul","ibge":"4305108"}},{"type":"Feature","geometry":{"type":"Point","coordinates":[-53.47228,-29.47066]},"properties":{"nome":"Cristina Binotto","tipo":"sports_centre","mun":"Nova Palma","ibge":"4313102"}},{"type":"Feature","geometry":{"type":"Point","coordinates":[-53.49294,-29.45893]},"properties":{"nome":"Bom Retiro","tipo":"community_centre","mun":"Nova Palma","ibge":"4313102"}},{"type":"Feature","geometry":{"type":"Point","coordinates":[-52.38884,-31.74207]},"properties":{"nome":"Centro Comunitário da Cohab Fragata","tipo":"community_centre","mun":"Pelotas","ibge":"4314407"}},{"type":"Feature","geometry":{"type":"Point","coordinates":[-50.29166,-29.85516]},"properties":{"nome":"Salão Comunitário","tipo":"community_centre","mun":"Osório","ibge":"4313508"}},{"type":"Feature","geometry":{"type":"Point","coordinates":[-51.15648,-29.18261]},"properties":{"nome":"EMEF Alberto Pasqualini","tipo":"school","mun":"Caxias do Sul","ibge":"4305108"}},{"type":"Feature","geometry":{"type":"Point","coordinates":[-51.14711,-29.18061]},"properties":{"nome":"EMEF Vereador Marcial Pisoni","tipo":"school","mun":"Caxias do Sul","ibge":"4305108"}},{"type":"Feature","geometry":{"type":"Point","coordinates":[-51.13314,-29.15993]},"properties":{"nome":"Sede Campestre Sindicato Dos Trabalhadores Nas Indústrias Da Construção E Do Mobiliário De Caxias Sul","tipo":"sports_centre","mun":"Caxias do Sul","ibge":"4305108"}},{"type":"Feature","geometry":{"type":"Point","coordinates":[-51.14956,-29.91912]},"properties":{"nome":"EMEF Tancredo de Almeida Neves","tipo":"school","mun":"Canoas","ibge":"4304606"}},{"type":"Feature","geometry":{"type":"Point","coordinates":[-51.16382,-29.14188]},"properties":{"nome":"Centro Esportivo Sesi - Social","tipo":"sports_centre","mun":"Caxias do Sul","ibge":"4305108"}},{"type":"Feature","geometry":{"type":"Point","coordinates":[-51.1587,-29.67295]},"properties":{"nome":"E. M. Dr. Antônio Benfica Filho","tipo":"school","mun":"Novo Hamburgo","ibge":"4313409"}},{"type":"Feature","geometry":{"type":"Point","coordinates":[-52.5778,-31.2582]},"properties":{"nome":"Salão Planalto","tipo":"community_centre","mun":"Canguçu","ibge":"4304507"}},{"type":"Feature","geometry":{"type":"Point","coordinates":[-53.63932,-27.6648]},"properties":{"nome":"Escola Municipal Maria Belmont Alberto","tipo":"school","mun":"Redentora","ibge":"4315404"}},{"type":"Feature","geometry":{"type":"Point","coordinates":[-54.26608,-28.30649]},"properties":{"nome":"ESC Tecnica Est Presidente Getulio Vargas","tipo":"school","mun":"Santo Ângelo","ibge":"4317509"}},{"type":"Feature","geometry":{"type":"Point","coordinates":[-54.26631,-28.30151]},"properties":{"nome":"Tereza Verzeri","tipo":"school","mun":"Santo Ângelo","ibge":"4317509"}},{"type":"Feature","geometry":{"type":"Point","coordinates":[-53.81794,-29.69718]},"properties":{"nome":"Bio Gym Academia","tipo":"sports_centre","mun":"Santa Maria","ibge":"4316907"}},{"type":"Feature","geometry":{"type":"Point","coordinates":[-51.30986,-30.30846]},"properties":{"nome":"Escola Fernando Hoff","tipo":"school","mun":"Barra do Ribeiro","ibge":"4301909"}},{"type":"Feature","geometry":{"type":"Point","coordinates":[-51.05953,-29.98698]},"properties":{"nome":"EMEF Professora Alice de Carvalho","tipo":"school","mun":"Alvorada","ibge":"4300604"}},{"type":"Feature","geometry":{"type":"Point","coordinates":[-50.89193,-29.62694]},"properties":{"nome":"Escola Municipal Maria Almerinda Paz de Oliveira","tipo":"school","mun":"Nova Hartz","ibge":"4313060"}},{"type":"Feature","geometry":{"type":"Point","coordinates":[-51.12383,-30.01838]},"properties":{"nome":"Escola Lauro Rodrigues","tipo":"school","mun":"Porto Alegre","ibge":"4314902"}},{"type":"Feature","geometry":{"type":"Point","coordinates":[-51.23091,-30.09199]},"properties":{"nome":"Escola Machado de Assis","tipo":"school","mun":"Porto Alegre","ibge":"4314902"}},{"type":"Feature","geometry":{"type":"Point","coordinates":[-51.22708,-30.08988]},"properties":{"nome":"Escola Nações Unidas","tipo":"school","mun":"Porto Alegre","ibge":"4314902"}},{"type":"Feature","geometry":{"type":"Point","coordinates":[-51.12819,-30.0155]},"properties":{"nome":"Escola Pepita de Leão","tipo":"school","mun":"Porto Alegre","ibge":"4314902"}},{"type":"Feature","geometry":{"type":"Point","coordinates":[-51.18841,-30.02482]},"properties":{"nome":"Escola Visconde de Pelotas","tipo":"school","mun":"Porto Alegre","ibge":"4314902"}},{"type":"Feature","geometry":{"type":"Point","coordinates":[-51.11672,-30.03565]},"properties":{"nome":"Escola Victor Issler","tipo":"school","mun":"Porto Alegre","ibge":"4314902"}},{"type":"Feature","geometry":{"type":"Point","coordinates":[-51.18423,-29.91931]},"properties":{"nome":"Espaço Criativo Riska e Rabiska","tipo":"school","mun":"Canoas","ibge":"4304606"}},{"type":"Feature","geometry":{"type":"Point","coordinates":[-57.09204,-29.75891]},"properties":{"nome":"Escola Marechal Cândido Rondon","tipo":"school","mun":"Uruguaiana","ibge":"4322400"}},{"type":"Feature","geometry":{"type":"Point","coordinates":[-53.17679,-29.73061]},"properties":{"nome":"Academia Boa Forma","tipo":"sports_centre","mun":"Paraíso do Sul","ibge":"4314027"}},{"type":"Feature","geometry":{"type":"Point","coordinates":[-52.20301,-28.44673]},"properties":{"nome":"Colégio Cristo Rei","tipo":"school","mun":"Marau","ibge":"4311809"}},{"type":"Feature","geometry":{"type":"Point","coordinates":[-51.30112,-30.29425]},"properties":{"nome":"Escola São José","tipo":"school","mun":"Barra do Ribeiro","ibge":"4301909"}},{"type":"Feature","geometry":{"type":"Point","coordinates":[-52.57787,-29.27202]},"properties":{"nome":"Escola Estadual","tipo":"school","mun":"Gramado Xavier","ibge":"4309159"}},{"type":"Feature","geometry":{"type":"Point","coordinates":[-52.5802,-29.26855]},"properties":{"nome":"Ginásio Esportivo Paroquial Giespa","tipo":"sports_centre","mun":"Gramado Xavier","ibge":"4309159"}},{"type":"Feature","geometry":{"type":"Point","coordinates":[-52.07832,-28.65351]},"properties":{"nome":"Escola Estadual Alexandre Gusmão","tipo":"school","mun":"Montauri","ibge":"4312351"}},{"type":"Feature","geometry":{"type":"Point","coordinates":[-52.07758,-28.65105]},"properties":{"nome":"EMEF Borges de Medeiros","tipo":"school","mun":"Montauri","ibge":"4312351"}},{"type":"Feature","geometry":{"type":"Point","coordinates":[-52.03484,-28.43231]},"properties":{"nome":"Escola Estadual Quilto Busnell","tipo":"school","mun":"Gentil","ibge":"4308854"}},{"type":"Feature","geometry":{"type":"Point","coordinates":[-54.1047,-28.64232]},"properties":{"nome":"Escola João da Conceição","tipo":"school","mun":"Jóia","ibge":"4311155"}},{"type":"Feature","geometry":{"type":"Point","coordinates":[-54.1456,-28.52873]},"properties":{"nome":"Escola Estadual Theodorico Alves Teixeira","tipo":"school","mun":"Eugênio de Castro","ibge":"4307831"}},{"type":"Feature","geometry":{"type":"Point","coordinates":[-52.4208,-27.70402]},"properties":{"nome":"Arsenal Futebol Clube","tipo":"community_centre","mun":"Paulo Bento","ibge":"4314134"}},{"type":"Feature","geometry":{"type":"Point","coordinates":[-54.4614,-28.13032]},"properties":{"nome":"EEEM São Roque","tipo":"school","mun":"Sete de Setembro","ibge":"4320578"}},{"type":"Feature","geometry":{"type":"Point","coordinates":[-52.29036,-29.04739]},"properties":{"nome":"Escola Infantil Meus Primeiros Passos","tipo":"school","mun":"São José do Herval","ibge":"4318465"}},{"type":"Feature","geometry":{"type":"Point","coordinates":[-52.29076,-29.04776]},"properties":{"nome":"CTG de São José do Herval","tipo":"community_centre","mun":"São José do Herval","ibge":"4318465"}},{"type":"Feature","geometry":{"type":"Point","coordinates":[-53.18214,-27.69105]},"properties":{"nome":"Escola Estadual","tipo":"school","mun":"Lajeado do Bugre","ibge":"4311429"}},{"type":"Feature","geometry":{"type":"Point","coordinates":[-53.18164,-27.69166]},"properties":{"nome":"Ginásio","tipo":"sports_centre","mun":"Lajeado do Bugre","ibge":"4311429"}},{"type":"Feature","geometry":{"type":"Point","coordinates":[-53.63587,-30.29535]},"properties":{"nome":"Escola Municpal Adolfo Kieling","tipo":"school","mun":"São Sepé","ibge":"4319604"}},{"type":"Feature","geometry":{"type":"Point","coordinates":[-53.2054,-31.2279]},"properties":{"nome":"Escola Municipal Armando Fajardo","tipo":"school","mun":"Piratini","ibge":"4314605"}},{"type":"Feature","geometry":{"type":"Point","coordinates":[-53.20093,-31.17185]},"properties":{"nome":"Escola Municpal Duque de Caxias","tipo":"school","mun":"Piratini","ibge":"4314605"}},{"type":"Feature","geometry":{"type":"Point","coordinates":[-53.80225,-29.69081]},"properties":{"nome":"Colégio Centenário","tipo":"school","mun":"Santa Maria","ibge":"4316907"}},{"type":"Feature","geometry":{"type":"Point","coordinates":[-53.80368,-29.69017]},"properties":{"nome":"Círculo Trentino di Santa Maria","tipo":"school","mun":"Santa Maria","ibge":"4316907"}},{"type":"Feature","geometry":{"type":"Point","coordinates":[-54.83636,-28.12351]},"properties":{"nome":"E.E.E.F João de Castilhos","tipo":"school","mun":"Salvador das Missões","ibge":"4316477"}},{"type":"Feature","geometry":{"type":"Point","coordinates":[-54.81758,-31.10106]},"properties":{"nome":"Escola Municipal Sucessão dos Moraes","tipo":"school","mun":"Dom Pedrito","ibge":"4306601"}},{"type":"Feature","geometry":{"type":"Point","coordinates":[-54.08712,-27.39819]},"properties":{"nome":"EEEB Tiradentes","tipo":"school","mun":"Tiradentes do Sul","ibge":"4321477"}},{"type":"Feature","geometry":{"type":"Point","coordinates":[-54.93655,-28.02095]},"properties":{"nome":"Escola Francisco Righi","tipo":"school","mun":"São Paulo das Missões","ibge":"4319307"}},{"type":"Feature","geometry":{"type":"Point","coordinates":[-55.02908,-28.13379]},"properties":{"nome":"Escola Érico Veríssimo","tipo":"school","mun":"Roque Gonzales","ibge":"4316303"}},{"type":"Feature","geometry":{"type":"Point","coordinates":[-55.02039,-28.12576]},"properties":{"nome":"Escola Municipal Santo Antônio de Pádua","tipo":"school","mun":"Roque Gonzales","ibge":"4316303"}},{"type":"Feature","geometry":{"type":"Point","coordinates":[-54.56496,-31.12979]},"properties":{"nome":"Escola Abrelino Machado da Fontoura","tipo":"school","mun":"Dom Pedrito","ibge":"4306601"}},{"type":"Feature","geometry":{"type":"Point","coordinates":[-52.4911,-27.65776]},"properties":{"nome":"Escola Estadual São José","tipo":"school","mun":"Ponte Preta","ibge":"4314787"}},{"type":"Feature","geometry":{"type":"Point","coordinates":[-50.95278,-29.4148]},"properties":{"nome":"Sociedade Marcondes","tipo":"community_centre","mun":"Gramado","ibge":"4309100"}},{"type":"Feature","geometry":{"type":"Point","coordinates":[-53.11633,-29.72966]},"properties":{"nome":"EMEF Valdomiro Toneloto","tipo":"school","mun":"Paraíso do Sul","ibge":"4314027"}},{"type":"Feature","geometry":{"type":"Point","coordinates":[-50.77058,-29.6384]},"properties":{"nome":"EMEF Rosa Elsa Mertins","tipo":"school","mun":"Taquara","ibge":"4321204"}},{"type":"Feature","geometry":{"type":"Point","coordinates":[-50.76805,-29.65425]},"properties":{"nome":"colégio municipal theóphilo sauer","tipo":"school","mun":"Taquara","ibge":"4321204"}},{"type":"Feature","geometry":{"type":"Point","coordinates":[-53.71687,-29.70236]},"properties":{"nome":"Academia Professor Alan Sangoi","tipo":"sports_centre","mun":"Santa Maria","ibge":"4316907"}},{"type":"Feature","geometry":{"type":"Point","coordinates":[-53.71637,-29.70242]},"properties":{"nome":"Nitro Academia","tipo":"sports_centre","mun":"Santa Maria","ibge":"4316907"}},{"type":"Feature","geometry":{"type":"Point","coordinates":[-53.80055,-29.68572]},"properties":{"nome":"Boa Forma Personal e Pilates","tipo":"sports_centre","mun":"Santa Maria","ibge":"4316907"}},{"type":"Feature","geometry":{"type":"Point","coordinates":[-53.05771,-29.57062]},"properties":{"nome":"EMEF Davi Unfer","tipo":"school","mun":"Paraíso do Sul","ibge":"4314027"}},{"type":"Feature","geometry":{"type":"Point","coordinates":[-53.71662,-29.70396]},"properties":{"nome":"KNN Idiomas","tipo":"school","mun":"Santa Maria","ibge":"4316907"}},{"type":"Feature","geometry":{"type":"Point","coordinates":[-51.14151,-30.0445]},"properties":{"nome":"Afp Atividade Física Personalizada","tipo":"sports_centre","mun":"Porto Alegre","ibge":"4314902"}},{"type":"Feature","geometry":{"type":"Point","coordinates":[-51.22949,-30.09752]},"properties":{"nome":"Riograndense Tênis Clube","tipo":"sports_centre","mun":"Porto Alegre","ibge":"4314902"}},{"type":"Feature","geometry":{"type":"Point","coordinates":[-53.77249,-27.36771]},"properties":{"nome":"Escola Municipal do Ensino Fundamental Sadi Fortes","tipo":"school","mun":"Tenente Portela","ibge":"4321402"}},{"type":"Feature","geometry":{"type":"Point","coordinates":[-53.76597,-27.368]},"properties":{"nome":"EEEF Tenente Portela","tipo":"school","mun":"Tenente Portela","ibge":"4321402"}},{"type":"Feature","geometry":{"type":"Point","coordinates":[-53.7611,-27.36811]},"properties":{"nome":"EMEF Airton Senna","tipo":"school","mun":"Tenente Portela","ibge":"4321402"}},{"type":"Feature","geometry":{"type":"Point","coordinates":[-53.74807,-27.37312]},"properties":{"nome":"Escola Municipal Ensino Fundamental Arcelino Soares Bueno","tipo":"school","mun":"Tenente Portela","ibge":"4321402"}},{"type":"Feature","geometry":{"type":"Point","coordinates":[-51.1548,-30.01491]},"properties":{"nome":"UpTime Escola de Idiomas","tipo":"school","mun":"Porto Alegre","ibge":"4314902"}},{"type":"Feature","geometry":{"type":"Point","coordinates":[-53.78737,-29.66243]},"properties":{"nome":"Associação Santa-mariense de Esportes Náuticos","tipo":"sports_centre","mun":"Santa Maria","ibge":"4316907"}},{"type":"Feature","geometry":{"type":"Point","coordinates":[-50.7813,-29.6528]},"properties":{"nome":"Colégio Santa Terezinha","tipo":"school","mun":"Taquara","ibge":"4321204"}},{"type":"Feature","geometry":{"type":"Point","coordinates":[-50.78932,-29.67366]},"properties":{"nome":"IACS - Instituto Adventista Cruzeiro do Sul","tipo":"school","mun":"Taquara","ibge":"4321204"}},{"type":"Feature","geometry":{"type":"Point","coordinates":[-50.78102,-29.6473]},"properties":{"nome":"Clube Comercial","tipo":"community_centre","mun":"Taquara","ibge":"4321204"}},{"type":"Feature","geometry":{"type":"Point","coordinates":[-53.81093,-29.72669]},"properties":{"nome":"Escola Estadual de Educação Especial Reinaldo Fernando Cosser","tipo":"school","mun":"Santa Maria","ibge":"4316907"}},{"type":"Feature","geometry":{"type":"Point","coordinates":[-50.77367,-29.64649]},"properties":{"nome":"Escola E.E.F. Tristão Monteiro","tipo":"school","mun":"Taquara","ibge":"4321204"}},{"type":"Feature","geometry":{"type":"Point","coordinates":[-51.13709,-30.15449]},"properties":{"nome":"Escola de samba Estado Maior da Restinga","tipo":"community_centre","mun":"Porto Alegre","ibge":"4314902"}},{"type":"Feature","geometry":{"type":"Point","coordinates":[-53.71885,-29.70403]},"properties":{"nome":"Kumon","tipo":"school","mun":"Santa Maria","ibge":"4316907"}},{"type":"Feature","geometry":{"type":"Point","coordinates":[-53.8009,-29.68571]},"properties":{"nome":"Boa Forma","tipo":"sports_centre","mun":"Santa Maria","ibge":"4316907"}},{"type":"Feature","geometry":{"type":"Point","coordinates":[-53.12931,-29.42202]},"properties":{"nome":"E.E.E.M. Catarina Bridi","tipo":"school","mun":"Ibarama","ibge":"4309753"}},{"type":"Feature","geometry":{"type":"Point","coordinates":[-51.05072,-30.21416]},"properties":{"nome":"EEEF Heitor Villa-Lobos","tipo":"school","mun":"Porto Alegre","ibge":"4314902"}},{"type":"Feature","geometry":{"type":"Point","coordinates":[-52.78812,-28.28456]},"properties":{"nome":"Escola Notre Dame","tipo":"school","mun":"Carazinho","ibge":"4304705"}},{"type":"Feature","geometry":{"type":"Point","coordinates":[-53.7975,-29.69228]},"properties":{"nome":"Inove Gym","tipo":"sports_centre","mun":"Santa Maria","ibge":"4316907"}},{"type":"Feature","geometry":{"type":"Point","coordinates":[-53.80077,-29.71517]},"properties":{"nome":"Instituto São José","tipo":"school","mun":"Santa Maria","ibge":"4316907"}},{"type":"Feature","geometry":{"type":"Point","coordinates":[-52.27555,-27.63952]},"properties":{"nome":"Academia Boa Forma","tipo":"sports_centre","mun":"Erechim","ibge":"4307005"}},{"type":"Feature","geometry":{"type":"Point","coordinates":[-53.71228,-29.70569]},"properties":{"nome":"Studio Pilates","tipo":"sports_centre","mun":"Santa Maria","ibge":"4316907"}},{"type":"Feature","geometry":{"type":"Point","coordinates":[-50.77466,-29.65671]},"properties":{"nome":"E.M.E.I Alice Maciel","tipo":"school","mun":"Taquara","ibge":"4321204"}},{"type":"Feature","geometry":{"type":"Point","coordinates":[-50.76622,-29.66201]},"properties":{"nome":"EMEF João Martins Nunes","tipo":"school","mun":"Taquara","ibge":"4321204"}},{"type":"Feature","geometry":{"type":"Point","coordinates":[-50.77164,-29.65635]},"properties":{"nome":"AABB Comunidade","tipo":"school","mun":"Taquara","ibge":"4321204"}},{"type":"Feature","geometry":{"type":"Point","coordinates":[-50.75951,-29.65423]},"properties":{"nome":"EMEF 17 de Abril","tipo":"school","mun":"Taquara","ibge":"4321204"}},{"type":"Feature","geometry":{"type":"Point","coordinates":[-50.78419,-29.63944]},"properties":{"nome":"EMEF Calisto Eolálio Letti","tipo":"school","mun":"Taquara","ibge":"4321204"}},{"type":"Feature","geometry":{"type":"Point","coordinates":[-50.7972,-29.63961]},"properties":{"nome":"EMEF Dr. Alípio Alfredo Sperb","tipo":"school","mun":"Taquara","ibge":"4321204"}},{"type":"Feature","geometry":{"type":"Point","coordinates":[-50.78915,-29.66539]},"properties":{"nome":"EMEF Lauro Hampe Muller","tipo":"school","mun":"Taquara","ibge":"4321204"}},{"type":"Feature","geometry":{"type":"Point","coordinates":[-50.7978,-29.62914]},"properties":{"nome":"EMEF Getúlio Vargas","tipo":"school","mun":"Taquara","ibge":"4321204"}},{"type":"Feature","geometry":{"type":"Point","coordinates":[-50.76484,-29.65917]},"properties":{"nome":"EMEF Nereu Wilhelms","tipo":"school","mun":"Taquara","ibge":"4321204"}},{"type":"Feature","geometry":{"type":"Point","coordinates":[-50.77127,-29.65126]},"properties":{"nome":"Escola de educação infantil dos comerciários e particular","tipo":"school","mun":"Taquara","ibge":"4321204"}},{"type":"Feature","geometry":{"type":"Point","coordinates":[-53.73947,-29.70996]},"properties":{"nome":"Novo Horizonte Atividades Físicas","tipo":"sports_centre","mun":"Santa Maria","ibge":"4316907"}},{"type":"Feature","geometry":{"type":"Point","coordinates":[-50.84928,-29.64961]},"properties":{"nome":"Escola Municipal de Ensino Fundamental Getúlio Dornelles Vargas - Caic","tipo":"school","mun":"Parobé","ibge":"4314050"}},{"type":"Feature","geometry":{"type":"Point","coordinates":[-54.8166,-28.25626]},"properties":{"nome":"Escola Castro Alves","tipo":"school","mun":"Rolador","ibge":"4315958"}},{"type":"Feature","geometry":{"type":"Point","coordinates":[-51.89909,-28.83846]},"properties":{"nome":"Cidade Escola Ayni","tipo":"school","mun":"Guaporé","ibge":"4309407"}},{"type":"Feature","geometry":{"type":"Point","coordinates":[-50.68175,-30.97488]},"properties":{"nome":"Escola Marcílio Dias","tipo":"school","mun":"Mostardas","ibge":"4312500"}},{"type":"Feature","geometry":{"type":"Point","coordinates":[-51.40558,-30.67185]},"properties":{"nome":"escola estadual nossa senhora do carmo","tipo":"school","mun":"Tapes","ibge":"4321105"}},{"type":"Feature","geometry":{"type":"Point","coordinates":[-51.40913,-30.67115]},"properties":{"nome":"E.E.E.F. Gaston Augusto Santos César","tipo":"school","mun":"Tapes","ibge":"4321105"}},{"type":"Feature","geometry":{"type":"Point","coordinates":[-53.66609,-30.37246]},"properties":{"nome":"Escola Municipal Coronel Chananeco","tipo":"school","mun":"São Sepé","ibge":"4319604"}},{"type":"Feature","geometry":{"type":"Point","coordinates":[-53.84233,-30.14468]},"properties":{"nome":"Escola João Pessoa","tipo":"school","mun":"São Sepé","ibge":"4319604"}},{"type":"Feature","geometry":{"type":"Point","coordinates":[-51.02648,-29.63947]},"properties":{"nome":"Escola 26 de Fevereiro","tipo":"school","mun":"Sapiranga","ibge":"4319901"}},{"type":"Feature","geometry":{"type":"Point","coordinates":[-50.99169,-29.64175]},"properties":{"nome":"Escola Waldemar Carlos Jaeger","tipo":"school","mun":"Sapiranga","ibge":"4319901"}},{"type":"Feature","geometry":{"type":"Point","coordinates":[-50.98061,-29.63976]},"properties":{"nome":"Escola São Carlos","tipo":"school","mun":"Sapiranga","ibge":"4319901"}},{"type":"Feature","geometry":{"type":"Point","coordinates":[-51.11568,-29.70715]},"properties":{"nome":"Escola Municipal Elvira Brandi Grin","tipo":"school","mun":"Novo Hamburgo","ibge":"4313409"}},{"type":"Feature","geometry":{"type":"Point","coordinates":[-51.0881,-29.69753]},"properties":{"nome":"CIEP","tipo":"school","mun":"Novo Hamburgo","ibge":"4313409"}},{"type":"Feature","geometry":{"type":"Point","coordinates":[-51.11943,-29.69891]},"properties":{"nome":"Escola Estadual Borges de Medeiros","tipo":"school","mun":"Novo Hamburgo","ibge":"4313409"}},{"type":"Feature","geometry":{"type":"Point","coordinates":[-51.11889,-29.69848]},"properties":{"nome":"Escola Estadual Bairro Rondônia","tipo":"school","mun":"Novo Hamburgo","ibge":"4313409"}},{"type":"Feature","geometry":{"type":"Point","coordinates":[-51.27554,-29.86374]},"properties":{"nome":"Escola Hélio Fraga","tipo":"school","mun":"Nova Santa Rita","ibge":"4313375"}},{"type":"Feature","geometry":{"type":"Point","coordinates":[-51.28109,-29.87649]},"properties":{"nome":"Escola Vó Luiza","tipo":"school","mun":"Nova Santa Rita","ibge":"4313375"}},{"type":"Feature","geometry":{"type":"Point","coordinates":[-51.24994,-29.8762]},"properties":{"nome":"Escola Miguel Couto","tipo":"school","mun":"Nova Santa Rita","ibge":"4313375"}},{"type":"Feature","geometry":{"type":"Point","coordinates":[-51.49615,-29.81069]},"properties":{"nome":"Escola Estadual de 1o Grau Adão Martine","tipo":"school","mun":"Montenegro","ibge":"4312401"}},{"type":"Feature","geometry":{"type":"Point","coordinates":[-52.32866,-29.24612]},"properties":{"nome":"CTG Sinuelo da Amizade","tipo":"community_centre","mun":"Progresso","ibge":"4315156"}},{"type":"Feature","geometry":{"type":"Point","coordinates":[-51.37722,-29.37009]},"properties":{"nome":"EEEB LEONARDO FRITZEN","tipo":"school","mun":"São Vendelino","ibge":"4319752"}},{"type":"Feature","geometry":{"type":"Point","coordinates":[-51.24334,-29.8595]},"properties":{"nome":"Escola José Bonifácio","tipo":"school","mun":"Nova Santa Rita","ibge":"4313375"}},{"type":"Feature","geometry":{"type":"Point","coordinates":[-51.25647,-29.83215]},"properties":{"nome":"Escola Tiradentes","tipo":"school","mun":"Nova Santa Rita","ibge":"4313375"}},{"type":"Feature","geometry":{"type":"Point","coordinates":[-53.50132,-28.29369]},"properties":{"nome":"Colégio Evangélico Panambi","tipo":"school","mun":"Panambi","ibge":"4313904"}},{"type":"Feature","geometry":{"type":"Point","coordinates":[-51.23148,-30.03079]},"properties":{"nome":"Escola de Educação Profissional Cecilia Meireles","tipo":"school","mun":"Porto Alegre","ibge":"4314902"}},{"type":"Feature","geometry":{"type":"Point","coordinates":[-51.2259,-30.03214]},"properties":{"nome":"Núcleo Estadual de Educação de Jovens e Adultos Cardeal Alfredo Vicente Scherer","tipo":"school","mun":"Porto Alegre","ibge":"4314902"}},{"type":"Feature","geometry":{"type":"Point","coordinates":[-53.80647,-29.6877]},"properties":{"nome":"Objetivo","tipo":"school","mun":"Santa Maria","ibge":"4316907"}},{"type":"Feature","geometry":{"type":"Point","coordinates":[-51.06982,-29.99547]},"properties":{"nome":"Equilíbrio Academia","tipo":"sports_centre","mun":"Alvorada","ibge":"4300604"}},{"type":"Feature","geometry":{"type":"Point","coordinates":[-53.80578,-29.6813]},"properties":{"nome":"Academia Destaque","tipo":"sports_centre","mun":"Santa Maria","ibge":"4316907"}},{"type":"Feature","geometry":{"type":"Point","coordinates":[-51.2299,-30.03054]},"properties":{"nome":"Ocupação Lanceiros Negros","tipo":"community_centre","mun":"Porto Alegre","ibge":"4314902"}},{"type":"Feature","geometry":{"type":"Point","coordinates":[-52.92982,-27.93665]},"properties":{"nome":"Escola Estadual Aldo Conte","tipo":"school","mun":"Sarandi","ibge":"4320107"}},{"type":"Feature","geometry":{"type":"Point","coordinates":[-52.92474,-27.94182]},"properties":{"nome":"Escola Padre Luis Vigna","tipo":"school","mun":"Sarandi","ibge":"4320107"}},{"type":"Feature","geometry":{"type":"Point","coordinates":[-51.41243,-28.98985]},"properties":{"nome":"Colegio Estadual Nova Roma","tipo":"school","mun":"Nova Roma do Sul","ibge":"4313359"}},{"type":"Feature","geometry":{"type":"Point","coordinates":[-53.82265,-29.70252]},"properties":{"nome":"Academia","tipo":"sports_centre","mun":"Santa Maria","ibge":"4316907"}},{"type":"Feature","geometry":{"type":"Point","coordinates":[-52.2008,-28.58671]},"properties":{"nome":"UAB Camargo","tipo":"school","mun":"Camargo","ibge":"4303558"}},{"type":"Feature","geometry":{"type":"Point","coordinates":[-52.98004,-27.99001]},"properties":{"nome":"Escola Estadual de Ens. Médio Antonio Mathias Anschau","tipo":"school","mun":"Nova Boa Vista","ibge":"4312955"}},{"type":"Feature","geometry":{"type":"Point","coordinates":[-52.98038,-27.99595]},"properties":{"nome":"Escola Municipal de Ens. Fundamental Santos Anjos","tipo":"school","mun":"Nova Boa Vista","ibge":"4312955"}},{"type":"Feature","geometry":{"type":"Point","coordinates":[-51.21549,-30.04953]},"properties":{"nome":"Ocupação Pandorga","tipo":"community_centre","mun":"Porto Alegre","ibge":"4314902"}},{"type":"Feature","geometry":{"type":"Point","coordinates":[-52.79733,-28.28128]},"properties":{"nome":"EMEF Rufino Leal","tipo":"school","mun":"Carazinho","ibge":"4304705"}},{"type":"Feature","geometry":{"type":"Point","coordinates":[-51.90438,-27.48122]},"properties":{"nome":"Praza Saludável","tipo":"sports_centre","mun":"Marcelino Ramos","ibge":"4311908"}},{"type":"Feature","geometry":{"type":"Point","coordinates":[-51.90995,-27.46487]},"properties":{"nome":"Instituto Educativo MArcelino Ramos","tipo":"school","mun":"Marcelino Ramos","ibge":"4311908"}},{"type":"Feature","geometry":{"type":"Point","coordinates":[-53.77367,-28.36572]},"properties":{"nome":"Escola Estadual de Ensino Médio Doutor Bozano","tipo":"school","mun":"Bozano","ibge":"4302584"}},{"type":"Feature","geometry":{"type":"Point","coordinates":[-52.68333,-29.60934]},"properties":{"nome":"Escola Estadual de Ensino Médio Guilherme Fischer","tipo":"school","mun":"Vale do Sol","ibge":"4322533"}},{"type":"Feature","geometry":{"type":"Point","coordinates":[-51.20875,-30.07759]},"properties":{"nome":"Núcleo Estadual de Educação de Jovens e Adultos e Cultura Popular Julieta Villamil Balestro","tipo":"school","mun":"Porto Alegre","ibge":"4314902"}},{"type":"Feature","geometry":{"type":"Point","coordinates":[-52.18405,-28.86597]},"properties":{"nome":"Escola Municipal","tipo":"school","mun":"Arvorezinha","ibge":"4301404"}},{"type":"Feature","geometry":{"type":"Point","coordinates":[-51.13455,-30.04047]},"properties":{"nome":"Escola Professora Marieta da Cunha Silva","tipo":"school","mun":"Porto Alegre","ibge":"4314902"}},{"type":"Feature","geometry":{"type":"Point","coordinates":[-51.09643,-30.02389]},"properties":{"nome":"Colégio Marista Irmão Jaime Biazus","tipo":"school","mun":"Porto Alegre","ibge":"4314902"}},{"type":"Feature","geometry":{"type":"Point","coordinates":[-53.8084,-29.72757]},"properties":{"nome":"EMEF Luizinho de Grandi","tipo":"school","mun":"Santa Maria","ibge":"4316907"}},{"type":"Feature","geometry":{"type":"Point","coordinates":[-53.80978,-29.68515]},"properties":{"nome":"CNA","tipo":"school","mun":"Santa Maria","ibge":"4316907"}},{"type":"Feature","geometry":{"type":"Point","coordinates":[-51.96431,-29.45452]},"properties":{"nome":"Academia Musical Êxitus","tipo":"school","mun":"Lajeado","ibge":"4311403"}},{"type":"Feature","geometry":{"type":"Point","coordinates":[-52.79611,-28.30402]},"properties":{"nome":"SENAI","tipo":"school","mun":"Carazinho","ibge":"4304705"}},{"type":"Feature","geometry":{"type":"Point","coordinates":[-51.10176,-30.11015]},"properties":{"nome":"Escola Municipal de Ensino Fundamental São Pedro","tipo":"school","mun":"Viamão","ibge":"4323002"}},{"type":"Feature","geometry":{"type":"Point","coordinates":[-51.35033,-29.21122]},"properties":{"nome":"Centro de convivência São José","tipo":"community_centre","mun":"Farroupilha","ibge":"4307906"}},{"type":"Feature","geometry":{"type":"Point","coordinates":[-53.81208,-29.7026]},"properties":{"nome":"Escola Medianeira","tipo":"school","mun":"Santa Maria","ibge":"4316907"}},{"type":"Feature","geometry":{"type":"Point","coordinates":[-51.13946,-29.84795]},"properties":{"nome":"EMEF José Plácido de Castro","tipo":"school","mun":"Sapucaia do Sul","ibge":"4320008"}},{"type":"Feature","geometry":{"type":"Point","coordinates":[-49.93701,-29.36673]},"properties":{"nome":"Escola Sagrada Família","tipo":"school","mun":"Morrinhos do Sul","ibge":"4312443"}},{"type":"Feature","geometry":{"type":"Point","coordinates":[-52.74355,-29.90207]},"properties":{"nome":"CTG Raízes Nativas","tipo":"community_centre","mun":"Rio Pardo","ibge":"4315701"}},{"type":"Feature","geometry":{"type":"Point","coordinates":[-52.7429,-29.90403]},"properties":{"nome":"Escola Municipal Ataliba Brum","tipo":"school","mun":"Candelária","ibge":"4304200"}},{"type":"Feature","geometry":{"type":"Point","coordinates":[-53.728,-29.70993]},"properties":{"nome":"Colégio Estadual Professora Edna May Cardoso","tipo":"school","mun":"Santa Maria","ibge":"4316907"}},{"type":"Feature","geometry":{"type":"Point","coordinates":[-53.87623,-29.69979]},"properties":{"nome":"Colégio Estadual Tancredo Neves","tipo":"school","mun":"Santa Maria","ibge":"4316907"}},{"type":"Feature","geometry":{"type":"Point","coordinates":[-53.79402,-29.68736]},"properties":{"nome":"Colégio Tiradentes Santa Maria","tipo":"school","mun":"Santa Maria","ibge":"4316907"}},{"type":"Feature","geometry":{"type":"Point","coordinates":[-53.81349,-29.66817]},"properties":{"nome":"Escola Básica Estadual Érico Veríssimo","tipo":"school","mun":"Santa Maria","ibge":"4316907"}},{"type":"Feature","geometry":{"type":"Point","coordinates":[-53.86346,-29.69023]},"properties":{"nome":"Escola Estadual de Educação Básica Augusto Ruschi","tipo":"school","mun":"Santa Maria","ibge":"4316907"}},{"type":"Feature","geometry":{"type":"Point","coordinates":[-53.80744,-29.70387]},"properties":{"nome":"Escola Estadual de Educação Básica Irmão José Otão","tipo":"school","mun":"Santa Maria","ibge":"4316907"}},{"type":"Feature","geometry":{"type":"Point","coordinates":[-53.82258,-29.69186]},"properties":{"nome":"Escola Estadual de Ensino Fundamental General Gomes Carneiro","tipo":"school","mun":"Santa Maria","ibge":"4316907"}},{"type":"Feature","geometry":{"type":"Point","coordinates":[-53.80418,-29.67258]},"properties":{"nome":"Escola Estadual de Ensino Fundamental João Link Sobrinho","tipo":"school","mun":"Santa Maria","ibge":"4316907"}},{"type":"Feature","geometry":{"type":"Point","coordinates":[-53.85106,-29.71121]},"properties":{"nome":"Escola Estadual de Ensino Médio Marechal Humberto de Alencar Castelo Branco","tipo":"school","mun":"Santa Maria","ibge":"4316907"}},{"type":"Feature","geometry":{"type":"Point","coordinates":[-53.85994,-29.68542]},"properties":{"nome":"Escola Estadual de Ensino Médio Santa Marta","tipo":"school","mun":"Santa Maria","ibge":"4316907"}},{"type":"Feature","geometry":{"type":"Point","coordinates":[-53.80097,-29.72652]},"properties":{"nome":"Instituto Estadual Luiz Guilherme do Prado Veppo","tipo":"school","mun":"Santa Maria","ibge":"4316907"}},{"type":"Feature","geometry":{"type":"Point","coordinates":[-51.23555,-30.1317]},"properties":{"nome":"Ipanema Sports - Academia","tipo":"sports_centre","mun":"Porto Alegre","ibge":"4314902"}},{"type":"Feature","geometry":{"type":"Point","coordinates":[-51.86904,-29.28466]},"properties":{"nome":"Colégio Scalabriniano São José","tipo":"school","mun":"Roca Sales","ibge":"4315800"}},{"type":"Feature","geometry":{"type":"Point","coordinates":[-51.88,-29.16885]},"properties":{"nome":"Escola municipal fundamental Castelo Branco","tipo":"school","mun":"Muçum","ibge":"4312609"}},{"type":"Feature","geometry":{"type":"Point","coordinates":[-53.79832,-29.70047]},"properties":{"nome":"Escola Estadual Indígena de Ensino Fundamental Augusto Ope da Silva","tipo":"school","mun":"Santa Maria","ibge":"4316907"}},{"type":"Feature","geometry":{"type":"Point","coordinates":[-52.84113,-27.30203]},"properties":{"nome":"Salão Comunitário","tipo":"community_centre","mun":"Rio dos Índios","ibge":"4315552"}},{"type":"Feature","geometry":{"type":"Point","coordinates":[-53.80736,-29.68443]},"properties":{"nome":"Celera Gym","tipo":"sports_centre","mun":"Santa Maria","ibge":"4316907"}},{"type":"Feature","geometry":{"type":"Point","coordinates":[-51.15157,-30.04828]},"properties":{"nome":"E.C. New Boys","tipo":"sports_centre","mun":"Porto Alegre","ibge":"4314902"}},{"type":"Feature","geometry":{"type":"Point","coordinates":[-51.63502,-28.37116]},"properties":{"nome":"Clube União","tipo":"community_centre","mun":"Ibiraiaras","ibge":"4309902"}},{"type":"Feature","geometry":{"type":"Point","coordinates":[-51.63791,-28.37038]},"properties":{"nome":"Salão Paroquial","tipo":"community_centre","mun":"Ibiraiaras","ibge":"4309902"}},{"type":"Feature","geometry":{"type":"Point","coordinates":[-51.63905,-28.37318]},"properties":{"nome":"Escola Estadual de Ensino Médio Antônio Stella","tipo":"school","mun":"Ibiraiaras","ibge":"4309902"}},{"type":"Feature","geometry":{"type":"Point","coordinates":[-51.63216,-28.36649]},"properties":{"nome":"Escola Municipal João Dal Piva","tipo":"school","mun":"Ibiraiaras","ibge":"4309902"}},{"type":"Feature","geometry":{"type":"Point","coordinates":[-53.37123,-32.56593]},"properties":{"nome":"Clube 24 de Agosto","tipo":"community_centre","mun":"Jaguarão","ibge":"4311007"}},{"type":"Feature","geometry":{"type":"Point","coordinates":[-53.81075,-29.68705]},"properties":{"nome":"Totem Vestibulares","tipo":"school","mun":"Santa Maria","ibge":"4316907"}},{"type":"Feature","geometry":{"type":"Point","coordinates":[-54.01588,-28.26294]},"properties":{"nome":"EMEF Dr. Waldomiro Rossetto","tipo":"school","mun":"Catuípe","ibge":"4305009"}},{"type":"Feature","geometry":{"type":"Point","coordinates":[-52.72429,-31.61403]},"properties":{"nome":"Ponto 13","tipo":"shelter","mun":"Cerrito","ibge":"4305124"}},{"type":"Feature","geometry":{"type":"Point","coordinates":[-52.66881,-31.58525]},"properties":{"nome":"Ponto 6","tipo":"shelter","mun":"Morro Redondo","ibge":"4312450"}},{"type":"Feature","geometry":{"type":"Point","coordinates":[-52.38645,-31.49034]},"properties":{"nome":"ponto 2","tipo":"shelter","mun":"Arroio do Padre","ibge":"4301073"}},{"type":"Feature","geometry":{"type":"Point","coordinates":[-52.68843,-31.39741]},"properties":{"nome":"Ponto 7","tipo":"shelter","mun":"Canguçu","ibge":"4304507"}},{"type":"Feature","geometry":{"type":"Point","coordinates":[-52.65917,-31.59693]},"properties":{"nome":"Ponto 10","tipo":"shelter","mun":"Morro Redondo","ibge":"4312450"}},{"type":"Feature","geometry":{"type":"Point","coordinates":[-52.68879,-31.61793]},"properties":{"nome":"Ponto 11","tipo":"shelter","mun":"Morro Redondo","ibge":"4312450"}},{"type":"Feature","geometry":{"type":"Point","coordinates":[-52.64267,-31.44734]},"properties":{"nome":"Ponto 8","tipo":"shelter","mun":"Canguçu","ibge":"4304507"}},{"type":"Feature","geometry":{"type":"Point","coordinates":[-52.56109,-31.49671]},"properties":{"nome":"Ponto 1 24/09","tipo":"shelter","mun":"Pelotas","ibge":"4314407"}},{"type":"Feature","geometry":{"type":"Point","coordinates":[-52.71536,-31.3771]},"properties":{"nome":"Ponto 6","tipo":"shelter","mun":"Canguçu","ibge":"4304507"}},{"type":"Feature","geometry":{"type":"Point","coordinates":[-52.70965,-31.62325]},"properties":{"nome":"Ponto 12","tipo":"shelter","mun":"Morro Redondo","ibge":"4312450"}},{"type":"Feature","geometry":{"type":"Point","coordinates":[-53.66461,-28.34595]},"properties":{"nome":"Centro Comunitário de Vista Alegre","tipo":"community_centre","mun":"Pejuçara","ibge":"4314308"}},{"type":"Feature","geometry":{"type":"Point","coordinates":[-54.55243,-28.147]},"properties":{"nome":"Escola Técnica","tipo":"school","mun":"Guarani das Missões","ibge":"4309506"}},{"type":"Feature","geometry":{"type":"Point","coordinates":[-54.56376,-28.14293]},"properties":{"nome":"EEEF João Przyczynski","tipo":"school","mun":"Guarani das Missões","ibge":"4309506"}},{"type":"Feature","geometry":{"type":"Point","coordinates":[-50.10789,-29.92632]},"properties":{"nome":"EMEF Rui Barbosa","tipo":"school","mun":"Imbé","ibge":"4310330"}},{"type":"Feature","geometry":{"type":"Point","coordinates":[-51.18073,-29.02621]},"properties":{"nome":"Escola São José","tipo":"school","mun":"Flores da Cunha","ibge":"4308201"}},{"type":"Feature","geometry":{"type":"Point","coordinates":[-51.18412,-29.02597]},"properties":{"nome":"Escola Professor Targa","tipo":"school","mun":"Flores da Cunha","ibge":"4308201"}},{"type":"Feature","geometry":{"type":"Point","coordinates":[-53.09475,-28.63637]},"properties":{"nome":"Escola Estadual Edison Quintana","tipo":"school","mun":"Ibirubá","ibge":"4310009"}},{"type":"Feature","geometry":{"type":"Point","coordinates":[-51.06635,-30.14869]},"properties":{"nome":"Escola Municipal Olimpio Coelho de Oliveira","tipo":"school","mun":"Viamão","ibge":"4323002"}},{"type":"Feature","geometry":{"type":"Point","coordinates":[-53.81042,-29.67614]},"properties":{"nome":"Academia Body Revolution","tipo":"sports_centre","mun":"Santa Maria","ibge":"4316907"}},{"type":"Feature","geometry":{"type":"Point","coordinates":[-51.67731,-30.67111]},"properties":{"nome":"chácara sol nascente","tipo":"community_centre","mun":"Sentinela do Sul","ibge":"4320354"}},{"type":"Feature","geometry":{"type":"Point","coordinates":[-53.25932,-29.64466]},"properties":{"nome":"CFC Uliana","tipo":"school","mun":"Agudo","ibge":"4300109"}},{"type":"Feature","geometry":{"type":"Point","coordinates":[-52.8166,-28.45448]},"properties":{"nome":"Escola Solano","tipo":"school","mun":"Não-Me-Toque","ibge":"4312658"}},{"type":"Feature","geometry":{"type":"Point","coordinates":[-52.32911,-29.24482]},"properties":{"nome":"EMEF São valentin","tipo":"school","mun":"Progresso","ibge":"4315156"}},{"type":"Feature","geometry":{"type":"Point","coordinates":[-53.60539,-28.64502]},"properties":{"nome":"Universidade Aberta do Brasil - UAB","tipo":"school","mun":"Cruz Alta","ibge":"4306106"}},{"type":"Feature","geometry":{"type":"Point","coordinates":[-53.60641,-28.63774]},"properties":{"nome":"Escola Margarida Pardelhas","tipo":"school","mun":"Cruz Alta","ibge":"4306106"}},{"type":"Feature","geometry":{"type":"Point","coordinates":[-53.61895,-28.64226]},"properties":{"nome":"Escola Venâncio Aires","tipo":"school","mun":"Cruz Alta","ibge":"4306106"}},{"type":"Feature","geometry":{"type":"Point","coordinates":[-53.60673,-28.64467]},"properties":{"nome":"SESC - Serviço Social do Comércio","tipo":"community_centre","mun":"Cruz Alta","ibge":"4306106"}},{"type":"Feature","geometry":{"type":"Point","coordinates":[-53.57209,-29.65906]},"properties":{"nome":"EMEF Linha Três Sul","tipo":"school","mun":"Silveira Martins","ibge":"4320651"}},{"type":"Feature","geometry":{"type":"Point","coordinates":[-53.56839,-29.63134]},"properties":{"nome":"Ginásio Municipal de Esportes Adelina Savegnago","tipo":"sports_centre","mun":"Silveira Martins","ibge":"4320651"}},{"type":"Feature","geometry":{"type":"Point","coordinates":[-53.56811,-29.63136]},"properties":{"nome":"EMEF João Frederico Savegnago","tipo":"school","mun":"Silveira Martins","ibge":"4320651"}},{"type":"Feature","geometry":{"type":"Point","coordinates":[-51.61708,-29.96118]},"properties":{"nome":"Escola Municipal Maternal e Jardim da Infantil Mônica","tipo":"school","mun":"Charqueadas","ibge":"4305355"}},{"type":"Feature","geometry":{"type":"Point","coordinates":[-51.86228,-29.15477]},"properties":{"nome":"EMEF Cidade Alta","tipo":"school","mun":"Muçum","ibge":"4312609"}},{"type":"Feature","geometry":{"type":"Point","coordinates":[-53.49978,-29.99712]},"properties":{"nome":"EEEM Isidoro Lorentz","tipo":"school","mun":"Formigueiro","ibge":"4308409"}},{"type":"Feature","geometry":{"type":"Point","coordinates":[-53.55276,-28.61344]},"properties":{"nome":"Kartódromo Olhos d'Àgua","tipo":"sports_centre","mun":"Cruz Alta","ibge":"4306106"}},{"type":"Feature","geometry":{"type":"Point","coordinates":[-53.5734,-28.62061]},"properties":{"nome":"Jockey Club","tipo":"sports_centre","mun":"Cruz Alta","ibge":"4306106"}},{"type":"Feature","geometry":{"type":"Point","coordinates":[-53.55186,-28.63318]},"properties":{"nome":"AABB - SEDE CAMPESTRE","tipo":"sports_centre","mun":"Cruz Alta","ibge":"4306106"}},{"type":"Feature","geometry":{"type":"Point","coordinates":[-53.60981,-28.64122]},"properties":{"nome":"Lions Club","tipo":"sports_centre","mun":"Cruz Alta","ibge":"4306106"}},{"type":"Feature","geometry":{"type":"Point","coordinates":[-53.60894,-28.63877]},"properties":{"nome":"NEEJA ERICO VERISSIMO","tipo":"school","mun":"Cruz Alta","ibge":"4306106"}},{"type":"Feature","geometry":{"type":"Point","coordinates":[-50.22064,-30.21559]},"properties":{"nome":"Sub prefeitura","tipo":"community_centre","mun":"Cidreira","ibge":"4305454"}},{"type":"Feature","geometry":{"type":"Point","coordinates":[-53.60701,-28.63714]},"properties":{"nome":"Círculo Operário de Cruz Alta","tipo":"sports_centre","mun":"Cruz Alta","ibge":"4306106"}},{"type":"Feature","geometry":{"type":"Point","coordinates":[-52.34068,-31.77965]},"properties":{"nome":"Colégio Estadual Félix da Cunha","tipo":"school","mun":"Pelotas","ibge":"4314407"}},{"type":"Feature","geometry":{"type":"Point","coordinates":[-52.33714,-31.76434]},"properties":{"nome":"Escola Monsenhor Queiroz","tipo":"school","mun":"Pelotas","ibge":"4314407"}},{"type":"Feature","geometry":{"type":"Point","coordinates":[-53.59548,-28.66722]},"properties":{"nome":"ETNIA ITALIANA","tipo":"sports_centre","mun":"Cruz Alta","ibge":"4306106"}},{"type":"Feature","geometry":{"type":"Point","coordinates":[-53.59535,-28.66687]},"properties":{"nome":"ETNIA ALEMÃ","tipo":"sports_centre","mun":"Cruz Alta","ibge":"4306106"}},{"type":"Feature","geometry":{"type":"Point","coordinates":[-53.59731,-28.66584]},"properties":{"nome":"SINDICATO RURAL","tipo":"sports_centre","mun":"Cruz Alta","ibge":"4306106"}},{"type":"Feature","geometry":{"type":"Point","coordinates":[-52.3334,-31.76186]},"properties":{"nome":"Escola Adventista","tipo":"school","mun":"Pelotas","ibge":"4314407"}},{"type":"Feature","geometry":{"type":"Point","coordinates":[-52.34018,-31.76272]},"properties":{"nome":"Albert Colégio","tipo":"school","mun":"Pelotas","ibge":"4314407"}},{"type":"Feature","geometry":{"type":"Point","coordinates":[-51.09516,-31.28695]},"properties":{"nome":"Escola Edgardo Pereira Velho","tipo":"school","mun":"Tavares","ibge":"4321352"}},{"type":"Feature","geometry":{"type":"Point","coordinates":[-51.12561,-29.99569]},"properties":{"nome":"Colégio Luterano da Paz","tipo":"school","mun":"Porto Alegre","ibge":"4314902"}},{"type":"Feature","geometry":{"type":"Point","coordinates":[-51.15024,-30.02576]},"properties":{"nome":"Escola Doutor Oswaldo Aranha","tipo":"school","mun":"Porto Alegre","ibge":"4314902"}},{"type":"Feature","geometry":{"type":"Point","coordinates":[-51.17915,-30.11683]},"properties":{"nome":"Escola Estadual Dr. Pacheco Prates","tipo":"school","mun":"Porto Alegre","ibge":"4314902"}},{"type":"Feature","geometry":{"type":"Point","coordinates":[-51.11369,-30.14535]},"properties":{"nome":"Escola Nossa Senhora da Conceicão","tipo":"school","mun":"Porto Alegre","ibge":"4314902"}},{"type":"Feature","geometry":{"type":"Point","coordinates":[-51.23348,-30.10464]},"properties":{"nome":"Escola Otavio Mangabeira","tipo":"school","mun":"Porto Alegre","ibge":"4314902"}},{"type":"Feature","geometry":{"type":"Point","coordinates":[-51.2219,-30.09446]},"properties":{"nome":"Escola Cidade Jardim","tipo":"school","mun":"Porto Alegre","ibge":"4314902"}},{"type":"Feature","geometry":{"type":"Point","coordinates":[-51.13543,-30.08443]},"properties":{"nome":"Escola Onofre Pires","tipo":"school","mun":"Porto Alegre","ibge":"4314902"}},{"type":"Feature","geometry":{"type":"Point","coordinates":[-51.22953,-30.03226]},"properties":{"nome":"Factum Centro de Ideias em Educação","tipo":"school","mun":"Porto Alegre","ibge":"4314902"}},{"type":"Feature","geometry":{"type":"Point","coordinates":[-51.14413,-30.1507]},"properties":{"nome":"Escola Professor Larry José Ribeiro Alves","tipo":"school","mun":"Porto Alegre","ibge":"4314902"}},{"type":"Feature","geometry":{"type":"Point","coordinates":[-51.14901,-30.02826]},"properties":{"nome":"Escola Kinder Land","tipo":"school","mun":"Porto Alegre","ibge":"4314902"}},{"type":"Feature","geometry":{"type":"Point","coordinates":[-51.23016,-30.08395]},"properties":{"nome":"Escola Paul Harris","tipo":"school","mun":"Porto Alegre","ibge":"4314902"}},{"type":"Feature","geometry":{"type":"Point","coordinates":[-51.0965,-30.0145]},"properties":{"nome":"Escola Padre Leo","tipo":"school","mun":"Porto Alegre","ibge":"4314902"}},{"type":"Feature","geometry":{"type":"Point","coordinates":[-51.31868,-29.2212]},"properties":{"nome":"Spartan Gym","tipo":"sports_centre","mun":"Farroupilha","ibge":"4307906"}},{"type":"Feature","geometry":{"type":"Point","coordinates":[-51.34914,-29.22607]},"properties":{"nome":"Nossa Senhora de Lourdes","tipo":"school","mun":"Farroupilha","ibge":"4307906"}},{"type":"Feature","geometry":{"type":"Point","coordinates":[-51.08805,-29.58889]},"properties":{"nome":"Colégio Imaculada Conceição","tipo":"school","mun":"Dois Irmãos","ibge":"4306403"}},{"type":"Feature","geometry":{"type":"Point","coordinates":[-54.66516,-27.82145]},"properties":{"nome":"Escola Leopoldo Ost","tipo":"school","mun":"Santo Cristo","ibge":"4317905"}},{"type":"Feature","geometry":{"type":"Point","coordinates":[-54.66089,-27.83321]},"properties":{"nome":"Escola Municipal","tipo":"school","mun":"Santo Cristo","ibge":"4317905"}},{"type":"Feature","geometry":{"type":"Point","coordinates":[-53.80762,-27.67473]},"properties":{"nome":"Escola Estadual de Ensino Médio São Francisco de Sales","tipo":"school","mun":"Campo Novo","ibge":"4304002"}},{"type":"Feature","geometry":{"type":"Point","coordinates":[-53.80712,-27.68252]},"properties":{"nome":"Escola Municipal","tipo":"school","mun":"Campo Novo","ibge":"4304002"}},{"type":"Feature","geometry":{"type":"Point","coordinates":[-52.3446,-31.77012]},"properties":{"nome":"Escola Estadual de Ensino Médio Nossa Senhora de Lourdes","tipo":"school","mun":"Pelotas","ibge":"4314407"}},{"type":"Feature","geometry":{"type":"Point","coordinates":[-52.34411,-31.76316]},"properties":{"nome":"Escola Estadual de Ensino Fundamental Professora Zilda Morrone","tipo":"school","mun":"Pelotas","ibge":"4314407"}},{"type":"Feature","geometry":{"type":"Point","coordinates":[-52.0968,-29.17758]},"properties":{"nome":"Escola Estadual de Ensino Médio Donato Caumo","tipo":"school","mun":"Coqueiro Baixo","ibge":"4305835"}},{"type":"Feature","geometry":{"type":"Point","coordinates":[-52.23227,-29.19952]},"properties":{"nome":"EEEF Frei Antônio","tipo":"school","mun":"Marques de Souza","ibge":"4312054"}},{"type":"Feature","geometry":{"type":"Point","coordinates":[-52.37307,-31.75707]},"properties":{"nome":"Colégio Tiradentes","tipo":"school","mun":"Pelotas","ibge":"4314407"}},{"type":"Feature","geometry":{"type":"Point","coordinates":[-52.3461,-31.78041]},"properties":{"nome":"Escola Municipal de Ensino Fundamental Jeremias Fróes","tipo":"school","mun":"Pelotas","ibge":"4314407"}},{"type":"Feature","geometry":{"type":"Point","coordinates":[-50.03919,-29.78743]},"properties":{"nome":"EEEM Xangri-Lá","tipo":"school","mun":"Xangri-lá","ibge":"4323804"}},{"type":"Feature","geometry":{"type":"Point","coordinates":[-52.33803,-31.76825]},"properties":{"nome":"Escola Estadual de Ensino Fundamental Ondina Cunha","tipo":"school","mun":"Pelotas","ibge":"4314407"}},{"type":"Feature","geometry":{"type":"Point","coordinates":[-52.33434,-31.71914]},"properties":{"nome":"Escola Municipal de Ensino Fundamental Frederico Ozanan","tipo":"school","mun":"Pelotas","ibge":"4314407"}},{"type":"Feature","geometry":{"type":"Point","coordinates":[-52.34333,-31.72693]},"properties":{"nome":"Escola Imaculada Conceição","tipo":"school","mun":"Pelotas","ibge":"4314407"}},{"type":"Feature","geometry":{"type":"Point","coordinates":[-51.09866,-29.94002]},"properties":{"nome":"Clube de Futebol: Onze Unidos","tipo":"sports_centre","mun":"Cachoeirinha","ibge":"4303103"}},{"type":"Feature","geometry":{"type":"Point","coordinates":[-51.0985,-29.94032]},"properties":{"nome":"Associação das Mulheres de Vila City","tipo":"community_centre","mun":"Cachoeirinha","ibge":"4303103"}},{"type":"Feature","geometry":{"type":"Point","coordinates":[-51.09541,-29.94034]},"properties":{"nome":"Grêmio Esportivo Palmeira F.C.","tipo":"sports_centre","mun":"Cachoeirinha","ibge":"4303103"}},{"type":"Feature","geometry":{"type":"Point","coordinates":[-54.61336,-28.25661]},"properties":{"nome":"Escola Santo Estanislau","tipo":"school","mun":"Mato Queimado","ibge":"4312179"}},{"type":"Feature","geometry":{"type":"Point","coordinates":[-51.17171,-29.95416]},"properties":{"nome":"Centro de Pastoral do Colégio La Salle Niterói","tipo":"school","mun":"Canoas","ibge":"4304606"}},{"type":"Feature","geometry":{"type":"Point","coordinates":[-51.0066,-29.63128]},"properties":{"nome":"Pastor Rodolfo Saenger","tipo":"school","mun":"Sapiranga","ibge":"4319901"}},{"type":"Feature","geometry":{"type":"Point","coordinates":[-50.99714,-29.61191]},"properties":{"nome":"CEMEAM","tipo":"school","mun":"Sapiranga","ibge":"4319901"}},{"type":"Feature","geometry":{"type":"Point","coordinates":[-51.97512,-29.43836]},"properties":{"nome":"EMEF Campestre","tipo":"school","mun":"Lajeado","ibge":"4311403"}},{"type":"Feature","geometry":{"type":"Point","coordinates":[-51.18437,-30.01362]},"properties":{"nome":"Maple Bear","tipo":"school","mun":"Porto Alegre","ibge":"4314902"}},{"type":"Feature","geometry":{"type":"Point","coordinates":[-53.06591,-27.74771]},"properties":{"nome":"Escola Estadual de Ensino Médio Gottfried Thomas Westerich","tipo":"school","mun":"Novo Xingu","ibge":"4313466"}},{"type":"Feature","geometry":{"type":"Point","coordinates":[-51.07094,-29.3189]},"properties":{"nome":"Escola Municipal José Bonifácio","tipo":"school","mun":"Nova Petrópolis","ibge":"4313201"}},{"type":"Feature","geometry":{"type":"Point","coordinates":[-52.34706,-31.7739]},"properties":{"nome":"Clube Cultural Fica Ahí Pra Ir Dizendo","tipo":"community_centre","mun":"Pelotas","ibge":"4314407"}},{"type":"Feature","geometry":{"type":"Point","coordinates":[-52.34234,-31.71545]},"properties":{"nome":"Escola Estadual de Ensino Fundamental Adolfo Fetter","tipo":"school","mun":"Pelotas","ibge":"4314407"}},{"type":"Feature","geometry":{"type":"Point","coordinates":[-52.33441,-31.7555]},"properties":{"nome":"Escola Estadual de Ensino Fundamental São Vicente de Paulo","tipo":"school","mun":"Pelotas","ibge":"4314407"}},{"type":"Feature","geometry":{"type":"Point","coordinates":[-53.21319,-29.09614]},"properties":{"nome":"Escola Municipal Siegfried Heuser","tipo":"school","mun":"Salto do Jacuí","ibge":"4316451"}},{"type":"Feature","geometry":{"type":"Point","coordinates":[-53.22751,-29.09015]},"properties":{"nome":"Escola Miguel Calmon","tipo":"school","mun":"Salto do Jacuí","ibge":"4316451"}},{"type":"Feature","geometry":{"type":"Point","coordinates":[-53.21309,-29.0882]},"properties":{"nome":"EEEM Castelo Branco","tipo":"school","mun":"Salto do Jacuí","ibge":"4316451"}},{"type":"Feature","geometry":{"type":"Point","coordinates":[-52.30339,-31.75215]},"properties":{"nome":"Escola Estadual de Ensino Fundamental Padre Anchieta","tipo":"school","mun":"Pelotas","ibge":"4314407"}},{"type":"Feature","geometry":{"type":"Point","coordinates":[-52.20863,-29.17077]},"properties":{"nome":"EEM Pouso Novo","tipo":"school","mun":"Pouso Novo","ibge":"4315131"}},{"type":"Feature","geometry":{"type":"Point","coordinates":[-51.84596,-28.47816]},"properties":{"nome":"EEEM Cônego Josué Bardin","tipo":"school","mun":"Vanini","ibge":"4322558"}},{"type":"Feature","geometry":{"type":"Point","coordinates":[-52.69228,-28.39929]},"properties":{"nome":"EEEM São Paulo","tipo":"school","mun":"Santo Antônio do Planalto","ibge":"4317756"}},{"type":"Feature","geometry":{"type":"Point","coordinates":[-52.69266,-28.39155]},"properties":{"nome":"EMEF Santo Antônio do Planalto","tipo":"school","mun":"Santo Antônio do Planalto","ibge":"4317756"}},{"type":"Feature","geometry":{"type":"Point","coordinates":[-53.2387,-29.63882]},"properties":{"nome":"Igreja Católica","tipo":"community_centre","mun":"Agudo","ibge":"4300109"}},{"type":"Feature","geometry":{"type":"Point","coordinates":[-51.22216,-30.05377]},"properties":{"nome":"Movimento e Saúde","tipo":"sports_centre","mun":"Porto Alegre","ibge":"4314902"}},{"type":"Feature","geometry":{"type":"Point","coordinates":[-51.22686,-30.06009]},"properties":{"nome":"Studio Posturale Menino Deus","tipo":"sports_centre","mun":"Porto Alegre","ibge":"4314902"}},{"type":"Feature","geometry":{"type":"Point","coordinates":[-51.16162,-29.85494]},"properties":{"nome":"Associação Esportiva Toniolo","tipo":"sports_centre","mun":"Esteio","ibge":"4307708"}},{"type":"Feature","geometry":{"type":"Point","coordinates":[-52.81507,-31.85421]},"properties":{"nome":"Clube Cerritense","tipo":"community_centre","mun":"Cerrito","ibge":"4305124"}},{"type":"Feature","geometry":{"type":"Point","coordinates":[-52.82856,-31.84631]},"properties":{"nome":"Escola Municipal de Ensino Fundamental Doutor Jacques da Rosa Machado","tipo":"school","mun":"Cerrito","ibge":"4305124"}},{"type":"Feature","geometry":{"type":"Point","coordinates":[-53.58324,-31.73257]},"properties":{"nome":"Escola Municipal de Ensino Fundamental Assis Brasil","tipo":"school","mun":"Pedras Altas","ibge":"4314175"}},{"type":"Feature","geometry":{"type":"Point","coordinates":[-52.41078,-27.41134]},"properties":{"nome":"EEEM Cardeal Leme","tipo":"school","mun":"Barra do Rio Azul","ibge":"4301925"}},{"type":"Feature","geometry":{"type":"Point","coordinates":[-53.4605,-33.68867]},"properties":{"nome":"Clube Árabe","tipo":"community_centre","mun":"Chuí","ibge":"4305439"}},{"type":"Feature","geometry":{"type":"Point","coordinates":[-51.98937,-29.08807]},"properties":{"nome":"EEEM Olavo Bilac","tipo":"school","mun":"Doutor Ricardo","ibge":"4306759"}},{"type":"Feature","geometry":{"type":"Point","coordinates":[-51.97849,-30.9232]},"properties":{"nome":"Escola Estadual de Ensino Fundamental Arlindo Cardoso da Silva","tipo":"school","mun":"Camaquã","ibge":"4303509"}},{"type":"Feature","geometry":{"type":"Point","coordinates":[-51.01554,-29.64103]},"properties":{"nome":"HidroCentro","tipo":"sports_centre","mun":"Sapiranga","ibge":"4319901"}},{"type":"Feature","geometry":{"type":"Point","coordinates":[-51.00375,-29.6382]},"properties":{"nome":"Imaculado","tipo":"school","mun":"Sapiranga","ibge":"4319901"}},{"type":"Feature","geometry":{"type":"Point","coordinates":[-52.37017,-31.74436]},"properties":{"nome":"Escola Estadual de Ensino Fundamental Professor Luis Carlos Correa da Silva","tipo":"school","mun":"Pelotas","ibge":"4314407"}},{"type":"Feature","geometry":{"type":"Point","coordinates":[-52.33142,-31.64594]},"properties":{"nome":"Escola Municipal Dona Daura","tipo":"school","mun":"Pelotas","ibge":"4314407"}},{"type":"Feature","geometry":{"type":"Point","coordinates":[-52.32833,-31.75813]},"properties":{"nome":"Escola Municipal de Ensino Fundamental Círculo Operário Pelotense","tipo":"school","mun":"Pelotas","ibge":"4314407"}},{"type":"Feature","geometry":{"type":"Point","coordinates":[-51.24008,-30.0855]},"properties":{"nome":"Sul Fitness Academia","tipo":"sports_centre","mun":"Porto Alegre","ibge":"4314902"}},{"type":"Feature","geometry":{"type":"Point","coordinates":[-51.2086,-30.0326]},"properties":{"nome":"Bio Academia Ramiro","tipo":"sports_centre","mun":"Porto Alegre","ibge":"4314902"}},{"type":"Feature","geometry":{"type":"Point","coordinates":[-51.20504,-30.03696]},"properties":{"nome":"Espaço A Casa","tipo":"sports_centre","mun":"Porto Alegre","ibge":"4314902"}},{"type":"Feature","geometry":{"type":"Point","coordinates":[-51.20852,-30.03536]},"properties":{"nome":"Ánamdam Yoga e Cultura","tipo":"sports_centre","mun":"Porto Alegre","ibge":"4314902"}},{"type":"Feature","geometry":{"type":"Point","coordinates":[-53.0229,-31.87705]},"properties":{"nome":"Escola Corinto Ávila Escobar","tipo":"school","mun":"Herval","ibge":"4307104"}},{"type":"Feature","geometry":{"type":"Point","coordinates":[-52.59777,-32.11713]},"properties":{"nome":"Escola Estadual de Ensino Fundamental Santa Isabel","tipo":"school","mun":"Arroio Grande","ibge":"4301305"}},{"type":"Feature","geometry":{"type":"Point","coordinates":[-53.0933,-32.22557]},"properties":{"nome":"Escola Municipal Silvina Gonçalves","tipo":"school","mun":"Arroio Grande","ibge":"4301305"}},{"type":"Feature","geometry":{"type":"Point","coordinates":[-52.25342,-30.8763]},"properties":{"nome":"Escola Municipal José do Patrocínio","tipo":"school","mun":"Amaral Ferrador","ibge":"4300638"}},{"type":"Feature","geometry":{"type":"Point","coordinates":[-53.81009,-29.68319]},"properties":{"nome":"Instituto Cultural Brasileiro Alemão","tipo":"school","mun":"Santa Maria","ibge":"4316907"}},{"type":"Feature","geometry":{"type":"Point","coordinates":[-53.30936,-27.67983]},"properties":{"nome":"EM Donato Rodrigues","tipo":"school","mun":"Boa Vista das Missões","ibge":"4302154"}},{"type":"Feature","geometry":{"type":"Point","coordinates":[-53.97453,-27.56577]},"properties":{"nome":"Clube Humaitá","tipo":"community_centre","mun":"Humaitá","ibge":"4309704"}},{"type":"Feature","geometry":{"type":"Point","coordinates":[-53.10885,-30.86611]},"properties":{"nome":"Escola Maria Geni","tipo":"school","mun":"Santana da Boa Vista","ibge":"4317004"}},{"type":"Feature","geometry":{"type":"Point","coordinates":[-53.68378,-31.48075]},"properties":{"nome":"Escola Municipal Neli Betemps","tipo":"school","mun":"Candiota","ibge":"4304358"}},{"type":"Feature","geometry":{"type":"Point","coordinates":[-53.67405,-31.56103]},"properties":{"nome":"Clube Social Recreativo Candiota","tipo":"community_centre","mun":"Candiota","ibge":"4304358"}},{"type":"Feature","geometry":{"type":"Point","coordinates":[-53.36204,-27.20804]},"properties":{"nome":"Sociedade Recreativa","tipo":"community_centre","mun":"Vicente Dutra","ibge":"4323101"}},{"type":"Feature","geometry":{"type":"Point","coordinates":[-53.41185,-27.16782]},"properties":{"nome":"Escola Indígena","tipo":"school","mun":"Vicente Dutra","ibge":"4323101"}},{"type":"Feature","geometry":{"type":"Point","coordinates":[-51.06685,-28.97253]},"properties":{"nome":"Colégio Estadual São Marcos","tipo":"school","mun":"São Marcos","ibge":"4319000"}},{"type":"Feature","geometry":{"type":"Point","coordinates":[-54.09028,-27.48637]},"properties":{"nome":"Escola Alcindo Brust","tipo":"school","mun":"Crissiumal","ibge":"4306007"}},{"type":"Feature","geometry":{"type":"Point","coordinates":[-54.09684,-27.50186]},"properties":{"nome":"Clube Aquático Dourados","tipo":"community_centre","mun":"Crissiumal","ibge":"4306007"}},{"type":"Feature","geometry":{"type":"Point","coordinates":[-54.03012,-27.54048]},"properties":{"nome":"Escola Estadual Ensino Fundamental Tuiuti","tipo":"school","mun":"Crissiumal","ibge":"4306007"}},{"type":"Feature","geometry":{"type":"Point","coordinates":[-53.52675,-27.65583]},"properties":{"nome":"Escola Municipal Markus Donatti Bressan","tipo":"school","mun":"Dois Irmãos das Missões","ibge":"4306429"}},{"type":"Feature","geometry":{"type":"Point","coordinates":[-52.77241,-29.22375]},"properties":{"nome":"CTG Porteira da Amizade","tipo":"community_centre","mun":"Lagoão","ibge":"4311254"}},{"type":"Feature","geometry":{"type":"Point","coordinates":[-53.09011,-27.50471]},"properties":{"nome":"Escola Estadual Ensino Fundamental Estado de Pernambuco","tipo":"school","mun":"Liberato Salzano","ibge":"4311601"}},{"type":"Feature","geometry":{"type":"Point","coordinates":[-54.75534,-27.95157]},"properties":{"nome":"Clube Tamoio","tipo":"community_centre","mun":"Cândido Godói","ibge":"4304309"}},{"type":"Feature","geometry":{"type":"Point","coordinates":[-53.04062,-31.02599]},"properties":{"nome":"Esc Mun Ens Fund Antenor Elias de Matos","tipo":"school","mun":"Piratini","ibge":"4314605"}},{"type":"Feature","geometry":{"type":"Point","coordinates":[-53.0407,-31.02612]},"properties":{"nome":"Esc Est Ens Med Carmosina Vaz Guimarães","tipo":"school","mun":"Piratini","ibge":"4314605"}},{"type":"Feature","geometry":{"type":"Point","coordinates":[-53.538,-27.5765]},"properties":{"nome":"Escola Estadual Coronel Finzito","tipo":"school","mun":"Erval Seco","ibge":"4307302"}},{"type":"Feature","geometry":{"type":"Point","coordinates":[-51.76581,-29.04678]},"properties":{"nome":"EEEF Silvio Sanson","tipo":"school","mun":"São Valentim do Sul","ibge":"4319711"}},{"type":"Feature","geometry":{"type":"Point","coordinates":[-51.166,-29.18761]},"properties":{"nome":"EMEF Guerino Zugno","tipo":"school","mun":"Caxias do Sul","ibge":"4305108"}},{"type":"Feature","geometry":{"type":"Point","coordinates":[-52.42204,-27.70046]},"properties":{"nome":"EEEF Coronel Raul Barbosa","tipo":"school","mun":"Paulo Bento","ibge":"4314134"}},{"type":"Feature","geometry":{"type":"Point","coordinates":[-52.51248,-28.62207]},"properties":{"nome":"Centro Municipal de Ensino Especial Tarso Santin","tipo":"school","mun":"Ibirapuitã","ibge":"4309951"}},{"type":"Feature","geometry":{"type":"Point","coordinates":[-53.74348,-27.61627]},"properties":{"nome":"EEEM Santo Pazini","tipo":"school","mun":"Braga","ibge":"4302600"}},{"type":"Feature","geometry":{"type":"Point","coordinates":[-51.21525,-30.03313]},"properties":{"nome":"Rubik Pré-Enem","tipo":"school","mun":"Porto Alegre","ibge":"4314902"}},{"type":"Feature","geometry":{"type":"Point","coordinates":[-51.20303,-30.02708]},"properties":{"nome":"Fit Academia","tipo":"sports_centre","mun":"Porto Alegre","ibge":"4314902"}},{"type":"Feature","geometry":{"type":"Point","coordinates":[-53.60022,-28.65143]},"properties":{"nome":"E.M.E.F. Castelo Branco","tipo":"school","mun":"Cruz Alta","ibge":"4306106"}},{"type":"Feature","geometry":{"type":"Point","coordinates":[-50.83715,-31.00464]},"properties":{"nome":"Escola Municipal Marcílio Dias","tipo":"school","mun":"Mostardas","ibge":"4312500"}},{"type":"Feature","geometry":{"type":"Point","coordinates":[-52.25819,-32.07283]},"properties":{"nome":"Centro de Tradições Gaúchas","tipo":"community_centre","mun":"Rio Grande","ibge":"4315602"}},{"type":"Feature","geometry":{"type":"Point","coordinates":[-51.13627,-30.06898]},"properties":{"nome":"Escola Irmão Miguel Dario","tipo":"school","mun":"Porto Alegre","ibge":"4314902"}},{"type":"Feature","geometry":{"type":"Point","coordinates":[-53.59863,-28.65658]},"properties":{"nome":"Escola Estadual Major Belarmino Cortes","tipo":"school","mun":"Cruz Alta","ibge":"4306106"}},{"type":"Feature","geometry":{"type":"Point","coordinates":[-53.59696,-28.65885]},"properties":{"nome":"EMEI do Carinho","tipo":"school","mun":"Cruz Alta","ibge":"4306106"}},{"type":"Feature","geometry":{"type":"Point","coordinates":[-53.58932,-28.65473]},"properties":{"nome":"Escola Municipal E. F. 18 de Agosto","tipo":"school","mun":"Cruz Alta","ibge":"4306106"}},{"type":"Feature","geometry":{"type":"Point","coordinates":[-50.14448,-29.98749]},"properties":{"nome":"Colégio Pastor Dohms Tramandaí","tipo":"school","mun":"Tramandaí","ibge":"4321600"}},{"type":"Feature","geometry":{"type":"Point","coordinates":[-51.22395,-30.04095]},"properties":{"nome":"BioStudio Cidade Baixa","tipo":"sports_centre","mun":"Porto Alegre","ibge":"4314902"}},{"type":"Feature","geometry":{"type":"Point","coordinates":[-53.61966,-28.65426]},"properties":{"nome":"E.M.E.I. Tia Sirlei","tipo":"school","mun":"Cruz Alta","ibge":"4306106"}},{"type":"Feature","geometry":{"type":"Point","coordinates":[-53.62109,-28.64691]},"properties":{"nome":"E.E.E.F. Toríbio Veríssimo","tipo":"school","mun":"Cruz Alta","ibge":"4306106"}},{"type":"Feature","geometry":{"type":"Point","coordinates":[-54.02455,-27.88267]},"properties":{"nome":"ARQUIVO MUNICIPAL","tipo":"school","mun":"Inhacorá","ibge":"4310413"}},{"type":"Feature","geometry":{"type":"Point","coordinates":[-53.69795,-27.60083]},"properties":{"nome":"EEEF Bento Gonçalves","tipo":"school","mun":"Braga","ibge":"4302600"}},{"type":"Feature","geometry":{"type":"Point","coordinates":[-54.44207,-27.65954]},"properties":{"nome":"Escola Municipal Especial Padre Pedro Stoelben","tipo":"school","mun":"Tucunduva","ibge":"4322103"}},{"type":"Feature","geometry":{"type":"Point","coordinates":[-56.44939,-30.37192]},"properties":{"nome":"Vila kennedy","tipo":"community_centre","mun":"Quaraí","ibge":"4315305"}},{"type":"Feature","geometry":{"type":"Point","coordinates":[-53.18531,-27.56335]},"properties":{"nome":"EE Joaquim José da Silva Xavier","tipo":"school","mun":"Novo Tiradentes","ibge":"4313441"}},{"type":"Feature","geometry":{"type":"Point","coordinates":[-51.20208,-30.02573]},"properties":{"nome":"Minds English School","tipo":"school","mun":"Porto Alegre","ibge":"4314902"}},{"type":"Feature","geometry":{"type":"Point","coordinates":[-52.06293,-29.3101]},"properties":{"nome":"EEEB Monsenhor Seger","tipo":"school","mun":"Travesseiro","ibge":"4321626"}},{"type":"Feature","geometry":{"type":"Point","coordinates":[-52.09501,-29.3298]},"properties":{"nome":"EEEM Ana Neri","tipo":"school","mun":"Marques de Souza","ibge":"4312054"}},{"type":"Feature","geometry":{"type":"Point","coordinates":[-52.10521,-29.32492]},"properties":{"nome":"EMEF Carlos Gomes","tipo":"school","mun":"Marques de Souza","ibge":"4312054"}},{"type":"Feature","geometry":{"type":"Point","coordinates":[-54.31836,-30.34099]},"properties":{"nome":"Escola de Massoterapia Pró-Corpo","tipo":"school","mun":"São Gabriel","ibge":"4318309"}},{"type":"Feature","geometry":{"type":"Point","coordinates":[-52.17243,-28.77944]},"properties":{"nome":"EEEF Bento Gonçalves","tipo":"school","mun":"Itapuca","ibge":"4310579"}},{"type":"Feature","geometry":{"type":"Point","coordinates":[-53.03013,-27.92274]},"properties":{"nome":"EMEF Barra Funda","tipo":"school","mun":"Barra Funda","ibge":"4301958"}},{"type":"Feature","geometry":{"type":"Point","coordinates":[-53.16562,-27.60864]},"properties":{"nome":"EE Doutor Dorvalino Luciano de Souza","tipo":"school","mun":"Cerro Grande","ibge":"4305157"}},{"type":"Feature","geometry":{"type":"Point","coordinates":[-53.71019,-28.10071]},"properties":{"nome":"Escola Estadual de Ensino Médio Dr. Roberto Low","tipo":"school","mun":"Nova Ramada","ibge":"4313334"}},{"type":"Feature","geometry":{"type":"Point","coordinates":[-53.18408,-27.69148]},"properties":{"nome":"Escola Municipal","tipo":"school","mun":"Lajeado do Bugre","ibge":"4311429"}},{"type":"Feature","geometry":{"type":"Point","coordinates":[-51.97546,-28.56304]},"properties":{"nome":"EE Vitória","tipo":"school","mun":"Casca","ibge":"4304903"}},{"type":"Feature","geometry":{"type":"Point","coordinates":[-53.62952,-28.64908]},"properties":{"nome":"E.M.E.F. Gabriel Annes da Silva","tipo":"school","mun":"Cruz Alta","ibge":"4306106"}},{"type":"Feature","geometry":{"type":"Point","coordinates":[-53.58713,-29.64515]},"properties":{"nome":"Escola Estadual Bom Conselho","tipo":"school","mun":"Silveira Martins","ibge":"4320651"}},{"type":"Feature","geometry":{"type":"Point","coordinates":[-51.06262,-29.54801]},"properties":{"nome":"Escola Municipal Dom Bosco","tipo":"school","mun":"Morro Reuter","ibge":"4312476"}},{"type":"Feature","geometry":{"type":"Point","coordinates":[-51.10608,-29.69026]},"properties":{"nome":"CTG Terra Nativa","tipo":"community_centre","mun":"Novo Hamburgo","ibge":"4313409"}},{"type":"Feature","geometry":{"type":"Point","coordinates":[-53.06198,-29.0311]},"properties":{"nome":"Escola Municipal Leonel Brizola","tipo":"school","mun":"Jacuizinho","ibge":"4310876"}},{"type":"Feature","geometry":{"type":"Point","coordinates":[-53.0544,-29.03532]},"properties":{"nome":"Escola Estadual de Ensino Médio Menino Jesus","tipo":"school","mun":"Jacuizinho","ibge":"4310876"}},{"type":"Feature","geometry":{"type":"Point","coordinates":[-52.95636,-29.10341]},"properties":{"nome":"EE Laura Klaudt","tipo":"school","mun":"Tunas","ibge":"4322152"}},{"type":"Feature","geometry":{"type":"Point","coordinates":[-53.80302,-29.68943]},"properties":{"nome":"Escola Infantil Arte & Manha","tipo":"school","mun":"Santa Maria","ibge":"4316907"}},{"type":"Feature","geometry":{"type":"Point","coordinates":[-51.51093,-31.05532]},"properties":{"nome":"EEEF Lauro Silva Azambuja","tipo":"school","mun":"Arambaré","ibge":"4300851"}},{"type":"Feature","geometry":{"type":"Point","coordinates":[-53.80434,-29.68739]},"properties":{"nome":"Cia do Corpo","tipo":"sports_centre","mun":"Santa Maria","ibge":"4316907"}},{"type":"Feature","geometry":{"type":"Point","coordinates":[-54.91016,-30.25223]},"properties":{"nome":"Centro de eventos da praia das areias brancas","tipo":"community_centre","mun":"Rosário do Sul","ibge":"4316402"}},{"type":"Feature","geometry":{"type":"Point","coordinates":[-52.80431,-28.30752]},"properties":{"nome":"AABB Associação Atletica Banco do Brasil","tipo":"sports_centre","mun":"Carazinho","ibge":"4304705"}},{"type":"Feature","geometry":{"type":"Point","coordinates":[-52.79199,-28.31014]},"properties":{"nome":"Escola Estadual de primeiro grau Manoel Arruda Camara","tipo":"school","mun":"Carazinho","ibge":"4304705"}},{"type":"Feature","geometry":{"type":"Point","coordinates":[-52.99773,-28.88643]},"properties":{"nome":"Escola João Ferrari","tipo":"school","mun":"Campos Borges","ibge":"4304101"}},{"type":"Feature","geometry":{"type":"Point","coordinates":[-52.31671,-30.33462]},"properties":{"nome":"Escola Estadual de Ensino Fundamental Rita Lobato","tipo":"school","mun":"Pantano Grande","ibge":"4313953"}},{"type":"Feature","geometry":{"type":"Point","coordinates":[-51.11116,-29.65189]},"properties":{"nome":"Escola Estadual Ensino Fundamental Kurt Walzer","tipo":"school","mun":"Novo Hamburgo","ibge":"4313409"}},{"type":"Feature","geometry":{"type":"Point","coordinates":[-54.49898,-28.3601]},"properties":{"nome":"EE Nossa Senhora do Perpétuo Socorro","tipo":"school","mun":"Vitória das Missões","ibge":"4323754"}},{"type":"Feature","geometry":{"type":"Point","coordinates":[-54.32251,-30.33579]},"properties":{"nome":"EI Estação Crianca","tipo":"school","mun":"São Gabriel","ibge":"4318309"}},{"type":"Feature","geometry":{"type":"Point","coordinates":[-51.18061,-28.31437]},"properties":{"nome":"ESC EST ENS MED D FREI VITAL DE OLIVEIRA","tipo":"school","mun":"Muitos Capões","ibge":"4312617"}},{"type":"Feature","geometry":{"type":"Point","coordinates":[-51.18533,-28.31575]},"properties":{"nome":"Escola Municipal de Ensino Fundamental Gina Guagnini","tipo":"school","mun":"Muitos Capões","ibge":"4312617"}},{"type":"Feature","geometry":{"type":"Point","coordinates":[-53.94071,-28.38968]},"properties":{"nome":"Rola Bola","tipo":"sports_centre","mun":"Ijuí","ibge":"4310207"}},{"type":"Feature","geometry":{"type":"Point","coordinates":[-53.94275,-28.38825]},"properties":{"nome":"Afucoper","tipo":"sports_centre","mun":"Ijuí","ibge":"4310207"}},{"type":"Feature","geometry":{"type":"Point","coordinates":[-53.89516,-28.37559]},"properties":{"nome":"Colégio Estadual Modelo","tipo":"school","mun":"Ijuí","ibge":"4310207"}},{"type":"Feature","geometry":{"type":"Point","coordinates":[-53.61662,-28.62992]},"properties":{"nome":"E.M.E.I. Nena Schmidt","tipo":"school","mun":"Cruz Alta","ibge":"4306106"}},{"type":"Feature","geometry":{"type":"Point","coordinates":[-51.8886,-28.84628]},"properties":{"nome":"Colégio Scallabrini","tipo":"school","mun":"Guaporé","ibge":"4309407"}},{"type":"Feature","geometry":{"type":"Point","coordinates":[-54.78785,-28.23733]},"properties":{"nome":"EMEF Princesa Isabel","tipo":"school","mun":"Rolador","ibge":"4315958"}},{"type":"Feature","geometry":{"type":"Point","coordinates":[-51.38384,-29.22495]},"properties":{"nome":"Clube Santa Rita - Sede Campestre","tipo":"sports_centre","mun":"Farroupilha","ibge":"4307906"}},{"type":"Feature","geometry":{"type":"Point","coordinates":[-51.40947,-29.22739]},"properties":{"nome":"Clube Trofel","tipo":"sports_centre","mun":"Farroupilha","ibge":"4307906"}},{"type":"Feature","geometry":{"type":"Point","coordinates":[-51.65176,-30.10484]},"properties":{"nome":"Guaíba Country Club","tipo":"sports_centre","mun":"Eldorado do Sul","ibge":"4306767"}},{"type":"Feature","geometry":{"type":"Point","coordinates":[-51.10436,-29.40588]},"properties":{"nome":"Pesque e Pague Sobra","tipo":"sports_centre","mun":"Nova Petrópolis","ibge":"4313201"}},{"type":"Feature","geometry":{"type":"Point","coordinates":[-51.09875,-29.4012]},"properties":{"nome":"Escola Municipal São Jacó","tipo":"school","mun":"Nova Petrópolis","ibge":"4313201"}},{"type":"Feature","geometry":{"type":"Point","coordinates":[-50.92213,-31.10736]},"properties":{"nome":"Escola Estadual de Ensino Médio Padre Simão Moser","tipo":"school","mun":"Mostardas","ibge":"4312500"}},{"type":"Feature","geometry":{"type":"Point","coordinates":[-53.12232,-27.78088]},"properties":{"nome":"Escola Castro Alves","tipo":"school","mun":"São José das Missões","ibge":"4318457"}},{"type":"Feature","geometry":{"type":"Point","coordinates":[-51.34092,-30.12088]},"properties":{"nome":"Creche Municipal EMEI","tipo":"school","mun":"Guaíba","ibge":"4309308"}},{"type":"Feature","geometry":{"type":"Point","coordinates":[-51.33546,-30.12086]},"properties":{"nome":"Escola Municipal São Francisco de Assis","tipo":"school","mun":"Guaíba","ibge":"4309308"}},{"type":"Feature","geometry":{"type":"Point","coordinates":[-50.90637,-29.92053]},"properties":{"nome":"Escola Antônio Aires de Almeida","tipo":"school","mun":"Gravataí","ibge":"4309209"}},{"type":"Feature","geometry":{"type":"Point","coordinates":[-51.02962,-29.86833]},"properties":{"nome":"Escola Frei Velloso","tipo":"school","mun":"Gravataí","ibge":"4309209"}},{"type":"Feature","geometry":{"type":"Point","coordinates":[-51.85692,-28.05865]},"properties":{"nome":"Colégio Estadual Adelaide Picolotto","tipo":"school","mun":"Ibiaçá","ibge":"4309803"}},{"type":"Feature","geometry":{"type":"Point","coordinates":[-51.85678,-28.05718]},"properties":{"nome":"Escola Municipal Ricardo Durigon","tipo":"school","mun":"Ibiaçá","ibge":"4309803"}},{"type":"Feature","geometry":{"type":"Point","coordinates":[-52.31406,-31.94097]},"properties":{"nome":"Campo Olimar B. Corrêa","tipo":"sports_centre","mun":"Rio Grande","ibge":"4315602"}},{"type":"Feature","geometry":{"type":"Point","coordinates":[-51.32122,-29.68942]},"properties":{"nome":"Salão de Festas e Quadra de Esportes","tipo":"sports_centre","mun":"Capela de Santana","ibge":"4304689"}},{"type":"Feature","geometry":{"type":"Point","coordinates":[-51.32353,-29.69081]},"properties":{"nome":"Rodeio","tipo":"sports_centre","mun":"Capela de Santana","ibge":"4304689"}},{"type":"Feature","geometry":{"type":"Point","coordinates":[-53.61102,-28.62477]},"properties":{"nome":"E.M.E.F. Ticiano Camerotti","tipo":"school","mun":"Cruz Alta","ibge":"4306106"}},{"type":"Feature","geometry":{"type":"Point","coordinates":[-53.61438,-28.62596]},"properties":{"nome":"E.E.E.F. Pacífico Dias da Fonseca","tipo":"school","mun":"Cruz Alta","ibge":"4306106"}},{"type":"Feature","geometry":{"type":"Point","coordinates":[-51.67847,-29.34794]},"properties":{"nome":"EMEF Duque de Caxias","tipo":"school","mun":"Boa Vista do Sul","ibge":"4302253"}},{"type":"Feature","geometry":{"type":"Point","coordinates":[-51.32124,-29.68971]},"properties":{"nome":"Cursos Comunitarios","tipo":"school","mun":"Capela de Santana","ibge":"4304689"}},{"type":"Feature","geometry":{"type":"Point","coordinates":[-51.31958,-29.69213]},"properties":{"nome":"Escola Estadual","tipo":"school","mun":"Capela de Santana","ibge":"4304689"}},{"type":"Feature","geometry":{"type":"Point","coordinates":[-53.60901,-28.61904]},"properties":{"nome":"E. E. E. F. Sonho de Um Menino","tipo":"school","mun":"Cruz Alta","ibge":"4306106"}},{"type":"Feature","geometry":{"type":"Point","coordinates":[-51.81277,-27.9488]},"properties":{"nome":"Colégio Estadual Sananduva","tipo":"school","mun":"Sananduva","ibge":"4316600"}},{"type":"Feature","geometry":{"type":"Point","coordinates":[-53.62191,-28.62442]},"properties":{"nome":"E.M.E.F. Professor Antonio Serra Pereira","tipo":"school","mun":"Cruz Alta","ibge":"4306106"}},{"type":"Feature","geometry":{"type":"Point","coordinates":[-53.63352,-28.6228]},"properties":{"nome":"E.E.E.F. Amado Lacroix","tipo":"school","mun":"Cruz Alta","ibge":"4306106"}},{"type":"Feature","geometry":{"type":"Point","coordinates":[-54.45966,-29.5687]},"properties":{"nome":"E.E.E.M Dona Joaquina","tipo":"school","mun":"Mata","ibge":"4312104"}},{"type":"Feature","geometry":{"type":"Point","coordinates":[-54.45519,-29.5662]},"properties":{"nome":"EMEF Tiradentes","tipo":"school","mun":"Mata","ibge":"4312104"}},{"type":"Feature","geometry":{"type":"Point","coordinates":[-51.63233,-28.32815]},"properties":{"nome":"AIF - Associação Ibiraiaras de Futebol","tipo":"sports_centre","mun":"Ibiraiaras","ibge":"4309902"}},{"type":"Feature","geometry":{"type":"Point","coordinates":[-54.67184,-30.95872]},"properties":{"nome":"Escola Municipal Alexandre Vieira","tipo":"school","mun":"Dom Pedrito","ibge":"4306601"}},{"type":"Feature","geometry":{"type":"Point","coordinates":[-54.67239,-30.96856]},"properties":{"nome":"Escola senador pasqualini","tipo":"school","mun":"Dom Pedrito","ibge":"4306601"}},{"type":"Feature","geometry":{"type":"Point","coordinates":[-54.67682,-30.96821]},"properties":{"nome":"Colégio Cândida Taborda Alves","tipo":"school","mun":"Dom Pedrito","ibge":"4306601"}},{"type":"Feature","geometry":{"type":"Point","coordinates":[-54.68586,-30.96304]},"properties":{"nome":"EMEF alcides maia","tipo":"school","mun":"Dom Pedrito","ibge":"4306601"}},{"type":"Feature","geometry":{"type":"Point","coordinates":[-51.51823,-29.18912]},"properties":{"nome":"AABB","tipo":"sports_centre","mun":"Bento Gonçalves","ibge":"4302105"}},{"type":"Feature","geometry":{"type":"Point","coordinates":[-53.99072,-27.36277]},"properties":{"nome":"EM Esperança","tipo":"school","mun":"Esperança do Sul","ibge":"4307450"}},{"type":"Feature","geometry":{"type":"Point","coordinates":[-53.99228,-27.36112]},"properties":{"nome":"EE Olavo Bilac","tipo":"school","mun":"Esperança do Sul","ibge":"4307450"}},{"type":"Feature","geometry":{"type":"Point","coordinates":[-53.60911,-28.64622]},"properties":{"nome":"Consulado do Grêmio FBPA","tipo":"sports_centre","mun":"Cruz Alta","ibge":"4306106"}},{"type":"Feature","geometry":{"type":"Point","coordinates":[-53.5895,-28.65207]},"properties":{"nome":"Consulado S. C. Internacional","tipo":"community_centre","mun":"Cruz Alta","ibge":"4306106"}},{"type":"Feature","geometry":{"type":"Point","coordinates":[-51.15536,-29.73635]},"properties":{"nome":"Colégio Olindo Flores","tipo":"school","mun":"São Leopoldo","ibge":"4318705"}},{"type":"Feature","geometry":{"type":"Point","coordinates":[-51.16075,-29.73837]},"properties":{"nome":"Victor Becker","tipo":"school","mun":"São Leopoldo","ibge":"4318705"}},{"type":"Feature","geometry":{"type":"Point","coordinates":[-51.15394,-29.72914]},"properties":{"nome":"Colégio Evangélico Divino Mestre","tipo":"school","mun":"São Leopoldo","ibge":"4318705"}},{"type":"Feature","geometry":{"type":"Point","coordinates":[-51.15156,-29.73064]},"properties":{"nome":"EEEF Prof. Augusto Meyer","tipo":"school","mun":"São Leopoldo","ibge":"4318705"}},{"type":"Feature","geometry":{"type":"Point","coordinates":[-51.23241,-29.1708]},"properties":{"nome":"Escola Municipal de Ensino Fundamental Érico Cavinato","tipo":"school","mun":"Caxias do Sul","ibge":"4305108"}},{"type":"Feature","geometry":{"type":"Point","coordinates":[-54.75597,-28.15433]},"properties":{"nome":"Clube Campestre Cerro Azul","tipo":"sports_centre","mun":"Cerro Largo","ibge":"4305207"}},{"type":"Feature","geometry":{"type":"Point","coordinates":[-51.23449,-29.16499]},"properties":{"nome":"Escola Municipal de Ensino Fundamental Cidade Nova","tipo":"school","mun":"Caxias do Sul","ibge":"4305108"}},{"type":"Feature","geometry":{"type":"Point","coordinates":[-50.78692,-29.49794]},"properties":{"nome":"Sociedade 12 de Janeiro","tipo":"community_centre","mun":"Três Coroas","ibge":"4321709"}},{"type":"Feature","geometry":{"type":"Point","coordinates":[-50.79117,-29.55643]},"properties":{"nome":"Centro Comunitário Anita Garibaldi","tipo":"community_centre","mun":"Igrejinha","ibge":"4310108"}},{"type":"Feature","geometry":{"type":"Point","coordinates":[-51.94118,-28.63723]},"properties":{"nome":"Escola Estadual Manoel de Oliveira Lima","tipo":"school","mun":"Casca","ibge":"4304903"}},{"type":"Feature","geometry":{"type":"Point","coordinates":[-52.29749,-28.12743]},"properties":{"nome":"Escola Estadual Ensino Médio Visconde de Araguaia","tipo":"school","mun":"Coxilha","ibge":"4305975"}},{"type":"Feature","geometry":{"type":"Point","coordinates":[-53.46534,-27.39896]},"properties":{"nome":"Escola Estadual de 1º e 2º Graus José Zanatta","tipo":"school","mun":"Taquaruçu do Sul","ibge":"4321329"}},{"type":"Feature","geometry":{"type":"Point","coordinates":[-52.62726,-27.7171]},"properties":{"nome":"Escola Estadual de Ensino Fundamental Nossa Senhora da Paz","tipo":"school","mun":"Campinas do Sul","ibge":"4303806"}},{"type":"Feature","geometry":{"type":"Point","coordinates":[-51.20589,-30.03492]},"properties":{"nome":"Oficina do Pilates","tipo":"sports_centre","mun":"Porto Alegre","ibge":"4314902"}},{"type":"Feature","geometry":{"type":"Point","coordinates":[-53.48287,-28.20766]},"properties":{"nome":"Escola Estadual De Ensino Medio Agostinha Dill","tipo":"school","mun":"Condor","ibge":"4305702"}},{"type":"Feature","geometry":{"type":"Point","coordinates":[-50.78679,-29.87961]},"properties":{"nome":"Colégio Estadual Deoclécio Ferrugem","tipo":"school","mun":"Glorinha","ibge":"4309050"}},{"type":"Feature","geometry":{"type":"Point","coordinates":[-51.08245,-29.99591]},"properties":{"nome":"Escola São Marcos","tipo":"school","mun":"Alvorada","ibge":"4300604"}},{"type":"Feature","geometry":{"type":"Point","coordinates":[-54.74913,-28.15113]},"properties":{"nome":"AABB Cerro Largo","tipo":"sports_centre","mun":"Cerro Largo","ibge":"4305207"}},{"type":"Feature","geometry":{"type":"Point","coordinates":[-53.79705,-29.70662]},"properties":{"nome":"Escola Estadual de Ensino Médio Humberto de Campos","tipo":"school","mun":"Santa Maria","ibge":"4316907"}},{"type":"Feature","geometry":{"type":"Point","coordinates":[-54.18726,-29.61055]},"properties":{"nome":"Escola Municipal Vanda Xavier Beltrame","tipo":"school","mun":"São Pedro do Sul","ibge":"4319406"}},{"type":"Feature","geometry":{"type":"Point","coordinates":[-55.18901,-30.89908]},"properties":{"nome":"escola Duque de Caxias","tipo":"school","mun":"Sant'Ana do Livramento","ibge":"4317103"}},{"type":"Feature","geometry":{"type":"Point","coordinates":[-55.2432,-30.57507]},"properties":{"nome":"Escola municipal Novo Pampeiro","tipo":"school","mun":"Sant'Ana do Livramento","ibge":"4317103"}},{"type":"Feature","geometry":{"type":"Point","coordinates":[-53.80704,-29.6883]},"properties":{"nome":"Serviço Nacional aprendizagem comercial SENAC","tipo":"school","mun":"Santa Maria","ibge":"4316907"}},{"type":"Feature","geometry":{"type":"Point","coordinates":[-55.08276,-31.24282]},"properties":{"nome":"Escola Municipal Augusto Pereira","tipo":"school","mun":"Sant'Ana do Livramento","ibge":"4317103"}},{"type":"Feature","geometry":{"type":"Point","coordinates":[-55.39029,-31.0211]},"properties":{"nome":"Escola Municipal Roseli Nunes","tipo":"school","mun":"Sant'Ana do Livramento","ibge":"4317103"}},{"type":"Feature","geometry":{"type":"Point","coordinates":[-55.12593,-30.5139]},"properties":{"nome":"Escola municipal Aurélio Guerra","tipo":"school","mun":"Sant'Ana do Livramento","ibge":"4317103"}},{"type":"Feature","geometry":{"type":"Point","coordinates":[-55.34232,-30.70604]},"properties":{"nome":"Escola municipal Paulo freire","tipo":"school","mun":"Sant'Ana do Livramento","ibge":"4317103"}},{"type":"Feature","geometry":{"type":"Point","coordinates":[-54.73605,-28.15644]},"properties":{"nome":"Cerro Largo Futsal","tipo":"sports_centre","mun":"Cerro Largo","ibge":"4305207"}},{"type":"Feature","geometry":{"type":"Point","coordinates":[-51.19018,-29.72629]},"properties":{"nome":"E.M.E.F. Santa Marta","tipo":"school","mun":"São Leopoldo","ibge":"4318705"}},{"type":"Feature","geometry":{"type":"Point","coordinates":[-53.93764,-27.45907]},"properties":{"nome":"Instituto Estadual de Educação Érico Veríssimo","tipo":"school","mun":"Três Passos","ibge":"4321907"}},{"type":"Feature","geometry":{"type":"Point","coordinates":[-53.80606,-29.69669]},"properties":{"nome":"Centro Integrado de Formação Tecnologica","tipo":"school","mun":"Santa Maria","ibge":"4316907"}},{"type":"Feature","geometry":{"type":"Point","coordinates":[-53.81232,-29.68988]},"properties":{"nome":"Scheron Academia","tipo":"sports_centre","mun":"Santa Maria","ibge":"4316907"}},{"type":"Feature","geometry":{"type":"Point","coordinates":[-53.80832,-29.69106]},"properties":{"nome":"Fênix","tipo":"sports_centre","mun":"Santa Maria","ibge":"4316907"}},{"type":"Feature","geometry":{"type":"Point","coordinates":[-53.95337,-27.63218]},"properties":{"nome":"EM João Didone","tipo":"school","mun":"Sede Nova","ibge":"4320230"}},{"type":"Feature","geometry":{"type":"Point","coordinates":[-50.87984,-29.57216]},"properties":{"nome":"Centro Escolar de Ensino Fundamental Vicente Mello","tipo":"school","mun":"Nova Hartz","ibge":"4313060"}},{"type":"Feature","geometry":{"type":"Point","coordinates":[-50.88718,-29.58738]},"properties":{"nome":"CEIC Progresso","tipo":"school","mun":"Nova Hartz","ibge":"4313060"}},{"type":"Feature","geometry":{"type":"Point","coordinates":[-50.91204,-29.57682]},"properties":{"nome":"CEIC Vila Nova","tipo":"school","mun":"Nova Hartz","ibge":"4313060"}},{"type":"Feature","geometry":{"type":"Point","coordinates":[-53.09191,-28.62894]},"properties":{"nome":"Escola Ibirubá","tipo":"school","mun":"Ibirubá","ibge":"4310009"}},{"type":"Feature","geometry":{"type":"Point","coordinates":[-53.84222,-29.06526]},"properties":{"nome":"Associação dos Servidores Municipais","tipo":"community_centre","mun":"Tupanciretã","ibge":"4322202"}},{"type":"Feature","geometry":{"type":"Point","coordinates":[-53.85942,-29.07718]},"properties":{"nome":"Entidade Nativista Tacuarembó","tipo":"community_centre","mun":"Tupanciretã","ibge":"4322202"}},{"type":"Feature","geometry":{"type":"Point","coordinates":[-53.85752,-29.07721]},"properties":{"nome":"Clube dos 300","tipo":"community_centre","mun":"Tupanciretã","ibge":"4322202"}},{"type":"Feature","geometry":{"type":"Point","coordinates":[-51.15822,-29.15361]},"properties":{"nome":"EEEM Prof. Apolinário Alves dos Santos","tipo":"school","mun":"Caxias do Sul","ibge":"4305108"}},{"type":"Feature","geometry":{"type":"Point","coordinates":[-52.69721,-29.96847]},"properties":{"nome":"Escola Estadual de Ensino Fundamental Andrade Neves","tipo":"school","mun":"Rio Pardo","ibge":"4315701"}},{"type":"Feature","geometry":{"type":"Point","coordinates":[-51.19698,-29.17748]},"properties":{"nome":"Sociedade Recreativa, Cultural e Esportiva AZ de Ouro","tipo":"sports_centre","mun":"Caxias do Sul","ibge":"4305108"}},{"type":"Feature","geometry":{"type":"Point","coordinates":[-52.89251,-30.04549]},"properties":{"nome":"Associação Atlética Banco do Brasil","tipo":"sports_centre","mun":"Cachoeira do Sul","ibge":"4303004"}},{"type":"Feature","geometry":{"type":"Point","coordinates":[-52.88878,-30.03686]},"properties":{"nome":"Caiçara Piscina Tênis Clube","tipo":"sports_centre","mun":"Cachoeira do Sul","ibge":"4303004"}},{"type":"Feature","geometry":{"type":"Point","coordinates":[-51.21436,-29.18483]},"properties":{"nome":"Escola de Ensino Fundamental Fermino Ferronato","tipo":"school","mun":"Caxias do Sul","ibge":"4305108"}},{"type":"Feature","geometry":{"type":"Point","coordinates":[-51.2206,-29.18085]},"properties":{"nome":"Associação dos Bancários","tipo":"sports_centre","mun":"Caxias do Sul","ibge":"4305108"}},{"type":"Feature","geometry":{"type":"Point","coordinates":[-51.22323,-29.18199]},"properties":{"nome":"EMEF Nova Esperança","tipo":"school","mun":"Caxias do Sul","ibge":"4305108"}},{"type":"Feature","geometry":{"type":"Point","coordinates":[-50.88657,-29.22193]},"properties":{"nome":"Casa da Juventude Joanin Rossetti","tipo":"school","mun":"Caxias do Sul","ibge":"4305108"}},{"type":"Feature","geometry":{"type":"Point","coordinates":[-51.13971,-29.17435]},"properties":{"nome":"Clube Recreio Imigrante","tipo":"sports_centre","mun":"Caxias do Sul","ibge":"4305108"}},{"type":"Feature","geometry":{"type":"Point","coordinates":[-51.47888,-29.32905]},"properties":{"nome":"Clube Torinense","tipo":"community_centre","mun":"Carlos Barbosa","ibge":"4304804"}},{"type":"Feature","geometry":{"type":"Point","coordinates":[-51.52689,-28.19231]},"properties":{"nome":"Associação de Veteranos Vasco da Gama","tipo":"community_centre","mun":"Lagoa Vermelha","ibge":"4311304"}},{"type":"Feature","geometry":{"type":"Point","coordinates":[-51.18858,-29.19017]},"properties":{"nome":"EMEF Papa João XXIII","tipo":"school","mun":"Caxias do Sul","ibge":"4305108"}},{"type":"Feature","geometry":{"type":"Point","coordinates":[-53.91376,-28.38767]},"properties":{"nome":"Colégio Evangélico Augusto Pestana - CEAP","tipo":"school","mun":"Ijuí","ibge":"4310207"}},{"type":"Feature","geometry":{"type":"Point","coordinates":[-51.18465,-29.18044]},"properties":{"nome":"Escola Fundamental Jesus Bom Pastor (Pastorinhas)","tipo":"school","mun":"Caxias do Sul","ibge":"4305108"}},{"type":"Feature","geometry":{"type":"Point","coordinates":[-51.23321,-29.20614]},"properties":{"nome":"Recanto dos Pinheiros","tipo":"sports_centre","mun":"Caxias do Sul","ibge":"4305108"}},{"type":"Feature","geometry":{"type":"Point","coordinates":[-51.23126,-29.21747]},"properties":{"nome":"Escola Municipal de Ensino Fundamental Carlin Fabris","tipo":"school","mun":"Caxias do Sul","ibge":"4305108"}},{"type":"Feature","geometry":{"type":"Point","coordinates":[-51.23682,-29.21519]},"properties":{"nome":"Sede Campestre COOCAVER (Cooperativa dos Taxistas)","tipo":"sports_centre","mun":"Caxias do Sul","ibge":"4305108"}},{"type":"Feature","geometry":{"type":"Point","coordinates":[-51.23295,-29.19221]},"properties":{"nome":"Escola Infantil Santa Rita de Cássia","tipo":"school","mun":"Caxias do Sul","ibge":"4305108"}},{"type":"Feature","geometry":{"type":"Point","coordinates":[-52.89855,-30.03904]},"properties":{"nome":"Grêmio Náutico Tamandaré","tipo":"sports_centre","mun":"Cachoeira do Sul","ibge":"4303004"}},{"type":"Feature","geometry":{"type":"Point","coordinates":[-51.69979,-28.74342]},"properties":{"nome":"Colégio Estadual Pe. Colbachini","tipo":"school","mun":"Nova Bassano","ibge":"4312906"}},{"type":"Feature","geometry":{"type":"Point","coordinates":[-51.70509,-28.72747]},"properties":{"nome":"Escola Municipal 15 De Novembro","tipo":"school","mun":"Nova Bassano","ibge":"4312906"}},{"type":"Feature","geometry":{"type":"Point","coordinates":[-52.86905,-30.03707]},"properties":{"nome":"EMEF Alarico Ribeiro","tipo":"school","mun":"Cachoeira do Sul","ibge":"4303004"}},{"type":"Feature","geometry":{"type":"Point","coordinates":[-52.90835,-30.03126]},"properties":{"nome":"Sociedade União Cachoeirense (SUC) (FECHADO)","tipo":"sports_centre","mun":"Cachoeira do Sul","ibge":"4303004"}},{"type":"Feature","geometry":{"type":"Point","coordinates":[-52.90297,-30.04592]},"properties":{"nome":"Escola Ulbra São Pedro","tipo":"school","mun":"Cachoeira do Sul","ibge":"4303004"}},{"type":"Feature","geometry":{"type":"Point","coordinates":[-51.30591,-29.02936]},"properties":{"nome":"EEEM Luiz Gelain","tipo":"school","mun":"Nova Pádua","ibge":"4313086"}},{"type":"Feature","geometry":{"type":"Point","coordinates":[-51.30646,-29.0292]},"properties":{"nome":"Salão Comunitário","tipo":"community_centre","mun":"Nova Pádua","ibge":"4313086"}},{"type":"Feature","geometry":{"type":"Point","coordinates":[-52.63537,-29.69106]},"properties":{"nome":"Escola Estadual de Ensino Fundamental Afonso Martin Rohlfes","tipo":"school","mun":"Vale do Sol","ibge":"4322533"}},{"type":"Feature","geometry":{"type":"Point","coordinates":[-53.00483,-29.88233]},"properties":{"nome":"Patronato Agrícola Imaculada Conceição","tipo":"school","mun":"Cachoeira do Sul","ibge":"4303004"}},{"type":"Feature","geometry":{"type":"Point","coordinates":[-51.22061,-29.03041]},"properties":{"nome":"Escola Municipal Ensino Fundamental Rio Branco","tipo":"school","mun":"Flores da Cunha","ibge":"4308201"}},{"type":"Feature","geometry":{"type":"Point","coordinates":[-51.26256,-29.06208]},"properties":{"nome":"EMEF Francisco Zilli","tipo":"school","mun":"Flores da Cunha","ibge":"4308201"}},{"type":"Feature","geometry":{"type":"Point","coordinates":[-51.26202,-29.06187]},"properties":{"nome":"Grêmio Esportivo Otávio Rocha - Sede Social","tipo":"sports_centre","mun":"Flores da Cunha","ibge":"4308201"}},{"type":"Feature","geometry":{"type":"Point","coordinates":[-51.26073,-29.06043]},"properties":{"nome":"Salão comunitário de Otávio Rocha","tipo":"community_centre","mun":"Flores da Cunha","ibge":"4308201"}},{"type":"Feature","geometry":{"type":"Point","coordinates":[-51.19117,-29.08547]},"properties":{"nome":"Clube Esportivo e Recreativo Cruzeiro","tipo":"sports_centre","mun":"Flores da Cunha","ibge":"4308201"}},{"type":"Feature","geometry":{"type":"Point","coordinates":[-51.19199,-29.08569]},"properties":{"nome":"Escola Estadual de Ensino Fundamental Professor Pedro Cecconello","tipo":"school","mun":"Flores da Cunha","ibge":"4308201"}},{"type":"Feature","geometry":{"type":"Point","coordinates":[-53.38876,-32.56956]},"properties":{"nome":"Fernando Corrêa Ribas","tipo":"school","mun":"Jaguarão","ibge":"4311007"}},{"type":"Feature","geometry":{"type":"Point","coordinates":[-53.38699,-32.56384]},"properties":{"nome":"Escola Municipal Marcilio Dias","tipo":"school","mun":"Jaguarão","ibge":"4311007"}},{"type":"Feature","geometry":{"type":"Point","coordinates":[-51.20574,-29.17176]},"properties":{"nome":"Associação Atlética Banco do Brasil (AABB)","tipo":"sports_centre","mun":"Caxias do Sul","ibge":"4305108"}},{"type":"Feature","geometry":{"type":"Point","coordinates":[-51.2695,-29.19803]},"properties":{"nome":"Seminário São Paulo da Cruz","tipo":"school","mun":"Caxias do Sul","ibge":"4305108"}},{"type":"Feature","geometry":{"type":"Point","coordinates":[-51.22275,-29.18294]},"properties":{"nome":"Escola de Educação Infantil Walmor Wicteky","tipo":"school","mun":"Caxias do Sul","ibge":"4305108"}},{"type":"Feature","geometry":{"type":"Point","coordinates":[-51.21392,-29.18835]},"properties":{"nome":"Escola de Educação Infantil Planalto Rio Branco","tipo":"school","mun":"Caxias do Sul","ibge":"4305108"}},{"type":"Feature","geometry":{"type":"Point","coordinates":[-51.21382,-29.188]},"properties":{"nome":"Centro Comunitário Planalto Rio Branco","tipo":"community_centre","mun":"Caxias do Sul","ibge":"4305108"}},{"type":"Feature","geometry":{"type":"Point","coordinates":[-51.12447,-29.13058]},"properties":{"nome":"Sede Campestre Mundial","tipo":"sports_centre","mun":"Caxias do Sul","ibge":"4305108"}},{"type":"Feature","geometry":{"type":"Point","coordinates":[-51.06279,-29.15346]},"properties":{"nome":"EMEF Lobo da Costa","tipo":"school","mun":"Caxias do Sul","ibge":"4305108"}},{"type":"Feature","geometry":{"type":"Point","coordinates":[-51.24229,-29.28017]},"properties":{"nome":"EMEF Caetano Costamilan","tipo":"school","mun":"Caxias do Sul","ibge":"4305108"}},{"type":"Feature","geometry":{"type":"Point","coordinates":[-51.20319,-29.18553]},"properties":{"nome":"Escola Estadual de Ensino Médio Olga Maria Kayser","tipo":"school","mun":"Caxias do Sul","ibge":"4305108"}},{"type":"Feature","geometry":{"type":"Point","coordinates":[-51.19252,-29.04121]},"properties":{"nome":"Associação dos Motoristas","tipo":"community_centre","mun":"Flores da Cunha","ibge":"4308201"}},{"type":"Feature","geometry":{"type":"Point","coordinates":[-51.17923,-29.03932]},"properties":{"nome":"Sede Social Móveis Florense","tipo":"community_centre","mun":"Flores da Cunha","ibge":"4308201"}},{"type":"Feature","geometry":{"type":"Point","coordinates":[-52.37296,-29.98339]},"properties":{"nome":"Instituto Estadual de Educação Ernesto Alves","tipo":"school","mun":"Rio Pardo","ibge":"4315701"}},{"type":"Feature","geometry":{"type":"Point","coordinates":[-51.22584,-29.16123]},"properties":{"nome":"Instituto de Menores Infratores (FASE)","tipo":"school","mun":"Caxias do Sul","ibge":"4305108"}},{"type":"Feature","geometry":{"type":"Point","coordinates":[-51.23916,-29.15891]},"properties":{"nome":"Clube Calhambeque - Sede Campestre","tipo":"sports_centre","mun":"Caxias do Sul","ibge":"4305108"}},{"type":"Feature","geometry":{"type":"Point","coordinates":[-51.18817,-29.15591]},"properties":{"nome":"Clube Calhambeque","tipo":"sports_centre","mun":"Caxias do Sul","ibge":"4305108"}},{"type":"Feature","geometry":{"type":"Point","coordinates":[-53.35448,-33.50621]},"properties":{"nome":"Escola Oriete I. Oliveira Garcia","tipo":"school","mun":"Santa Vitória do Palmar","ibge":"4317301"}},{"type":"Feature","geometry":{"type":"Point","coordinates":[-53.37707,-33.53345]},"properties":{"nome":"CTG Rodeio dos Palmares","tipo":"community_centre","mun":"Santa Vitória do Palmar","ibge":"4317301"}},{"type":"Feature","geometry":{"type":"Point","coordinates":[-51.52822,-29.25144]},"properties":{"nome":"AABB","tipo":"community_centre","mun":"Garibaldi","ibge":"4308607"}},{"type":"Feature","geometry":{"type":"Point","coordinates":[-52.9027,-30.01407]},"properties":{"nome":"Centro Adventista de Desenvolvimento Comunitário (CADEC)","tipo":"community_centre","mun":"Cachoeira do Sul","ibge":"4303004"}},{"type":"Feature","geometry":{"type":"Point","coordinates":[-51.19492,-29.17611]},"properties":{"nome":"Sociedade Recreativa São Francisco","tipo":"community_centre","mun":"Caxias do Sul","ibge":"4305108"}},{"type":"Feature","geometry":{"type":"Point","coordinates":[-51.0804,-29.08507]},"properties":{"nome":"EMEF Vitório Rech Segundo","tipo":"school","mun":"Caxias do Sul","ibge":"4305108"}},{"type":"Feature","geometry":{"type":"Point","coordinates":[-51.0645,-29.08034]},"properties":{"nome":"Clube Atlético União - Ana Rech (Sede Campestre)","tipo":"sports_centre","mun":"Caxias do Sul","ibge":"4305108"}},{"type":"Feature","geometry":{"type":"Point","coordinates":[-51.08007,-29.08458]},"properties":{"nome":"Salão Comunitário Santa Bárbara","tipo":"community_centre","mun":"Caxias do Sul","ibge":"4305108"}},{"type":"Feature","geometry":{"type":"Point","coordinates":[-51.19725,-29.18593]},"properties":{"nome":"EMEF Prefeito Luciano Corsetti","tipo":"school","mun":"Caxias do Sul","ibge":"4305108"}},{"type":"Feature","geometry":{"type":"Point","coordinates":[-51.19511,-29.18542]},"properties":{"nome":"Associação Beneficente Antônio Mendes Filho","tipo":"community_centre","mun":"Caxias do Sul","ibge":"4305108"}},{"type":"Feature","geometry":{"type":"Point","coordinates":[-51.19129,-29.15217]},"properties":{"nome":"EEEF Theodósio Rocha Netto","tipo":"school","mun":"Caxias do Sul","ibge":"4305108"}},{"type":"Feature","geometry":{"type":"Point","coordinates":[-51.19688,-29.15496]},"properties":{"nome":"Bohrer Tennis Indoor","tipo":"sports_centre","mun":"Caxias do Sul","ibge":"4305108"}},{"type":"Feature","geometry":{"type":"Point","coordinates":[-51.19667,-29.15548]},"properties":{"nome":"NatuSport Futebol Society","tipo":"sports_centre","mun":"Caxias do Sul","ibge":"4305108"}},{"type":"Feature","geometry":{"type":"Point","coordinates":[-51.19696,-29.15681]},"properties":{"nome":"EEEM Santa Catarina","tipo":"school","mun":"Caxias do Sul","ibge":"4305108"}},{"type":"Feature","geometry":{"type":"Point","coordinates":[-51.84855,-28.93762]},"properties":{"nome":"Escola Municipal de Ensino Fundamental Cornelio Mattei","tipo":"school","mun":"Dois Lajeados","ibge":"4306452"}},{"type":"Feature","geometry":{"type":"Point","coordinates":[-51.87179,-28.84939]},"properties":{"nome":"Escola Municipal de Ensino Fundamental Alexandre Bacchi","tipo":"school","mun":"Guaporé","ibge":"4309407"}},{"type":"Feature","geometry":{"type":"Point","coordinates":[-51.8715,-28.84813]},"properties":{"nome":"Centro Esportivo do SESI","tipo":"sports_centre","mun":"Guaporé","ibge":"4309407"}},{"type":"Feature","geometry":{"type":"Point","coordinates":[-51.17219,-29.13767]},"properties":{"nome":"Centro Comunitário Fátima","tipo":"community_centre","mun":"Caxias do Sul","ibge":"4305108"}},{"type":"Feature","geometry":{"type":"Point","coordinates":[-51.12123,-29.11225]},"properties":{"nome":"Centro Comunitário Jardim Eldorado","tipo":"community_centre","mun":"Caxias do Sul","ibge":"4305108"}},{"type":"Feature","geometry":{"type":"Point","coordinates":[-51.141,-29.15649]},"properties":{"nome":"EMEF Mário Quintana","tipo":"school","mun":"Caxias do Sul","ibge":"4305108"}},{"type":"Feature","geometry":{"type":"Point","coordinates":[-51.82579,-29.00743]},"properties":{"nome":"Salão Comunitário São Vicente","tipo":"community_centre","mun":"Dois Lajeados","ibge":"4306452"}},{"type":"Feature","geometry":{"type":"Point","coordinates":[-51.20701,-29.23497]},"properties":{"nome":"Escola Municipal de Ensino Fundamental Simões Lopes Neto","tipo":"school","mun":"Caxias do Sul","ibge":"4305108"}},{"type":"Feature","geometry":{"type":"Point","coordinates":[-51.18607,-29.24604]},"properties":{"nome":"Escola Municipal Doutor Getúlio Vargas (FECHADA)","tipo":"school","mun":"Caxias do Sul","ibge":"4305108"}},{"type":"Feature","geometry":{"type":"Point","coordinates":[-51.19652,-29.25835]},"properties":{"nome":"Sociedade Esportiva São Pedro","tipo":"sports_centre","mun":"Caxias do Sul","ibge":"4305108"}},{"type":"Feature","geometry":{"type":"Point","coordinates":[-51.19175,-29.25592]},"properties":{"nome":"Sociedade Esportiva e Recreativa Randon","tipo":"sports_centre","mun":"Caxias do Sul","ibge":"4305108"}},{"type":"Feature","geometry":{"type":"Point","coordinates":[-51.19744,-29.26321]},"properties":{"nome":"Escola Municipal Ensino Fundamental Santo Antônio","tipo":"school","mun":"Caxias do Sul","ibge":"4305108"}},{"type":"Feature","geometry":{"type":"Point","coordinates":[-51.15876,-29.1258]},"properties":{"nome":"EMEF Osvaldo Cruz","tipo":"school","mun":"Caxias do Sul","ibge":"4305108"}},{"type":"Feature","geometry":{"type":"Point","coordinates":[-51.17229,-29.12624]},"properties":{"nome":"EMEF Zélia Rodrigues Furtado","tipo":"school","mun":"Caxias do Sul","ibge":"4305108"}},{"type":"Feature","geometry":{"type":"Point","coordinates":[-51.17912,-29.12509]},"properties":{"nome":"EMEF Angelina Sassi Comandulli","tipo":"school","mun":"Caxias do Sul","ibge":"4305108"}},{"type":"Feature","geometry":{"type":"Point","coordinates":[-51.18078,-29.12834]},"properties":{"nome":"EMEF Dolaimes Stédile Angeli","tipo":"school","mun":"Caxias do Sul","ibge":"4305108"}},{"type":"Feature","geometry":{"type":"Point","coordinates":[-51.17679,-29.15404]},"properties":{"nome":"Centro Comunitário Madureira","tipo":"community_centre","mun":"Caxias do Sul","ibge":"4305108"}},{"type":"Feature","geometry":{"type":"Point","coordinates":[-51.41118,-28.98923]},"properties":{"nome":"Centro de Convivência Dona Vitalina","tipo":"community_centre","mun":"Nova Roma do Sul","ibge":"4313359"}},{"type":"Feature","geometry":{"type":"Point","coordinates":[-51.28131,-29.1729]},"properties":{"nome":"EMEF Nossa Senhora das Graças","tipo":"school","mun":"Caxias do Sul","ibge":"4305108"}},{"type":"Feature","geometry":{"type":"Point","coordinates":[-51.18966,-29.13866]},"properties":{"nome":"Escola Municipal Fioravante Webber","tipo":"school","mun":"Caxias do Sul","ibge":"4305108"}},{"type":"Feature","geometry":{"type":"Point","coordinates":[-51.21408,-29.17847]},"properties":{"nome":"Caminho do Saber","tipo":"school","mun":"Caxias do Sul","ibge":"4305108"}},{"type":"Feature","geometry":{"type":"Point","coordinates":[-51.20823,-29.17791]},"properties":{"nome":"EEEF Eng. Dario Granja Sant Anna","tipo":"school","mun":"Caxias do Sul","ibge":"4305108"}},{"type":"Feature","geometry":{"type":"Point","coordinates":[-51.28388,-29.21708]},"properties":{"nome":"Escola Estadual de 1º Grau José Generosi","tipo":"school","mun":"Caxias do Sul","ibge":"4305108"}},{"type":"Feature","geometry":{"type":"Point","coordinates":[-52.8796,-30.0488]},"properties":{"nome":"EMEF Dora Abreu","tipo":"school","mun":"Cachoeira do Sul","ibge":"4303004"}},{"type":"Feature","geometry":{"type":"Point","coordinates":[-51.33186,-29.09575]},"properties":{"nome":"EEEF Antônio de Souza Neto","tipo":"school","mun":"Flores da Cunha","ibge":"4308201"}},{"type":"Feature","geometry":{"type":"Point","coordinates":[-51.18876,-29.17222]},"properties":{"nome":"EEEF Coronel José Pena de Moraes","tipo":"school","mun":"Caxias do Sul","ibge":"4305108"}},{"type":"Feature","geometry":{"type":"Point","coordinates":[-54.67316,-30.96694]},"properties":{"nome":"AABB","tipo":"community_centre","mun":"Dom Pedrito","ibge":"4306601"}},{"type":"Feature","geometry":{"type":"Point","coordinates":[-54.66551,-30.96576]},"properties":{"nome":"CTG Crioulos do Ponche Verde","tipo":"community_centre","mun":"Dom Pedrito","ibge":"4306601"}},{"type":"Feature","geometry":{"type":"Point","coordinates":[-53.50695,-28.33908]},"properties":{"nome":"Escola Vicente Hirschmann","tipo":"school","mun":"Panambi","ibge":"4313904"}},{"type":"Feature","geometry":{"type":"Point","coordinates":[-51.23757,-29.20133]},"properties":{"nome":"EMEF Professora Leonor Rosa","tipo":"school","mun":"Caxias do Sul","ibge":"4305108"}},{"type":"Feature","geometry":{"type":"Point","coordinates":[-51.12466,-29.11353]},"properties":{"nome":"EMEF José Protázio Soares de Souza","tipo":"school","mun":"Caxias do Sul","ibge":"4305108"}},{"type":"Feature","geometry":{"type":"Point","coordinates":[-51.15732,-29.2319]},"properties":{"nome":"Sociedade Recreativa Amigos Galópolis","tipo":"sports_centre","mun":"Caxias do Sul","ibge":"4305108"}},{"type":"Feature","geometry":{"type":"Point","coordinates":[-51.16167,-29.16828]},"properties":{"nome":"Colégio Madre Imilda","tipo":"school","mun":"Caxias do Sul","ibge":"4305108"}},{"type":"Feature","geometry":{"type":"Point","coordinates":[-51.20266,-29.19495]},"properties":{"nome":"Escola Estadual de Ensino Médio São Caetano","tipo":"school","mun":"Caxias do Sul","ibge":"4305108"}},{"type":"Feature","geometry":{"type":"Point","coordinates":[-51.20496,-29.19849]},"properties":{"nome":"Escola Municipal de Ensino Fundamental Renato João Cesa","tipo":"school","mun":"Caxias do Sul","ibge":"4305108"}},{"type":"Feature","geometry":{"type":"Point","coordinates":[-51.19907,-29.21811]},"properties":{"nome":"E.M.E.F Madre Assunta","tipo":"school","mun":"Caxias do Sul","ibge":"4305108"}},{"type":"Feature","geometry":{"type":"Point","coordinates":[-50.78155,-28.68577]},"properties":{"nome":"Escola Municipal São Francisco","tipo":"school","mun":"Monte Alegre dos Campos","ibge":"4312377"}},{"type":"Feature","geometry":{"type":"Point","coordinates":[-51.0162,-29.1229]},"properties":{"nome":"EMEF Padre João Schiavo","tipo":"school","mun":"Caxias do Sul","ibge":"4305108"}},{"type":"Feature","geometry":{"type":"Point","coordinates":[-51.1795,-29.19706]},"properties":{"nome":"E.E.E.F. Sílvio Stallivieri","tipo":"school","mun":"Caxias do Sul","ibge":"4305108"}},{"type":"Feature","geometry":{"type":"Point","coordinates":[-51.16175,-29.20427]},"properties":{"nome":"EMEF José de Alencar","tipo":"school","mun":"Caxias do Sul","ibge":"4305108"}},{"type":"Feature","geometry":{"type":"Point","coordinates":[-51.17595,-29.1566]},"properties":{"nome":"Escola Santa Maria Goretti","tipo":"school","mun":"Caxias do Sul","ibge":"4305108"}},{"type":"Feature","geometry":{"type":"Point","coordinates":[-51.16966,-29.15997]},"properties":{"nome":"Escola de Educação Infantil Aracy Maria Casagrande Sehbe","tipo":"school","mun":"Caxias do Sul","ibge":"4305108"}},{"type":"Feature","geometry":{"type":"Point","coordinates":[-51.18212,-29.15766]},"properties":{"nome":"E.E.E.F. Maguary","tipo":"school","mun":"Caxias do Sul","ibge":"4305108"}},{"type":"Feature","geometry":{"type":"Point","coordinates":[-51.18532,-29.15181]},"properties":{"nome":"Colégio São João Batista","tipo":"school","mun":"Caxias do Sul","ibge":"4305108"}},{"type":"Feature","geometry":{"type":"Point","coordinates":[-52.90013,-30.04058]},"properties":{"nome":"Escola Adventista","tipo":"school","mun":"Cachoeira do Sul","ibge":"4303004"}},{"type":"Feature","geometry":{"type":"Point","coordinates":[-51.47895,-29.18885]},"properties":{"nome":"Associação Educativa e Cultural Cruzeiro","tipo":"sports_centre","mun":"Bento Gonçalves","ibge":"4302105"}},{"type":"Feature","geometry":{"type":"Point","coordinates":[-54.88218,-29.17365]},"properties":{"nome":"Associação de Moradores","tipo":"community_centre","mun":"Santiago","ibge":"4317400"}},{"type":"Feature","geometry":{"type":"Point","coordinates":[-54.87486,-29.18393]},"properties":{"nome":"Clube Sete de Setembro","tipo":"community_centre","mun":"Santiago","ibge":"4317400"}},{"type":"Feature","geometry":{"type":"Point","coordinates":[-54.84964,-29.17078]},"properties":{"nome":"Escola Municipal Heron Jornada Ribeiro","tipo":"school","mun":"Santiago","ibge":"4317400"}},{"type":"Feature","geometry":{"type":"Point","coordinates":[-51.01868,-29.12469]},"properties":{"nome":"Escola Estadual Antônio Avelino Boff","tipo":"school","mun":"Caxias do Sul","ibge":"4305108"}},{"type":"Feature","geometry":{"type":"Point","coordinates":[-51.15297,-29.16504]},"properties":{"nome":"EMEF Caldas Júnior","tipo":"school","mun":"Caxias do Sul","ibge":"4305108"}},{"type":"Feature","geometry":{"type":"Point","coordinates":[-52.88929,-30.04806]},"properties":{"nome":"Escola Estadual de Ensino Fundamental Antônio Vicente da Fontoura","tipo":"school","mun":"Cachoeira do Sul","ibge":"4303004"}},{"type":"Feature","geometry":{"type":"Point","coordinates":[-51.1791,-29.16699]},"properties":{"nome":"Recreio da Juventude - Sede Social","tipo":"sports_centre","mun":"Caxias do Sul","ibge":"4305108"}},{"type":"Feature","geometry":{"type":"Point","coordinates":[-52.89046,-30.05264]},"properties":{"nome":"Escola Técnica de Saúde do HCB","tipo":"school","mun":"Cachoeira do Sul","ibge":"4303004"}},{"type":"Feature","geometry":{"type":"Point","coordinates":[-51.15594,-29.17811]},"properties":{"nome":"Escola Estadual de Ensino Fundamental José Venzon Eberle","tipo":"school","mun":"Caxias do Sul","ibge":"4305108"}},{"type":"Feature","geometry":{"type":"Point","coordinates":[-51.24375,-29.19476]},"properties":{"nome":"EMEF Prof. Nandi-Luís Fernando Mazzochi","tipo":"school","mun":"Caxias do Sul","ibge":"4305108"}},{"type":"Feature","geometry":{"type":"Point","coordinates":[-51.25703,-29.09594]},"properties":{"nome":"Escola Municipal Osvaldo Aranha (FECHADA)","tipo":"school","mun":"Caxias do Sul","ibge":"4305108"}},{"type":"Feature","geometry":{"type":"Point","coordinates":[-52.52148,-29.53614]},"properties":{"nome":"Escola Estadual Frederico Kops","tipo":"school","mun":"Sinimbu","ibge":"4320677"}},{"type":"Feature","geometry":{"type":"Point","coordinates":[-51.27592,-29.85229]},"properties":{"nome":"Escola Santa Rita","tipo":"school","mun":"Nova Santa Rita","ibge":"4313375"}},{"type":"Feature","geometry":{"type":"Point","coordinates":[-51.29074,-29.8787]},"properties":{"nome":"Escola Municial de Ensino Fundamental Campos Salles","tipo":"school","mun":"Nova Santa Rita","ibge":"4313375"}},{"type":"Feature","geometry":{"type":"Point","coordinates":[-51.23437,-29.81837]},"properties":{"nome":"Escola Nova Sociedade","tipo":"school","mun":"Nova Santa Rita","ibge":"4313375"}},{"type":"Feature","geometry":{"type":"Point","coordinates":[-50.10355,-29.49514]},"properties":{"nome":"Escola Municipal de Ensino Fundamental Profa. Celita Nenes Neubert","tipo":"school","mun":"Itati","ibge":"4310652"}},{"type":"Feature","geometry":{"type":"Point","coordinates":[-50.10086,-29.49532]},"properties":{"nome":"Centro Esportivo Municipal Vereador Valmir Witt Klein","tipo":"sports_centre","mun":"Itati","ibge":"4310652"}},{"type":"Feature","geometry":{"type":"Point","coordinates":[-51.13533,-29.44762]},"properties":{"nome":"E.M.E.F. 25 de Julho","tipo":"school","mun":"Picada Café","ibge":"4314423"}},{"type":"Feature","geometry":{"type":"Point","coordinates":[-51.09759,-29.45003]},"properties":{"nome":"EMEI Quatro Estações","tipo":"school","mun":"Picada Café","ibge":"4314423"}},{"type":"Feature","geometry":{"type":"Point","coordinates":[-51.13284,-29.20064]},"properties":{"nome":"Escola Estadual de Ensino Fundamental São Virgílio","tipo":"school","mun":"Caxias do Sul","ibge":"4305108"}},{"type":"Feature","geometry":{"type":"Point","coordinates":[-51.18628,-29.12599]},"properties":{"nome":"EMEF Professora Ilda Clara Sebben Barazzetti","tipo":"school","mun":"Caxias do Sul","ibge":"4305108"}},{"type":"Feature","geometry":{"type":"Point","coordinates":[-51.18931,-29.12772]},"properties":{"nome":"Clube Aliança","tipo":"sports_centre","mun":"Caxias do Sul","ibge":"4305108"}},{"type":"Feature","geometry":{"type":"Point","coordinates":[-51.18722,-29.12628]},"properties":{"nome":"EMEI Paulina Soldatelli Moretto","tipo":"school","mun":"Caxias do Sul","ibge":"4305108"}},{"type":"Feature","geometry":{"type":"Point","coordinates":[-51.89197,-28.52771]},"properties":{"nome":"Escola Frederico Benvegnú","tipo":"school","mun":"São Domingos do Sul","ibge":"4318051"}},{"type":"Feature","geometry":{"type":"Point","coordinates":[-51.27922,-29.21269]},"properties":{"nome":"Escola de Educação Infantil Aurora Milesi Rizzi","tipo":"school","mun":"Caxias do Sul","ibge":"4305108"}},{"type":"Feature","geometry":{"type":"Point","coordinates":[-51.10254,-29.07709]},"properties":{"nome":"E.M.E.F. Armindo Mario Turra","tipo":"school","mun":"Caxias do Sul","ibge":"4305108"}},{"type":"Feature","geometry":{"type":"Point","coordinates":[-53.69882,-28.06663]},"properties":{"nome":"Escola Municipal de Ensino Fundamental Dom Pedro I","tipo":"school","mun":"Nova Ramada","ibge":"4313334"}},{"type":"Feature","geometry":{"type":"Point","coordinates":[-52.21397,-29.6191]},"properties":{"nome":"EMEI Bela Vista","tipo":"school","mun":"Venâncio Aires","ibge":"4322608"}},{"type":"Feature","geometry":{"type":"Point","coordinates":[-53.90157,-27.4797]},"properties":{"nome":"Escola Estadual de Educação Fundamental José de Anchieta","tipo":"school","mun":"Três Passos","ibge":"4321907"}},{"type":"Feature","geometry":{"type":"Point","coordinates":[-52.89252,-27.52088]},"properties":{"nome":"EE Zenik Ghizzi da Silva","tipo":"school","mun":"Trindade do Sul","ibge":"4321956"}},{"type":"Feature","geometry":{"type":"Point","coordinates":[-52.89302,-27.53206]},"properties":{"nome":"EM São José","tipo":"school","mun":"Trindade do Sul","ibge":"4321956"}},{"type":"Feature","geometry":{"type":"Point","coordinates":[-51.50199,-29.20668]},"properties":{"nome":"Escola Heitor Mazzini","tipo":"school","mun":"Garibaldi","ibge":"4308607"}},{"type":"Feature","geometry":{"type":"Point","coordinates":[-51.49571,-29.20404]},"properties":{"nome":"Clube de Caça e Pesca Santo Huberto","tipo":"sports_centre","mun":"Garibaldi","ibge":"4308607"}},{"type":"Feature","geometry":{"type":"Point","coordinates":[-52.90712,-27.82693]},"properties":{"nome":"EEB Conde d'Eu","tipo":"school","mun":"Rondinha","ibge":"4316204"}},{"type":"Feature","geometry":{"type":"Point","coordinates":[-52.99579,-27.86686]},"properties":{"nome":"EEF Padre Manoel Gonzaga","tipo":"school","mun":"Sarandi","ibge":"4320107"}},{"type":"Feature","geometry":{"type":"Point","coordinates":[-52.87983,-27.57464]},"properties":{"nome":"EEEF Joaquim Nabuco","tipo":"school","mun":"Três Palmeiras","ibge":"4321857"}},{"type":"Feature","geometry":{"type":"Point","coordinates":[-51.52357,-29.24859]},"properties":{"nome":"Centro Esportivo SESI Garibaldi","tipo":"sports_centre","mun":"Garibaldi","ibge":"4308607"}},{"type":"Feature","geometry":{"type":"Point","coordinates":[-50.13739,-29.96895]},"properties":{"nome":"EMEF Estado de Santa Catarina","tipo":"school","mun":"Imbé","ibge":"4310330"}},{"type":"Feature","geometry":{"type":"Point","coordinates":[-50.13352,-29.96792]},"properties":{"nome":"Centro Referencial de Apoio ao Educando","tipo":"school","mun":"Imbé","ibge":"4310330"}},{"type":"Feature","geometry":{"type":"Point","coordinates":[-50.11946,-29.93309]},"properties":{"nome":"EMEF Norberto Martinho Cardoso","tipo":"school","mun":"Imbé","ibge":"4310330"}},{"type":"Feature","geometry":{"type":"Point","coordinates":[-50.11828,-29.93275]},"properties":{"nome":"EMEI Vó Rosa","tipo":"school","mun":"Imbé","ibge":"4310330"}},{"type":"Feature","geometry":{"type":"Point","coordinates":[-50.09903,-29.91418]},"properties":{"nome":"EMEF Olavo Bilac","tipo":"school","mun":"Imbé","ibge":"4310330"}},{"type":"Feature","geometry":{"type":"Point","coordinates":[-50.10847,-29.92733]},"properties":{"nome":"Escola Municipal de Ensino Infantil Professora Iara Martins","tipo":"school","mun":"Imbé","ibge":"4310330"}},{"type":"Feature","geometry":{"type":"Point","coordinates":[-50.13022,-29.95484]},"properties":{"nome":"EMEF Manoel Mendes","tipo":"school","mun":"Imbé","ibge":"4310330"}},{"type":"Feature","geometry":{"type":"Point","coordinates":[-50.13033,-29.95544]},"properties":{"nome":"Associação dos Funcionários Municipais de Imbé (AFUMI)","tipo":"sports_centre","mun":"Imbé","ibge":"4310330"}},{"type":"Feature","geometry":{"type":"Point","coordinates":[-50.13256,-29.95119]},"properties":{"nome":"EMEI Professora Pedrinha","tipo":"school","mun":"Imbé","ibge":"4310330"}},{"type":"Feature","geometry":{"type":"Point","coordinates":[-50.1072,-29.91976]},"properties":{"nome":"EMEF Professora Jusseni Euzébio de Oliveira","tipo":"school","mun":"Imbé","ibge":"4310330"}},{"type":"Feature","geometry":{"type":"Point","coordinates":[-50.14316,-29.04962]},"properties":{"nome":"Pingo de Gente","tipo":"school","mun":"Cambará do Sul","ibge":"4303608"}},{"type":"Feature","geometry":{"type":"Point","coordinates":[-51.67265,-29.497]},"properties":{"nome":"Comunidade Católica Santo Alberto Magno - Bela Vista","tipo":"community_centre","mun":"Brochier","ibge":"4302659"}},{"type":"Feature","geometry":{"type":"Point","coordinates":[-51.71767,-29.45207]},"properties":{"nome":"Associação Manoel Ribeiro Pontes","tipo":"sports_centre","mun":"Teutônia","ibge":"4321451"}},{"type":"Feature","geometry":{"type":"Point","coordinates":[-49.89884,-29.55416]},"properties":{"nome":"Escola Municipal Aracy Gomes Valim","tipo":"school","mun":"Arroio do Sal","ibge":"4301057"}},{"type":"Feature","geometry":{"type":"Point","coordinates":[-50.09289,-29.90287]},"properties":{"nome":"Escola Estadual de Ensino Fundamental Reinaldo Vaccari","tipo":"school","mun":"Imbé","ibge":"4310330"}},{"type":"Feature","geometry":{"type":"Point","coordinates":[-52.65063,-27.67376]},"properties":{"nome":"Escola de Ensino Fundamental Mario Quintana","tipo":"school","mun":"Cruzaltense","ibge":"4306130"}},{"type":"Feature","geometry":{"type":"Point","coordinates":[-51.23334,-29.17041]},"properties":{"nome":"Escola Nivaldo Kercher","tipo":"school","mun":"Caxias do Sul","ibge":"4305108"}},{"type":"Feature","geometry":{"type":"Point","coordinates":[-51.22505,-29.16798]},"properties":{"nome":"Escola Municipal de Ensino Fundamental Paulo Freire","tipo":"school","mun":"Caxias do Sul","ibge":"4305108"}},{"type":"Feature","geometry":{"type":"Point","coordinates":[-51.14911,-29.15911]},"properties":{"nome":"EMEF Jardelino Ramos","tipo":"school","mun":"Caxias do Sul","ibge":"4305108"}},{"type":"Feature","geometry":{"type":"Point","coordinates":[-52.43772,-29.70406]},"properties":{"nome":"Centro Comunitário Paróquia Ressurreição","tipo":"community_centre","mun":"Santa Cruz do Sul","ibge":"4316808"}},{"type":"Feature","geometry":{"type":"Point","coordinates":[-52.42466,-29.71003]},"properties":{"nome":"Schütz & Kanomata - Escola de Idiomas","tipo":"school","mun":"Santa Cruz do Sul","ibge":"4316808"}},{"type":"Feature","geometry":{"type":"Point","coordinates":[-51.19492,-29.14543]},"properties":{"nome":"EMEF Padre Antônio Vieira","tipo":"school","mun":"Caxias do Sul","ibge":"4305108"}},{"type":"Feature","geometry":{"type":"Point","coordinates":[-51.20308,-29.16059]},"properties":{"nome":"Escola Municipal Ensino Fundamental Luiz Covolan","tipo":"school","mun":"Caxias do Sul","ibge":"4305108"}},{"type":"Feature","geometry":{"type":"Point","coordinates":[-50.97106,-29.06916]},"properties":{"nome":"Escola Municipal De Ensino Fundamental Érico Veríssimo","tipo":"school","mun":"Caxias do Sul","ibge":"4305108"}},{"type":"Feature","geometry":{"type":"Point","coordinates":[-51.04193,-29.68634]},"properties":{"nome":"Escola Municipal de Ensino Fundamental 25 de Julho","tipo":"school","mun":"Campo Bom","ibge":"4303905"}},{"type":"Feature","geometry":{"type":"Point","coordinates":[-51.14386,-29.17141]},"properties":{"nome":"Escola Estadual de Ensino Médio Província de Mendoza","tipo":"school","mun":"Caxias do Sul","ibge":"4305108"}},{"type":"Feature","geometry":{"type":"Point","coordinates":[-51.13773,-29.17488]},"properties":{"nome":"Escola Municipal de Ensino Fundamental Ítalo João Balen","tipo":"school","mun":"Caxias do Sul","ibge":"4305108"}},{"type":"Feature","geometry":{"type":"Point","coordinates":[-51.17186,-29.13994]},"properties":{"nome":"IFRS Campus Caxias do Sul","tipo":"school","mun":"Caxias do Sul","ibge":"4305108"}},{"type":"Feature","geometry":{"type":"Point","coordinates":[-50.81459,-29.3586]},"properties":{"nome":"Esporte Clube Serrano","tipo":"sports_centre","mun":"Canela","ibge":"4304408"}},{"type":"Feature","geometry":{"type":"Point","coordinates":[-50.79009,-29.35088]},"properties":{"nome":"Escola Municipal de Ensino Fundamental Bertholdo Oppitz","tipo":"school","mun":"Canela","ibge":"4304408"}},{"type":"Feature","geometry":{"type":"Point","coordinates":[-50.79213,-29.56919]},"properties":{"nome":"Escola Cenecista de Ensino Médio 1º de Junho","tipo":"school","mun":"Igrejinha","ibge":"4310108"}},{"type":"Feature","geometry":{"type":"Point","coordinates":[-50.80031,-29.5702]},"properties":{"nome":"Escola Fundamental Luterana Redentor","tipo":"school","mun":"Igrejinha","ibge":"4310108"}},{"type":"Feature","geometry":{"type":"Point","coordinates":[-50.80095,-29.57337]},"properties":{"nome":"APAE","tipo":"school","mun":"Igrejinha","ibge":"4310108"}},{"type":"Feature","geometry":{"type":"Point","coordinates":[-50.80164,-29.57619]},"properties":{"nome":"Escola Municipal de Ensino Fundamental Vila Nova","tipo":"school","mun":"Igrejinha","ibge":"4310108"}},{"type":"Feature","geometry":{"type":"Point","coordinates":[-50.8011,-29.57603]},"properties":{"nome":"EMEI Raio de Sol","tipo":"school","mun":"Igrejinha","ibge":"4310108"}},{"type":"Feature","geometry":{"type":"Point","coordinates":[-50.80019,-29.58261]},"properties":{"nome":"Kinderwelt Centro de Educação Infantil","tipo":"school","mun":"Igrejinha","ibge":"4310108"}},{"type":"Feature","geometry":{"type":"Point","coordinates":[-50.79391,-29.57485]},"properties":{"nome":"Escola Criança Feliz","tipo":"school","mun":"Igrejinha","ibge":"4310108"}},{"type":"Feature","geometry":{"type":"Point","coordinates":[-50.79432,-29.57476]},"properties":{"nome":"Pavilhão da Paróquia Evangélica Igrejinha - IECLB","tipo":"shelter","mun":"Igrejinha","ibge":"4310108"}},{"type":"Feature","geometry":{"type":"Point","coordinates":[-51.2118,-29.15434]},"properties":{"nome":"EEEM Maria Araci Trindade Rojas","tipo":"school","mun":"Caxias do Sul","ibge":"4305108"}},{"type":"Feature","geometry":{"type":"Point","coordinates":[-51.212,-29.15361]},"properties":{"nome":"Escola Infantil Comunitária Crescer e Aprender","tipo":"school","mun":"Caxias do Sul","ibge":"4305108"}},{"type":"Feature","geometry":{"type":"Point","coordinates":[-50.87423,-29.40392]},"properties":{"nome":"EMEF Pedro Zucolotto","tipo":"school","mun":"Gramado","ibge":"4309100"}},{"type":"Feature","geometry":{"type":"Point","coordinates":[-50.84559,-28.61969]},"properties":{"nome":"EMEF Luiz de Almeida Franca","tipo":"school","mun":"Monte Alegre dos Campos","ibge":"4312377"}},{"type":"Feature","geometry":{"type":"Point","coordinates":[-50.86936,-29.41895]},"properties":{"nome":"Escola Estadual de Ensino Médio Caramuru","tipo":"school","mun":"Gramado","ibge":"4309100"}},{"type":"Feature","geometry":{"type":"Point","coordinates":[-51.98448,-29.26614]},"properties":{"nome":"Escola Municipal de Ensino Fundamental Espaço Aprender","tipo":"school","mun":"Capitão","ibge":"4304697"}},{"type":"Feature","geometry":{"type":"Point","coordinates":[-54.22319,-29.28944]},"properties":{"nome":"Centro de Tradições Gaúchas Pedro Porto","tipo":"community_centre","mun":"Jari","ibge":"4311130"}},{"type":"Feature","geometry":{"type":"Point","coordinates":[-51.04945,-29.35964]},"properties":{"nome":"Escola Estadual Ensino Fundamental Padre Amstad","tipo":"school","mun":"Nova Petrópolis","ibge":"4313201"}},{"type":"Feature","geometry":{"type":"Point","coordinates":[-50.88106,-29.36035]},"properties":{"nome":"EMEF Dr. Carlos Nelz - CAIC","tipo":"school","mun":"Gramado","ibge":"4309100"}},{"type":"Feature","geometry":{"type":"Point","coordinates":[-50.88447,-29.37807]},"properties":{"nome":"EMEF Senador Salgado Filho","tipo":"school","mun":"Gramado","ibge":"4309100"}},{"type":"Feature","geometry":{"type":"Point","coordinates":[-50.88527,-29.37747]},"properties":{"nome":"Escola Municipal de Ensino Fundamental Senador Salgado Filho","tipo":"school","mun":"Gramado","ibge":"4309100"}},{"type":"Feature","geometry":{"type":"Point","coordinates":[-51.51242,-29.13873]},"properties":{"nome":"EMEF Professora Maria Borges Frota","tipo":"school","mun":"Bento Gonçalves","ibge":"4302105"}},{"type":"Feature","geometry":{"type":"Point","coordinates":[-53.18826,-29.29503]},"properties":{"nome":"Escola Estadual Itaúba","tipo":"school","mun":"Estrela Velha","ibge":"4307815"}},{"type":"Feature","geometry":{"type":"Point","coordinates":[-51.31673,-30.12536]},"properties":{"nome":"Guaíba F.C.","tipo":"community_centre","mun":"Guaíba","ibge":"4309308"}},{"type":"Feature","geometry":{"type":"Point","coordinates":[-51.11457,-30.07607]},"properties":{"nome":"Pluv","tipo":"shelter","mun":"Porto Alegre","ibge":"4314902"}},{"type":"Feature","geometry":{"type":"Point","coordinates":[-50.06044,-28.97214]},"properties":{"nome":"E.E.E.F. Raia","tipo":"school","mun":"Cambará do Sul","ibge":"4303608"}},{"type":"Feature","geometry":{"type":"Point","coordinates":[-50.04584,-28.95882]},"properties":{"nome":"Grêmio Esportivo Cambará (GEC)","tipo":"sports_centre","mun":"Cambará do Sul","ibge":"4303608"}},{"type":"Feature","geometry":{"type":"Point","coordinates":[-50.14688,-29.04337]},"properties":{"nome":"Escola Municipal Ensino Fundamental Alzemiro Cândido de Oliveira","tipo":"school","mun":"Cambará do Sul","ibge":"4303608"}},{"type":"Feature","geometry":{"type":"Point","coordinates":[-51.25894,-29.87071]},"properties":{"nome":"Quinta São José","tipo":"school","mun":"Nova Santa Rita","ibge":"4313375"}},{"type":"Feature","geometry":{"type":"Point","coordinates":[-50.26272,-29.23061]},"properties":{"nome":"Escola Municipal de Ensino Fundamental Prudente de Morais","tipo":"school","mun":"Cambará do Sul","ibge":"4303608"}},{"type":"Feature","geometry":{"type":"Point","coordinates":[-51.17073,-29.17133]},"properties":{"nome":"SENAI NILO PEÇANHA","tipo":"school","mun":"Caxias do Sul","ibge":"4305108"}},{"type":"Feature","geometry":{"type":"Point","coordinates":[-51.31008,-29.21597]},"properties":{"nome":"Sociedade Recreativa Julieta","tipo":"sports_centre","mun":"Farroupilha","ibge":"4307906"}},{"type":"Feature","geometry":{"type":"Point","coordinates":[-51.55083,-28.86369]},"properties":{"nome":"Centro Comunitário","tipo":"community_centre","mun":"Vila Flores","ibge":"4323309"}},{"type":"Feature","geometry":{"type":"Point","coordinates":[-51.55071,-28.86584]},"properties":{"nome":"Clube Gaúcho","tipo":"sports_centre","mun":"Vila Flores","ibge":"4323309"}},{"type":"Feature","geometry":{"type":"Point","coordinates":[-51.55176,-28.86072]},"properties":{"nome":"Colégio Estadual Dosolina Boff","tipo":"school","mun":"Vila Flores","ibge":"4323309"}},{"type":"Feature","geometry":{"type":"Point","coordinates":[-51.55354,-28.85931]},"properties":{"nome":"Escola Municipal Doze de Maio","tipo":"school","mun":"Vila Flores","ibge":"4323309"}},{"type":"Feature","geometry":{"type":"Point","coordinates":[-50.40454,-30.15729]},"properties":{"nome":"Escola Antonieta P. Sessim","tipo":"school","mun":"Capivari do Sul","ibge":"4304671"}},{"type":"Feature","geometry":{"type":"Point","coordinates":[-53.65795,-28.41965]},"properties":{"nome":"EE Angelo Furian","tipo":"school","mun":"Pejuçara","ibge":"4314308"}},{"type":"Feature","geometry":{"type":"Point","coordinates":[-51.18678,-29.11411]},"properties":{"nome":"S.E.R Victor Emanuel","tipo":"sports_centre","mun":"Caxias do Sul","ibge":"4305108"}},{"type":"Feature","geometry":{"type":"Point","coordinates":[-51.18703,-29.11394]},"properties":{"nome":"EMEF Luiza Morelli","tipo":"school","mun":"Caxias do Sul","ibge":"4305108"}},{"type":"Feature","geometry":{"type":"Point","coordinates":[-51.18796,-29.10617]},"properties":{"nome":"EMEF José Bonifácio","tipo":"school","mun":"Caxias do Sul","ibge":"4305108"}},{"type":"Feature","geometry":{"type":"Point","coordinates":[-51.1879,-29.10697]},"properties":{"nome":"Agremiação Social e Esportiva Pedancino (ASEP)","tipo":"sports_centre","mun":"Caxias do Sul","ibge":"4305108"}},{"type":"Feature","geometry":{"type":"Point","coordinates":[-51.24866,-29.15345]},"properties":{"nome":"Sociedade Recreativa São Giácomo","tipo":"community_centre","mun":"Caxias do Sul","ibge":"4305108"}},{"type":"Feature","geometry":{"type":"Point","coordinates":[-51.2368,-29.20097]},"properties":{"nome":"Futuras instalações da UBS Vila Romana e Santa Helena (Antigo Centro Comunitário Vila Romana e Santa Helena (DEMOLIDO))","tipo":"community_centre","mun":"Caxias do Sul","ibge":"4305108"}},{"type":"Feature","geometry":{"type":"Point","coordinates":[-51.1606,-29.81864]},"properties":{"nome":"SESI","tipo":"sports_centre","mun":"Sapucaia do Sul","ibge":"4320008"}},{"type":"Feature","geometry":{"type":"Point","coordinates":[-52.90867,-30.00589]},"properties":{"nome":"EMEF Doutor Baltazar de Bem","tipo":"school","mun":"Cachoeira do Sul","ibge":"4303004"}},{"type":"Feature","geometry":{"type":"Point","coordinates":[-51.06872,-30.08956]},"properties":{"nome":"Escola de Educação Infantil Cisne Branco","tipo":"school","mun":"Viamão","ibge":"4323002"}},{"type":"Feature","geometry":{"type":"Point","coordinates":[-52.87532,-30.0166]},"properties":{"nome":"Associação Atlética Banco do Brasil (AABB)","tipo":"sports_centre","mun":"Cachoeira do Sul","ibge":"4303004"}},{"type":"Feature","geometry":{"type":"Point","coordinates":[-50.91276,-28.47597]},"properties":{"nome":"AABB Sede Campestre","tipo":"sports_centre","mun":"Vacaria","ibge":"4322509"}},{"type":"Feature","geometry":{"type":"Point","coordinates":[-50.91266,-28.4791]},"properties":{"nome":"Clube Guarani Sede Campestre","tipo":"sports_centre","mun":"Vacaria","ibge":"4322509"}},{"type":"Feature","geometry":{"type":"Point","coordinates":[-50.92961,-28.47954]},"properties":{"nome":"Escola Municipal Ensino Fundamental Inácio de Souza Pires","tipo":"school","mun":"Vacaria","ibge":"4322509"}},{"type":"Feature","geometry":{"type":"Point","coordinates":[-51.88933,-28.83752]},"properties":{"nome":"Escola Zaida Zanon","tipo":"school","mun":"Guaporé","ibge":"4309407"}},{"type":"Feature","geometry":{"type":"Point","coordinates":[-51.876,-28.85296]},"properties":{"nome":"Escola Municipal de Educação Infantil Mônica","tipo":"school","mun":"Guaporé","ibge":"4309407"}},{"type":"Feature","geometry":{"type":"Point","coordinates":[-51.22324,-29.16142]},"properties":{"nome":"Escola Municipal Ensino Fundamental Machado de Assis","tipo":"school","mun":"Caxias do Sul","ibge":"4305108"}},{"type":"Feature","geometry":{"type":"Point","coordinates":[-51.73497,-30.07862]},"properties":{"nome":"Escola Municipal de Educação Infantil Recanto do Saber","tipo":"school","mun":"Arroio dos Ratos","ibge":"4301107"}},{"type":"Feature","geometry":{"type":"Point","coordinates":[-50.79412,-29.57212]},"properties":{"nome":"SUCI - Sociedade União de Cantores de Igrejinha","tipo":"community_centre","mun":"Igrejinha","ibge":"4310108"}},{"type":"Feature","geometry":{"type":"Point","coordinates":[-51.19397,-29.99697]},"properties":{"nome":"HD Sport Center - Humaitá","tipo":"sports_centre","mun":"Porto Alegre","ibge":"4314902"}},{"type":"Feature","geometry":{"type":"Point","coordinates":[-51.15562,-29.76859]},"properties":{"nome":"Grêmio Esportivo Nacional","tipo":"sports_centre","mun":"São Leopoldo","ibge":"4318705"}},{"type":"Feature","geometry":{"type":"Point","coordinates":[-51.3981,-29.67329]},"properties":{"nome":"EMEF Nossa Senhora das Graças","tipo":"school","mun":"Capela de Santana","ibge":"4304689"}},{"type":"Feature","geometry":{"type":"Point","coordinates":[-51.47784,-29.60116]},"properties":{"nome":"Escola Estadual de Ensino Médio São José do Maratá","tipo":"school","mun":"São José do Sul","ibge":"4318614"}},{"type":"Feature","geometry":{"type":"Point","coordinates":[-51.30373,-29.46255]},"properties":{"nome":"EMEF Alfredo Spier","tipo":"school","mun":"Feliz","ibge":"4308102"}},{"type":"Feature","geometry":{"type":"Point","coordinates":[-51.36168,-29.54948]},"properties":{"nome":"Escola Estadual de Ensino Fundamental José Benemann","tipo":"school","mun":"São Sebastião do Caí","ibge":"4319505"}},{"type":"Feature","geometry":{"type":"Point","coordinates":[-51.35626,-29.56962]},"properties":{"nome":"Escola Municipal de Ensino Infantil Dona Norinha","tipo":"school","mun":"São Sebastião do Caí","ibge":"4319505"}},{"type":"Feature","geometry":{"type":"Point","coordinates":[-51.36536,-29.57529]},"properties":{"nome":"Escola Estadual de Ensino Fundamental Josefina Jacques Noronha","tipo":"school","mun":"São Sebastião do Caí","ibge":"4319505"}},{"type":"Feature","geometry":{"type":"Point","coordinates":[-51.74227,-29.57282]},"properties":{"nome":"EMEF Prudêncio Franklin dos Reis (antiga)","tipo":"school","mun":"Paverama","ibge":"4314159"}},{"type":"Feature","geometry":{"type":"Point","coordinates":[-51.74472,-29.5643]},"properties":{"nome":"EMEF Prudêncio Franklin dos Reis (nova)","tipo":"school","mun":"Paverama","ibge":"4314159"}},{"type":"Feature","geometry":{"type":"Point","coordinates":[-51.73334,-29.55294]},"properties":{"nome":"Escola Estadual de Ensino Médio Paverama","tipo":"school","mun":"Paverama","ibge":"4314159"}},{"type":"Feature","geometry":{"type":"Point","coordinates":[-51.73514,-29.54762]},"properties":{"nome":"EMEI Pró-infância","tipo":"school","mun":"Paverama","ibge":"4314159"}},{"type":"Feature","geometry":{"type":"Point","coordinates":[-50.76484,-30.1014]},"properties":{"nome":"EEEF Indígena Karaí Nhe e Katu","tipo":"school","mun":"Viamão","ibge":"4323002"}},{"type":"Feature","geometry":{"type":"Point","coordinates":[-53.1366,-28.5636]},"properties":{"nome":"Pavilhão da Comunidade Católica (Salão Paroquial)","tipo":"community_centre","mun":"Ibirubá","ibge":"4310009"}},{"type":"Feature","geometry":{"type":"Point","coordinates":[-51.80416,-28.60984]},"properties":{"nome":"Escola São Lucas","tipo":"school","mun":"Paraí","ibge":"4314001"}},{"type":"Feature","geometry":{"type":"Point","coordinates":[-51.78835,-28.60084]},"properties":{"nome":"Ginásio de esportes","tipo":"sports_centre","mun":"Paraí","ibge":"4314001"}},{"type":"Feature","geometry":{"type":"Point","coordinates":[-52.89281,-30.03588]},"properties":{"nome":"Escola Tonho Natação","tipo":"sports_centre","mun":"Cachoeira do Sul","ibge":"4303004"}},{"type":"Feature","geometry":{"type":"Point","coordinates":[-52.88695,-30.03367]},"properties":{"nome":"Escola Estadual de Ensino Médio Dr. Liberato Salzano Vieira da Cunha","tipo":"school","mun":"Cachoeira do Sul","ibge":"4303004"}},{"type":"Feature","geometry":{"type":"Point","coordinates":[-54.08951,-30.51129]},"properties":{"nome":"Comunidade Nossa Senhora Conquistadora","tipo":"community_centre","mun":"São Gabriel","ibge":"4318309"}},{"type":"Feature","geometry":{"type":"Point","coordinates":[-54.0932,-30.54333]},"properties":{"nome":"EMCEF Baltazar Teixeira da Silveira","tipo":"school","mun":"São Gabriel","ibge":"4318309"}},{"type":"Feature","geometry":{"type":"Point","coordinates":[-50.37077,-29.76535]},"properties":{"nome":"E.E.E.F. Rio dos Sinos","tipo":"school","mun":"Caraá","ibge":"4304713"}},{"type":"Feature","geometry":{"type":"Point","coordinates":[-53.93259,-27.45527]},"properties":{"nome":"Senac","tipo":"school","mun":"Três Passos","ibge":"4321907"}},{"type":"Feature","geometry":{"type":"Point","coordinates":[-51.18989,-29.18535]},"properties":{"nome":"Centro Comunitário Kahler","tipo":"community_centre","mun":"Caxias do Sul","ibge":"4305108"}},{"type":"Feature","geometry":{"type":"Point","coordinates":[-51.20499,-29.18477]},"properties":{"nome":"Centro Comunitário Kayser","tipo":"community_centre","mun":"Caxias do Sul","ibge":"4305108"}},{"type":"Feature","geometry":{"type":"Point","coordinates":[-51.48672,-29.31497]},"properties":{"nome":"ASCLA - Associação dos Funcionários da Santa Clara","tipo":"sports_centre","mun":"Carlos Barbosa","ibge":"4304804"}},{"type":"Feature","geometry":{"type":"Point","coordinates":[-51.50897,-29.34566]},"properties":{"nome":"EMEF São Silvestre","tipo":"school","mun":"Carlos Barbosa","ibge":"4304804"}},{"type":"Feature","geometry":{"type":"Point","coordinates":[-51.50192,-29.37525]},"properties":{"nome":"EMEF Carlos Gomes","tipo":"school","mun":"Barão","ibge":"4301651"}},{"type":"Feature","geometry":{"type":"Point","coordinates":[-51.56642,-29.3878]},"properties":{"nome":"Escola de Ensino Fundamental Senhor do Bom Fim","tipo":"school","mun":"Barão","ibge":"4301651"}},{"type":"Feature","geometry":{"type":"Point","coordinates":[-51.50843,-29.43661]},"properties":{"nome":"EMEF Santo Inácio de Loyola","tipo":"school","mun":"Salvador do Sul","ibge":"4316501"}},{"type":"Feature","geometry":{"type":"Point","coordinates":[-53.88088,-30.33924]},"properties":{"nome":"CTG Sincero Lemes","tipo":"community_centre","mun":"Vila Nova do Sul","ibge":"4323457"}},{"type":"Feature","geometry":{"type":"Point","coordinates":[-51.48338,-29.53804]},"properties":{"nome":"Clube Botafogo","tipo":"sports_centre","mun":"São José do Sul","ibge":"4318614"}},{"type":"Feature","geometry":{"type":"Point","coordinates":[-51.39818,-29.63885]},"properties":{"nome":"EEEM São Francisco de Assis","tipo":"school","mun":"Pareci Novo","ibge":"4314035"}},{"type":"Feature","geometry":{"type":"Point","coordinates":[-51.94794,-29.57378]},"properties":{"nome":"EMEF Pedro Jorge Schmidt","tipo":"school","mun":"Estrela","ibge":"4307807"}},{"type":"Feature","geometry":{"type":"Point","coordinates":[-52.09117,-29.6552]},"properties":{"nome":"Escola Estadual de Ensino Médio Adelina Isabela Konzen","tipo":"school","mun":"Venâncio Aires","ibge":"4322608"}},{"type":"Feature","geometry":{"type":"Point","coordinates":[-50.14218,-29.04689]},"properties":{"nome":"Escola Estadual De Ensino Médio Imaculada Conceição","tipo":"school","mun":"Cambará do Sul","ibge":"4303608"}},{"type":"Feature","geometry":{"type":"Point","coordinates":[-51.38126,-29.59116]},"properties":{"nome":"Centro Comunitário Integrado Navegantes","tipo":"community_centre","mun":"São Sebastião do Caí","ibge":"4319505"}},{"type":"Feature","geometry":{"type":"Point","coordinates":[-51.37637,-29.58826]},"properties":{"nome":"EEEF São Sebastião","tipo":"school","mun":"São Sebastião do Caí","ibge":"4319505"}},{"type":"Feature","geometry":{"type":"Point","coordinates":[-54.15023,-31.64355]},"properties":{"nome":"EMEF São Francisco de Paula","tipo":"school","mun":"Aceguá","ibge":"4300034"}},{"type":"Feature","geometry":{"type":"Point","coordinates":[-53.93277,-27.45569]},"properties":{"nome":"Salão Paroquial","tipo":"community_centre","mun":"Três Passos","ibge":"4321907"}},{"type":"Feature","geometry":{"type":"Point","coordinates":[-50.1498,-29.99622]},"properties":{"nome":"EMEF Marechal Castelo Branco","tipo":"school","mun":"Tramandaí","ibge":"4321600"}},{"type":"Feature","geometry":{"type":"Point","coordinates":[-50.14708,-29.99713]},"properties":{"nome":"EMEF General Luiz Dêntice","tipo":"school","mun":"Tramandaí","ibge":"4321600"}},{"type":"Feature","geometry":{"type":"Point","coordinates":[-50.03483,-29.77626]},"properties":{"nome":"Escola Municipal Naydes Emerim Pereira","tipo":"school","mun":"Xangri-lá","ibge":"4323804"}},{"type":"Feature","geometry":{"type":"Point","coordinates":[-50.052,-29.76989]},"properties":{"nome":"E.M.E.F. PETRONILHA MARIA ALVES DOS SANTOS","tipo":"school","mun":"Xangri-lá","ibge":"4323804"}},{"type":"Feature","geometry":{"type":"Point","coordinates":[-50.05098,-29.77012]},"properties":{"nome":"Salão Paroquial Nossa Senhora do Loreto","tipo":"community_centre","mun":"Xangri-lá","ibge":"4323804"}},{"type":"Feature","geometry":{"type":"Point","coordinates":[-56.0211,-28.63383]},"properties":{"nome":"Escola Estadual de Educação Básica Padre Francisco Garcia","tipo":"school","mun":"São Borja","ibge":"4318002"}},{"type":"Feature","geometry":{"type":"Point","coordinates":[-52.65754,-29.64017]},"properties":{"nome":"Escola Estadual de Ensino Fundamental Incompleto Padre Theodor Amstad","tipo":"school","mun":"Vale do Sol","ibge":"4322533"}},{"type":"Feature","geometry":{"type":"Point","coordinates":[-52.73216,-29.62612]},"properties":{"nome":"Escola Municipal de Ensino Fundamental Pedro I","tipo":"school","mun":"Vale do Sol","ibge":"4322533"}},{"type":"Feature","geometry":{"type":"Point","coordinates":[-51.28824,-28.85342]},"properties":{"nome":"Escola Municipal João XXIII","tipo":"school","mun":"Antônio Prado","ibge":"4300802"}},{"type":"Feature","geometry":{"type":"Point","coordinates":[-51.6428,-28.37339]},"properties":{"nome":"SISMI","tipo":"community_centre","mun":"Ibiraiaras","ibge":"4309902"}},{"type":"Feature","geometry":{"type":"Point","coordinates":[-51.15731,-29.06371]},"properties":{"nome":"Escola Municipal Ensino Fundamental Tiradentes","tipo":"school","mun":"Flores da Cunha","ibge":"4308201"}},{"type":"Feature","geometry":{"type":"Point","coordinates":[-53.72296,-29.69471]},"properties":{"nome":"EMEI Vila Jardim","tipo":"school","mun":"Santa Maria","ibge":"4316907"}},{"type":"Feature","geometry":{"type":"Point","coordinates":[-51.21533,-30.03949]},"properties":{"nome":"Ballet Redenção","tipo":"school","mun":"Porto Alegre","ibge":"4314902"}},{"type":"Feature","geometry":{"type":"Point","coordinates":[-54.91215,-28.7292]},"properties":{"nome":"Escola Estadual Miguel Fernandes","tipo":"school","mun":"Bossoroca","ibge":"4302501"}},{"type":"Feature","geometry":{"type":"Point","coordinates":[-54.91036,-28.72606]},"properties":{"nome":"Escola Estadual  Prof.Haydee Nascimento","tipo":"school","mun":"Bossoroca","ibge":"4302501"}},{"type":"Feature","geometry":{"type":"Point","coordinates":[-54.91087,-28.7308]},"properties":{"nome":"Escola Estadual de Ensino Mèdio Bossoroca","tipo":"school","mun":"Bossoroca","ibge":"4302501"}},{"type":"Feature","geometry":{"type":"Point","coordinates":[-51.21253,-30.03778]},"properties":{"nome":"Escola Estadual de 1° Grau Professora Dinah Néri Pereira","tipo":"school","mun":"Porto Alegre","ibge":"4314902"}},{"type":"Feature","geometry":{"type":"Point","coordinates":[-51.21096,-30.03811]},"properties":{"nome":"Traços & Cores","tipo":"school","mun":"Porto Alegre","ibge":"4314902"}},{"type":"Feature","geometry":{"type":"Point","coordinates":[-51.21165,-30.0372]},"properties":{"nome":"Projeto Escola de 1º grau Incompleto - Unidade 2","tipo":"school","mun":"Porto Alegre","ibge":"4314902"}},{"type":"Feature","geometry":{"type":"Point","coordinates":[-51.21072,-30.04045]},"properties":{"nome":"Carrossel Escola Infantil","tipo":"school","mun":"Porto Alegre","ibge":"4314902"}},{"type":"Feature","geometry":{"type":"Point","coordinates":[-51.33812,-29.2347]},"properties":{"nome":"Sociedade Recreativa e Cultural 1º de Maio","tipo":"sports_centre","mun":"Farroupilha","ibge":"4307906"}},{"type":"Feature","geometry":{"type":"Point","coordinates":[-51.21074,-30.03769]},"properties":{"nome":"Iei Santa Teresinha","tipo":"school","mun":"Porto Alegre","ibge":"4314902"}},{"type":"Feature","geometry":{"type":"Point","coordinates":[-52.92954,-29.97763]},"properties":{"nome":"EMEF Taufik Germano","tipo":"school","mun":"Cachoeira do Sul","ibge":"4303004"}},{"type":"Feature","geometry":{"type":"Point","coordinates":[-52.42707,-29.7132]},"properties":{"nome":"CEMEJA Núcleo Municipal de Educação de Jovens e Adultos","tipo":"school","mun":"Santa Cruz do Sul","ibge":"4316808"}},{"type":"Feature","geometry":{"type":"Point","coordinates":[-52.29284,-29.80947]},"properties":{"nome":"EMEF Nossa Senhora da Saúde","tipo":"school","mun":"Passo do Sobrado","ibge":"4314076"}},{"type":"Feature","geometry":{"type":"Point","coordinates":[-51.22794,-30.03112]},"properties":{"nome":"Tudo fácil - Centro","tipo":"community_centre","mun":"Porto Alegre","ibge":"4314902"}},{"type":"Feature","geometry":{"type":"Point","coordinates":[-51.25513,-30.11192]},"properties":{"nome":"Tudo Fácil Zona Sul","tipo":"community_centre","mun":"Porto Alegre","ibge":"4314902"}},{"type":"Feature","geometry":{"type":"Point","coordinates":[-51.53183,-29.20989]},"properties":{"nome":"Clube Botafogo - Sede Campestre","tipo":"sports_centre","mun":"Garibaldi","ibge":"4308607"}},{"type":"Feature","geometry":{"type":"Point","coordinates":[-51.53386,-29.2571]},"properties":{"nome":"EEEF Santo Antônio","tipo":"school","mun":"Garibaldi","ibge":"4308607"}},{"type":"Feature","geometry":{"type":"Point","coordinates":[-51.19807,-29.16772]},"properties":{"nome":"Escola de Educação Infantil Tia Laura","tipo":"school","mun":"Caxias do Sul","ibge":"4305108"}},{"type":"Feature","geometry":{"type":"Point","coordinates":[-51.20546,-29.19245]},"properties":{"nome":"Centro Comunitário do Bairro Esplanada","tipo":"community_centre","mun":"Caxias do Sul","ibge":"4305108"}},{"type":"Feature","geometry":{"type":"Point","coordinates":[-51.20424,-29.19542]},"properties":{"nome":"EMEI Bom Pastor","tipo":"school","mun":"Caxias do Sul","ibge":"4305108"}},{"type":"Feature","geometry":{"type":"Point","coordinates":[-52.45667,-27.48345]},"properties":{"nome":"Escola Estadual de Ensino Fundamental Marieta Tozzo (EEEFMT)","tipo":"school","mun":"Itatiba do Sul","ibge":"4310702"}},{"type":"Feature","geometry":{"type":"Point","coordinates":[-51.05028,-29.99415]},"properties":{"nome":"Associação de Moradores do Bairro 11 de Abril","tipo":"community_centre","mun":"Alvorada","ibge":"4300604"}},{"type":"Feature","geometry":{"type":"Point","coordinates":[-51.05093,-29.99413]},"properties":{"nome":"Escola Estadual de Ensino Médio Campos Verdes","tipo":"school","mun":"Alvorada","ibge":"4300604"}},{"type":"Feature","geometry":{"type":"Point","coordinates":[-53.87889,-27.3866]},"properties":{"nome":"Escola Estadual Ensino Fundamental Entre Rios","tipo":"school","mun":"Tenente Portela","ibge":"4321402"}},{"type":"Feature","geometry":{"type":"Point","coordinates":[-51.18686,-29.13622]},"properties":{"nome":"Escola de Educação Infantil Alaíde Monteiro","tipo":"school","mun":"Caxias do Sul","ibge":"4305108"}},{"type":"Feature","geometry":{"type":"Point","coordinates":[-51.59076,-29.55819]},"properties":{"nome":"EMEF Leonar Ricardo Bauer","tipo":"school","mun":"Brochier","ibge":"4302659"}},{"type":"Feature","geometry":{"type":"Point","coordinates":[-50.37172,-29.47672]},"properties":{"nome":"Centro Comunitário de Rincão dos Kroeff","tipo":"community_centre","mun":"São Francisco de Paula","ibge":"4318200"}},{"type":"Feature","geometry":{"type":"Point","coordinates":[-51.17313,-29.66854]},"properties":{"nome":"EMEI Veneza","tipo":"school","mun":"Estância Velha","ibge":"4307609"}},{"type":"Feature","geometry":{"type":"Point","coordinates":[-56.03174,-29.14491]},"properties":{"nome":"EMEF Professor José Clair de Almeida Piegas","tipo":"school","mun":"Maçambará","ibge":"4311718"}},{"type":"Feature","geometry":{"type":"Point","coordinates":[-56.06758,-29.14754]},"properties":{"nome":"Instituto Estadual Anibal Benevolo","tipo":"school","mun":"Maçambará","ibge":"4311718"}},{"type":"Feature","geometry":{"type":"Point","coordinates":[-50.43226,-28.68031]},"properties":{"nome":"EMEI Dorvalina Jacoby Silveira","tipo":"school","mun":"Bom Jesus","ibge":"4302303"}},{"type":"Feature","geometry":{"type":"Point","coordinates":[-50.43194,-28.68173]},"properties":{"nome":"EMEF Irmãs Ramos","tipo":"school","mun":"Bom Jesus","ibge":"4302303"}},{"type":"Feature","geometry":{"type":"Point","coordinates":[-50.43472,-28.66552]},"properties":{"nome":"EEEM Frei Getúlio","tipo":"school","mun":"Bom Jesus","ibge":"4302303"}},{"type":"Feature","geometry":{"type":"Point","coordinates":[-50.43693,-28.66703]},"properties":{"nome":"Escola Estadual de Ensino Fundamental Conde de Afonso Celso","tipo":"school","mun":"Bom Jesus","ibge":"4302303"}},{"type":"Feature","geometry":{"type":"Point","coordinates":[-51.53537,-28.93744]},"properties":{"nome":"E.M.E.I. Irmã Laura","tipo":"school","mun":"Veranópolis","ibge":"4322806"}},{"type":"Feature","geometry":{"type":"Point","coordinates":[-51.54136,-28.94092]},"properties":{"nome":"Centro Comunitário Menino Jesus de Praga","tipo":"community_centre","mun":"Veranópolis","ibge":"4322806"}},{"type":"Feature","geometry":{"type":"Point","coordinates":[-53.7334,-29.70508]},"properties":{"nome":"Recanto Beach Sports e Lazer","tipo":"sports_centre","mun":"Santa Maria","ibge":"4316907"}},{"type":"Feature","geometry":{"type":"Point","coordinates":[-51.31794,-29.22204]},"properties":{"nome":"Associação de Moradores do Bairro Monte Pasqual","tipo":"community_centre","mun":"Farroupilha","ibge":"4307906"}},{"type":"Feature","geometry":{"type":"Point","coordinates":[-53.90918,-28.38628]},"properties":{"nome":"Escola Estadual de Ensino Médio Ruy Barbosa","tipo":"school","mun":"Ijuí","ibge":"4310207"}},{"type":"Feature","geometry":{"type":"Point","coordinates":[-51.75606,-27.70955]},"properties":{"nome":"Escola Estadual de Educação Basica Luiza Formighieri","tipo":"school","mun":"Paim Filho","ibge":"4313607"}},{"type":"Feature","geometry":{"type":"Point","coordinates":[-54.01307,-27.87919]},"properties":{"nome":"Ginásio de Esportes","tipo":"sports_centre","mun":"Inhacorá","ibge":"4310413"}},{"type":"Feature","geometry":{"type":"Point","coordinates":[-50.89236,-29.58803]},"properties":{"nome":"River Center","tipo":"sports_centre","mun":"Nova Hartz","ibge":"4313060"}},{"type":"Feature","geometry":{"type":"Point","coordinates":[-53.39451,-28.8194]},"properties":{"nome":"Escola Brasilina Abreu Terra","tipo":"school","mun":"Boa Vista do Incra","ibge":"4302238"}},{"type":"Feature","geometry":{"type":"Point","coordinates":[-50.57521,-29.64264]},"properties":{"nome":"Escola Municipal Oldenburgo","tipo":"school","mun":"Rolante","ibge":"4316006"}},{"type":"Feature","geometry":{"type":"Point","coordinates":[-50.56998,-29.64532]},"properties":{"nome":"Escola Primeiros Passos","tipo":"school","mun":"Rolante","ibge":"4316006"}},{"type":"Feature","geometry":{"type":"Point","coordinates":[-54.1083,-27.48997]},"properties":{"nome":"EMEI Neli Ilse Thomé","tipo":"school","mun":"Crissiumal","ibge":"4306007"}},{"type":"Feature","geometry":{"type":"Point","coordinates":[-50.20566,-29.67728]},"properties":{"nome":"Ginásio de Esportes","tipo":"sports_centre","mun":"Maquiné","ibge":"4311775"}},{"type":"Feature","geometry":{"type":"Point","coordinates":[-54.22099,-29.28613]},"properties":{"nome":"Escola Municipal de Ensino Fundamental São Francisco Xavier","tipo":"school","mun":"Jari","ibge":"4311130"}},{"type":"Feature","geometry":{"type":"Point","coordinates":[-52.2052,-29.60858]},"properties":{"nome":"Ginásio de Esporte São Lucas","tipo":"sports_centre","mun":"Venâncio Aires","ibge":"4322608"}},{"type":"Feature","geometry":{"type":"Point","coordinates":[-52.20454,-29.6129]},"properties":{"nome":"Quadra de esportes da Comunidade do Bairro Aviação","tipo":"sports_centre","mun":"Venâncio Aires","ibge":"4322608"}},{"type":"Feature","geometry":{"type":"Point","coordinates":[-53.87498,-29.70087]},"properties":{"nome":"Associação Comunitário dos Moradores do Bairro Tancredo Neves","tipo":"community_centre","mun":"Santa Maria","ibge":"4316907"}},{"type":"Feature","geometry":{"type":"Point","coordinates":[-50.00295,-29.72209]},"properties":{"nome":"EMEF Prof. Moacyr de Araújo Pires","tipo":"school","mun":"Capão da Canoa","ibge":"4304630"}},{"type":"Feature","geometry":{"type":"Point","coordinates":[-50.00878,-29.73318]},"properties":{"nome":"Escola Infantil Marieta Ferreira Lessa","tipo":"school","mun":"Capão da Canoa","ibge":"4304630"}},{"type":"Feature","geometry":{"type":"Point","coordinates":[-50.08097,-29.86566]},"properties":{"nome":"EMEI Matheus Closs Estrelinha do Mar","tipo":"school","mun":"Osório","ibge":"4313508"}},{"type":"Feature","geometry":{"type":"Point","coordinates":[-50.04261,-29.75766]},"properties":{"nome":"EMEI Jardelino Valdemiro Novaski (Vovô Jorde)","tipo":"school","mun":"Capão da Canoa","ibge":"4304630"}},{"type":"Feature","geometry":{"type":"Point","coordinates":[-52.96455,-29.44876]},"properties":{"nome":"EEEM Cristo Rei","tipo":"school","mun":"Passa Sete","ibge":"4314068"}},{"type":"Feature","geometry":{"type":"Point","coordinates":[-51.39623,-30.69183]},"properties":{"nome":"Parque Municipal de Eventos Paulo Alfonsin Simchen","tipo":"community_centre","mun":"Tapes","ibge":"4321105"}},{"type":"Feature","geometry":{"type":"Point","coordinates":[-51.40903,-30.68299]},"properties":{"nome":"EMEF Professor Clair Boeira Garcia","tipo":"school","mun":"Tapes","ibge":"4321105"}},{"type":"Feature","geometry":{"type":"Point","coordinates":[-51.88878,-28.84415]},"properties":{"nome":"Escola Bandeirantes","tipo":"school","mun":"Guaporé","ibge":"4309407"}},{"type":"Feature","geometry":{"type":"Point","coordinates":[-52.07865,-31.28191]},"properties":{"nome":"Associação dos Moradores do Boqueirão","tipo":"community_centre","mun":"São Lourenço do Sul","ibge":"4318804"}},{"type":"Feature","geometry":{"type":"Point","coordinates":[-51.79924,-30.92068]},"properties":{"nome":"Escola Estadual de Ensino Fundamental Edison Nunes de Campos","tipo":"school","mun":"Camaquã","ibge":"4303509"}},{"type":"Feature","geometry":{"type":"Point","coordinates":[-54.23262,-30.4497]},"properties":{"nome":"Comunidade São Marcos","tipo":"community_centre","mun":"Santa Margarida do Sul","ibge":"4316972"}},{"type":"Feature","geometry":{"type":"Point","coordinates":[-53.71576,-31.54815]},"properties":{"nome":"Escola Municipal de Educação Infantil Odete Lazzare Corrêa","tipo":"school","mun":"Candiota","ibge":"4304358"}},{"type":"Feature","geometry":{"type":"Point","coordinates":[-51.22288,-29.18945]},"properties":{"nome":"AMOB Rosário II","tipo":"community_centre","mun":"Caxias do Sul","ibge":"4305108"}},{"type":"Feature","geometry":{"type":"Point","coordinates":[-52.04526,-30.12654]},"properties":{"nome":"EMEI Leãozinho Sabido","tipo":"school","mun":"Minas do Leão","ibge":"4312252"}},{"type":"Feature","geometry":{"type":"Point","coordinates":[-52.0483,-30.12637]},"properties":{"nome":"E.E.E.M. Engº Frederico Horta Barbosa","tipo":"school","mun":"Minas do Leão","ibge":"4312252"}},{"type":"Feature","geometry":{"type":"Point","coordinates":[-52.0184,-28.75039]},"properties":{"nome":"EMEI Dozolina Zini Pasqualotto","tipo":"school","mun":"União da Serra","ibge":"4322350"}},{"type":"Feature","geometry":{"type":"Point","coordinates":[-52.17464,-28.77919]},"properties":{"nome":"Escola Municipal de Ensino Fundamental João Claudir Caproski","tipo":"school","mun":"Itapuca","ibge":"4310579"}},{"type":"Feature","geometry":{"type":"Point","coordinates":[-51.58924,-27.77083]},"properties":{"nome":"Escola Estadual de Ensino Médio José Gelain","tipo":"school","mun":"São José do Ouro","ibge":"4318606"}},{"type":"Feature","geometry":{"type":"Point","coordinates":[-51.67002,-27.56488]},"properties":{"nome":"Escola Municipal Castro Alves","tipo":"school","mun":"Machadinho","ibge":"4311700"}},{"type":"Feature","geometry":{"type":"Point","coordinates":[-52.31866,-29.24558]},"properties":{"nome":"Escola Fidencio Battisti","tipo":"school","mun":"Progresso","ibge":"4315156"}},{"type":"Feature","geometry":{"type":"Point","coordinates":[-54.22845,-27.64722]},"properties":{"nome":"Escola Estadual Progresso","tipo":"school","mun":"Três de Maio","ibge":"4321808"}},{"type":"Feature","geometry":{"type":"Point","coordinates":[-53.5028,-30.00027]},"properties":{"nome":"Escola Estadual Ensino Fundamental Olívia Lorentz Schumacher","tipo":"school","mun":"Formigueiro","ibge":"4308409"}},{"type":"Feature","geometry":{"type":"Point","coordinates":[-51.38295,-29.17431]},"properties":{"nome":"Salão Paroquial São Marcos","tipo":"community_centre","mun":"Farroupilha","ibge":"4307906"}},{"type":"Feature","geometry":{"type":"Point","coordinates":[-51.35172,-29.20934]},"properties":{"nome":"Colégio Estadual São Tiago","tipo":"school","mun":"Farroupilha","ibge":"4307906"}},{"type":"Feature","geometry":{"type":"Point","coordinates":[-51.34532,-29.2167]},"properties":{"nome":"Salão Comunitário do Bairro Nova Vicenza","tipo":"community_centre","mun":"Farroupilha","ibge":"4307906"}},{"type":"Feature","geometry":{"type":"Point","coordinates":[-50.93367,-28.51053]},"properties":{"nome":"Escola Estadual Ensino Médio Padre Pacífico","tipo":"school","mun":"Vacaria","ibge":"4322509"}},{"type":"Feature","geometry":{"type":"Point","coordinates":[-50.93367,-28.50151]},"properties":{"nome":"Colégio Bom Jesus São José","tipo":"school","mun":"Vacaria","ibge":"4322509"}},{"type":"Feature","geometry":{"type":"Point","coordinates":[-50.94608,-28.50368]},"properties":{"nome":"Escola Estadual de Ensino Fundamental Nossa Senhora da Oliveira","tipo":"school","mun":"Vacaria","ibge":"4322509"}},{"type":"Feature","geometry":{"type":"Point","coordinates":[-51.15836,-29.12522]},"properties":{"nome":"Centro Comuniário Nossa Senhora do Rosário","tipo":"community_centre","mun":"Caxias do Sul","ibge":"4305108"}},{"type":"Feature","geometry":{"type":"Point","coordinates":[-50.93676,-28.50246]},"properties":{"nome":"Escola Estadual de Ensino Médio Padre Efrem","tipo":"school","mun":"Vacaria","ibge":"4322509"}},{"type":"Feature","geometry":{"type":"Point","coordinates":[-51.18005,-29.17585]},"properties":{"nome":"União das Associações de Bairros (UAB)","tipo":"community_centre","mun":"Caxias do Sul","ibge":"4305108"}},{"type":"Feature","geometry":{"type":"Point","coordinates":[-51.33439,-29.23143]},"properties":{"nome":"Escola Estadual de Ensino Médio São Pio X","tipo":"school","mun":"Farroupilha","ibge":"4307906"}},{"type":"Feature","geometry":{"type":"Point","coordinates":[-50.35747,-28.88463]},"properties":{"nome":"Escola Estadual Professora Deotilia Cardoso Lopes","tipo":"school","mun":"Jaquirana","ibge":"4311122"}},{"type":"Feature","geometry":{"type":"Point","coordinates":[-51.14699,-29.14971]},"properties":{"nome":"Centro Comunitário De Lazzer I","tipo":"community_centre","mun":"Caxias do Sul","ibge":"4305108"}},{"type":"Feature","geometry":{"type":"Point","coordinates":[-53.9285,-28.38766]},"properties":{"nome":"ginásio de esportes - São Geraldo","tipo":"sports_centre","mun":"Ijuí","ibge":"4310207"}},{"type":"Feature","geometry":{"type":"Point","coordinates":[-53.93874,-28.38815]},"properties":{"nome":"Centro Comunitario Martim Lutero","tipo":"community_centre","mun":"Ijuí","ibge":"4310207"}},{"type":"Feature","geometry":{"type":"Point","coordinates":[-51.16506,-29.19366]},"properties":{"nome":"EMEF São Vitor","tipo":"school","mun":"Caxias do Sul","ibge":"4305108"}},{"type":"Feature","geometry":{"type":"Point","coordinates":[-51.19008,-29.15985]},"properties":{"nome":"EEEM João Triches","tipo":"school","mun":"Caxias do Sul","ibge":"4305108"}},{"type":"Feature","geometry":{"type":"Point","coordinates":[-51.18975,-29.161]},"properties":{"nome":"Edificare - Escola de Ensino Médio","tipo":"school","mun":"Caxias do Sul","ibge":"4305108"}},{"type":"Feature","geometry":{"type":"Point","coordinates":[-51.21813,-29.15214]},"properties":{"nome":"EMEF Arnaldo Balvê","tipo":"school","mun":"Caxias do Sul","ibge":"4305108"}},{"type":"Feature","geometry":{"type":"Point","coordinates":[-54.68132,-28.04323]},"properties":{"nome":"Escola Estadual Athayde Pacheco Martins","tipo":"school","mun":"Ubiretama","ibge":"4322343"}},{"type":"Feature","geometry":{"type":"Point","coordinates":[-51.19417,-29.17872]},"properties":{"nome":"College English School","tipo":"school","mun":"Caxias do Sul","ibge":"4305108"}},{"type":"Feature","geometry":{"type":"Point","coordinates":[-51.30475,-29.21525]},"properties":{"nome":"Associação Atlética Banco do Brasil","tipo":"sports_centre","mun":"Farroupilha","ibge":"4307906"}},{"type":"Feature","geometry":{"type":"Point","coordinates":[-51.2094,-29.16775]},"properties":{"nome":"Centro Comunitário Centenário I","tipo":"community_centre","mun":"Caxias do Sul","ibge":"4305108"}},{"type":"Feature","geometry":{"type":"Point","coordinates":[-51.32328,-29.21018]},"properties":{"nome":"Salão do Centenário","tipo":"community_centre","mun":"Farroupilha","ibge":"4307906"}},{"type":"Feature","geometry":{"type":"Point","coordinates":[-51.2243,-29.18461]},"properties":{"nome":"Centro Comunitário São Gabriel","tipo":"community_centre","mun":"Caxias do Sul","ibge":"4305108"}},{"type":"Feature","geometry":{"type":"Point","coordinates":[-51.57064,-29.18712]},"properties":{"nome":"EMEF Lóris Antônio Pasquali Reali","tipo":"school","mun":"Bento Gonçalves","ibge":"4302105"}},{"type":"Feature","geometry":{"type":"Point","coordinates":[-51.11165,-29.09271]},"properties":{"nome":"EMEF Afonso Secco","tipo":"school","mun":"Caxias do Sul","ibge":"4305108"}},{"type":"Feature","geometry":{"type":"Point","coordinates":[-51.12805,-29.10465]},"properties":{"nome":"EMEF Engº Dario Granja Sant'Anna","tipo":"school","mun":"Caxias do Sul","ibge":"4305108"}},{"type":"Feature","geometry":{"type":"Point","coordinates":[-52.17308,-29.61003]},"properties":{"nome":"Escola Estadual de Ensino Médio Crescer","tipo":"school","mun":"Venâncio Aires","ibge":"4322608"}},{"type":"Feature","geometry":{"type":"Point","coordinates":[-51.66284,-28.95942]},"properties":{"nome":"Produção Teatral","tipo":"school","mun":"Cotiporã","ibge":"4305959"}},{"type":"Feature","geometry":{"type":"Point","coordinates":[-51.69619,-28.99798]},"properties":{"nome":"Silvane Zanella Marcon","tipo":"school","mun":"Cotiporã","ibge":"4305959"}},{"type":"Feature","geometry":{"type":"Point","coordinates":[-51.1936,-29.19557]},"properties":{"nome":"EMEF Basílio Tcacenco","tipo":"school","mun":"Caxias do Sul","ibge":"4305108"}},{"type":"Feature","geometry":{"type":"Point","coordinates":[-51.1777,-29.13706]},"properties":{"nome":"EMEF Professora Ester Justina Troian Benvenutti","tipo":"school","mun":"Caxias do Sul","ibge":"4305108"}},{"type":"Feature","geometry":{"type":"Point","coordinates":[-52.90017,-30.00639]},"properties":{"nome":"EMEI Professora Júlia Tavares","tipo":"school","mun":"Cachoeira do Sul","ibge":"4303004"}},{"type":"Feature","geometry":{"type":"Point","coordinates":[-52.90644,-30.05303]},"properties":{"nome":"Escola Estadual de Ensino Fundamental Angelina Salzano Vieira da Cunha","tipo":"school","mun":"Cachoeira do Sul","ibge":"4303004"}},{"type":"Feature","geometry":{"type":"Point","coordinates":[-52.91139,-30.02193]},"properties":{"nome":"EMEF Dr. Getúlio Vargas","tipo":"school","mun":"Cachoeira do Sul","ibge":"4303004"}},{"type":"Feature","geometry":{"type":"Point","coordinates":[-52.9096,-30.02784]},"properties":{"nome":"Escola Estadual Vital Brasil","tipo":"school","mun":"Cachoeira do Sul","ibge":"4303004"}},{"type":"Feature","geometry":{"type":"Point","coordinates":[-52.90559,-30.03638]},"properties":{"nome":"Escola Estadual de Ensino Fundamental Cândida Fortes Brandão","tipo":"school","mun":"Cachoeira do Sul","ibge":"4303004"}},{"type":"Feature","geometry":{"type":"Point","coordinates":[-57.05015,-29.78263]},"properties":{"nome":"AABB Uruguaiana","tipo":"sports_centre","mun":"Uruguaiana","ibge":"4322400"}},{"type":"Feature","geometry":{"type":"Point","coordinates":[-51.18879,-29.16388]},"properties":{"nome":"Comunidade Católica Oásis","tipo":"community_centre","mun":"Caxias do Sul","ibge":"4305108"}},{"type":"Feature","geometry":{"type":"Point","coordinates":[-51.19215,-29.00943]},"properties":{"nome":"Sociedade Recreativa Aquarius","tipo":"sports_centre","mun":"Flores da Cunha","ibge":"4308201"}},{"type":"Feature","geometry":{"type":"Point","coordinates":[-51.17837,-28.99366]},"properties":{"nome":"SER Flamengo","tipo":"sports_centre","mun":"Flores da Cunha","ibge":"4308201"}},{"type":"Feature","geometry":{"type":"Point","coordinates":[-51.1404,-29.15943]},"properties":{"nome":"Associação de Moradores do Bairro Diamantino","tipo":"community_centre","mun":"Caxias do Sul","ibge":"4305108"}},{"type":"Feature","geometry":{"type":"Point","coordinates":[-51.2795,-29.2154]},"properties":{"nome":"Escola Cenecista São Vicente","tipo":"school","mun":"Caxias do Sul","ibge":"4305108"}},{"type":"Feature","geometry":{"type":"Point","coordinates":[-51.26295,-28.86646]},"properties":{"nome":"Clínica H2fisiO","tipo":"sports_centre","mun":"Antônio Prado","ibge":"4300802"}},{"type":"Feature","geometry":{"type":"Point","coordinates":[-51.45631,-29.24465]},"properties":{"nome":"EMEF Carlos Paese","tipo":"school","mun":"Farroupilha","ibge":"4307906"}},{"type":"Feature","geometry":{"type":"Point","coordinates":[-50.78335,-29.65061]},"properties":{"nome":"Escola Estadual de Ensino Fundamental Rodolfo Von Ihering","tipo":"school","mun":"Taquara","ibge":"4321204"}},{"type":"Feature","geometry":{"type":"Point","coordinates":[-51.63247,-29.95943]},"properties":{"nome":"Escola Municipal de Ensino Fundamental Pio XII","tipo":"school","mun":"Charqueadas","ibge":"4305355"}},{"type":"Feature","geometry":{"type":"Point","coordinates":[-51.35213,-29.22611]},"properties":{"nome":"CNEC Farroupilha","tipo":"school","mun":"Farroupilha","ibge":"4307906"}},{"type":"Feature","geometry":{"type":"Point","coordinates":[-51.05249,-29.67796]},"properties":{"nome":"Escola Estadual de Ensino Médio Ildefonso Pinto","tipo":"school","mun":"Campo Bom","ibge":"4303905"}},{"type":"Feature","geometry":{"type":"Point","coordinates":[-50.92088,-29.63552]},"properties":{"nome":"Escola Munícipal de Ensino Fundamental Francisca Isabel","tipo":"school","mun":"Araricá","ibge":"4300877"}},{"type":"Feature","geometry":{"type":"Point","coordinates":[-50.82736,-29.36456]},"properties":{"nome":"Escola Estadual de Ensino Fundamental Pedro Oscar Selbach","tipo":"school","mun":"Canela","ibge":"4304408"}},{"type":"Feature","geometry":{"type":"Point","coordinates":[-50.8296,-29.36542]},"properties":{"nome":"Escola Municipal de Educação Infantil Serafina Seibt","tipo":"school","mun":"Canela","ibge":"4304408"}},{"type":"Feature","geometry":{"type":"Point","coordinates":[-50.85189,-29.35875]},"properties":{"nome":"E.M.E.F. Maximiliano Hahn","tipo":"school","mun":"Gramado","ibge":"4309100"}},{"type":"Feature","geometry":{"type":"Point","coordinates":[-51.12661,-29.59564]},"properties":{"nome":"Colônia Japonesa","tipo":"community_centre","mun":"Ivoti","ibge":"4310801"}},{"type":"Feature","geometry":{"type":"Point","coordinates":[-51.17903,-29.51776]},"properties":{"nome":"Escola Estadual de Ensino Fundamental Guilherme Exner","tipo":"school","mun":"Presidente Lucena","ibge":"4315149"}},{"type":"Feature","geometry":{"type":"Point","coordinates":[-51.18404,-29.54426]},"properties":{"nome":"EMEF Nova Vila","tipo":"school","mun":"Presidente Lucena","ibge":"4315149"}},{"type":"Feature","geometry":{"type":"Point","coordinates":[-51.13584,-28.84301]},"properties":{"nome":"Escola Estadual Álvaro Laureano Brum","tipo":"school","mun":"Campestre da Serra","ibge":"4303673"}},{"type":"Feature","geometry":{"type":"Point","coordinates":[-51.00016,-29.63017]},"properties":{"nome":"Escola de Ensino Médio Duque","tipo":"school","mun":"Sapiranga","ibge":"4319901"}},{"type":"Feature","geometry":{"type":"Point","coordinates":[-50.9645,-29.6253]},"properties":{"nome":"Centro Municipal de Educação Ayrton Senna","tipo":"school","mun":"Sapiranga","ibge":"4319901"}},{"type":"Feature","geometry":{"type":"Point","coordinates":[-51.31207,-29.45534]},"properties":{"nome":"E.E.E.F. Maria Saturnina Ruschel","tipo":"school","mun":"Feliz","ibge":"4308102"}},{"type":"Feature","geometry":{"type":"Point","coordinates":[-51.30256,-29.45134]},"properties":{"nome":"Colégio Estadual Professor Jacob Milton Bennemann","tipo":"school","mun":"Feliz","ibge":"4308102"}},{"type":"Feature","geometry":{"type":"Point","coordinates":[-50.97317,-29.62522]},"properties":{"nome":"Instituto Estadual Professora Nena - CIEP","tipo":"school","mun":"Sapiranga","ibge":"4319901"}},{"type":"Feature","geometry":{"type":"Point","coordinates":[-50.77425,-29.6666]},"properties":{"nome":"E.M.E.I Leonel de Moura Brizola","tipo":"school","mun":"Taquara","ibge":"4321204"}},{"type":"Feature","geometry":{"type":"Point","coordinates":[-50.77511,-29.67332]},"properties":{"nome":"Escola Estadual de Ensino Médio Willibaldo Bernardo Samrsla","tipo":"school","mun":"Taquara","ibge":"4321204"}},{"type":"Feature","geometry":{"type":"Point","coordinates":[-51.70554,-28.50345]},"properties":{"nome":"Escola Municipal de Ensino Fundamental Padre Benício Tamanini","tipo":"school","mun":"São Jorge","ibge":"4318440"}},{"type":"Feature","geometry":{"type":"Point","coordinates":[-52.53418,-31.26603]},"properties":{"nome":"Pista Auto Cross Hervalense","tipo":"sports_centre","mun":"Canguçu","ibge":"4304507"}},{"type":"Feature","geometry":{"type":"Point","coordinates":[-51.51327,-29.28785]},"properties":{"nome":"Centro Educativo Crescer","tipo":"school","mun":"Carlos Barbosa","ibge":"4304804"}},{"type":"Feature","geometry":{"type":"Point","coordinates":[-51.92485,-28.71378]},"properties":{"nome":"Escola Municipal de Ensino Fundamental Guerino Massolini","tipo":"school","mun":"Serafina Corrêa","ibge":"4320404"}},{"type":"Feature","geometry":{"type":"Point","coordinates":[-51.15275,-29.74077]},"properties":{"nome":"Escola Municipal Otília Carvalho Rieth","tipo":"school","mun":"São Leopoldo","ibge":"4318705"}},{"type":"Feature","geometry":{"type":"Point","coordinates":[-52.37578,-30.18825]},"properties":{"nome":"Escola Municipal Pantano Grande","tipo":"school","mun":"Pantano Grande","ibge":"4313953"}},{"type":"Feature","geometry":{"type":"Point","coordinates":[-52.38774,-30.19668]},"properties":{"nome":"Escola Municipal Dário Lopes de Almeida","tipo":"school","mun":"Pantano Grande","ibge":"4313953"}},{"type":"Feature","geometry":{"type":"Point","coordinates":[-52.37536,-30.19343]},"properties":{"nome":"EEEM Pedro Nunes de Oliveira","tipo":"school","mun":"Pantano Grande","ibge":"4313953"}},{"type":"Feature","geometry":{"type":"Point","coordinates":[-52.36478,-30.19118]},"properties":{"nome":"Escola Municipal Hermínio Frantz","tipo":"school","mun":"Pantano Grande","ibge":"4313953"}},{"type":"Feature","geometry":{"type":"Point","coordinates":[-51.19123,-29.1784]},"properties":{"nome":"AMOB Rio Branco","tipo":"community_centre","mun":"Caxias do Sul","ibge":"4305108"}},{"type":"Feature","geometry":{"type":"Point","coordinates":[-51.07094,-28.95567]},"properties":{"nome":"EMEF Ruy Henrique Nicoletti","tipo":"school","mun":"São Marcos","ibge":"4319000"}},{"type":"Feature","geometry":{"type":"Point","coordinates":[-51.06099,-30.05678]},"properties":{"nome":"Escola Caminho do Meio","tipo":"school","mun":"Viamão","ibge":"4323002"}},{"type":"Feature","geometry":{"type":"Point","coordinates":[-51.21005,-30.18525]},"properties":{"nome":"EMEI Ponta Grossa","tipo":"school","mun":"Porto Alegre","ibge":"4314902"}},{"type":"Feature","geometry":{"type":"Point","coordinates":[-51.20938,-30.18534]},"properties":{"nome":"Escola Estadual de Ensino Fundamental Dr. José Loureiro da Silva","tipo":"school","mun":"Porto Alegre","ibge":"4314902"}},{"type":"Feature","geometry":{"type":"Point","coordinates":[-53.72898,-29.70606]},"properties":{"nome":"Athletic Fit","tipo":"sports_centre","mun":"Santa Maria","ibge":"4316907"}},{"type":"Feature","geometry":{"type":"Point","coordinates":[-53.7584,-28.23721]},"properties":{"nome":"Escola Municipal de Educação Infantil João Carlini","tipo":"school","mun":"Ajuricaba","ibge":"4300208"}},{"type":"Feature","geometry":{"type":"Point","coordinates":[-51.66034,-27.77005]},"properties":{"nome":"E.E. Sílvio Dal Moro","tipo":"school","mun":"Cacique Doble","ibge":"4303202"}},{"type":"Feature","geometry":{"type":"Point","coordinates":[-51.66783,-27.76987]},"properties":{"nome":"E.M.E.F. Ivone Demarini","tipo":"school","mun":"Cacique Doble","ibge":"4303202"}},{"type":"Feature","geometry":{"type":"Point","coordinates":[-53.67134,-27.53188]},"properties":{"nome":"Escola Estadual Ensino Fundamental Osmar Hermann","tipo":"school","mun":"Miraguaí","ibge":"4312302"}},{"type":"Feature","geometry":{"type":"Point","coordinates":[-51.16288,-29.93056]},"properties":{"nome":"Associação Atlética Banco do Brasil","tipo":"sports_centre","mun":"Canoas","ibge":"4304606"}},{"type":"Feature","geometry":{"type":"Point","coordinates":[-52.19179,-29.65825]},"properties":{"nome":"CTG Lenço Branco","tipo":"community_centre","mun":"Venâncio Aires","ibge":"4322608"}},{"type":"Feature","geometry":{"type":"Point","coordinates":[-51.12586,-29.17846]},"properties":{"nome":"EMEF São Valentin","tipo":"school","mun":"Caxias do Sul","ibge":"4305108"}},{"type":"Feature","geometry":{"type":"Point","coordinates":[-51.12036,-29.13283]},"properties":{"nome":"Escola Municipal de Ensino Fundamental Bento Gonçalves da Silva","tipo":"school","mun":"Caxias do Sul","ibge":"4305108"}},{"type":"Feature","geometry":{"type":"Point","coordinates":[-51.76701,-29.41677]},"properties":{"nome":"EEEM Westfália","tipo":"school","mun":"Westfália","ibge":"4323770"}},{"type":"Feature","geometry":{"type":"Point","coordinates":[-51.7662,-29.41769]},"properties":{"nome":"Bloco B da EMEF Vila Schmidt","tipo":"school","mun":"Westfália","ibge":"4323770"}},{"type":"Feature","geometry":{"type":"Point","coordinates":[-51.76688,-29.41722]},"properties":{"nome":"EMEF Vila Schmidt","tipo":"school","mun":"Westfália","ibge":"4323770"}},{"type":"Feature","geometry":{"type":"Point","coordinates":[-50.69074,-29.60915]},"properties":{"nome":"Escola Estadual de Ensino Médio Profa. Herminia Gaewersen Marques","tipo":"school","mun":"Taquara","ibge":"4321204"}},{"type":"Feature","geometry":{"type":"Point","coordinates":[-50.80936,-29.37246]},"properties":{"nome":"EMEF Santa Terezinha","tipo":"school","mun":"Canela","ibge":"4304408"}},{"type":"Feature","geometry":{"type":"Point","coordinates":[-53.76431,-29.69196]},"properties":{"nome":"EMEF Lourenço Dalla Corte","tipo":"school","mun":"Santa Maria","ibge":"4316907"}},{"type":"Feature","geometry":{"type":"Point","coordinates":[-53.78507,-29.69612]},"properties":{"nome":"Colégio Máximo Palotino","tipo":"school","mun":"Santa Maria","ibge":"4316907"}},{"type":"Feature","geometry":{"type":"Point","coordinates":[-52.5211,-29.53869]},"properties":{"nome":"E.M.E.F. Nsa. Sra. da Glória","tipo":"school","mun":"Sinimbu","ibge":"4320677"}},{"type":"Feature","geometry":{"type":"Point","coordinates":[-51.80554,-29.42739]},"properties":{"nome":"EMEF Getúlio Vargas","tipo":"school","mun":"Teutônia","ibge":"4321451"}},{"type":"Feature","geometry":{"type":"Point","coordinates":[-51.10584,-29.95148]},"properties":{"nome":"Escola Adventista Cachoeirinha","tipo":"school","mun":"Cachoeirinha","ibge":"4303103"}},{"type":"Feature","geometry":{"type":"Point","coordinates":[-51.10528,-29.95209]},"properties":{"nome":"Escola Municipal Papa João XXIII","tipo":"school","mun":"Cachoeirinha","ibge":"4303103"}},{"type":"Feature","geometry":{"type":"Point","coordinates":[-52.83502,-31.86761]},"properties":{"nome":"Escola municipal Getúlio Vargas","tipo":"school","mun":"Pedro Osório","ibge":"4314209"}},{"type":"Feature","geometry":{"type":"Point","coordinates":[-51.3621,-29.23334]},"properties":{"nome":"Escola Estadual de Ensino Fundamental Vivian Maggioni","tipo":"school","mun":"Farroupilha","ibge":"4307906"}},{"type":"Feature","geometry":{"type":"Point","coordinates":[-52.50363,-29.71837]},"properties":{"nome":"Escola Anchieta","tipo":"school","mun":"Vera Cruz","ibge":"4322707"}},{"type":"Feature","geometry":{"type":"Point","coordinates":[-52.51361,-29.71767]},"properties":{"nome":"EEEF Paraguaçu","tipo":"school","mun":"Vera Cruz","ibge":"4322707"}},{"type":"Feature","geometry":{"type":"Point","coordinates":[-52.51503,-29.71791]},"properties":{"nome":"E.M.E.I Dona Dionéa","tipo":"school","mun":"Vera Cruz","ibge":"4322707"}},{"type":"Feature","geometry":{"type":"Point","coordinates":[-52.51564,-29.71797]},"properties":{"nome":"Escola Municipal de Educação Infantil Raio de Luz","tipo":"school","mun":"Vera Cruz","ibge":"4322707"}},{"type":"Feature","geometry":{"type":"Point","coordinates":[-52.51228,-29.72107]},"properties":{"nome":"Escola Municipal de Ensino Fundamental João Carlos Rech","tipo":"school","mun":"Vera Cruz","ibge":"4322707"}},{"type":"Feature","geometry":{"type":"Point","coordinates":[-53.05482,-27.74806]},"properties":{"nome":"Escola Municipal Herrmann Mayer","tipo":"school","mun":"Novo Xingu","ibge":"4313466"}},{"type":"Feature","geometry":{"type":"Point","coordinates":[-52.5024,-29.71494]},"properties":{"nome":"EEEF Ten. José Jerônimo Mesquita","tipo":"school","mun":"Vera Cruz","ibge":"4322707"}},{"type":"Feature","geometry":{"type":"Point","coordinates":[-50.13176,-29.98739]},"properties":{"nome":"Escola Municipal de Ensino Fundamental Cândido Osório da Rosa","tipo":"school","mun":"Tramandaí","ibge":"4321600"}},{"type":"Feature","geometry":{"type":"Point","coordinates":[-51.11746,-29.12121]},"properties":{"nome":"E.E.I. Geny Adélia Dalle Molle","tipo":"school","mun":"Caxias do Sul","ibge":"4305108"}},{"type":"Feature","geometry":{"type":"Point","coordinates":[-51.11523,-29.12052]},"properties":{"nome":"E.M.E.F. Professora Marianinha de Queiroz","tipo":"school","mun":"Caxias do Sul","ibge":"4305108"}},{"type":"Feature","geometry":{"type":"Point","coordinates":[-51.53601,-29.28873]},"properties":{"nome":"Salão Comunitário Linha Vitória","tipo":"community_centre","mun":"Carlos Barbosa","ibge":"4304804"}},{"type":"Feature","geometry":{"type":"Point","coordinates":[-51.16368,-29.16119]},"properties":{"nome":"EEEF Ivanyr Euclinia Marchioro","tipo":"school","mun":"Caxias do Sul","ibge":"4305108"}},{"type":"Feature","geometry":{"type":"Point","coordinates":[-51.16287,-29.16131]},"properties":{"nome":"Escola de Ensino Fundamental Raio de Luz","tipo":"school","mun":"Caxias do Sul","ibge":"4305108"}},{"type":"Feature","geometry":{"type":"Point","coordinates":[-50.20345,-30.17194]},"properties":{"nome":"Escola Marcílio Dias","tipo":"school","mun":"Cidreira","ibge":"4305454"}},{"type":"Feature","geometry":{"type":"Point","coordinates":[-50.21417,-30.17498]},"properties":{"nome":"EEEF Herlita Silveira Teixeira","tipo":"school","mun":"Cidreira","ibge":"4305454"}},{"type":"Feature","geometry":{"type":"Point","coordinates":[-53.87,-31.40823]},"properties":{"nome":"Escola Municipal de Ensino Fundamental Monteiro Lobato","tipo":"school","mun":"Hulha Negra","ibge":"4309654"}},{"type":"Feature","geometry":{"type":"Point","coordinates":[-51.15282,-29.4676]},"properties":{"nome":"Escola Estadual Décio","tipo":"school","mun":"Picada Café","ibge":"4314423"}},{"type":"Feature","geometry":{"type":"Point","coordinates":[-50.58698,-29.78735]},"properties":{"nome":"Escola Municipal de Ensino Fundamental Manoel Machado Santos","tipo":"school","mun":"Santo Antônio da Patrulha","ibge":"4317608"}},{"type":"Feature","geometry":{"type":"Point","coordinates":[-52.07766,-28.65026]},"properties":{"nome":"EMEI Picoli Bambini","tipo":"school","mun":"Montauri","ibge":"4312351"}},{"type":"Feature","geometry":{"type":"Point","coordinates":[-50.99531,-29.88002]},"properties":{"nome":"EMEF Duque de Caxias","tipo":"school","mun":"Gravataí","ibge":"4309209"}},{"type":"Feature","geometry":{"type":"Point","coordinates":[-51.05716,-29.91816]},"properties":{"nome":"Escola Cristã Jerusalém","tipo":"school","mun":"Gravataí","ibge":"4309209"}},{"type":"Feature","geometry":{"type":"Point","coordinates":[-51.06086,-29.91921]},"properties":{"nome":"Associação da Morada do Vale I (AMOVAL)","tipo":"community_centre","mun":"Gravataí","ibge":"4309209"}},{"type":"Feature","geometry":{"type":"Point","coordinates":[-51.16823,-27.8756]},"properties":{"nome":"Escola Tadeu Silveira","tipo":"school","mun":"Pinhal da Serra","ibge":"4314464"}},{"type":"Feature","geometry":{"type":"Point","coordinates":[-53.43753,-29.57874]},"properties":{"nome":"EMEF Paulo Freire","tipo":"school","mun":"Faxinal do Soturno","ibge":"4308003"}},{"type":"Feature","geometry":{"type":"Point","coordinates":[-53.30355,-29.64894]},"properties":{"nome":"Sociedade Cultural Esportiva União","tipo":"sports_centre","mun":"Agudo","ibge":"4300109"}},{"type":"Feature","geometry":{"type":"Point","coordinates":[-51.14386,-29.73322]},"properties":{"nome":"EEEF Firmino Acauan","tipo":"school","mun":"São Leopoldo","ibge":"4318705"}},{"type":"Feature","geometry":{"type":"Point","coordinates":[-52.89517,-30.03251]},"properties":{"nome":"EEEF Juvêncio Soares","tipo":"school","mun":"Cachoeira do Sul","ibge":"4303004"}},{"type":"Feature","geometry":{"type":"Point","coordinates":[-51.95076,-30.11035]},"properties":{"nome":"Escola Dr. Roberto Cardoso (CIEP)","tipo":"school","mun":"Butiá","ibge":"4302709"}},{"type":"Feature","geometry":{"type":"Point","coordinates":[-51.33792,-29.27405]},"properties":{"nome":"EMEF Santa Cruz","tipo":"school","mun":"Farroupilha","ibge":"4307906"}},{"type":"Feature","geometry":{"type":"Point","coordinates":[-51.21246,-30.03402]},"properties":{"nome":"Hebraica -RS","tipo":"sports_centre","mun":"Porto Alegre","ibge":"4314902"}},{"type":"Feature","geometry":{"type":"Point","coordinates":[-51.21074,-30.0341]},"properties":{"nome":"Bijam Escola de Yoga","tipo":"school","mun":"Porto Alegre","ibge":"4314902"}},{"type":"Feature","geometry":{"type":"Point","coordinates":[-51.48945,-29.15764]},"properties":{"nome":"EMEF Professora Maria Margarida Zambon Benini","tipo":"school","mun":"Bento Gonçalves","ibge":"4302105"}},{"type":"Feature","geometry":{"type":"Point","coordinates":[-52.3917,-28.31708]},"properties":{"nome":"Roselândia Parque Clube","tipo":"community_centre","mun":"Passo Fundo","ibge":"4314100"}},{"type":"Feature","geometry":{"type":"Point","coordinates":[-51.34097,-29.23071]},"properties":{"nome":"Centro Comunitário Luterano","tipo":"community_centre","mun":"Farroupilha","ibge":"4307906"}},{"type":"Feature","geometry":{"type":"Point","coordinates":[-51.18713,-29.8479]},"properties":{"nome":"Escola Estadual Bairro do Parque","tipo":"school","mun":"Esteio","ibge":"4307708"}},{"type":"Feature","geometry":{"type":"Point","coordinates":[-51.18873,-29.14815]},"properties":{"nome":"Associação Rec. Esportiva São José","tipo":"community_centre","mun":"Caxias do Sul","ibge":"4305108"}},{"type":"Feature","geometry":{"type":"Point","coordinates":[-51.04997,-29.99833]},"properties":{"nome":"EEEM Mário Quintana","tipo":"school","mun":"Alvorada","ibge":"4300604"}},{"type":"Feature","geometry":{"type":"Point","coordinates":[-51.04858,-29.9933]},"properties":{"nome":"Escola Municipal Normélio Pereira de Barcelos","tipo":"school","mun":"Alvorada","ibge":"4300604"}},{"type":"Feature","geometry":{"type":"Point","coordinates":[-51.04866,-29.99378]},"properties":{"nome":"EMEI Pedro Antônio Pereira de Godoi","tipo":"school","mun":"Alvorada","ibge":"4300604"}},{"type":"Feature","geometry":{"type":"Point","coordinates":[-53.82158,-29.67758]},"properties":{"nome":"Escola Municipal de Ensino Fundamental Euclides da Cunha","tipo":"school","mun":"Santa Maria","ibge":"4316907"}},{"type":"Feature","geometry":{"type":"Point","coordinates":[-53.829,-29.67657]},"properties":{"nome":"Escola Municipal de Ensino Fundamental São João Batista","tipo":"school","mun":"Santa Maria","ibge":"4316907"}},{"type":"Feature","geometry":{"type":"Point","coordinates":[-51.18069,-29.84443]},"properties":{"nome":"EMEI Irmã Sibila Ana Burin","tipo":"school","mun":"Esteio","ibge":"4307708"}},{"type":"Feature","geometry":{"type":"Point","coordinates":[-51.16377,-29.81063]},"properties":{"nome":"E.E.E.B. Marcus Vinícius de Moraes","tipo":"school","mun":"Sapucaia do Sul","ibge":"4320008"}},{"type":"Feature","geometry":{"type":"Point","coordinates":[-51.15986,-29.8065]},"properties":{"nome":"ACM Vila Feliz","tipo":"community_centre","mun":"Sapucaia do Sul","ibge":"4320008"}},{"type":"Feature","geometry":{"type":"Point","coordinates":[-51.01992,-29.93952]},"properties":{"nome":"EMEI Cohab C","tipo":"school","mun":"Gravataí","ibge":"4309209"}},{"type":"Feature","geometry":{"type":"Point","coordinates":[-51.01732,-29.94028]},"properties":{"nome":"EEEM Heitor Villa-Lobos","tipo":"school","mun":"Gravataí","ibge":"4309209"}},{"type":"Feature","geometry":{"type":"Point","coordinates":[-51.19626,-29.92307]},"properties":{"nome":"EMEI Marilene da Silva Machado","tipo":"school","mun":"Canoas","ibge":"4304606"}},{"type":"Feature","geometry":{"type":"Point","coordinates":[-51.19518,-29.93446]},"properties":{"nome":"EMEF Assis Brasil","tipo":"school","mun":"Canoas","ibge":"4304606"}},{"type":"Feature","geometry":{"type":"Point","coordinates":[-50.67476,-29.84227]},"properties":{"nome":"EEEF Antônio Carlos","tipo":"school","mun":"Santo Antônio da Patrulha","ibge":"4317608"}},{"type":"Feature","geometry":{"type":"Point","coordinates":[-50.07469,-29.85544]},"properties":{"nome":"EMEI Rainha do Mar","tipo":"school","mun":"Xangri-lá","ibge":"4323804"}},{"type":"Feature","geometry":{"type":"Point","coordinates":[-49.95691,-29.64268]},"properties":{"nome":"Escola Estadual de Ensino Fundamental Emílio Tarrago Assumpção","tipo":"school","mun":"Capão da Canoa","ibge":"4304630"}},{"type":"Feature","geometry":{"type":"Point","coordinates":[-51.09255,-29.92427]},"properties":{"nome":"EMEF Jardim do Bosque","tipo":"school","mun":"Cachoeirinha","ibge":"4303103"}},{"type":"Feature","geometry":{"type":"Point","coordinates":[-51.0886,-29.92981]},"properties":{"nome":"EMEI Ema Borges dos Santos","tipo":"school","mun":"Cachoeirinha","ibge":"4303103"}},{"type":"Feature","geometry":{"type":"Point","coordinates":[-51.48712,-29.61445]},"properties":{"nome":"Centro Social, Cultural e Esportivo de Campo do Meio","tipo":"community_centre","mun":"Montenegro","ibge":"4312401"}},{"type":"Feature","geometry":{"type":"Point","coordinates":[-51.18048,-29.19748]},"properties":{"nome":"Centro Comunitário Santos Dumont","tipo":"community_centre","mun":"Caxias do Sul","ibge":"4305108"}},{"type":"Feature","geometry":{"type":"Point","coordinates":[-57.08936,-29.75626]},"properties":{"nome":"Instituto Estadual Romaguera Côrrea","tipo":"school","mun":"Uruguaiana","ibge":"4322400"}},{"type":"Feature","geometry":{"type":"Point","coordinates":[-54.88919,-28.12215]},"properties":{"nome":"Escola Estadual Professor Pedro José Scher","tipo":"school","mun":"São Pedro do Butiá","ibge":"4319372"}},{"type":"Feature","geometry":{"type":"Point","coordinates":[-54.8937,-28.12782]},"properties":{"nome":"EMEI Arte e Vida","tipo":"school","mun":"São Pedro do Butiá","ibge":"4319372"}},{"type":"Feature","geometry":{"type":"Point","coordinates":[-52.33731,-31.76312]},"properties":{"nome":"EMEI Professor Mário Osório Magalhães","tipo":"school","mun":"Pelotas","ibge":"4314407"}},{"type":"Feature","geometry":{"type":"Point","coordinates":[-52.33667,-31.76499]},"properties":{"nome":"SESC","tipo":"community_centre","mun":"Pelotas","ibge":"4314407"}},{"type":"Feature","geometry":{"type":"Point","coordinates":[-53.92696,-29.64421]},"properties":{"nome":"Escola Estadual de Ensino Fundamental Boca do Monte","tipo":"school","mun":"Santa Maria","ibge":"4316907"}},{"type":"Feature","geometry":{"type":"Point","coordinates":[-51.16015,-29.67786]},"properties":{"nome":"EEEF Jair Henrique Foscarini","tipo":"school","mun":"Novo Hamburgo","ibge":"4313409"}},{"type":"Feature","geometry":{"type":"Point","coordinates":[-51.15145,-29.68976]},"properties":{"nome":"EMEI Primavera","tipo":"school","mun":"Novo Hamburgo","ibge":"4313409"}},{"type":"Feature","geometry":{"type":"Point","coordinates":[-52.33831,-31.75825]},"properties":{"nome":"Afecriança","tipo":"school","mun":"Pelotas","ibge":"4314407"}},{"type":"Feature","geometry":{"type":"Point","coordinates":[-51.81592,-29.36364]},"properties":{"nome":"EMEF Ernesto Alves","tipo":"school","mun":"Imigrante","ibge":"4310363"}},{"type":"Feature","geometry":{"type":"Point","coordinates":[-50.84015,-29.64078]},"properties":{"nome":"Associação de Moradores do Bairro Integração","tipo":"community_centre","mun":"Parobé","ibge":"4314050"}},{"type":"Feature","geometry":{"type":"Point","coordinates":[-51.0923,-30.0826]},"properties":{"nome":"Escola Santos Dumont","tipo":"school","mun":"Viamão","ibge":"4323002"}},{"type":"Feature","geometry":{"type":"Point","coordinates":[-51.08849,-30.08504]},"properties":{"nome":"Escola São Jorge","tipo":"school","mun":"Viamão","ibge":"4323002"}},{"type":"Feature","geometry":{"type":"Point","coordinates":[-51.08607,-30.08869]},"properties":{"nome":"Escola Estadual de Ensino Fundamental Minuano","tipo":"school","mun":"Viamão","ibge":"4323002"}},{"type":"Feature","geometry":{"type":"Point","coordinates":[-50.75947,-29.65515]},"properties":{"nome":"EMEI Maria Arlete Wallauer Jaeger","tipo":"school","mun":"Taquara","ibge":"4321204"}},{"type":"Feature","geometry":{"type":"Point","coordinates":[-50.76731,-29.62912]},"properties":{"nome":"EMEI Profa. Patrícia Cristina Kehl \"Tia Paty\"","tipo":"school","mun":"Taquara","ibge":"4321204"}},{"type":"Feature","geometry":{"type":"Point","coordinates":[-50.83342,-29.6183]},"properties":{"nome":"E.M.E.F. João Muck","tipo":"school","mun":"Parobé","ibge":"4314050"}},{"type":"Feature","geometry":{"type":"Point","coordinates":[-50.81435,-29.64661]},"properties":{"nome":"E.M.E.F. Maltus Krummenauer","tipo":"school","mun":"Parobé","ibge":"4314050"}},{"type":"Feature","geometry":{"type":"Point","coordinates":[-52.34176,-31.77219]},"properties":{"nome":"EEF Visão","tipo":"school","mun":"Pelotas","ibge":"4314407"}},{"type":"Feature","geometry":{"type":"Point","coordinates":[-52.34455,-31.77656]},"properties":{"nome":"Asufpel","tipo":"community_centre","mun":"Pelotas","ibge":"4314407"}},{"type":"Feature","geometry":{"type":"Point","coordinates":[-52.34005,-31.76595]},"properties":{"nome":"Uni Colégio","tipo":"school","mun":"Pelotas","ibge":"4314407"}},{"type":"Feature","geometry":{"type":"Point","coordinates":[-52.18185,-29.60752]},"properties":{"nome":"EEEF Brígida do Nascimento","tipo":"school","mun":"Venâncio Aires","ibge":"4322608"}},{"type":"Feature","geometry":{"type":"Point","coordinates":[-52.92075,-30.02111]},"properties":{"nome":"EMEF Dinah Neri Pereira","tipo":"school","mun":"Cachoeira do Sul","ibge":"4303004"}},{"type":"Feature","geometry":{"type":"Point","coordinates":[-52.92024,-30.02069]},"properties":{"nome":"EMEI Sonho Meu","tipo":"school","mun":"Cachoeira do Sul","ibge":"4303004"}},{"type":"Feature","geometry":{"type":"Point","coordinates":[-52.91428,-30.01801]},"properties":{"nome":"EEEM Cel. Ciro Carvalho de Abreu","tipo":"school","mun":"Cachoeira do Sul","ibge":"4303004"}},{"type":"Feature","geometry":{"type":"Point","coordinates":[-52.90252,-30.0001]},"properties":{"nome":"Pavilhão Comunitário Quinta da Boa Vista","tipo":"community_centre","mun":"Cachoeira do Sul","ibge":"4303004"}},{"type":"Feature","geometry":{"type":"Point","coordinates":[-52.5123,-28.62379]},"properties":{"nome":"Escola Estadual de Ensino Médio Saldanha Marinho","tipo":"school","mun":"Ibirapuitã","ibge":"4309951"}},{"type":"Feature","geometry":{"type":"Point","coordinates":[-52.51236,-28.6222]},"properties":{"nome":"EMEF Leonel de Moura Brizola","tipo":"school","mun":"Ibirapuitã","ibge":"4309951"}},{"type":"Feature","geometry":{"type":"Point","coordinates":[-51.34761,-29.24282]},"properties":{"nome":"EMEF 1º de Maio","tipo":"school","mun":"Farroupilha","ibge":"4307906"}},{"type":"Feature","geometry":{"type":"Point","coordinates":[-51.34437,-29.24135]},"properties":{"nome":"Colégio Estadual Olga Ramos Brentano","tipo":"school","mun":"Farroupilha","ibge":"4307906"}},{"type":"Feature","geometry":{"type":"Point","coordinates":[-51.34881,-29.23976]},"properties":{"nome":"Escola Municipal De Ensino Fundamental João Grendene","tipo":"school","mun":"Farroupilha","ibge":"4307906"}},{"type":"Feature","geometry":{"type":"Point","coordinates":[-52.36558,-29.97462]},"properties":{"nome":"Escola Estadual de Ensino Fundamental Amaral Lisboa","tipo":"school","mun":"Rio Pardo","ibge":"4315701"}},{"type":"Feature","geometry":{"type":"Point","coordinates":[-52.36424,-29.9622]},"properties":{"nome":"Escola Estadual Barro Vermelho","tipo":"school","mun":"Rio Pardo","ibge":"4315701"}},{"type":"Feature","geometry":{"type":"Point","coordinates":[-52.36108,-29.95778]},"properties":{"nome":"EEEF Nossa Senhora Aparecida","tipo":"school","mun":"Rio Pardo","ibge":"4315701"}},{"type":"Feature","geometry":{"type":"Point","coordinates":[-52.36168,-29.98215]},"properties":{"nome":"EEEF Vila Progresso","tipo":"school","mun":"Rio Pardo","ibge":"4315701"}},{"type":"Feature","geometry":{"type":"Point","coordinates":[-52.36558,-29.98142]},"properties":{"nome":"EEEM Biagio Soares Tarantino","tipo":"school","mun":"Rio Pardo","ibge":"4315701"}},{"type":"Feature","geometry":{"type":"Point","coordinates":[-51.14803,-29.02559]},"properties":{"nome":"Comunidade Nossa Senhora do Rosário - Nova Roma","tipo":"community_centre","mun":"Flores da Cunha","ibge":"4308201"}},{"type":"Feature","geometry":{"type":"Point","coordinates":[-51.17158,-29.02945]},"properties":{"nome":"Salão da Igreja São José","tipo":"community_centre","mun":"Flores da Cunha","ibge":"4308201"}},{"type":"Feature","geometry":{"type":"Point","coordinates":[-52.2998,-28.12472]},"properties":{"nome":"Escola Municipal Ensino Fundamental Pantaleão Thomaz","tipo":"school","mun":"Coxilha","ibge":"4305975"}},{"type":"Feature","geometry":{"type":"Point","coordinates":[-51.13994,-29.64078]},"properties":{"nome":"EMEI Ipê Amarelo","tipo":"school","mun":"Novo Hamburgo","ibge":"4313409"}},{"type":"Feature","geometry":{"type":"Point","coordinates":[-51.14018,-29.64245]},"properties":{"nome":"EMEF Maria Quitéria","tipo":"school","mun":"Novo Hamburgo","ibge":"4313409"}},{"type":"Feature","geometry":{"type":"Point","coordinates":[-51.12687,-29.99944]},"properties":{"nome":"SAVIL - Sociedade Amigos da Vila Leão","tipo":"community_centre","mun":"Porto Alegre","ibge":"4314902"}},{"type":"Feature","geometry":{"type":"Point","coordinates":[-52.34768,-31.77467]},"properties":{"nome":"Aprepel","tipo":"community_centre","mun":"Pelotas","ibge":"4314407"}},{"type":"Feature","geometry":{"type":"Point","coordinates":[-52.34755,-31.77145]},"properties":{"nome":"Associação de Ex-funcionários da CTMR","tipo":"community_centre","mun":"Pelotas","ibge":"4314407"}},{"type":"Feature","geometry":{"type":"Point","coordinates":[-52.33909,-31.75102]},"properties":{"nome":"Paulista","tipo":"sports_centre","mun":"Pelotas","ibge":"4314407"}},{"type":"Feature","geometry":{"type":"Point","coordinates":[-52.9861,-29.99771]},"properties":{"nome":"EEEF Dinah Néri Pereira","tipo":"school","mun":"Cachoeira do Sul","ibge":"4303004"}},{"type":"Feature","geometry":{"type":"Point","coordinates":[-52.25908,-32.06682]},"properties":{"nome":"Escola Municipal Coriolano Benício","tipo":"school","mun":"Rio Grande","ibge":"4315602"}},{"type":"Feature","geometry":{"type":"Point","coordinates":[-52.14302,-32.05285]},"properties":{"nome":"EMEF Barão de Rio Branco","tipo":"school","mun":"Rio Grande","ibge":"4315602"}},{"type":"Feature","geometry":{"type":"Point","coordinates":[-52.26318,-32.07543]},"properties":{"nome":"D.T.G Tamgara","tipo":"community_centre","mun":"Rio Grande","ibge":"4315602"}},{"type":"Feature","geometry":{"type":"Point","coordinates":[-52.16122,-32.09058]},"properties":{"nome":"D.T.G Rincão das Dunas","tipo":"community_centre","mun":"Rio Grande","ibge":"4315602"}},{"type":"Feature","geometry":{"type":"Point","coordinates":[-52.18147,-32.09565]},"properties":{"nome":"D.T.G Os Campeiros","tipo":"community_centre","mun":"Rio Grande","ibge":"4315602"}},{"type":"Feature","geometry":{"type":"Point","coordinates":[-52.1794,-32.1995]},"properties":{"nome":"CTG Guapos da Querencia","tipo":"community_centre","mun":"Rio Grande","ibge":"4315602"}},{"type":"Feature","geometry":{"type":"Point","coordinates":[-52.74447,-32.00232]},"properties":{"nome":"CTG Galpao do Xiru","tipo":"community_centre","mun":"Pedro Osório","ibge":"4314209"}},{"type":"Feature","geometry":{"type":"Point","coordinates":[-52.17238,-32.19899]},"properties":{"nome":"EMEF Pedro Carlos Peixoto Primo","tipo":"school","mun":"Rio Grande","ibge":"4315602"}},{"type":"Feature","geometry":{"type":"Point","coordinates":[-52.10602,-32.0258]},"properties":{"nome":"CRAM - Centro de Recuperação de Animais Marinhos","tipo":"community_centre","mun":"Rio Grande","ibge":"4315602"}},{"type":"Feature","geometry":{"type":"Point","coordinates":[-52.10008,-32.02983]},"properties":{"nome":"Controle Interno","tipo":"community_centre","mun":"Rio Grande","ibge":"4315602"}},{"type":"Feature","geometry":{"type":"Point","coordinates":[-52.0977,-32.0369]},"properties":{"nome":"Conselho Tutelar","tipo":"community_centre","mun":"Rio Grande","ibge":"4315602"}},{"type":"Feature","geometry":{"type":"Point","coordinates":[-52.08946,-32.03186]},"properties":{"nome":"Casa dos Conselhos","tipo":"community_centre","mun":"Rio Grande","ibge":"4315602"}},{"type":"Feature","geometry":{"type":"Point","coordinates":[-52.09358,-32.03148]},"properties":{"nome":"Centro Português","tipo":"community_centre","mun":"Rio Grande","ibge":"4315602"}},{"type":"Feature","geometry":{"type":"Point","coordinates":[-51.13383,-29.12083]},"properties":{"nome":"E.E.E.M Victorio Webber","tipo":"school","mun":"Caxias do Sul","ibge":"4305108"}},{"type":"Feature","geometry":{"type":"Point","coordinates":[-52.09791,-32.03065]},"properties":{"nome":"Fototeca Municipal Ricardo Giovannini","tipo":"community_centre","mun":"Rio Grande","ibge":"4315602"}},{"type":"Feature","geometry":{"type":"Point","coordinates":[-52.1499,-32.04978]},"properties":{"nome":"EBAHL - Escola de Belas Artes Heitor de Lemos","tipo":"school","mun":"Rio Grande","ibge":"4315602"}},{"type":"Feature","geometry":{"type":"Point","coordinates":[-52.1708,-32.17469]},"properties":{"nome":"Eventual","tipo":"community_centre","mun":"Rio Grande","ibge":"4315602"}},{"type":"Feature","geometry":{"type":"Point","coordinates":[-50.97781,-28.87549]},"properties":{"nome":"Escola Estadual de Ensino Médio João Pilati","tipo":"school","mun":"Caxias do Sul","ibge":"4305108"}},{"type":"Feature","geometry":{"type":"Point","coordinates":[-53.22445,-29.09556]},"properties":{"nome":"Escola Municipal de Ensino Fundamental Affonso Billig","tipo":"school","mun":"Salto do Jacuí","ibge":"4316451"}},{"type":"Feature","geometry":{"type":"Point","coordinates":[-54.96522,-28.39321]},"properties":{"nome":"EMEF Coração de Jesus","tipo":"school","mun":"São Luiz Gonzaga","ibge":"4318903"}},{"type":"Feature","geometry":{"type":"Point","coordinates":[-49.81604,-29.36931]},"properties":{"nome":"E.E.E.F. Manoel João Machado","tipo":"school","mun":"Torres","ibge":"4321501"}},{"type":"Feature","geometry":{"type":"Point","coordinates":[-53.3678,-29.82587]},"properties":{"nome":"EMEI Bela Vista","tipo":"school","mun":"Restinga Sêca","ibge":"4315503"}},{"type":"Feature","geometry":{"type":"Point","coordinates":[-53.36775,-29.82534]},"properties":{"nome":"Igreja Pentecostal Palavra Viva","tipo":"school","mun":"Restinga Sêca","ibge":"4315503"}},{"type":"Feature","geometry":{"type":"Point","coordinates":[-53.37972,-29.82784]},"properties":{"nome":"Antiga EMEI Gente Inocente (MUDOU-SE)","tipo":"school","mun":"Restinga Sêca","ibge":"4315503"}},{"type":"Feature","geometry":{"type":"Point","coordinates":[-53.37742,-29.82662]},"properties":{"nome":"EMEI Gente Inocente","tipo":"school","mun":"Restinga Sêca","ibge":"4315503"}},{"type":"Feature","geometry":{"type":"Point","coordinates":[-53.36921,-29.81795]},"properties":{"nome":"Escola Estadual de Ensino Fundamental Francisco Manoel","tipo":"school","mun":"Restinga Sêca","ibge":"4315503"}},{"type":"Feature","geometry":{"type":"Point","coordinates":[-51.13817,-29.12744]},"properties":{"nome":"EMEF Laurindo Luiz Formolo","tipo":"school","mun":"Caxias do Sul","ibge":"4305108"}},{"type":"Feature","geometry":{"type":"Point","coordinates":[-51.13539,-29.13931]},"properties":{"nome":"EEEM Érico Veríssimo","tipo":"school","mun":"Caxias do Sul","ibge":"4305108"}},{"type":"Feature","geometry":{"type":"Point","coordinates":[-52.3408,-31.7806]},"properties":{"nome":"Coliseu","tipo":"sports_centre","mun":"Pelotas","ibge":"4314407"}},{"type":"Feature","geometry":{"type":"Point","coordinates":[-55.49794,-30.90094]},"properties":{"nome":"Escola Municipal Silveira Martins","tipo":"school","mun":"Sant'Ana do Livramento","ibge":"4317103"}},{"type":"Feature","geometry":{"type":"Point","coordinates":[-52.44595,-29.73033]},"properties":{"nome":"EMEF Bom Jesus","tipo":"school","mun":"Santa Cruz do Sul","ibge":"4316808"}},{"type":"Feature","geometry":{"type":"Point","coordinates":[-52.44245,-29.73112]},"properties":{"nome":"EEEM Alfredo José Kliemann","tipo":"school","mun":"Santa Cruz do Sul","ibge":"4316808"}},{"type":"Feature","geometry":{"type":"Point","coordinates":[-52.34814,-31.77195]},"properties":{"nome":"Associação de Cabos e Soldados","tipo":"community_centre","mun":"Pelotas","ibge":"4314407"}},{"type":"Feature","geometry":{"type":"Point","coordinates":[-51.16444,-29.12546]},"properties":{"nome":"EEI Carolina Sutil de Oliveira","tipo":"school","mun":"Caxias do Sul","ibge":"4305108"}},{"type":"Feature","geometry":{"type":"Point","coordinates":[-51.1864,-29.12026]},"properties":{"nome":"EEEM Professor Clauri Alves Flores","tipo":"school","mun":"Caxias do Sul","ibge":"4305108"}},{"type":"Feature","geometry":{"type":"Point","coordinates":[-51.18517,-29.1207]},"properties":{"nome":"EEI Carinha de Anjo","tipo":"school","mun":"Caxias do Sul","ibge":"4305108"}},{"type":"Feature","geometry":{"type":"Point","coordinates":[-51.18473,-29.12051]},"properties":{"nome":"Centro Comunitario Vila Ipê","tipo":"community_centre","mun":"Caxias do Sul","ibge":"4305108"}},{"type":"Feature","geometry":{"type":"Point","coordinates":[-51.18531,-29.12011]},"properties":{"nome":"EMEF Ruben Bento Alves","tipo":"school","mun":"Caxias do Sul","ibge":"4305108"}},{"type":"Feature","geometry":{"type":"Point","coordinates":[-51.22148,-30.03702]},"properties":{"nome":"Casa Baka Arte e Cultura","tipo":"community_centre","mun":"Porto Alegre","ibge":"4314902"}},{"type":"Feature","geometry":{"type":"Point","coordinates":[-51.17992,-29.13502]},"properties":{"nome":"EMEF João de Zorzi","tipo":"school","mun":"Caxias do Sul","ibge":"4305108"}},{"type":"Feature","geometry":{"type":"Point","coordinates":[-50.62881,-29.09645]},"properties":{"nome":"Associação dos Moradores do Distrito de Lajeado Grande","tipo":"community_centre","mun":"São Francisco de Paula","ibge":"4318200"}},{"type":"Feature","geometry":{"type":"Point","coordinates":[-51.2502,-29.17678]},"properties":{"nome":"EMEF Dezenove de Abril","tipo":"school","mun":"Caxias do Sul","ibge":"4305108"}},{"type":"Feature","geometry":{"type":"Point","coordinates":[-52.67578,-29.69371]},"properties":{"nome":"Escola Municipal de Ensino Fundamental Daltro Filho","tipo":"school","mun":"Vale do Sol","ibge":"4322533"}},{"type":"Feature","geometry":{"type":"Point","coordinates":[-54.83068,-29.87608]},"properties":{"nome":"EMEI Bem Me Quer","tipo":"school","mun":"Cacequi","ibge":"4302907"}},{"type":"Feature","geometry":{"type":"Point","coordinates":[-51.94711,-29.49592]},"properties":{"nome":"EMEF Pinheiros","tipo":"school","mun":"Estrela","ibge":"4307807"}},{"type":"Feature","geometry":{"type":"Point","coordinates":[-51.94488,-29.4956]},"properties":{"nome":"EMEI Espaço de Sonhos","tipo":"school","mun":"Estrela","ibge":"4307807"}},{"type":"Feature","geometry":{"type":"Point","coordinates":[-51.98787,-29.48478]},"properties":{"nome":"Escola Estadual de Ensino Médio Santo Antônio","tipo":"school","mun":"Lajeado","ibge":"4311403"}},{"type":"Feature","geometry":{"type":"Point","coordinates":[-50.79441,-29.37005]},"properties":{"nome":"Escola Municipal João Alfredo Corrêa Pinto","tipo":"school","mun":"Canela","ibge":"4304408"}},{"type":"Feature","geometry":{"type":"Point","coordinates":[-52.07085,-29.60264]},"properties":{"nome":"EE Miguel Macedo de Campos","tipo":"school","mun":"Venâncio Aires","ibge":"4322608"}},{"type":"Feature","geometry":{"type":"Point","coordinates":[-52.05301,-29.50995]},"properties":{"nome":"EEEF São Rafael","tipo":"school","mun":"Cruzeiro do Sul","ibge":"4306205"}},{"type":"Feature","geometry":{"type":"Point","coordinates":[-50.80748,-29.34691]},"properties":{"nome":"EMEI Profa. Alice Wortmann","tipo":"school","mun":"Canela","ibge":"4304408"}},{"type":"Feature","geometry":{"type":"Point","coordinates":[-50.80688,-29.34706]},"properties":{"nome":"EMEF Dante Bertoluci","tipo":"school","mun":"Canela","ibge":"4304408"}},{"type":"Feature","geometry":{"type":"Point","coordinates":[-50.79386,-29.35145]},"properties":{"nome":"Escola Municipal de Educação Infantil Profª Corália de Lurdes Pacheco Schaeffer","tipo":"school","mun":"Canela","ibge":"4304408"}},{"type":"Feature","geometry":{"type":"Point","coordinates":[-50.81331,-29.34917]},"properties":{"nome":"EMEIEF Ernesto Dornelles","tipo":"school","mun":"Canela","ibge":"4304408"}},{"type":"Feature","geometry":{"type":"Point","coordinates":[-52.1048,-27.59072]},"properties":{"nome":"EMEF Presidente Vargas","tipo":"school","mun":"Gaurama","ibge":"4308706"}},{"type":"Feature","geometry":{"type":"Point","coordinates":[-52.10567,-27.59087]},"properties":{"nome":"EMEI Criança Feliz","tipo":"school","mun":"Gaurama","ibge":"4308706"}},{"type":"Feature","geometry":{"type":"Point","coordinates":[-52.92275,-30.03056]},"properties":{"nome":"Centro Comunitário Bairro COHAB","tipo":"community_centre","mun":"Cachoeira do Sul","ibge":"4303004"}},{"type":"Feature","geometry":{"type":"Point","coordinates":[-52.00005,-28.06353]},"properties":{"nome":"Salão Comunitário - São Paulo","tipo":"community_centre","mun":"Tapejara","ibge":"4320909"}},{"type":"Feature","geometry":{"type":"Point","coordinates":[-52.91653,-30.03542]},"properties":{"nome":"EMEF Milton da Cruz","tipo":"school","mun":"Cachoeira do Sul","ibge":"4303004"}},{"type":"Feature","geometry":{"type":"Point","coordinates":[-51.1434,-29.17435]},"properties":{"nome":"Escola de Educação Infantil Perci dos Santos","tipo":"school","mun":"Caxias do Sul","ibge":"4305108"}},{"type":"Feature","geometry":{"type":"Point","coordinates":[-52.31371,-31.75855]},"properties":{"nome":"Green Paddle","tipo":"sports_centre","mun":"Pelotas","ibge":"4314407"}},{"type":"Feature","geometry":{"type":"Point","coordinates":[-51.22207,-29.16184]},"properties":{"nome":"Centro Comunitário Vale da Esperança","tipo":"community_centre","mun":"Caxias do Sul","ibge":"4305108"}},{"type":"Feature","geometry":{"type":"Point","coordinates":[-54.95745,-28.4115]},"properties":{"nome":"Instituto Estadual Rui Barbosa","tipo":"school","mun":"São Luiz Gonzaga","ibge":"4318903"}},{"type":"Feature","geometry":{"type":"Point","coordinates":[-49.73032,-29.34307]},"properties":{"nome":"Escola São Domingos","tipo":"school","mun":"Torres","ibge":"4321501"}},{"type":"Feature","geometry":{"type":"Point","coordinates":[-51.41384,-29.24161]},"properties":{"nome":"Escola Municipal de Ensino Fundamental Nova Sardenha","tipo":"school","mun":"Farroupilha","ibge":"4307906"}},{"type":"Feature","geometry":{"type":"Point","coordinates":[-54.16905,-29.61358]},"properties":{"nome":"Escola Municipal Rosa Lazzarotto Arboite","tipo":"school","mun":"São Pedro do Sul","ibge":"4319406"}},{"type":"Feature","geometry":{"type":"Point","coordinates":[-54.19219,-29.6198]},"properties":{"nome":"EMEI Zilda Arns Neumann","tipo":"school","mun":"São Pedro do Sul","ibge":"4319406"}},{"type":"Feature","geometry":{"type":"Point","coordinates":[-54.19054,-29.62028]},"properties":{"nome":"E.M.E.F Carlos Guilherme Lampert","tipo":"school","mun":"São Pedro do Sul","ibge":"4319406"}},{"type":"Feature","geometry":{"type":"Point","coordinates":[-54.17688,-29.61363]},"properties":{"nome":"Escola Firmino Cardoso","tipo":"school","mun":"São Pedro do Sul","ibge":"4319406"}},{"type":"Feature","geometry":{"type":"Point","coordinates":[-49.73998,-29.335]},"properties":{"nome":"EMEI Gente Miúda","tipo":"school","mun":"Torres","ibge":"4321501"}},{"type":"Feature","geometry":{"type":"Point","coordinates":[-49.74479,-29.34251]},"properties":{"nome":"Escola de Educação Infantil Professor Sadi Pipet de Oliveira","tipo":"school","mun":"Torres","ibge":"4321501"}},{"type":"Feature","geometry":{"type":"Point","coordinates":[-53.24846,-27.19619]},"properties":{"nome":"EEEF Gal. Antônio de Souza Netto","tipo":"school","mun":"Iraí","ibge":"4310504"}},{"type":"Feature","geometry":{"type":"Point","coordinates":[-56.68249,-29.90735]},"properties":{"nome":"Parada Santa Zélia","tipo":"shelter","mun":"Uruguaiana","ibge":"4322400"}},{"type":"Feature","geometry":{"type":"Point","coordinates":[-51.14752,-29.172]},"properties":{"nome":"Centro de Convivência Cruzeiro do Sol","tipo":"community_centre","mun":"Caxias do Sul","ibge":"4305108"}},{"type":"Feature","geometry":{"type":"Point","coordinates":[-55.49086,-30.89156]},"properties":{"nome":"Escola Estadual de Ensino Médio Cyrino Luiz de Azevedo","tipo":"school","mun":"Sant'Ana do Livramento","ibge":"4317103"}},{"type":"Feature","geometry":{"type":"Point","coordinates":[-55.52007,-30.87345]},"properties":{"nome":"Escola Estadual Flores da Cunha","tipo":"school","mun":"Sant'Ana do Livramento","ibge":"4317103"}},{"type":"Feature","geometry":{"type":"Point","coordinates":[-52.31603,-31.75395]},"properties":{"nome":"Associação Comunitária Zona Sul e Vilas Vizinhas","tipo":"community_centre","mun":"Pelotas","ibge":"4314407"}},{"type":"Feature","geometry":{"type":"Point","coordinates":[-52.31624,-31.754]},"properties":{"nome":"G.E.R. Planalto","tipo":"community_centre","mun":"Pelotas","ibge":"4314407"}},{"type":"Feature","geometry":{"type":"Point","coordinates":[-51.61272,-28.76021]},"properties":{"nome":"EMEI Criança Feliz","tipo":"school","mun":"Nova Prata","ibge":"4313300"}},{"type":"Feature","geometry":{"type":"Point","coordinates":[-51.35057,-29.21549]},"properties":{"nome":"Escola Estadual de Ensino Fundamental Carlos Fetter","tipo":"school","mun":"Farroupilha","ibge":"4307906"}},{"type":"Feature","geometry":{"type":"Point","coordinates":[-52.36516,-29.65041]},"properties":{"nome":"EMEF Félix Hoppe","tipo":"school","mun":"Santa Cruz do Sul","ibge":"4316808"}},{"type":"Feature","geometry":{"type":"Point","coordinates":[-51.3297,-29.21866]},"properties":{"nome":"Escola Municipal de Ensino Fundamental Presidente Dutra","tipo":"school","mun":"Farroupilha","ibge":"4307906"}},{"type":"Feature","geometry":{"type":"Point","coordinates":[-51.35939,-29.20738]},"properties":{"nome":"EMEF Antônio Minella","tipo":"school","mun":"Farroupilha","ibge":"4307906"}},{"type":"Feature","geometry":{"type":"Point","coordinates":[-50.99384,-29.66586]},"properties":{"nome":"AABB - Associação Atlética Banco do Brasil","tipo":"sports_centre","mun":"Sapiranga","ibge":"4319901"}},{"type":"Feature","geometry":{"type":"Point","coordinates":[-51.17665,-29.11915]},"properties":{"nome":"EMEF Tancredo Neves","tipo":"school","mun":"Caxias do Sul","ibge":"4305108"}},{"type":"Feature","geometry":{"type":"Point","coordinates":[-51.95951,-29.5187]},"properties":{"nome":"EMEI Cantinho do Lar","tipo":"school","mun":"Estrela","ibge":"4307807"}},{"type":"Feature","geometry":{"type":"Point","coordinates":[-51.1663,-29.18312]},"properties":{"nome":"Escola de Educação Infantil Vale Animado","tipo":"school","mun":"Caxias do Sul","ibge":"4305108"}},{"type":"Feature","geometry":{"type":"Point","coordinates":[-53.74975,-27.37223]},"properties":{"nome":"Escola de Educação Especial Recanto da Alegria APAE","tipo":"school","mun":"Tenente Portela","ibge":"4321402"}},{"type":"Feature","geometry":{"type":"Point","coordinates":[-52.44887,-29.70642]},"properties":{"nome":"Escola Municipal Guido Herbert","tipo":"school","mun":"Santa Cruz do Sul","ibge":"4316808"}},{"type":"Feature","geometry":{"type":"Point","coordinates":[-52.43556,-29.74678]},"properties":{"nome":"EMEI Sonho de Criança","tipo":"school","mun":"Santa Cruz do Sul","ibge":"4316808"}},{"type":"Feature","geometry":{"type":"Point","coordinates":[-52.43566,-29.74735]},"properties":{"nome":"Escola de Ensino Fundamental MENINO DEUS","tipo":"school","mun":"Santa Cruz do Sul","ibge":"4316808"}},{"type":"Feature","geometry":{"type":"Point","coordinates":[-52.44158,-29.75182]},"properties":{"nome":"EEEF Nossa Senhora da Esperança","tipo":"school","mun":"Santa Cruz do Sul","ibge":"4316808"}},{"type":"Feature","geometry":{"type":"Point","coordinates":[-52.43645,-29.74448]},"properties":{"nome":"Polo Comunitário Menino Deus","tipo":"school","mun":"Santa Cruz do Sul","ibge":"4316808"}},{"type":"Feature","geometry":{"type":"Point","coordinates":[-52.18611,-29.60879]},"properties":{"nome":"Colégio Professor José de Oliveira Castilhos","tipo":"school","mun":"Venâncio Aires","ibge":"4322608"}},{"type":"Feature","geometry":{"type":"Point","coordinates":[-52.19121,-29.60811]},"properties":{"nome":"EEEM Cônego Albino Juchen","tipo":"school","mun":"Venâncio Aires","ibge":"4322608"}},{"type":"Feature","geometry":{"type":"Point","coordinates":[-52.19221,-29.60797]},"properties":{"nome":"Bom Jesus","tipo":"school","mun":"Venâncio Aires","ibge":"4322608"}},{"type":"Feature","geometry":{"type":"Point","coordinates":[-52.19185,-29.61148]},"properties":{"nome":"EEEM Monte das Tabocas","tipo":"school","mun":"Venâncio Aires","ibge":"4322608"}},{"type":"Feature","geometry":{"type":"Point","coordinates":[-52.19238,-29.61219]},"properties":{"nome":"Colégio Gaspar Silveira Martins","tipo":"school","mun":"Venâncio Aires","ibge":"4322608"}},{"type":"Feature","geometry":{"type":"Point","coordinates":[-51.92626,-28.71989]},"properties":{"nome":"Escola Municipal de Educação Fundamental Leonora Marchioro Bellenzier","tipo":"school","mun":"Serafina Corrêa","ibge":"4320404"}},{"type":"Feature","geometry":{"type":"Point","coordinates":[-50.26771,-29.88676]},"properties":{"nome":"Colégio Estadual General Osório","tipo":"school","mun":"Osório","ibge":"4313508"}},{"type":"Feature","geometry":{"type":"Point","coordinates":[-50.27215,-29.88723]},"properties":{"nome":"Colégio Cenecista Marquês de Herval","tipo":"school","mun":"Osório","ibge":"4313508"}},{"type":"Feature","geometry":{"type":"Point","coordinates":[-52.43262,-31.76176]},"properties":{"nome":"Centro de Referência da Juventude","tipo":"community_centre","mun":"Capão do Leão","ibge":"4304663"}},{"type":"Feature","geometry":{"type":"Point","coordinates":[-52.33431,-31.76925]},"properties":{"nome":"Cruzeiro","tipo":"sports_centre","mun":"Pelotas","ibge":"4314407"}},{"type":"Feature","geometry":{"type":"Point","coordinates":[-51.20288,-30.04914]},"properties":{"nome":"Ludoteca Pulo do Gato","tipo":"school","mun":"Porto Alegre","ibge":"4314902"}},{"type":"Feature","geometry":{"type":"Point","coordinates":[-53.81709,-29.66894]},"properties":{"nome":"Escola Municipal de Ensino Fundamental Chácara das Flores","tipo":"school","mun":"Santa Maria","ibge":"4316907"}},{"type":"Feature","geometry":{"type":"Point","coordinates":[-50.4973,-30.20485]},"properties":{"nome":"EMEF Télbio Faria Cardoso","tipo":"school","mun":"Capivari do Sul","ibge":"4304671"}},{"type":"Feature","geometry":{"type":"Point","coordinates":[-50.51548,-30.13722]},"properties":{"nome":"EMEI Mundo Encantado","tipo":"school","mun":"Capivari do Sul","ibge":"4304671"}},{"type":"Feature","geometry":{"type":"Point","coordinates":[-50.35558,-30.19604]},"properties":{"nome":"EMEF Barão de Santo Ângelo","tipo":"school","mun":"Balneário Pinhal","ibge":"4301636"}},{"type":"Feature","geometry":{"type":"Point","coordinates":[-53.7867,-29.69333]},"properties":{"nome":"Instituto Pedagógico Social Tabor","tipo":"school","mun":"Santa Maria","ibge":"4316907"}},{"type":"Feature","geometry":{"type":"Point","coordinates":[-51.52095,-28.20328]},"properties":{"nome":"Escola Estadual João Evangelista Saraiva","tipo":"school","mun":"Lagoa Vermelha","ibge":"4311304"}},{"type":"Feature","geometry":{"type":"Point","coordinates":[-51.52851,-28.20261]},"properties":{"nome":"Clube Comercial - Sede Campestre","tipo":"sports_centre","mun":"Lagoa Vermelha","ibge":"4311304"}},{"type":"Feature","geometry":{"type":"Point","coordinates":[-51.52076,-28.20264]},"properties":{"nome":"EMEI Sol Nascente","tipo":"school","mun":"Lagoa Vermelha","ibge":"4311304"}},{"type":"Feature","geometry":{"type":"Point","coordinates":[-51.51544,-28.22748]},"properties":{"nome":"EMEF Léa Beatriz de Quadros Dolzan","tipo":"school","mun":"Lagoa Vermelha","ibge":"4311304"}},{"type":"Feature","geometry":{"type":"Point","coordinates":[-51.17915,-29.17916]},"properties":{"nome":"Comunidade N. Sra. do Carmo","tipo":"community_centre","mun":"Caxias do Sul","ibge":"4305108"}},{"type":"Feature","geometry":{"type":"Point","coordinates":[-51.9644,-31.35838]},"properties":{"nome":"Escola Municipal Ensino Fundamental Machado de Assis","tipo":"school","mun":"São Lourenço do Sul","ibge":"4318804"}},{"type":"Feature","geometry":{"type":"Point","coordinates":[-50.99801,-29.87727]},"properties":{"nome":"EEI Cantinho Verde","tipo":"school","mun":"Gravataí","ibge":"4309209"}},{"type":"Feature","geometry":{"type":"Point","coordinates":[-51.19703,-29.13244]},"properties":{"nome":"Centro Comunitário Moinhos de Vento","tipo":"community_centre","mun":"Caxias do Sul","ibge":"4305108"}},{"type":"Feature","geometry":{"type":"Point","coordinates":[-50.99071,-29.49748]},"properties":{"nome":"Colégio Estadual Cônego Affonso Scherer","tipo":"school","mun":"Santa Maria do Herval","ibge":"4316956"}},{"type":"Feature","geometry":{"type":"Point","coordinates":[-51.01308,-29.47937]},"properties":{"nome":"Salão da Comunidade Católica de Alto Morro dos Bugres","tipo":"community_centre","mun":"Santa Maria do Herval","ibge":"4316956"}},{"type":"Feature","geometry":{"type":"Point","coordinates":[-51.18116,-29.16619]},"properties":{"nome":"EEEF Presidente Vargas","tipo":"school","mun":"Caxias do Sul","ibge":"4305108"}},{"type":"Feature","geometry":{"type":"Point","coordinates":[-51.13016,-29.27543]},"properties":{"nome":"EMEF Felipe Camarão","tipo":"school","mun":"Caxias do Sul","ibge":"4305108"}},{"type":"Feature","geometry":{"type":"Point","coordinates":[-51.51767,-28.21425]},"properties":{"nome":"Unidade Estadual de Ensino Franscisco Argenta","tipo":"school","mun":"Lagoa Vermelha","ibge":"4311304"}},{"type":"Feature","geometry":{"type":"Point","coordinates":[-51.51136,-28.21169]},"properties":{"nome":"Escola Estadual de Ensino Fundamental Dr. Silveira Neto","tipo":"school","mun":"Lagoa Vermelha","ibge":"4311304"}},{"type":"Feature","geometry":{"type":"Point","coordinates":[-50.87482,-29.41976]},"properties":{"nome":"EMEI Tia Carmelina I","tipo":"school","mun":"Gramado","ibge":"4309100"}},{"type":"Feature","geometry":{"type":"Point","coordinates":[-50.17129,-29.77753]},"properties":{"nome":"EEEM Santa Teresinha","tipo":"school","mun":"Maquiné","ibge":"4311775"}},{"type":"Feature","geometry":{"type":"Point","coordinates":[-50.27572,-30.33722]},"properties":{"nome":"Escola Municipal de Ensino Fundamental Bento Gonçalves","tipo":"school","mun":"Palmares do Sul","ibge":"4313656"}},{"type":"Feature","geometry":{"type":"Point","coordinates":[-50.24237,-30.24602]},"properties":{"nome":"EMEI Golfinho do Mar","tipo":"school","mun":"Balneário Pinhal","ibge":"4301636"}},{"type":"Feature","geometry":{"type":"Point","coordinates":[-50.21664,-30.20869]},"properties":{"nome":"Escola Ildo Meneguetti","tipo":"school","mun":"Cidreira","ibge":"4305454"}},{"type":"Feature","geometry":{"type":"Point","coordinates":[-50.04915,-29.78336]},"properties":{"nome":"EMEI Figueirinha","tipo":"school","mun":"Xangri-lá","ibge":"4323804"}},{"type":"Feature","geometry":{"type":"Point","coordinates":[-50.02525,-29.74976]},"properties":{"nome":"APAE","tipo":"school","mun":"Capão da Canoa","ibge":"4304630"}},{"type":"Feature","geometry":{"type":"Point","coordinates":[-50.11641,-29.94307]},"properties":{"nome":"EMEF Profª Clelia da Cunha de Morais","tipo":"school","mun":"Imbé","ibge":"4310330"}},{"type":"Feature","geometry":{"type":"Point","coordinates":[-50.16173,-30.02012]},"properties":{"nome":"EMEI Rosa dos Ventos","tipo":"school","mun":"Tramandaí","ibge":"4321600"}},{"type":"Feature","geometry":{"type":"Point","coordinates":[-53.84719,-29.65735]},"properties":{"nome":"Escola Municipal de Ensino Fundamental Intendente Manoel Ribas","tipo":"school","mun":"Santa Maria","ibge":"4316907"}},{"type":"Feature","geometry":{"type":"Point","coordinates":[-51.15191,-29.17247]},"properties":{"nome":"Escola Aquilino Zatti","tipo":"school","mun":"Caxias do Sul","ibge":"4305108"}},{"type":"Feature","geometry":{"type":"Point","coordinates":[-52.40571,-31.6488]},"properties":{"nome":"E.M.E.F. João da Silva Silveira","tipo":"school","mun":"Pelotas","ibge":"4314407"}},{"type":"Feature","geometry":{"type":"Point","coordinates":[-51.514,-29.25545]},"properties":{"nome":"EMEF Visconde de Cairu","tipo":"school","mun":"Garibaldi","ibge":"4308607"}},{"type":"Feature","geometry":{"type":"Point","coordinates":[-52.33289,-31.76278]},"properties":{"nome":"Associação de Inativos da Brigada Militar de Pelotas","tipo":"community_centre","mun":"Pelotas","ibge":"4314407"}},{"type":"Feature","geometry":{"type":"Point","coordinates":[-52.34488,-31.75901]},"properties":{"nome":"Estrela F.C.","tipo":"community_centre","mun":"Pelotas","ibge":"4314407"}},{"type":"Feature","geometry":{"type":"Point","coordinates":[-51.10987,-29.09664]},"properties":{"nome":"Salão Comunitário Santa Rita de Cássia","tipo":"community_centre","mun":"Caxias do Sul","ibge":"4305108"}},{"type":"Feature","geometry":{"type":"Point","coordinates":[-51.2354,-29.18028]},"properties":{"nome":"EMEF Desvio Rizzo","tipo":"school","mun":"Caxias do Sul","ibge":"4305108"}},{"type":"Feature","geometry":{"type":"Point","coordinates":[-51.3193,-29.22437]},"properties":{"nome":"Escola Municipal de Ensino Fundamental Ângelo Venzon Neto","tipo":"school","mun":"Farroupilha","ibge":"4307906"}},{"type":"Feature","geometry":{"type":"Point","coordinates":[-51.32083,-29.22858]},"properties":{"nome":"Escola Municipal de Ensino Fundamental Senador Teotônio Vilela","tipo":"school","mun":"Farroupilha","ibge":"4307906"}},{"type":"Feature","geometry":{"type":"Point","coordinates":[-54.46931,-27.86777]},"properties":{"nome":"APADA","tipo":"school","mun":"Santa Rosa","ibge":"4317202"}},{"type":"Feature","geometry":{"type":"Point","coordinates":[-50.07242,-29.87584]},"properties":{"nome":"Guarita","tipo":"shelter","mun":"Osório","ibge":"4313508"}},{"type":"Feature","geometry":{"type":"Point","coordinates":[-51.11423,-29.37762]},"properties":{"nome":"Centro Evangélico","tipo":"community_centre","mun":"Nova Petrópolis","ibge":"4313201"}},{"type":"Feature","geometry":{"type":"Point","coordinates":[-51.44745,-29.2632]},"properties":{"nome":"Salão da Comunidade Mundo Novo","tipo":"community_centre","mun":"Farroupilha","ibge":"4307906"}},{"type":"Feature","geometry":{"type":"Point","coordinates":[-53.18315,-27.36023]},"properties":{"nome":"Escola Estadual Ensino Médio São Gabriel","tipo":"school","mun":"Ametista do Sul","ibge":"4300646"}},{"type":"Feature","geometry":{"type":"Point","coordinates":[-51.89707,-29.93871]},"properties":{"nome":"Escola Estadual de Ensino Fundamental Rio Grande do Sul","tipo":"school","mun":"General Câmara","ibge":"4308805"}},{"type":"Feature","geometry":{"type":"Point","coordinates":[-52.34341,-31.74163]},"properties":{"nome":"Ginásio 1º de Maio","tipo":"sports_centre","mun":"Pelotas","ibge":"4314407"}},{"type":"Feature","geometry":{"type":"Point","coordinates":[-51.74853,-30.08274]},"properties":{"nome":"Escola Lygia Gonçalves Motta","tipo":"school","mun":"Arroio dos Ratos","ibge":"4301107"}},{"type":"Feature","geometry":{"type":"Point","coordinates":[-52.40142,-28.26385]},"properties":{"nome":"Wizard","tipo":"school","mun":"Passo Fundo","ibge":"4314100"}},{"type":"Feature","geometry":{"type":"Point","coordinates":[-51.32954,-29.04067]},"properties":{"nome":"Centro Comunitário Curuzzú","tipo":"community_centre","mun":"Nova Pádua","ibge":"4313086"}},{"type":"Feature","geometry":{"type":"Point","coordinates":[-51.41311,-29.011]},"properties":{"nome":"Centro Comunitário Linha Fagundes Varela","tipo":"community_centre","mun":"Nova Roma do Sul","ibge":"4313359"}},{"type":"Feature","geometry":{"type":"Point","coordinates":[-52.3311,-31.77018]},"properties":{"nome":"Centro Social Filadélfia","tipo":"community_centre","mun":"Pelotas","ibge":"4314407"}},{"type":"Feature","geometry":{"type":"Point","coordinates":[-51.18625,-28.06386]},"properties":{"nome":"Escola Municipal de Educação Infantil Zulmira Nery da Silva","tipo":"school","mun":"Esmeralda","ibge":"4307401"}},{"type":"Feature","geometry":{"type":"Point","coordinates":[-51.18585,-28.06232]},"properties":{"nome":"Escola Municipal de Ensino Fundamental Doutor Nicanor Kramer da Luz","tipo":"school","mun":"Esmeralda","ibge":"4307401"}},{"type":"Feature","geometry":{"type":"Point","coordinates":[-51.17095,-29.1756]},"properties":{"nome":"EEEF Abramo Eberle","tipo":"school","mun":"Caxias do Sul","ibge":"4305108"}},{"type":"Feature","geometry":{"type":"Point","coordinates":[-51.17099,-29.19794]},"properties":{"nome":"Seminário Sdc Sul","tipo":"school","mun":"Caxias do Sul","ibge":"4305108"}},{"type":"Feature","geometry":{"type":"Point","coordinates":[-51.17099,-29.92115]},"properties":{"nome":"E.M.E.I. Vó Babali","tipo":"school","mun":"Canoas","ibge":"4304606"}},{"type":"Feature","geometry":{"type":"Point","coordinates":[-51.2279,-29.9016]},"properties":{"nome":"E.M.E.I. Vó Sara","tipo":"school","mun":"Canoas","ibge":"4304606"}},{"type":"Feature","geometry":{"type":"Point","coordinates":[-51.16799,-29.94009]},"properties":{"nome":"E.M.E.I. Mundo Mágico","tipo":"school","mun":"Canoas","ibge":"4304606"}},{"type":"Feature","geometry":{"type":"Point","coordinates":[-51.13981,-29.90167]},"properties":{"nome":"E.M.E.I. Vó Corina","tipo":"school","mun":"Canoas","ibge":"4304606"}},{"type":"Feature","geometry":{"type":"Point","coordinates":[-51.21512,-29.89994]},"properties":{"nome":"E.M.E.I. Recanto do Filhote","tipo":"school","mun":"Canoas","ibge":"4304606"}},{"type":"Feature","geometry":{"type":"Point","coordinates":[-51.12046,-29.91599]},"properties":{"nome":"E.M.E.I. Pé-de-Moleque","tipo":"school","mun":"Canoas","ibge":"4304606"}},{"type":"Feature","geometry":{"type":"Point","coordinates":[-51.2053,-29.91214]},"properties":{"nome":"EMEI Mãe Augusta","tipo":"school","mun":"Canoas","ibge":"4304606"}},{"type":"Feature","geometry":{"type":"Point","coordinates":[-51.19309,-29.91578]},"properties":{"nome":"E.M.E.I. Vovó Doralice","tipo":"school","mun":"Canoas","ibge":"4304606"}},{"type":"Feature","geometry":{"type":"Point","coordinates":[-51.18339,-29.8865]},"properties":{"nome":"EMEI Vó Inezinha","tipo":"school","mun":"Canoas","ibge":"4304606"}},{"type":"Feature","geometry":{"type":"Point","coordinates":[-51.13175,-29.89721]},"properties":{"nome":"E.M.E.I. Vó Nelsa","tipo":"school","mun":"Canoas","ibge":"4304606"}},{"type":"Feature","geometry":{"type":"Point","coordinates":[-51.18008,-29.94517]},"properties":{"nome":"EMEI Vó maria Aldina","tipo":"school","mun":"Canoas","ibge":"4304606"}},{"type":"Feature","geometry":{"type":"Point","coordinates":[-51.17496,-29.94696]},"properties":{"nome":"E.M.E.I. Beija-Flor","tipo":"school","mun":"Canoas","ibge":"4304606"}},{"type":"Feature","geometry":{"type":"Point","coordinates":[-51.17406,-29.93926]},"properties":{"nome":"EMEI Pequeno Polegar","tipo":"school","mun":"Canoas","ibge":"4304606"}},{"type":"Feature","geometry":{"type":"Point","coordinates":[-51.21149,-29.21098]},"properties":{"nome":"EMEF Padre Leonardo Murialdo","tipo":"school","mun":"Caxias do Sul","ibge":"4305108"}},{"type":"Feature","geometry":{"type":"Point","coordinates":[-50.00732,-29.73784]},"properties":{"nome":"EMEF Luiz Cláudio Magnante","tipo":"school","mun":"Capão da Canoa","ibge":"4304630"}},{"type":"Feature","geometry":{"type":"Point","coordinates":[-50.0347,-29.75698]},"properties":{"nome":"Escola Municipal de Ensino Fundamental Cícero da Silva Brogni","tipo":"school","mun":"Capão da Canoa","ibge":"4304630"}},{"type":"Feature","geometry":{"type":"Point","coordinates":[-50.03203,-29.76753]},"properties":{"nome":"Escola Iracema Vizzotto","tipo":"school","mun":"Capão da Canoa","ibge":"4304630"}},{"type":"Feature","geometry":{"type":"Point","coordinates":[-52.91767,-30.0041]},"properties":{"nome":"EMEI Sagrado Coração de Jesus","tipo":"school","mun":"Cachoeira do Sul","ibge":"4303004"}},{"type":"Feature","geometry":{"type":"Point","coordinates":[-51.68325,-29.14307]},"properties":{"nome":"Escola Municipal de Ensino Fundamental Roman Ross","tipo":"school","mun":"Monte Belo do Sul","ibge":"4312385"}},{"type":"Feature","geometry":{"type":"Point","coordinates":[-50.98783,-30.08918]},"properties":{"nome":"CTG Capela Grande","tipo":"community_centre","mun":"Viamão","ibge":"4323002"}},{"type":"Feature","geometry":{"type":"Point","coordinates":[-51.18458,-29.91626]},"properties":{"nome":"Escolinha Jeitinho de Anjo","tipo":"school","mun":"Canoas","ibge":"4304606"}},{"type":"Feature","geometry":{"type":"Point","coordinates":[-51.17433,-29.88477]},"properties":{"nome":"EEI Pingo de Gente","tipo":"school","mun":"Canoas","ibge":"4304606"}},{"type":"Feature","geometry":{"type":"Point","coordinates":[-51.1898,-29.96073]},"properties":{"nome":"Escola Maria Imaculada","tipo":"school","mun":"Canoas","ibge":"4304606"}},{"type":"Feature","geometry":{"type":"Point","coordinates":[-51.1932,-29.91697]},"properties":{"nome":"EMEI Vovó Doralice","tipo":"school","mun":"Canoas","ibge":"4304606"}},{"type":"Feature","geometry":{"type":"Point","coordinates":[-51.17424,-29.95016]},"properties":{"nome":"Colégio Luterano Concórdia","tipo":"school","mun":"Canoas","ibge":"4304606"}},{"type":"Feature","geometry":{"type":"Point","coordinates":[-51.17434,-29.94891]},"properties":{"nome":"Feliz Idade Recreação e Educação Infantil","tipo":"school","mun":"Canoas","ibge":"4304606"}},{"type":"Feature","geometry":{"type":"Point","coordinates":[-51.17843,-29.93322]},"properties":{"nome":"EMEF Ícaro","tipo":"school","mun":"Canoas","ibge":"4304606"}},{"type":"Feature","geometry":{"type":"Point","coordinates":[-51.17018,-29.96208]},"properties":{"nome":"Associação Assistencial Beneficente Niterói","tipo":"school","mun":"Canoas","ibge":"4304606"}},{"type":"Feature","geometry":{"type":"Point","coordinates":[-51.17455,-29.88369]},"properties":{"nome":"EEF Kessler","tipo":"school","mun":"Canoas","ibge":"4304606"}},{"type":"Feature","geometry":{"type":"Point","coordinates":[-51.18101,-29.92274]},"properties":{"nome":"Maternal e Recreação Criança Esperança","tipo":"school","mun":"Canoas","ibge":"4304606"}},{"type":"Feature","geometry":{"type":"Point","coordinates":[-51.18476,-29.91155]},"properties":{"nome":"Colégio Unificado Canoas","tipo":"school","mun":"Canoas","ibge":"4304606"}},{"type":"Feature","geometry":{"type":"Point","coordinates":[-51.17761,-29.94166]},"properties":{"nome":"Escola de Educação Profissional Doutor Bernardino","tipo":"school","mun":"Canoas","ibge":"4304606"}},{"type":"Feature","geometry":{"type":"Point","coordinates":[-51.1786,-29.90227]},"properties":{"nome":"Associação Educacional Por Amor","tipo":"school","mun":"Canoas","ibge":"4304606"}},{"type":"Feature","geometry":{"type":"Point","coordinates":[-51.21644,-29.91334]},"properties":{"nome":"EMEF Gonçalves Dias","tipo":"school","mun":"Canoas","ibge":"4304606"}},{"type":"Feature","geometry":{"type":"Point","coordinates":[-51.19044,-29.95799]},"properties":{"nome":"EMEF Coronel Francisco Pinto Bandeira","tipo":"school","mun":"Canoas","ibge":"4304606"}},{"type":"Feature","geometry":{"type":"Point","coordinates":[-51.20855,-29.90889]},"properties":{"nome":"Associação Beneficente e Educadora Vó Maria","tipo":"school","mun":"Canoas","ibge":"4304606"}},{"type":"Feature","geometry":{"type":"Point","coordinates":[-51.17901,-29.89908]},"properties":{"nome":"Centro Educacional Geração Vida - Unidade Mathias Velh","tipo":"school","mun":"Canoas","ibge":"4304606"}},{"type":"Feature","geometry":{"type":"Point","coordinates":[-51.17851,-29.95882]},"properties":{"nome":"Associação Cultural Beneficente Jardim de Infância Pinóquio","tipo":"school","mun":"Canoas","ibge":"4304606"}},{"type":"Feature","geometry":{"type":"Point","coordinates":[-51.17228,-29.96432]},"properties":{"nome":"Esc Ens Fun São José","tipo":"school","mun":"Canoas","ibge":"4304606"}},{"type":"Feature","geometry":{"type":"Point","coordinates":[-51.18544,-29.94356]},"properties":{"nome":"EEI Reino Encantado","tipo":"school","mun":"Canoas","ibge":"4304606"}},{"type":"Feature","geometry":{"type":"Point","coordinates":[-51.17616,-29.88188]},"properties":{"nome":"Unidade Ensino São Marcos","tipo":"school","mun":"Canoas","ibge":"4304606"}},{"type":"Feature","geometry":{"type":"Point","coordinates":[-51.13546,-29.92633]},"properties":{"nome":"Centro Educacional Geração Vida - Unidade Olaria","tipo":"school","mun":"Canoas","ibge":"4304606"}},{"type":"Feature","geometry":{"type":"Point","coordinates":[-51.19266,-29.92189]},"properties":{"nome":"Escola de Ensino Médio Logus","tipo":"school","mun":"Canoas","ibge":"4304606"}},{"type":"Feature","geometry":{"type":"Point","coordinates":[-51.17985,-29.9418]},"properties":{"nome":"EEI Trem da Alegria","tipo":"school","mun":"Canoas","ibge":"4304606"}},{"type":"Feature","geometry":{"type":"Point","coordinates":[-51.18238,-29.88755]},"properties":{"nome":"Escola Estadual Ensino Fundamental Cristóvão Colombo","tipo":"school","mun":"Canoas","ibge":"4304606"}},{"type":"Feature","geometry":{"type":"Point","coordinates":[-51.18715,-29.95553]},"properties":{"nome":"EEI Anjos e Marmanjos","tipo":"school","mun":"Canoas","ibge":"4304606"}},{"type":"Feature","geometry":{"type":"Point","coordinates":[-51.18152,-29.91491]},"properties":{"nome":"Associação Educacional Geração Vida - Unidade Centro","tipo":"school","mun":"Canoas","ibge":"4304606"}},{"type":"Feature","geometry":{"type":"Point","coordinates":[-51.17566,-29.92467]},"properties":{"nome":"Escola Ensino Médio O Acadêmico","tipo":"school","mun":"Canoas","ibge":"4304606"}},{"type":"Feature","geometry":{"type":"Point","coordinates":[-51.17323,-29.9401]},"properties":{"nome":"Escola Estadual de Ensino Médio Barão do Amazonas","tipo":"school","mun":"Canoas","ibge":"4304606"}},{"type":"Feature","geometry":{"type":"Point","coordinates":[-51.18158,-29.96154]},"properties":{"nome":"Escola Estadual Ensino Fundamental Bartolomeu de Gusmão","tipo":"school","mun":"Canoas","ibge":"4304606"}},{"type":"Feature","geometry":{"type":"Point","coordinates":[-51.15864,-29.95021]},"properties":{"nome":"EMEF Pernambuco","tipo":"school","mun":"Canoas","ibge":"4304606"}},{"type":"Feature","geometry":{"type":"Point","coordinates":[-51.17605,-29.92994]},"properties":{"nome":"Kaiser Escola Infantil Ltda","tipo":"school","mun":"Canoas","ibge":"4304606"}},{"type":"Feature","geometry":{"type":"Point","coordinates":[-51.17658,-29.93909]},"properties":{"nome":"Escola Ensino Médio Ministro Rubem Carlos Ludwig","tipo":"school","mun":"Canoas","ibge":"4304606"}},{"type":"Feature","geometry":{"type":"Point","coordinates":[-51.18331,-29.91529]},"properties":{"nome":"Escola Especial Pestalozzi de Canoas","tipo":"school","mun":"Canoas","ibge":"4304606"}},{"type":"Feature","geometry":{"type":"Point","coordinates":[-50.78322,-29.648]},"properties":{"nome":"Sociedade 5 de Maio","tipo":"community_centre","mun":"Taquara","ibge":"4321204"}},{"type":"Feature","geometry":{"type":"Point","coordinates":[-50.7867,-29.65346]},"properties":{"nome":"Colégio Felipe Marx (Polivalente)","tipo":"school","mun":"Taquara","ibge":"4321204"}},{"type":"Feature","geometry":{"type":"Point","coordinates":[-51.2002,-29.1603]},"properties":{"nome":"Escola Estadual de Ensino Fundamental Silvio Dal Zotto","tipo":"school","mun":"Caxias do Sul","ibge":"4305108"}},{"type":"Feature","geometry":{"type":"Point","coordinates":[-50.80041,-29.35649]},"properties":{"nome":"Escola Municipal de Educação Infantil Professora Diva Pedroso da Cunha","tipo":"school","mun":"Canela","ibge":"4304408"}},{"type":"Feature","geometry":{"type":"Point","coordinates":[-50.92776,-29.6129]},"properties":{"nome":"EMEI Raio de Luz","tipo":"school","mun":"Araricá","ibge":"4300877"}},{"type":"Feature","geometry":{"type":"Point","coordinates":[-50.92787,-29.61372]},"properties":{"nome":"Escola Estadual de Ensino Médio de Araricá","tipo":"school","mun":"Araricá","ibge":"4300877"}},{"type":"Feature","geometry":{"type":"Point","coordinates":[-50.92779,-29.61327]},"properties":{"nome":"EMEF Prof. Martim Frederico Raschke","tipo":"school","mun":"Araricá","ibge":"4300877"}},{"type":"Feature","geometry":{"type":"Point","coordinates":[-50.92055,-29.61401]},"properties":{"nome":"EMEI Pequeno Príncipe","tipo":"school","mun":"Araricá","ibge":"4300877"}},{"type":"Feature","geometry":{"type":"Point","coordinates":[-51.20437,-29.175]},"properties":{"nome":"E.E.I. Ana Aurora do Amaral Lisboa","tipo":"school","mun":"Caxias do Sul","ibge":"4305108"}},{"type":"Feature","geometry":{"type":"Point","coordinates":[-54.22837,-28.30509]},"properties":{"nome":"Clube Comercial","tipo":"sports_centre","mun":"Santo Ângelo","ibge":"4317509"}},{"type":"Feature","geometry":{"type":"Point","coordinates":[-54.23342,-28.27647]},"properties":{"nome":"Clube 28 de Maio","tipo":"sports_centre","mun":"Santo Ângelo","ibge":"4317509"}},{"type":"Feature","geometry":{"type":"Point","coordinates":[-54.25642,-28.27103]},"properties":{"nome":"Clube Gaúcho","tipo":"sports_centre","mun":"Santo Ângelo","ibge":"4317509"}},{"type":"Feature","geometry":{"type":"Point","coordinates":[-51.90711,-29.20048]},"properties":{"nome":"E.E.E.F. Antônio de Conto","tipo":"school","mun":"Encantado","ibge":"4306809"}},{"type":"Feature","geometry":{"type":"Point","coordinates":[-52.01676,-29.21749]},"properties":{"nome":"EMEF Madre Assunta","tipo":"school","mun":"Nova Bréscia","ibge":"4313003"}},{"type":"Feature","geometry":{"type":"Point","coordinates":[-52.06895,-29.11037]},"properties":{"nome":"Escola Municipal de Ensino Fundamental Santo Antônio","tipo":"school","mun":"Relvado","ibge":"4315453"}},{"type":"Feature","geometry":{"type":"Point","coordinates":[-54.20416,-29.70854]},"properties":{"nome":"EMEI Criança Feliz","tipo":"school","mun":"Dilermando de Aguiar","ibge":"4306379"}},{"type":"Feature","geometry":{"type":"Point","coordinates":[-54.21054,-29.7063]},"properties":{"nome":"Escola Estadual de Ensino Médio Rocha Vieira","tipo":"school","mun":"Dilermando de Aguiar","ibge":"4306379"}},{"type":"Feature","geometry":{"type":"Point","coordinates":[-52.18167,-28.87423]},"properties":{"nome":"Instituto Estadual de Educação Felipe Roman Ros","tipo":"school","mun":"Arvorezinha","ibge":"4301404"}},{"type":"Feature","geometry":{"type":"Point","coordinates":[-53.09984,-28.74497]},"properties":{"nome":"EMEI Pequeno Polegar Prof. Gerarda Michels Prante","tipo":"school","mun":"Quinze de Novembro","ibge":"4315354"}},{"type":"Feature","geometry":{"type":"Point","coordinates":[-51.67473,-29.45131]},"properties":{"nome":"Escola Municipal de Ensino Fundamental Leo Predro Schneider","tipo":"school","mun":"Poço das Antas","ibge":"4314753"}},{"type":"Feature","geometry":{"type":"Point","coordinates":[-51.67013,-29.44989]},"properties":{"nome":"Escola Estadual de Ensino Médio Poço Das Antas","tipo":"school","mun":"Poço das Antas","ibge":"4314753"}},{"type":"Feature","geometry":{"type":"Point","coordinates":[-53.37923,-32.55589]},"properties":{"nome":"Escola Estadual de Ensino Médio Hermes Pintos Affonso","tipo":"school","mun":"Jaguarão","ibge":"4311007"}},{"type":"Feature","geometry":{"type":"Point","coordinates":[-51.23492,-29.13358]},"properties":{"nome":"Escola Municipal Ensino Fundamental Antônio Zanini","tipo":"school","mun":"Caxias do Sul","ibge":"4305108"}},{"type":"Feature","geometry":{"type":"Point","coordinates":[-51.22498,-29.19113]},"properties":{"nome":"Centro Comunitário São Pedro","tipo":"community_centre","mun":"Caxias do Sul","ibge":"4305108"}},{"type":"Feature","geometry":{"type":"Point","coordinates":[-52.07911,-27.43271]},"properties":{"nome":"Escola Municipal Fortunato Parmigiani","tipo":"school","mun":"Severiano de Almeida","ibge":"4320602"}},{"type":"Feature","geometry":{"type":"Point","coordinates":[-57.10185,-29.78483]},"properties":{"nome":"EEEM Embaixador João Baptista Lusardo (CIEP)","tipo":"school","mun":"Uruguaiana","ibge":"4322400"}},{"type":"Feature","geometry":{"type":"Point","coordinates":[-57.10421,-29.78282]},"properties":{"nome":"EEEF Professor Antôno Moacir Pereira Jacques","tipo":"school","mun":"Uruguaiana","ibge":"4322400"}},{"type":"Feature","geometry":{"type":"Point","coordinates":[-57.1042,-29.77767]},"properties":{"nome":"EMEF Marilia Sanchotene Felice","tipo":"school","mun":"Uruguaiana","ibge":"4322400"}},{"type":"Feature","geometry":{"type":"Point","coordinates":[-57.10483,-29.77715]},"properties":{"nome":"EMEI Marilia Sanchotene Felice","tipo":"school","mun":"Uruguaiana","ibge":"4322400"}},{"type":"Feature","geometry":{"type":"Point","coordinates":[-55.50894,-29.00539]},"properties":{"nome":"Escola Técnica Estadual Encruzilhada","tipo":"school","mun":"Maçambará","ibge":"4311718"}},{"type":"Feature","geometry":{"type":"Point","coordinates":[-55.25047,-29.03638]},"properties":{"nome":"Escola Municipal Marcos José Zanela","tipo":"school","mun":"Unistalda","ibge":"4322376"}},{"type":"Feature","geometry":{"type":"Point","coordinates":[-57.10237,-29.7785]},"properties":{"nome":"Escola Municipal Cabo Luiz Quevedo","tipo":"school","mun":"Uruguaiana","ibge":"4322400"}},{"type":"Feature","geometry":{"type":"Point","coordinates":[-55.99195,-28.66452]},"properties":{"nome":"EEEF João Goulart","tipo":"school","mun":"São Borja","ibge":"4318002"}},{"type":"Feature","geometry":{"type":"Point","coordinates":[-51.16967,-29.02872]},"properties":{"nome":"Escola de Educação Especial Dr. Henrique Ordovás (Apae)","tipo":"school","mun":"Flores da Cunha","ibge":"4308201"}},{"type":"Feature","geometry":{"type":"Point","coordinates":[-51.17304,-29.0255]},"properties":{"nome":"Escola Municipal de Ensino Fundamental 1º de Maio","tipo":"school","mun":"Flores da Cunha","ibge":"4308201"}},{"type":"Feature","geometry":{"type":"Point","coordinates":[-52.4435,-29.69772]},"properties":{"nome":"Escola Estadual de Ensino Médio Nossa Senhora do Rosário","tipo":"school","mun":"Santa Cruz do Sul","ibge":"4316808"}},{"type":"Feature","geometry":{"type":"Point","coordinates":[-52.44589,-29.69726]},"properties":{"nome":"EMEI Bem-Me-Quer","tipo":"school","mun":"Santa Cruz do Sul","ibge":"4316808"}},{"type":"Feature","geometry":{"type":"Point","coordinates":[-52.44184,-29.70373]},"properties":{"nome":"Escola Estadual de Ensino Fundamental Professor José Wilke","tipo":"school","mun":"Santa Cruz do Sul","ibge":"4316808"}},{"type":"Feature","geometry":{"type":"Point","coordinates":[-54.61606,-28.25515]},"properties":{"nome":"Esporte Clube São Luiz","tipo":"sports_centre","mun":"Mato Queimado","ibge":"4312179"}},{"type":"Feature","geometry":{"type":"Point","coordinates":[-51.52294,-29.25791]},"properties":{"nome":"Dante grossi","tipo":"school","mun":"Garibaldi","ibge":"4308607"}},{"type":"Feature","geometry":{"type":"Point","coordinates":[-53.82823,-29.66667]},"properties":{"nome":"Escola Municipal de Ensino Fundamental Professora Maria Lourdes Bandeira Medina","tipo":"school","mun":"Santa Maria","ibge":"4316907"}},{"type":"Feature","geometry":{"type":"Point","coordinates":[-51.12776,-29.68521]},"properties":{"nome":"Dream's Esthetic School","tipo":"school","mun":"Novo Hamburgo","ibge":"4313409"}},{"type":"Feature","geometry":{"type":"Point","coordinates":[-51.1274,-29.77316]},"properties":{"nome":"Escola Estadual de Ensino Médio Polisinos","tipo":"school","mun":"São Leopoldo","ibge":"4318705"}},{"type":"Feature","geometry":{"type":"Point","coordinates":[-50.93104,-28.5033]},"properties":{"nome":"Escola Estadual Irmão Getúlio","tipo":"school","mun":"Vacaria","ibge":"4322509"}},{"type":"Feature","geometry":{"type":"Point","coordinates":[-51.15523,-29.62443]},"properties":{"nome":"Escola Municipal Aroni Aloísio Mossmann","tipo":"school","mun":"Ivoti","ibge":"4310801"}},{"type":"Feature","geometry":{"type":"Point","coordinates":[-52.38441,-31.74431]},"properties":{"nome":"Arena Gauch.","tipo":"sports_centre","mun":"Pelotas","ibge":"4314407"}},{"type":"Feature","geometry":{"type":"Point","coordinates":[-51.07039,-29.52925]},"properties":{"nome":"Centro Comunitário Walachay","tipo":"community_centre","mun":"Morro Reuter","ibge":"4312476"}},{"type":"Feature","geometry":{"type":"Point","coordinates":[-50.17285,-30.01133]},"properties":{"nome":"E.M.E.F Indianópolis","tipo":"school","mun":"Tramandaí","ibge":"4321600"}},{"type":"Feature","geometry":{"type":"Point","coordinates":[-52.36086,-31.76692]},"properties":{"nome":"Arena","tipo":"sports_centre","mun":"Pelotas","ibge":"4314407"}},{"type":"Feature","geometry":{"type":"Point","coordinates":[-52.34494,-31.72547]},"properties":{"nome":"Escola de Ensino Médio Rachel Melo","tipo":"school","mun":"Pelotas","ibge":"4314407"}},{"type":"Feature","geometry":{"type":"Point","coordinates":[-52.62091,-27.71579]},"properties":{"nome":"INST ESTADUAL JOAO XXIII","tipo":"school","mun":"Campinas do Sul","ibge":"4303806"}},{"type":"Feature","geometry":{"type":"Point","coordinates":[-52.62087,-27.71597]},"properties":{"nome":"ESC EST ENS FUN GENY TELLES COLPANI","tipo":"school","mun":"Campinas do Sul","ibge":"4303806"}},{"type":"Feature","geometry":{"type":"Point","coordinates":[-52.62425,-27.72489]},"properties":{"nome":"EMEI PINGO DE GENTE","tipo":"school","mun":"Campinas do Sul","ibge":"4303806"}},{"type":"Feature","geometry":{"type":"Point","coordinates":[-53.8279,-29.70276]},"properties":{"nome":"Pallotti","tipo":"school","mun":"Santa Maria","ibge":"4316907"}},{"type":"Feature","geometry":{"type":"Point","coordinates":[-53.84105,-29.67049]},"properties":{"nome":"EMEI Zahie Bered Farret","tipo":"school","mun":"Santa Maria","ibge":"4316907"}},{"type":"Feature","geometry":{"type":"Point","coordinates":[-53.84127,-29.67036]},"properties":{"nome":"EMEF Lidovino Fanton","tipo":"school","mun":"Santa Maria","ibge":"4316907"}},{"type":"Feature","geometry":{"type":"Point","coordinates":[-54.26338,-28.28217]},"properties":{"nome":"Escola Municipal Ensino Fundamental Francisco Brochado da Rocha","tipo":"school","mun":"Santo Ângelo","ibge":"4317509"}},{"type":"Feature","geometry":{"type":"Point","coordinates":[-54.25884,-28.27797]},"properties":{"nome":"Escola Estadual de Ensino Fundamental Madre Catarina Lepori","tipo":"school","mun":"Santo Ângelo","ibge":"4317509"}},{"type":"Feature","geometry":{"type":"Point","coordinates":[-54.26189,-28.27986]},"properties":{"nome":"Colégio Estadual Pedro II","tipo":"school","mun":"Santo Ângelo","ibge":"4317509"}},{"type":"Feature","geometry":{"type":"Point","coordinates":[-54.2641,-28.29052]},"properties":{"nome":"Colégio Estadual Missões","tipo":"school","mun":"Santo Ângelo","ibge":"4317509"}},{"type":"Feature","geometry":{"type":"Point","coordinates":[-51.15493,-29.84833]},"properties":{"nome":"APAE - Associação de Pais e Amigos dos Excepcionais","tipo":"school","mun":"Esteio","ibge":"4307708"}},{"type":"Feature","geometry":{"type":"Point","coordinates":[-54.32625,-30.32159]},"properties":{"nome":"Escola Municipal de ensino infantil Vó Severina","tipo":"school","mun":"São Gabriel","ibge":"4318309"}},{"type":"Feature","geometry":{"type":"Point","coordinates":[-51.15246,-29.8451]},"properties":{"nome":"Centro Municipal de Educação Básica Camilo Alves","tipo":"school","mun":"Esteio","ibge":"4307708"}},{"type":"Feature","geometry":{"type":"Point","coordinates":[-51.3234,-29.21596]},"properties":{"nome":"Zelinda Rodolfo Pessin","tipo":"school","mun":"Farroupilha","ibge":"4307906"}},{"type":"Feature","geometry":{"type":"Point","coordinates":[-53.40523,-27.47391]},"properties":{"nome":"Escola de Ensino Fundamental Ada Hemieleski","tipo":"school","mun":"Seberi","ibge":"4320206"}},{"type":"Feature","geometry":{"type":"Point","coordinates":[-53.70416,-27.29181]},"properties":{"nome":"Escola Professor Nelson Picinini","tipo":"school","mun":"Vista Gaúcha","ibge":"4323705"}},{"type":"Feature","geometry":{"type":"Point","coordinates":[-51.45832,-27.6784]},"properties":{"nome":"Colégio Estadual Jesus Menino","tipo":"school","mun":"Barracão","ibge":"4301800"}},{"type":"Feature","geometry":{"type":"Point","coordinates":[-52.1548,-28.5291]},"properties":{"nome":"EMEF Maria Busatto","tipo":"school","mun":"Vila Maria","ibge":"4323408"}},{"type":"Feature","geometry":{"type":"Point","coordinates":[-51.10792,-29.70633]},"properties":{"nome":"Escola Estadual de Ensino Fundamental Leopoldo Petry","tipo":"school","mun":"Novo Hamburgo","ibge":"4313409"}},{"type":"Feature","geometry":{"type":"Point","coordinates":[-50.12436,-29.98018]},"properties":{"nome":"Escola Municipal de Educação Infantil Amor Perfeito","tipo":"school","mun":"Tramandaí","ibge":"4321600"}},{"type":"Feature","geometry":{"type":"Point","coordinates":[-54.26318,-28.28873]},"properties":{"nome":"Colégio Tiradentes","tipo":"school","mun":"Santo Ângelo","ibge":"4317509"}},{"type":"Feature","geometry":{"type":"Point","coordinates":[-54.26564,-28.31264]},"properties":{"nome":"Colégio Cenecista Sepé Tiaraju","tipo":"school","mun":"Santo Ângelo","ibge":"4317509"}},{"type":"Feature","geometry":{"type":"Point","coordinates":[-49.74253,-29.34828]},"properties":{"nome":"Escola Municipal de Ensino Fundamental Zona Sul","tipo":"school","mun":"Torres","ibge":"4321501"}},{"type":"Feature","geometry":{"type":"Point","coordinates":[-50.76759,-29.78989]},"properties":{"nome":"EEEF Cônego Pedro Wagner","tipo":"school","mun":"Glorinha","ibge":"4309050"}},{"type":"Feature","geometry":{"type":"Point","coordinates":[-50.59238,-29.66103]},"properties":{"nome":"Escola Municipal Ensino Fundamental Santo Antônio","tipo":"school","mun":"Rolante","ibge":"4316006"}},{"type":"Feature","geometry":{"type":"Point","coordinates":[-50.50754,-29.64459]},"properties":{"nome":"Escola Municipal de Ensino Fundamental Independência","tipo":"school","mun":"Rolante","ibge":"4316006"}},{"type":"Feature","geometry":{"type":"Point","coordinates":[-50.44505,-29.65647]},"properties":{"nome":"Escola Municipal Padre Manoel da Nobrega - Alto Riozinho","tipo":"school","mun":"Riozinho","ibge":"4315750"}},{"type":"Feature","geometry":{"type":"Point","coordinates":[-50.41888,-29.87063]},"properties":{"nome":"Escola Estadual de Ensino Fundamental Ferreira Viana","tipo":"school","mun":"Santo Antônio da Patrulha","ibge":"4317608"}},{"type":"Feature","geometry":{"type":"Point","coordinates":[-51.26461,-29.40425]},"properties":{"nome":"Escola Municipal de Ensino Fundamental Tiradentes","tipo":"school","mun":"Vale Real","ibge":"4322541"}},{"type":"Feature","geometry":{"type":"Point","coordinates":[-51.24747,-29.44079]},"properties":{"nome":"EMEF Cônego Alberto Schwade","tipo":"school","mun":"Feliz","ibge":"4308102"}},{"type":"Feature","geometry":{"type":"Point","coordinates":[-54.54813,-28.54636]},"properties":{"nome":"Escola Padre Antonio Sepp","tipo":"school","mun":"São Miguel das Missões","ibge":"4319158"}},{"type":"Feature","geometry":{"type":"Point","coordinates":[-51.60348,-29.52727]},"properties":{"nome":"Escola Pinheiro Machado","tipo":"school","mun":"Brochier","ibge":"4302659"}},{"type":"Feature","geometry":{"type":"Point","coordinates":[-53.09408,-28.40321]},"properties":{"nome":"Escola Municipal de Ensino Fundamental Birkhann e Tonon","tipo":"school","mun":"Saldanha Marinho","ibge":"4316436"}},{"type":"Feature","geometry":{"type":"Point","coordinates":[-52.38878,-29.98507]},"properties":{"nome":"Escola Estadual Pedro Borba","tipo":"school","mun":"Rio Pardo","ibge":"4315701"}},{"type":"Feature","geometry":{"type":"Point","coordinates":[-52.46217,-29.94384]},"properties":{"nome":"EMEF Olavo Bilac","tipo":"school","mun":"Rio Pardo","ibge":"4315701"}},{"type":"Feature","geometry":{"type":"Point","coordinates":[-52.03493,-30.4749]},"properties":{"nome":"E.M.E.M Romeu de Almeida Ramos","tipo":"school","mun":"São Jerônimo","ibge":"4318408"}},{"type":"Feature","geometry":{"type":"Point","coordinates":[-51.1342,-29.68294]},"properties":{"nome":"Colégio Marista Pio XII","tipo":"school","mun":"Novo Hamburgo","ibge":"4313409"}},{"type":"Feature","geometry":{"type":"Point","coordinates":[-50.13211,-29.96047]},"properties":{"nome":"EMEF Tiradentes","tipo":"school","mun":"Imbé","ibge":"4310330"}},{"type":"Feature","geometry":{"type":"Point","coordinates":[-51.13562,-29.02512]},"properties":{"nome":"Comunidade Nossa Senhora da Fulina","tipo":"community_centre","mun":"Flores da Cunha","ibge":"4308201"}},{"type":"Feature","geometry":{"type":"Point","coordinates":[-51.14878,-29.0256]},"properties":{"nome":"Escola Estadual de Ensino Fundamental Antônio Soldatelli","tipo":"school","mun":"Flores da Cunha","ibge":"4308201"}},{"type":"Feature","geometry":{"type":"Point","coordinates":[-50.16034,-30.05777]},"properties":{"nome":"Sociedade dos Amigos da Praia de Oásis Sul - SAPOS","tipo":"community_centre","mun":"Tramandaí","ibge":"4321600"}},{"type":"Feature","geometry":{"type":"Point","coordinates":[-51.52856,-28.21031]},"properties":{"nome":"Escola Bom Jesus Rainha da Paz","tipo":"school","mun":"Lagoa Vermelha","ibge":"4311304"}},{"type":"Feature","geometry":{"type":"Point","coordinates":[-51.53943,-28.21063]},"properties":{"nome":"E.E.E.M Diogenes Euclides da Cunha","tipo":"school","mun":"Lagoa Vermelha","ibge":"4311304"}},{"type":"Feature","geometry":{"type":"Point","coordinates":[-51.52932,-28.20927]},"properties":{"nome":"E.E.E.M. Presidente Kennedy","tipo":"school","mun":"Lagoa Vermelha","ibge":"4311304"}},{"type":"Feature","geometry":{"type":"Point","coordinates":[-54.40512,-28.30251]},"properties":{"nome":"Escola Estadual de Ensino Médio Buriti","tipo":"school","mun":"Santo Ângelo","ibge":"4317509"}},{"type":"Feature","geometry":{"type":"Point","coordinates":[-51.63177,-29.96985]},"properties":{"nome":"Escola Estadual Vila Cruz de Malta","tipo":"school","mun":"Charqueadas","ibge":"4305355"}},{"type":"Feature","geometry":{"type":"Point","coordinates":[-51.63185,-29.97412]},"properties":{"nome":"E.M.E.F. Maria de Lourdes Freitas de Andrade","tipo":"school","mun":"Charqueadas","ibge":"4305355"}},{"type":"Feature","geometry":{"type":"Point","coordinates":[-51.63583,-29.97328]},"properties":{"nome":"Escola Municipal de Ensino Fundamental Otávio Reis (em construção)","tipo":"school","mun":"Charqueadas","ibge":"4305355"}},{"type":"Feature","geometry":{"type":"Point","coordinates":[-51.17006,-29.11825]},"properties":{"nome":"Centro Esportivo Zona Norte","tipo":"sports_centre","mun":"Caxias do Sul","ibge":"4305108"}},{"type":"Feature","geometry":{"type":"Point","coordinates":[-51.12039,-29.11688]},"properties":{"nome":"E.E.E.M. Dr. Assis Antônio Mariani","tipo":"school","mun":"Caxias do Sul","ibge":"4305108"}},{"type":"Feature","geometry":{"type":"Point","coordinates":[-51.13106,-29.12788]},"properties":{"nome":"Escola de Ensino Fundamental São José","tipo":"school","mun":"Caxias do Sul","ibge":"4305108"}},{"type":"Feature","geometry":{"type":"Point","coordinates":[-53.1027,-31.44316]},"properties":{"nome":"Centro de Convivência do Idoso","tipo":"community_centre","mun":"Piratini","ibge":"4314605"}},{"type":"Feature","geometry":{"type":"Point","coordinates":[-53.10338,-31.44911]},"properties":{"nome":"Sind. dos Trabalhadores Rurais","tipo":"community_centre","mun":"Piratini","ibge":"4314605"}},{"type":"Feature","geometry":{"type":"Point","coordinates":[-51.13604,-29.33421]},"properties":{"nome":"Escola Vinte e Um de Abril","tipo":"school","mun":"Caxias do Sul","ibge":"4305108"}},{"type":"Feature","geometry":{"type":"Point","coordinates":[-51.95635,-29.49667]},"properties":{"nome":"Consisa","tipo":"school","mun":"Estrela","ibge":"4307807"}},{"type":"Feature","geometry":{"type":"Point","coordinates":[-53.05459,-29.25733]},"properties":{"nome":"Escola Estadual de Ensino Fundamental São João Batista de La Salle","tipo":"school","mun":"Arroio do Tigre","ibge":"4301206"}},{"type":"Feature","geometry":{"type":"Point","coordinates":[-50.94459,-29.7649]},"properties":{"nome":"EMEF - Escola Municipal de Ensino Fundamental José de Anchieta","tipo":"school","mun":"Novo Hamburgo","ibge":"4313409"}},{"type":"Feature","geometry":{"type":"Point","coordinates":[-51.10682,-29.75369]},"properties":{"nome":"Escola Estadual de Ensino Fundamental Dr Joao Daniel Hillebrand","tipo":"school","mun":"São Leopoldo","ibge":"4318705"}},{"type":"Feature","geometry":{"type":"Point","coordinates":[-54.62705,-29.39894]},"properties":{"nome":"Escola Estadual de 1º Grau Ijucapirama","tipo":"school","mun":"Jaguari","ibge":"4311106"}},{"type":"Feature","geometry":{"type":"Point","coordinates":[-54.69842,-29.49184]},"properties":{"nome":"Centro Comunitário da Santa Rosa","tipo":"community_centre","mun":"Jaguari","ibge":"4311106"}},{"type":"Feature","geometry":{"type":"Point","coordinates":[-54.70662,-29.50728]},"properties":{"nome":"Escola Municipal de Ensino Fundamental Presidente Getúlio Vargas","tipo":"school","mun":"Jaguari","ibge":"4311106"}},{"type":"Feature","geometry":{"type":"Point","coordinates":[-51.20831,-29.6975]},"properties":{"nome":"Escola Municipal de Ensino Fundamental Edmundo Kern","tipo":"school","mun":"Portão","ibge":"4314803"}},{"type":"Feature","geometry":{"type":"Point","coordinates":[-51.21975,-29.69049]},"properties":{"nome":"Associação Vila Rica","tipo":"community_centre","mun":"Portão","ibge":"4314803"}},{"type":"Feature","geometry":{"type":"Point","coordinates":[-51.19389,-29.70187]},"properties":{"nome":"Associação do Moradores e Amigos do Bairro Boa Vista","tipo":"community_centre","mun":"São Leopoldo","ibge":"4318705"}},{"type":"Feature","geometry":{"type":"Point","coordinates":[-52.25578,-30.87462]},"properties":{"nome":"Escola Municipal de Ensino Fundamental Padre Arlindo Pochmann","tipo":"school","mun":"Amaral Ferrador","ibge":"4300638"}},{"type":"Feature","geometry":{"type":"Point","coordinates":[-51.18484,-29.9641]},"properties":{"nome":"Escola Estadual de Ensino Fundamental Álvaro Moreyra","tipo":"school","mun":"Canoas","ibge":"4304606"}},{"type":"Feature","geometry":{"type":"Point","coordinates":[-54.68344,-29.49812]},"properties":{"nome":"Centro Comunitário Santo Ivo","tipo":"community_centre","mun":"Jaguari","ibge":"4311106"}},{"type":"Feature","geometry":{"type":"Point","coordinates":[-54.69073,-29.50284]},"properties":{"nome":"Escola Municipal de Ensino Especial Tanara Girardon Julien","tipo":"school","mun":"Jaguari","ibge":"4311106"}},{"type":"Feature","geometry":{"type":"Point","coordinates":[-54.69084,-29.50285]},"properties":{"nome":"APAE Jaguari","tipo":"community_centre","mun":"Jaguari","ibge":"4311106"}},{"type":"Feature","geometry":{"type":"Point","coordinates":[-54.69511,-29.50666]},"properties":{"nome":"Centro Comunitário do Bairro Sagrado Coração de Jesus","tipo":"community_centre","mun":"Jaguari","ibge":"4311106"}},{"type":"Feature","geometry":{"type":"Point","coordinates":[-51.16899,-29.11776]},"properties":{"nome":"Centro comunitário Portal da Maestra","tipo":"community_centre","mun":"Caxias do Sul","ibge":"4305108"}},{"type":"Feature","geometry":{"type":"Point","coordinates":[-51.25488,-30.12244]},"properties":{"nome":"Sensei Renata Escola de Judô","tipo":"sports_centre","mun":"Porto Alegre","ibge":"4314902"}},{"type":"Feature","geometry":{"type":"Point","coordinates":[-54.94056,-28.02875]},"properties":{"nome":"Escola Estadual Professor Francisco José Damke","tipo":"school","mun":"São Paulo das Missões","ibge":"4319307"}},{"type":"Feature","geometry":{"type":"Point","coordinates":[-51.21199,-29.16632]},"properties":{"nome":"Associação de Moradores Cinquentenário II","tipo":"community_centre","mun":"Caxias do Sul","ibge":"4305108"}},{"type":"Feature","geometry":{"type":"Point","coordinates":[-51.13472,-29.15978]},"properties":{"nome":"EMEF Atiliano Pinguelo","tipo":"school","mun":"Caxias do Sul","ibge":"4305108"}},{"type":"Feature","geometry":{"type":"Point","coordinates":[-52.9306,-29.50263]},"properties":{"nome":"EMEF José Rech","tipo":"school","mun":"Passa Sete","ibge":"4314068"}},{"type":"Feature","geometry":{"type":"Point","coordinates":[-52.90715,-29.53444]},"properties":{"nome":"Escola Estadual de Ensino Fundamental Cristo Rei","tipo":"school","mun":"Candelária","ibge":"4304200"}},{"type":"Feature","geometry":{"type":"Point","coordinates":[-52.79177,-29.58041]},"properties":{"nome":"Escola São Paulo","tipo":"school","mun":"Candelária","ibge":"4304200"}},{"type":"Feature","geometry":{"type":"Point","coordinates":[-53.11482,-29.42971]},"properties":{"nome":"EMEF Luiz Augusto Colombelli","tipo":"school","mun":"Ibarama","ibge":"4309753"}},{"type":"Feature","geometry":{"type":"Point","coordinates":[-53.09053,-29.33515]},"properties":{"nome":"Escola Estadual de Ensino Médio Arroio do Tigre","tipo":"school","mun":"Arroio do Tigre","ibge":"4301206"}},{"type":"Feature","geometry":{"type":"Point","coordinates":[-53.09274,-29.33342]},"properties":{"nome":"Colégio Sagrado Coração de Jesus","tipo":"school","mun":"Arroio do Tigre","ibge":"4301206"}},{"type":"Feature","geometry":{"type":"Point","coordinates":[-51.15819,-29.82415]},"properties":{"nome":"Bacon Brazilian Jiu-Jitsu","tipo":"sports_centre","mun":"Sapucaia do Sul","ibge":"4320008"}},{"type":"Feature","geometry":{"type":"Point","coordinates":[-51.13418,-29.68293]},"properties":{"nome":"Colégio Marista São Marcelino Champagnat","tipo":"school","mun":"Novo Hamburgo","ibge":"4313409"}},{"type":"Feature","geometry":{"type":"Point","coordinates":[-51.73446,-30.07879]},"properties":{"nome":"Escola Municipal Thereza Franceschi Vieira","tipo":"school","mun":"Arroio dos Ratos","ibge":"4301107"}},{"type":"Feature","geometry":{"type":"Point","coordinates":[-51.14279,-29.14085]},"properties":{"nome":"EMEF Ângelo Francisco Guerra","tipo":"school","mun":"Caxias do Sul","ibge":"4305108"}},{"type":"Feature","geometry":{"type":"Point","coordinates":[-51.14418,-29.13938]},"properties":{"nome":"EMEF Américo Ribeiro Mendes","tipo":"school","mun":"Caxias do Sul","ibge":"4305108"}},{"type":"Feature","geometry":{"type":"Point","coordinates":[-51.04702,-29.6828]},"properties":{"nome":"Centro de Educação Integrada - CEI","tipo":"school","mun":"Campo Bom","ibge":"4303905"}},{"type":"Feature","geometry":{"type":"Point","coordinates":[-51.62015,-29.95756]},"properties":{"nome":"Escola Estadual Nicácio Machado","tipo":"school","mun":"Charqueadas","ibge":"4305355"}},{"type":"Feature","geometry":{"type":"Point","coordinates":[-51.1594,-29.81358]},"properties":{"nome":"Associação Amigos da Vila Cohab","tipo":"community_centre","mun":"Sapucaia do Sul","ibge":"4320008"}},{"type":"Feature","geometry":{"type":"Point","coordinates":[-51.15876,-29.81734]},"properties":{"nome":"Escola Estadual Vila Prado","tipo":"school","mun":"Sapucaia do Sul","ibge":"4320008"}},{"type":"Feature","geometry":{"type":"Point","coordinates":[-51.38064,-29.4515]},"properties":{"nome":"Escola São Marcos","tipo":"school","mun":"Bom Princípio","ibge":"4302352"}},{"type":"Feature","geometry":{"type":"Point","coordinates":[-51.36166,-29.46267]},"properties":{"nome":"EMEI Herta Maria","tipo":"school","mun":"Bom Princípio","ibge":"4302352"}},{"type":"Feature","geometry":{"type":"Point","coordinates":[-51.36243,-29.4633]},"properties":{"nome":"Escola Municipal de Ensino Fundamental São José","tipo":"school","mun":"Bom Princípio","ibge":"4302352"}},{"type":"Feature","geometry":{"type":"Point","coordinates":[-51.35328,-29.49167]},"properties":{"nome":"Maristas","tipo":"school","mun":"Bom Princípio","ibge":"4302352"}},{"type":"Feature","geometry":{"type":"Point","coordinates":[-51.63165,-29.95423]},"properties":{"nome":"Escola Municipal de Educação Municipal Nei Berbigier","tipo":"school","mun":"Charqueadas","ibge":"4305355"}},{"type":"Feature","geometry":{"type":"Point","coordinates":[-51.64345,-29.95429]},"properties":{"nome":"Escola Municipal de Ensino Fundamental Thietro Antônio Pires","tipo":"school","mun":"Charqueadas","ibge":"4305355"}},{"type":"Feature","geometry":{"type":"Point","coordinates":[-51.39836,-30.66072]},"properties":{"nome":"Escola Municipal de Ensino Fundamental Martha Pereira Barbosa","tipo":"school","mun":"Tapes","ibge":"4321105"}},{"type":"Feature","geometry":{"type":"Point","coordinates":[-52.4551,-28.25897]},"properties":{"nome":"EMEI Ari Schaeffer","tipo":"school","mun":"Passo Fundo","ibge":"4314100"}},{"type":"Feature","geometry":{"type":"Point","coordinates":[-52.31982,-31.77096]},"properties":{"nome":"Eeef Nossa Senhora Dos Navegantes","tipo":"school","mun":"Pelotas","ibge":"4314407"}},{"type":"Feature","geometry":{"type":"Point","coordinates":[-51.60847,-29.94803]},"properties":{"nome":"Escola Municipal de Ensino Fundamental Arthur Dornelles","tipo":"school","mun":"Charqueadas","ibge":"4305355"}},{"type":"Feature","geometry":{"type":"Point","coordinates":[-51.61077,-29.95098]},"properties":{"nome":"EMEI Santo Antônio","tipo":"school","mun":"Charqueadas","ibge":"4305355"}},{"type":"Feature","geometry":{"type":"Point","coordinates":[-51.59737,-29.94899]},"properties":{"nome":"E. E Ramiro Fortes Barcelos","tipo":"school","mun":"Charqueadas","ibge":"4305355"}},{"type":"Feature","geometry":{"type":"Point","coordinates":[-51.62286,-29.95959]},"properties":{"nome":"Escola Municipal de Esnino Fundamental Horácio Prates","tipo":"school","mun":"Charqueadas","ibge":"4305355"}},{"type":"Feature","geometry":{"type":"Point","coordinates":[-51.62504,-29.95162]},"properties":{"nome":"E.E Henri Duplan","tipo":"school","mun":"Charqueadas","ibge":"4305355"}},{"type":"Feature","geometry":{"type":"Point","coordinates":[-51.62527,-29.95645]},"properties":{"nome":"EMEI Santa Bárbara","tipo":"school","mun":"Charqueadas","ibge":"4305355"}},{"type":"Feature","geometry":{"type":"Point","coordinates":[-51.63989,-29.98266]},"properties":{"nome":"Escola Municipal de Educação Infantil Criança Feliz","tipo":"school","mun":"Charqueadas","ibge":"4305355"}},{"type":"Feature","geometry":{"type":"Point","coordinates":[-51.63119,-29.97867]},"properties":{"nome":"Escola Municipal de Educação Infantil Tia Filó","tipo":"school","mun":"Charqueadas","ibge":"4305355"}},{"type":"Feature","geometry":{"type":"Point","coordinates":[-51.63589,-29.96048]},"properties":{"nome":"Escola Municipal de Educação Infantil Flora Heberle","tipo":"school","mun":"Charqueadas","ibge":"4305355"}},{"type":"Feature","geometry":{"type":"Point","coordinates":[-51.62487,-29.95113]},"properties":{"nome":"Escola de Educação Básica ASES","tipo":"school","mun":"Charqueadas","ibge":"4305355"}},{"type":"Feature","geometry":{"type":"Point","coordinates":[-54.73797,-28.14881]},"properties":{"nome":"Colégio La Salle Medianeira","tipo":"school","mun":"Cerro Largo","ibge":"4305207"}},{"type":"Feature","geometry":{"type":"Point","coordinates":[-51.16421,-29.79603]},"properties":{"nome":"Centro Educacional Concórdia","tipo":"school","mun":"São Leopoldo","ibge":"4318705"}},{"type":"Feature","geometry":{"type":"Point","coordinates":[-51.20977,-29.19828]},"properties":{"nome":"Centro Comunitário São Salvador","tipo":"community_centre","mun":"Caxias do Sul","ibge":"4305108"}},{"type":"Feature","geometry":{"type":"Point","coordinates":[-51.02872,-29.9054]},"properties":{"nome":"E.M.E.F. Neópolis","tipo":"school","mun":"Gravataí","ibge":"4309209"}},{"type":"Feature","geometry":{"type":"Point","coordinates":[-52.21085,-31.29624]},"properties":{"nome":"Escola Jacob Rheingantz","tipo":"school","mun":"São Lourenço do Sul","ibge":"4318804"}},{"type":"Feature","geometry":{"type":"Point","coordinates":[-52.23296,-31.3147]},"properties":{"nome":"Escola Municipal Bento Gonçalves","tipo":"school","mun":"São Lourenço do Sul","ibge":"4318804"}},{"type":"Feature","geometry":{"type":"Point","coordinates":[-52.27598,-31.33032]},"properties":{"nome":"Escola Francisco Fromming","tipo":"school","mun":"São Lourenço do Sul","ibge":"4318804"}},{"type":"Feature","geometry":{"type":"Point","coordinates":[-54.73489,-28.15623]},"properties":{"nome":"Centro Comunitário COHAB","tipo":"community_centre","mun":"Cerro Largo","ibge":"4305207"}},{"type":"Feature","geometry":{"type":"Point","coordinates":[-51.15261,-30.02719]},"properties":{"nome":"Fraternidade O Caminho","tipo":"community_centre","mun":"Porto Alegre","ibge":"4314902"}},{"type":"Feature","geometry":{"type":"Point","coordinates":[-51.53005,-29.23971]},"properties":{"nome":"Escola Municipal de Ensino Fundamental Pedro Cattani","tipo":"school","mun":"Garibaldi","ibge":"4308607"}},{"type":"Feature","geometry":{"type":"Point","coordinates":[-54.68682,-28.12175]},"properties":{"nome":"EMEF Nossa Senhora Auxiliadora","tipo":"school","mun":"Guarani das Missões","ibge":"4309506"}},{"type":"Feature","geometry":{"type":"Point","coordinates":[-52.18229,-29.78525]},"properties":{"nome":"Escola (em construção)","tipo":"school","mun":"Vale Verde","ibge":"4322525"}},{"type":"Feature","geometry":{"type":"Point","coordinates":[-53.76753,-29.61074]},"properties":{"nome":"Recanto Marista Champagnat","tipo":"community_centre","mun":"Itaara","ibge":"4310538"}},{"type":"Feature","geometry":{"type":"Point","coordinates":[-53.75649,-29.6143]},"properties":{"nome":"Centro Diocesano de Conferências - Igreja Episcopal Anglicana do Brasil","tipo":"community_centre","mun":"Itaara","ibge":"4310538"}},{"type":"Feature","geometry":{"type":"Point","coordinates":[-53.76537,-29.61462]},"properties":{"nome":"Escola Municipal Alfredo Lenhart","tipo":"school","mun":"Itaara","ibge":"4310538"}},{"type":"Feature","geometry":{"type":"Point","coordinates":[-52.27487,-27.64961]},"properties":{"nome":"EMEI São Cristóvão","tipo":"school","mun":"Erechim","ibge":"4307005"}},{"type":"Feature","geometry":{"type":"Point","coordinates":[-53.05022,-29.72685]},"properties":{"nome":"Pedro Lovato","tipo":"school","mun":"Novo Cabrais","ibge":"4313391"}},{"type":"Feature","geometry":{"type":"Point","coordinates":[-53.90338,-29.56662]},"properties":{"nome":"Escola Municipal de Ensino Fundamental José Miollo","tipo":"school","mun":"São Martinho da Serra","ibge":"4319125"}},{"type":"Feature","geometry":{"type":"Point","coordinates":[-53.89925,-29.50581]},"properties":{"nome":"Escola Municipal de Ensino Fundamental João Baptista Toaldo","tipo":"school","mun":"São Martinho da Serra","ibge":"4319125"}},{"type":"Feature","geometry":{"type":"Point","coordinates":[-53.3192,-27.91354]},"properties":{"nome":"E.M.E.I. Leonel de Moura Brizola","tipo":"school","mun":"Palmeira das Missões","ibge":"4313706"}},{"type":"Feature","geometry":{"type":"Point","coordinates":[-49.98504,-29.6791]},"properties":{"nome":"Escola Estadual de Ensino Médio Capão Novo","tipo":"school","mun":"Capão da Canoa","ibge":"4304630"}},{"type":"Feature","geometry":{"type":"Point","coordinates":[-54.67501,-30.98218]},"properties":{"nome":"Tchê Concursos","tipo":"school","mun":"Dom Pedrito","ibge":"4306601"}},{"type":"Feature","geometry":{"type":"Point","coordinates":[-50.25687,-30.28966]},"properties":{"nome":"SOREBAM - Sociedade Recreativa do Balneário Magistério (FECHADO)","tipo":"community_centre","mun":"Balneário Pinhal","ibge":"4301636"}},{"type":"Feature","geometry":{"type":"Point","coordinates":[-52.10681,-29.38151]},"properties":{"nome":"EEEM Forquetinha","tipo":"school","mun":"Forquetinha","ibge":"4308433"}},{"type":"Feature","geometry":{"type":"Point","coordinates":[-52.10701,-29.38152]},"properties":{"nome":"EMEF João Batista de Melo","tipo":"school","mun":"Forquetinha","ibge":"4308433"}},{"type":"Feature","geometry":{"type":"Point","coordinates":[-51.17357,-29.91039]},"properties":{"nome":"Colégio Leonardo da Vinci","tipo":"school","mun":"Canoas","ibge":"4304606"}},{"type":"Feature","geometry":{"type":"Point","coordinates":[-51.15597,-29.90043]},"properties":{"nome":"Associação dos Moradores do Jardim Igara II - AMORJI","tipo":"community_centre","mun":"Canoas","ibge":"4304606"}},{"type":"Feature","geometry":{"type":"Point","coordinates":[-50.99564,-28.88897]},"properties":{"nome":"EMEF Aristides Rech","tipo":"school","mun":"Caxias do Sul","ibge":"4305108"}},{"type":"Feature","geometry":{"type":"Point","coordinates":[-51.01552,-28.78585]},"properties":{"nome":"Escola Municipal de Ensino Fundamental Manoel da Nóbrega","tipo":"school","mun":"Campestre da Serra","ibge":"4303673"}},{"type":"Feature","geometry":{"type":"Point","coordinates":[-54.14382,-28.52776]},"properties":{"nome":"Escola Estadual de Educação Básica Theodorico Alves Teixeira","tipo":"school","mun":"Eugênio de Castro","ibge":"4307831"}},{"type":"Feature","geometry":{"type":"Point","coordinates":[-51.54731,-28.92969]},"properties":{"nome":"Centro Comunitário São Francisco","tipo":"community_centre","mun":"Veranópolis","ibge":"4322806"}},{"type":"Feature","geometry":{"type":"Point","coordinates":[-51.5514,-28.92679]},"properties":{"nome":"Escola Profa. Virgínia Bernardi","tipo":"school","mun":"Veranópolis","ibge":"4322806"}},{"type":"Feature","geometry":{"type":"Point","coordinates":[-51.18284,-29.03389]},"properties":{"nome":"Escola de Ensino Fundamental Interativa","tipo":"school","mun":"Flores da Cunha","ibge":"4308201"}},{"type":"Feature","geometry":{"type":"Point","coordinates":[-50.57227,-29.64713]},"properties":{"nome":"Escola de Educação Infantil Brincar e Ser Feliz","tipo":"school","mun":"Rolante","ibge":"4316006"}},{"type":"Feature","geometry":{"type":"Point","coordinates":[-53.54912,-29.72281]},"properties":{"nome":"EMEF Major Tancredo Penna de Moraes","tipo":"school","mun":"Santa Maria","ibge":"4316907"}},{"type":"Feature","geometry":{"type":"Point","coordinates":[-52.14041,-29.43282]},"properties":{"nome":"ASERCHA","tipo":"sports_centre","mun":"Santa Clara do Sul","ibge":"4316758"}},{"type":"Feature","geometry":{"type":"Point","coordinates":[-52.15254,-29.54864]},"properties":{"nome":"Pista de Atletismo de Mato Leitão","tipo":"sports_centre","mun":"Mato Leitão","ibge":"4312153"}},{"type":"Feature","geometry":{"type":"Point","coordinates":[-53.68014,-27.50704]},"properties":{"nome":"Escola Municipal de Ensino Fundamental Lenira de Moura Lutz","tipo":"school","mun":"Miraguaí","ibge":"4312302"}},{"type":"Feature","geometry":{"type":"Point","coordinates":[-53.5613,-27.35257]},"properties":{"nome":"Escola Estadual 22 de Maio","tipo":"school","mun":"Palmitinho","ibge":"4313805"}},{"type":"Feature","geometry":{"type":"Point","coordinates":[-53.81636,-27.67527]},"properties":{"nome":"Escola Municipal Campo Novo","tipo":"school","mun":"Campo Novo","ibge":"4304002"}},{"type":"Feature","geometry":{"type":"Point","coordinates":[-54.30639,-27.63671]},"properties":{"nome":"Escola Estadual Farroupilha","tipo":"school","mun":"Horizontina","ibge":"4309605"}},{"type":"Feature","geometry":{"type":"Point","coordinates":[-53.27056,-30.33878]},"properties":{"nome":"Escola Municipal Augusto Vitor Costa","tipo":"school","mun":"Cachoeira do Sul","ibge":"4303004"}},{"type":"Feature","geometry":{"type":"Point","coordinates":[-50.37288,-29.47666]},"properties":{"nome":"E.M.E.F Gastão Englert","tipo":"school","mun":"São Francisco de Paula","ibge":"4318200"}},{"type":"Feature","geometry":{"type":"Point","coordinates":[-52.22908,-27.89263]},"properties":{"nome":"Associação Atlética Banco do Brasil","tipo":"sports_centre","mun":"Getúlio Vargas","ibge":"4308904"}},{"type":"Feature","geometry":{"type":"Point","coordinates":[-51.38232,-29.17319]},"properties":{"nome":"Escola Isabel Venzon","tipo":"school","mun":"Farroupilha","ibge":"4307906"}},{"type":"Feature","geometry":{"type":"Point","coordinates":[-52.8819,-30.04651]},"properties":{"nome":"Escola Estadual de Ensino Fundamental Bairro Carvalho","tipo":"school","mun":"Cachoeira do Sul","ibge":"4303004"}},{"type":"Feature","geometry":{"type":"Point","coordinates":[-50.43109,-29.79039]},"properties":{"nome":"Escola Estadual de Ensino Médio Marçal Ramos","tipo":"school","mun":"Caraá","ibge":"4304713"}},{"type":"Feature","geometry":{"type":"Point","coordinates":[-53.72716,-29.69726]},"properties":{"nome":"Escola Municipal Ensino Fundamental Júlio do Canto","tipo":"school","mun":"Santa Maria","ibge":"4316907"}},{"type":"Feature","geometry":{"type":"Point","coordinates":[-50.15881,-30.04713]},"properties":{"nome":"Santra - Sociedade Amigos de Nova Tramandaí","tipo":"community_centre","mun":"Tramandaí","ibge":"4321600"}},{"type":"Feature","geometry":{"type":"Point","coordinates":[-53.5546,-30.15961]},"properties":{"nome":"E. M. Gabriel Brenner","tipo":"school","mun":"São Sepé","ibge":"4319604"}},{"type":"Feature","geometry":{"type":"Point","coordinates":[-51.14731,-30.01346]},"properties":{"nome":"Colégio Sinodal do Salvador","tipo":"school","mun":"Porto Alegre","ibge":"4314902"}},{"type":"Feature","geometry":{"type":"Point","coordinates":[-50.0669,-29.84794]},"properties":{"nome":"Escola Municipal Ensino Fundamental Manoel Prestes","tipo":"school","mun":"Xangri-lá","ibge":"4323804"}},{"type":"Feature","geometry":{"type":"Point","coordinates":[-51.35415,-29.36175]},"properties":{"nome":"Comunidade Morro Canastra","tipo":"community_centre","mun":"São Vendelino","ibge":"4319752"}},{"type":"Feature","geometry":{"type":"Point","coordinates":[-52.88943,-30.01201]},"properties":{"nome":"E.M.E.F. Mário Godoy Ilha","tipo":"school","mun":"Cachoeira do Sul","ibge":"4303004"}},{"type":"Feature","geometry":{"type":"Point","coordinates":[-51.24384,-29.19605]},"properties":{"nome":"AMOB Parque das Rosas","tipo":"community_centre","mun":"Caxias do Sul","ibge":"4305108"}},{"type":"Feature","geometry":{"type":"Point","coordinates":[-51.25705,-29.20082]},"properties":{"nome":"Mutirão Escola da Natureza","tipo":"school","mun":"Caxias do Sul","ibge":"4305108"}},{"type":"Feature","geometry":{"type":"Point","coordinates":[-51.22241,-30.03972]},"properties":{"nome":"Stillo Natação e Academia","tipo":"sports_centre","mun":"Porto Alegre","ibge":"4314902"}},{"type":"Feature","geometry":{"type":"Point","coordinates":[-49.91094,-29.44474]},"properties":{"nome":"EMEF José Felipe Scheffer","tipo":"school","mun":"Três Cachoeiras","ibge":"4321667"}},{"type":"Feature","geometry":{"type":"Point","coordinates":[-52.0806,-29.64072]},"properties":{"nome":"EMEF Bento Gonçalves","tipo":"school","mun":"Venâncio Aires","ibge":"4322608"}},{"type":"Feature","geometry":{"type":"Point","coordinates":[-51.91182,-29.43415]},"properties":{"nome":"ES580","tipo":"school","mun":"Estrela","ibge":"4307807"}},{"type":"Feature","geometry":{"type":"Point","coordinates":[-51.40029,-30.67983]},"properties":{"nome":"Sede Apito de Ouro","tipo":"community_centre","mun":"Tapes","ibge":"4321105"}},{"type":"Feature","geometry":{"type":"Point","coordinates":[-51.1739,-30.02423]},"properties":{"nome":"Monteiro Open","tipo":"school","mun":"Porto Alegre","ibge":"4314902"}},{"type":"Feature","geometry":{"type":"Point","coordinates":[-53.57474,-30.16157]},"properties":{"nome":"EMEF Leonardo Kurtz","tipo":"school","mun":"São Sepé","ibge":"4319604"}},{"type":"Feature","geometry":{"type":"Point","coordinates":[-50.80011,-29.36989]},"properties":{"nome":"Escola Estadual de Ensino Fundamental Carlos Wortmann","tipo":"school","mun":"Canela","ibge":"4304408"}},{"type":"Feature","geometry":{"type":"Point","coordinates":[-50.99369,-29.94491]},"properties":{"nome":"Colégio Dom Feliciano","tipo":"school","mun":"Gravataí","ibge":"4309209"}},{"type":"Feature","geometry":{"type":"Point","coordinates":[-53.56763,-30.16302]},"properties":{"nome":"EMEF Professora Maria José Valmarath","tipo":"school","mun":"São Sepé","ibge":"4319604"}},{"type":"Feature","geometry":{"type":"Point","coordinates":[-51.40024,-30.68169]},"properties":{"nome":"APAE","tipo":"school","mun":"Tapes","ibge":"4321105"}},{"type":"Feature","geometry":{"type":"Point","coordinates":[-53.56422,-30.16731]},"properties":{"nome":"Escola João XXIII","tipo":"school","mun":"São Sepé","ibge":"4319604"}},{"type":"Feature","geometry":{"type":"Point","coordinates":[-53.56534,-30.1609]},"properties":{"nome":"EMEF Clemenciano Barnasque","tipo":"school","mun":"São Sepé","ibge":"4319604"}},{"type":"Feature","geometry":{"type":"Point","coordinates":[-53.84441,-29.68311]},"properties":{"nome":"Colégio Militar de Santa Maria","tipo":"school","mun":"Santa Maria","ibge":"4316907"}},{"type":"Feature","geometry":{"type":"Point","coordinates":[-53.56149,-30.17439]},"properties":{"nome":"EMEF Padre Theo","tipo":"school","mun":"São Sepé","ibge":"4319604"}},{"type":"Feature","geometry":{"type":"Point","coordinates":[-51.20546,-29.1736]},"properties":{"nome":"Raiar Academia e Atividades Aquáticas","tipo":"sports_centre","mun":"Caxias do Sul","ibge":"4305108"}},{"type":"Feature","geometry":{"type":"Point","coordinates":[-51.16409,-29.17651]},"properties":{"nome":"EMEF Giuseppe Garibaldi","tipo":"school","mun":"Caxias do Sul","ibge":"4305108"}},{"type":"Feature","geometry":{"type":"Point","coordinates":[-51.39805,-30.67135]},"properties":{"nome":"Inst Est Educacional Cel Patricio Vieira Rodrigues","tipo":"school","mun":"Tapes","ibge":"4321105"}},{"type":"Feature","geometry":{"type":"Point","coordinates":[-53.60986,-28.64436]},"properties":{"nome":"Colégio Totem","tipo":"school","mun":"Cruz Alta","ibge":"4306106"}},{"type":"Feature","geometry":{"type":"Point","coordinates":[-51.92926,-28.7097]},"properties":{"nome":"Colégio Estadual Carneiro de Campos","tipo":"school","mun":"Serafina Corrêa","ibge":"4320404"}},{"type":"Feature","geometry":{"type":"Point","coordinates":[-51.92764,-28.72184]},"properties":{"nome":"Escola Municipal Infantil Jeito de Criança","tipo":"school","mun":"Serafina Corrêa","ibge":"4320404"}},{"type":"Feature","geometry":{"type":"Point","coordinates":[-53.5742,-30.168]},"properties":{"nome":"CESS Colégio Estadual São Sepé","tipo":"school","mun":"São Sepé","ibge":"4319604"}},{"type":"Feature","geometry":{"type":"Point","coordinates":[-53.57013,-30.17006]},"properties":{"nome":"Escola Estadual Mário Deluy","tipo":"school","mun":"São Sepé","ibge":"4319604"}},{"type":"Feature","geometry":{"type":"Point","coordinates":[-53.5728,-30.17041]},"properties":{"nome":"I.E.E. Tiarajú","tipo":"school","mun":"São Sepé","ibge":"4319604"}},{"type":"Feature","geometry":{"type":"Point","coordinates":[-52.8954,-29.99286]},"properties":{"nome":"E.M.E.F Jenny Figueiredo Vieira da Cunha","tipo":"school","mun":"Cachoeira do Sul","ibge":"4303004"}},{"type":"Feature","geometry":{"type":"Point","coordinates":[-50.8893,-29.4346]},"properties":{"nome":"Padre Anchieta","tipo":"school","mun":"Gramado","ibge":"4309100"}},{"type":"Feature","geometry":{"type":"Point","coordinates":[-50.80326,-29.61195]},"properties":{"nome":"Magnum Clube de Tiro","tipo":"sports_centre","mun":"Igrejinha","ibge":"4310108"}},{"type":"Feature","geometry":{"type":"Point","coordinates":[-53.58646,-30.16609]},"properties":{"nome":"CIEP - Centro Integrado de Educação Pública","tipo":"school","mun":"São Sepé","ibge":"4319604"}},{"type":"Feature","geometry":{"type":"Point","coordinates":[-51.23047,-29.15562]},"properties":{"nome":"EMEF San Gennaro","tipo":"school","mun":"Caxias do Sul","ibge":"4305108"}},{"type":"Feature","geometry":{"type":"Point","coordinates":[-51.31886,-29.50059]},"properties":{"nome":"E.M.E.F Conselheiro João Braun","tipo":"school","mun":"Feliz","ibge":"4308102"}},{"type":"Feature","geometry":{"type":"Point","coordinates":[-51.30565,-29.47929]},"properties":{"nome":"E.E.E.F Ivonny Kayser","tipo":"school","mun":"Feliz","ibge":"4308102"}},{"type":"Feature","geometry":{"type":"Point","coordinates":[-51.34295,-29.50764]},"properties":{"nome":"E.M.E.F São Luís","tipo":"school","mun":"Bom Princípio","ibge":"4302352"}},{"type":"Feature","geometry":{"type":"Point","coordinates":[-51.83503,-27.81665]},"properties":{"nome":"Escola Estadual Frei José","tipo":"school","mun":"São João da Urtiga","ibge":"4318424"}},{"type":"Feature","geometry":{"type":"Point","coordinates":[-53.59144,-30.16709]},"properties":{"nome":"Escola Municipal de Ensino Fundamental Rio Branco","tipo":"school","mun":"São Sepé","ibge":"4319604"}},{"type":"Feature","geometry":{"type":"Point","coordinates":[-53.57973,-30.16302]},"properties":{"nome":"Centro Comunitário","tipo":"community_centre","mun":"São Sepé","ibge":"4319604"}},{"type":"Feature","geometry":{"type":"Point","coordinates":[-53.90271,-30.1942]},"properties":{"nome":"Comunidade N. Sra. da Saúde - Coxilha Verde","tipo":"community_centre","mun":"São Sepé","ibge":"4319604"}},{"type":"Feature","geometry":{"type":"Point","coordinates":[-52.41195,-28.25642]},"properties":{"nome":"St. Patrick","tipo":"school","mun":"Passo Fundo","ibge":"4314100"}},{"type":"Feature","geometry":{"type":"Point","coordinates":[-51.34316,-29.67865]},"properties":{"nome":"Escola Municipal de Ensino Fundamental Marechal Cândido Mariano Rondon","tipo":"school","mun":"Capela de Santana","ibge":"4304689"}},{"type":"Feature","geometry":{"type":"Point","coordinates":[-51.32085,-29.68337]},"properties":{"nome":"Escola Municipal de Educação Infantil Pequeno Príncipe","tipo":"school","mun":"Capela de Santana","ibge":"4304689"}},{"type":"Feature","geometry":{"type":"Point","coordinates":[-53.58372,-30.15499]},"properties":{"nome":"E. M. E. F. Francisco Simões Pires","tipo":"school","mun":"São Sepé","ibge":"4319604"}},{"type":"Feature","geometry":{"type":"Point","coordinates":[-54.93837,-31.37647]},"properties":{"nome":"Escuela 34","tipo":"school","mun":"Dom Pedrito","ibge":"4306601"}},{"type":"Feature","geometry":{"type":"Point","coordinates":[-51.46667,-29.66925]},"properties":{"nome":"Escola Municipal de Ensino Fundamental Adolfo Schüler","tipo":"school","mun":"Montenegro","ibge":"4312401"}},{"type":"Feature","geometry":{"type":"Point","coordinates":[-55.7502,-29.80628]},"properties":{"nome":"Escola Waldemar Borges","tipo":"school","mun":"Alegrete","ibge":"4300406"}},{"type":"Feature","geometry":{"type":"Point","coordinates":[-55.79172,-29.78388]},"properties":{"nome":"Colégio Professor Raymundo Carvalho","tipo":"school","mun":"Alegrete","ibge":"4300406"}},{"type":"Feature","geometry":{"type":"Point","coordinates":[-51.13449,-30.07477]},"properties":{"nome":"Escola Estadual de Ensino Médio Agrônomo Pedro Pereira","tipo":"school","mun":"Porto Alegre","ibge":"4314902"}},{"type":"Feature","geometry":{"type":"Point","coordinates":[-52.40934,-29.74013]},"properties":{"nome":"Centro Esportivo Normélio Egídio Boettcher","tipo":"sports_centre","mun":"Santa Cruz do Sul","ibge":"4316808"}},{"type":"Feature","geometry":{"type":"Point","coordinates":[-51.15566,-29.76435]},"properties":{"nome":"Escola Estadual de Ensino Fundamental Mario Quintana","tipo":"school","mun":"São Leopoldo","ibge":"4318705"}},{"type":"Feature","geometry":{"type":"Point","coordinates":[-51.51459,-28.21649]},"properties":{"nome":"Escola Estadual de Ensino Fundamental José Ferreira Bueno","tipo":"school","mun":"Lagoa Vermelha","ibge":"4311304"}},{"type":"Feature","geometry":{"type":"Point","coordinates":[-52.40106,-28.2596]},"properties":{"nome":"Lotus - Escola Particular de Piano e Xadrez","tipo":"school","mun":"Passo Fundo","ibge":"4314100"}},{"type":"Feature","geometry":{"type":"Point","coordinates":[-50.66809,-29.65854]},"properties":{"nome":"Espaço Novo Tempo","tipo":"community_centre","mun":"Taquara","ibge":"4321204"}},{"type":"Feature","geometry":{"type":"Point","coordinates":[-50.81563,-29.62844]},"properties":{"nome":"João de Barro","tipo":"sports_centre","mun":"Parobé","ibge":"4314050"}},{"type":"Feature","geometry":{"type":"Point","coordinates":[-51.54064,-29.43469]},"properties":{"nome":"Escola Prof. Auri Beschorner","tipo":"school","mun":"Salvador do Sul","ibge":"4316501"}},{"type":"Feature","geometry":{"type":"Point","coordinates":[-50.04656,-29.76939]},"properties":{"nome":"EMEI Lobinho Guará","tipo":"school","mun":"Xangri-lá","ibge":"4323804"}},{"type":"Feature","geometry":{"type":"Point","coordinates":[-51.20705,-29.16243]},"properties":{"nome":"Centro Comunitário do Bairro Tijuca","tipo":"community_centre","mun":"Caxias do Sul","ibge":"4305108"}},{"type":"Feature","geometry":{"type":"Point","coordinates":[-52.25318,-29.66187]},"properties":{"nome":"Escola Municipal Dom Pedro II.","tipo":"school","mun":"Venâncio Aires","ibge":"4322608"}},{"type":"Feature","geometry":{"type":"Point","coordinates":[-52.05765,-29.40847]},"properties":{"nome":"Sociedade Carlos Gomes","tipo":"community_centre","mun":"Forquetinha","ibge":"4308433"}},{"type":"Feature","geometry":{"type":"Point","coordinates":[-50.38148,-29.39258]},"properties":{"nome":"Escola Indígena Vanheky VeiTcha Téiê","tipo":"school","mun":"São Francisco de Paula","ibge":"4318200"}},{"type":"Feature","geometry":{"type":"Point","coordinates":[-51.97009,-29.69478]},"properties":{"nome":"Escola Estadual de Ensino Médio Mariante","tipo":"school","mun":"Venâncio Aires","ibge":"4322608"}},{"type":"Feature","geometry":{"type":"Point","coordinates":[-51.17483,-29.1577]},"properties":{"nome":"Sede Comunitária Bairro Primeiro de Maio","tipo":"community_centre","mun":"Caxias do Sul","ibge":"4305108"}},{"type":"Feature","geometry":{"type":"Point","coordinates":[-51.23458,-29.81793]},"properties":{"nome":"Escola Municipal 13 de Maio","tipo":"school","mun":"Nova Santa Rita","ibge":"4313375"}},{"type":"Feature","geometry":{"type":"Point","coordinates":[-50.15365,-30.00232]},"properties":{"nome":"Escola Estadual de Ensino Médio Assis Brasil","tipo":"school","mun":"Tramandaí","ibge":"4321600"}},{"type":"Feature","geometry":{"type":"Point","coordinates":[-51.3426,-30.16165]},"properties":{"nome":"Escola Liberato Salzano Vieira da Cunha","tipo":"school","mun":"Guaíba","ibge":"4309308"}},{"type":"Feature","geometry":{"type":"Point","coordinates":[-51.33813,-30.16699]},"properties":{"nome":"Escola Municipal Ensino Fundamental Máximo Laviaguerre","tipo":"school","mun":"Guaíba","ibge":"4309308"}},{"type":"Feature","geometry":{"type":"Point","coordinates":[-51.36497,-30.115]},"properties":{"nome":"EMEI Waina Maria Alencastro Barbosa","tipo":"school","mun":"Guaíba","ibge":"4309308"}},{"type":"Feature","geometry":{"type":"Point","coordinates":[-50.13849,-29.99146]},"properties":{"nome":"IEE Barão de Tramandaí","tipo":"school","mun":"Tramandaí","ibge":"4321600"}},{"type":"Feature","geometry":{"type":"Point","coordinates":[-51.98987,-30.74205]},"properties":{"nome":"E.M.E.F. Santa Luzia","tipo":"school","mun":"Chuvisca","ibge":"4305447"}},{"type":"Feature","geometry":{"type":"Point","coordinates":[-50.91443,-29.72229]},"properties":{"nome":"Escola Zeferino Vicente Neves Filho","tipo":"school","mun":"Taquara","ibge":"4321204"}},{"type":"Feature","geometry":{"type":"Point","coordinates":[-52.30231,-27.39504]},"properties":{"nome":"Escola Estadual","tipo":"school","mun":"Aratiba","ibge":"4300901"}},{"type":"Feature","geometry":{"type":"Point","coordinates":[-51.10049,-29.75588]},"properties":{"nome":"Escola Prof. Emílio Meyer","tipo":"school","mun":"São Leopoldo","ibge":"4318705"}},{"type":"Feature","geometry":{"type":"Point","coordinates":[-52.40412,-28.26104]},"properties":{"nome":"Garra","tipo":"school","mun":"Passo Fundo","ibge":"4314100"}},{"type":"Feature","geometry":{"type":"Point","coordinates":[-50.77791,-29.51693]},"properties":{"nome":"Paróquia Sagrada Família","tipo":"community_centre","mun":"Três Coroas","ibge":"4321709"}},{"type":"Feature","geometry":{"type":"Point","coordinates":[-51.13017,-29.85316]},"properties":{"nome":"Escola Municipal de Ensino Fundamental Afonso Guerreiro Lima","tipo":"school","mun":"Sapucaia do Sul","ibge":"4320008"}},{"type":"Feature","geometry":{"type":"Point","coordinates":[-50.23295,-29.95209]},"properties":{"nome":"EMEF Ângelo Gabriel Boff Guasselli","tipo":"school","mun":"Osório","ibge":"4313508"}},{"type":"Feature","geometry":{"type":"Point","coordinates":[-51.33299,-29.2165]},"properties":{"nome":"Escola Municipal de Ensino Fundamental Nossa Senhora Medianeira","tipo":"school","mun":"Farroupilha","ibge":"4307906"}},{"type":"Feature","geometry":{"type":"Point","coordinates":[-50.26267,-30.03772]},"properties":{"nome":"Escola Municipal de Ensino Fundamental Luiz Manoel da Silveira","tipo":"school","mun":"Tramandaí","ibge":"4321600"}},{"type":"Feature","geometry":{"type":"Point","coordinates":[-50.26288,-30.03797]},"properties":{"nome":"Centro Comunitário São João Batista","tipo":"community_centre","mun":"Tramandaí","ibge":"4321600"}},{"type":"Feature","geometry":{"type":"Point","coordinates":[-51.12085,-29.12798]},"properties":{"nome":"Sociedade Esportiva e Recreativa Bairro Castelo","tipo":"community_centre","mun":"Caxias do Sul","ibge":"4305108"}},{"type":"Feature","geometry":{"type":"Point","coordinates":[-51.54296,-29.25406]},"properties":{"nome":"Centro Comunitário Bairro Chácaras","tipo":"community_centre","mun":"Garibaldi","ibge":"4308607"}},{"type":"Feature","geometry":{"type":"Point","coordinates":[-51.52553,-29.27169]},"properties":{"nome":"Salão Comunitário Bairro Alfândega","tipo":"community_centre","mun":"Garibaldi","ibge":"4308607"}},{"type":"Feature","geometry":{"type":"Point","coordinates":[-51.52681,-29.27204]},"properties":{"nome":"Escola Estadual de Ensino Fundamental João Machado Rosa","tipo":"school","mun":"Garibaldi","ibge":"4308607"}},{"type":"Feature","geometry":{"type":"Point","coordinates":[-51.5007,-29.26842]},"properties":{"nome":"Escola Estadual de Ensino Fundamental Santa Mônica","tipo":"school","mun":"Garibaldi","ibge":"4308607"}},{"type":"Feature","geometry":{"type":"Point","coordinates":[-51.50584,-29.29105]},"properties":{"nome":"Escola Elisa Tramontina","tipo":"school","mun":"Carlos Barbosa","ibge":"4304804"}},{"type":"Feature","geometry":{"type":"Point","coordinates":[-51.64489,-29.31259]},"properties":{"nome":"EEEM Marcelino Champagnat","tipo":"school","mun":"Boa Vista do Sul","ibge":"4302253"}},{"type":"Feature","geometry":{"type":"Point","coordinates":[-51.256,-29.66415]},"properties":{"nome":"ESCOLA ESTADUAL DE ENSINO FUNDAMENTAL ADOLFO GUSTAVO KRUMMENAUER","tipo":"school","mun":"Portão","ibge":"4314803"}},{"type":"Feature","geometry":{"type":"Point","coordinates":[-51.2448,-29.69306]},"properties":{"nome":"Escola Municipal de Ensino Fundamental Carlos Oswin Franke","tipo":"school","mun":"Portão","ibge":"4314803"}},{"type":"Feature","geometry":{"type":"Point","coordinates":[-53.33073,-29.35083]},"properties":{"nome":"EMEI Carmelinda Ignez Cocco Mariani","tipo":"school","mun":"Pinhal Grande","ibge":"4314472"}},{"type":"Feature","geometry":{"type":"Point","coordinates":[-51.20709,-29.14141]},"properties":{"nome":"AMOB Vinhedos","tipo":"community_centre","mun":"Caxias do Sul","ibge":"4305108"}},{"type":"Feature","geometry":{"type":"Point","coordinates":[-51.18157,-29.15963]},"properties":{"nome":"Escola Estadual Especial João Prataviera","tipo":"school","mun":"Caxias do Sul","ibge":"4305108"}},{"type":"Feature","geometry":{"type":"Point","coordinates":[-51.16886,-29.17934]},"properties":{"nome":"E.E.I. Antonieta Pistorello","tipo":"school","mun":"Caxias do Sul","ibge":"4305108"}},{"type":"Feature","geometry":{"type":"Point","coordinates":[-52.90625,-27.83062]},"properties":{"nome":"EMEB Francisco Mariano Braga","tipo":"school","mun":"Rondinha","ibge":"4316204"}},{"type":"Feature","geometry":{"type":"Point","coordinates":[-50.76884,-29.4781]},"properties":{"nome":"E.M.E.F Rui Barbosa","tipo":"school","mun":"Três Coroas","ibge":"4321709"}},{"type":"Feature","geometry":{"type":"Point","coordinates":[-53.75948,-29.69978]},"properties":{"nome":"Capela São José","tipo":"community_centre","mun":"Santa Maria","ibge":"4316907"}},{"type":"Feature","geometry":{"type":"Point","coordinates":[-54.48304,-27.75576]},"properties":{"nome":"Escola Hermínia Sichinel","tipo":"school","mun":"Tuparendi","ibge":"4322301"}},{"type":"Feature","geometry":{"type":"Point","coordinates":[-53.78507,-30.85319]},"properties":{"nome":"Escola","tipo":"school","mun":"Lavras do Sul","ibge":"4311502"}},{"type":"Feature","geometry":{"type":"Point","coordinates":[-52.09429,-32.04052]},"properties":{"nome":"Energia Escola de Natação","tipo":"sports_centre","mun":"Rio Grande","ibge":"4315602"}},{"type":"Feature","geometry":{"type":"Point","coordinates":[-53.25534,-27.45663]},"properties":{"nome":"Escola Municipal de Ensino Fundamental Professora Nelci Liane de Vargas","tipo":"school","mun":"Cristal do Sul","ibge":"4306072"}},{"type":"Feature","geometry":{"type":"Point","coordinates":[-53.25142,-27.45605]},"properties":{"nome":"Escola Estadual Mathias Balduíno Huppes","tipo":"school","mun":"Cristal do Sul","ibge":"4306072"}},{"type":"Feature","geometry":{"type":"Point","coordinates":[-53.246,-27.45806]},"properties":{"nome":"Escola Municipal de Ensino Fundamental Padre Benjamin Rosato","tipo":"school","mun":"Cristal do Sul","ibge":"4306072"}},{"type":"Feature","geometry":{"type":"Point","coordinates":[-51.51341,-30.3653]},"properties":{"nome":"Escola Municipal Ensino Fundamental Ana Barok","tipo":"school","mun":"Mariana Pimentel","ibge":"4311981"}},{"type":"Feature","geometry":{"type":"Point","coordinates":[-51.55353,-28.85986]},"properties":{"nome":"Ginásio Municipal","tipo":"sports_centre","mun":"Vila Flores","ibge":"4323309"}},{"type":"Feature","geometry":{"type":"Point","coordinates":[-53.76891,-29.59056]},"properties":{"nome":"EMEI Gralha Azul","tipo":"school","mun":"Itaara","ibge":"4310538"}},{"type":"Feature","geometry":{"type":"Point","coordinates":[-53.76332,-29.59284]},"properties":{"nome":"EMEF Euclides Pinto Ribas","tipo":"school","mun":"Itaara","ibge":"4310538"}},{"type":"Feature","geometry":{"type":"Point","coordinates":[-50.10034,-29.90694]},"properties":{"nome":"EMEI Tia Marica","tipo":"school","mun":"Imbé","ibge":"4310330"}},{"type":"Feature","geometry":{"type":"Point","coordinates":[-50.10052,-29.90757]},"properties":{"nome":"E.M.E.F. Olavo Bilac","tipo":"school","mun":"Imbé","ibge":"4310330"}},{"type":"Feature","geometry":{"type":"Point","coordinates":[-53.21899,-29.09291]},"properties":{"nome":"Escola Municipal de Educação Especial Resina Bernhard","tipo":"school","mun":"Salto do Jacuí","ibge":"4316451"}},{"type":"Feature","geometry":{"type":"Point","coordinates":[-52.31695,-28.72306]},"properties":{"nome":"EMEF SANTA MARTA","tipo":"school","mun":"Soledade","ibge":"4320800"}},{"type":"Feature","geometry":{"type":"Point","coordinates":[-53.04688,-29.03318]},"properties":{"nome":"EMEI Vovó Noely","tipo":"school","mun":"Jacuizinho","ibge":"4310876"}},{"type":"Feature","geometry":{"type":"Point","coordinates":[-51.12532,-29.68286]},"properties":{"nome":"Armeria Sports","tipo":"sports_centre","mun":"Novo Hamburgo","ibge":"4313409"}},{"type":"Feature","geometry":{"type":"Point","coordinates":[-54.02216,-27.88355]},"properties":{"nome":"CAMPO DO GUARANI","tipo":"sports_centre","mun":"Inhacorá","ibge":"4310413"}},{"type":"Feature","geometry":{"type":"Point","coordinates":[-51.58608,-28.82395]},"properties":{"nome":"Escola Municipal de Ensino Fundamental Reinaldo Cherubini","tipo":"school","mun":"Nova Prata","ibge":"4313300"}},{"type":"Feature","geometry":{"type":"Point","coordinates":[-51.1289,-29.39924]},"properties":{"nome":"EMEF Luiz Loeser","tipo":"school","mun":"Nova Petrópolis","ibge":"4313201"}},{"type":"Feature","geometry":{"type":"Point","coordinates":[-52.01977,-27.57027]},"properties":{"nome":"Escola Municipal de Educação Infantil","tipo":"school","mun":"Viadutos","ibge":"4322905"}},{"type":"Feature","geometry":{"type":"Point","coordinates":[-51.17352,-29.66792]},"properties":{"nome":"Associação de moradores do Bairo Encosta do Sol","tipo":"community_centre","mun":"Estância Velha","ibge":"4307609"}},{"type":"Feature","geometry":{"type":"Point","coordinates":[-52.26836,-29.39196]},"properties":{"nome":"CTG Querência do Sério","tipo":"community_centre","mun":"Sério","ibge":"4320453"}},{"type":"Feature","geometry":{"type":"Point","coordinates":[-52.37862,-28.23453]},"properties":{"nome":"Universidade de Passo Fundo","tipo":"school","mun":"Passo Fundo","ibge":"4314100"}},{"type":"Feature","geometry":{"type":"Point","coordinates":[-52.36777,-28.22977]},"properties":{"nome":"EMEF Benoni Rosado","tipo":"school","mun":"Passo Fundo","ibge":"4314100"}},{"type":"Feature","geometry":{"type":"Point","coordinates":[-50.04614,-29.80235]},"properties":{"nome":"EMEF Major João Antônio Marques","tipo":"school","mun":"Xangri-lá","ibge":"4323804"}},{"type":"Feature","geometry":{"type":"Point","coordinates":[-49.78502,-29.33039]},"properties":{"nome":"Ponto de apoio","tipo":"community_centre","mun":"Torres","ibge":"4321501"}},{"type":"Feature","geometry":{"type":"Point","coordinates":[-51.527,-29.16506]},"properties":{"nome":"Escola Estadual de Ensino Médio Imaculada Conceição","tipo":"school","mun":"Bento Gonçalves","ibge":"4302105"}},{"type":"Feature","geometry":{"type":"Point","coordinates":[-51.17953,-29.31451]},"properties":{"nome":"EMEF Assis Brasil","tipo":"school","mun":"Caxias do Sul","ibge":"4305108"}},{"type":"Feature","geometry":{"type":"Point","coordinates":[-51.19144,-29.20872]},"properties":{"nome":"Centro Comunitário Nossa Senhora das Graças","tipo":"community_centre","mun":"Caxias do Sul","ibge":"4305108"}},{"type":"Feature","geometry":{"type":"Point","coordinates":[-51.17559,-29.92482]},"properties":{"nome":"Colégio Nave","tipo":"school","mun":"Canoas","ibge":"4304606"}},{"type":"Feature","geometry":{"type":"Point","coordinates":[-53.22364,-28.79796]},"properties":{"nome":"Escola Municipal de Ensino Fundamental 18 De Abril","tipo":"school","mun":"Fortaleza dos Valos","ibge":"4308458"}},{"type":"Feature","geometry":{"type":"Point","coordinates":[-51.53488,-29.1501]},"properties":{"nome":"EMEF Doutor Tancredo de Almeida Neves","tipo":"school","mun":"Bento Gonçalves","ibge":"4302105"}},{"type":"Feature","geometry":{"type":"Point","coordinates":[-51.60884,-28.79724]},"properties":{"nome":"Escola Estadual de Ensino Médio Onze de Agosto","tipo":"school","mun":"Nova Prata","ibge":"4313300"}},{"type":"Feature","geometry":{"type":"Point","coordinates":[-55.51521,-30.88407]},"properties":{"nome":"EEEF CELINA VARES ALBORNOZ","tipo":"school","mun":"Sant'Ana do Livramento","ibge":"4317103"}},{"type":"Feature","geometry":{"type":"Point","coordinates":[-55.51941,-30.88147]},"properties":{"nome":"Instituto Estadual de Educação Dr. Carlos Vidal Oliveira","tipo":"school","mun":"Sant'Ana do Livramento","ibge":"4317103"}},{"type":"Feature","geometry":{"type":"Point","coordinates":[-49.91472,-29.58779]},"properties":{"nome":"Escola Ney Brito","tipo":"school","mun":"Arroio do Sal","ibge":"4301057"}},{"type":"Feature","geometry":{"type":"Point","coordinates":[-51.30894,-29.45269]},"properties":{"nome":"Capital do Saber","tipo":"school","mun":"Feliz","ibge":"4308102"}},{"type":"Feature","geometry":{"type":"Point","coordinates":[-51.11148,-29.37534]},"properties":{"nome":"Academia Corpo e Mente","tipo":"sports_centre","mun":"Nova Petrópolis","ibge":"4313201"}},{"type":"Feature","geometry":{"type":"Point","coordinates":[-49.81798,-29.45658]},"properties":{"nome":"Comunidade N. Sra. dos Navegantes - Arroio Seco","tipo":"community_centre","mun":"Arroio do Sal","ibge":"4301057"}},{"type":"Feature","geometry":{"type":"Point","coordinates":[-50.51829,-29.821]},"properties":{"nome":"Colégio Santa Teresinha","tipo":"school","mun":"Santo Antônio da Patrulha","ibge":"4317608"}},{"type":"Feature","geometry":{"type":"Point","coordinates":[-50.13953,-29.98796]},"properties":{"nome":"EEEF Almirante Tamandaré","tipo":"school","mun":"Tramandaí","ibge":"4321600"}},{"type":"Feature","geometry":{"type":"Point","coordinates":[-50.14899,-30.0046]},"properties":{"nome":"EEEF São Francisco de Assis","tipo":"school","mun":"Tramandaí","ibge":"4321600"}},{"type":"Feature","geometry":{"type":"Point","coordinates":[-50.28602,-29.91074]},"properties":{"nome":"Vila Esportes e Eventos","tipo":"sports_centre","mun":"Osório","ibge":"4313508"}},{"type":"Feature","geometry":{"type":"Point","coordinates":[-50.15166,-30.00573]},"properties":{"nome":"APAE Tramandaí","tipo":"school","mun":"Tramandaí","ibge":"4321600"}},{"type":"Feature","geometry":{"type":"Point","coordinates":[-51.14394,-29.83754]},"properties":{"nome":"Guianuba","tipo":"school","mun":"Sapucaia do Sul","ibge":"4320008"}},{"type":"Feature","geometry":{"type":"Point","coordinates":[-50.21271,-29.98153]},"properties":{"nome":"AMPE","tipo":"community_centre","mun":"Tramandaí","ibge":"4321600"}},{"type":"Feature","geometry":{"type":"Point","coordinates":[-50.20853,-29.98272]},"properties":{"nome":"E.E.E.F. Menino Manuel Luiz","tipo":"school","mun":"Tramandaí","ibge":"4321600"}},{"type":"Feature","geometry":{"type":"Point","coordinates":[-49.87986,-29.53795]},"properties":{"nome":"EMEF Professor Raimundo Fernandes de Oliveira","tipo":"school","mun":"Arroio do Sal","ibge":"4301057"}},{"type":"Feature","geometry":{"type":"Point","coordinates":[-51.06296,-29.67809]},"properties":{"nome":"Colégio Santa Teresinha","tipo":"school","mun":"Campo Bom","ibge":"4303905"}},{"type":"Feature","geometry":{"type":"Point","coordinates":[-51.17693,-29.16397]},"properties":{"nome":"Escola Educação Infantil Esconderijo Sapeca","tipo":"school","mun":"Caxias do Sul","ibge":"4305108"}},{"type":"Feature","geometry":{"type":"Point","coordinates":[-52.19658,-28.47452]},"properties":{"nome":"Salão da Comunidade Gruta do Rio Marau","tipo":"community_centre","mun":"Marau","ibge":"4311809"}},{"type":"Feature","geometry":{"type":"Point","coordinates":[-50.32707,-29.89573]},"properties":{"nome":"EMEF Luiz Francisco Panni","tipo":"school","mun":"Osório","ibge":"4313508"}},{"type":"Feature","geometry":{"type":"Point","coordinates":[-50.3274,-29.8959]},"properties":{"nome":"Comunidade São José - Laranjeiras","tipo":"community_centre","mun":"Osório","ibge":"4313508"}},{"type":"Feature","geometry":{"type":"Point","coordinates":[-52.10686,-32.14208]},"properties":{"nome":"EMEF saldanha da gama","tipo":"school","mun":"Rio Grande","ibge":"4315602"}},{"type":"Feature","geometry":{"type":"Point","coordinates":[-50.51683,-29.81556]},"properties":{"nome":"EEEM Professora Gregória de Mendonça","tipo":"school","mun":"Santo Antônio da Patrulha","ibge":"4317608"}},{"type":"Feature","geometry":{"type":"Point","coordinates":[-51.33719,-30.1306]},"properties":{"nome":"CTG Cruzeiro Do Sul","tipo":"community_centre","mun":"Guaíba","ibge":"4309308"}},{"type":"Feature","geometry":{"type":"Point","coordinates":[-50.16088,-30.00594]},"properties":{"nome":"JR Centro Esportivo","tipo":"sports_centre","mun":"Tramandaí","ibge":"4321600"}},{"type":"Feature","geometry":{"type":"Point","coordinates":[-51.62141,-28.76639]},"properties":{"nome":"Escola Municipal de Ensino Fundamental Ângela Paludo","tipo":"school","mun":"Nova Prata","ibge":"4313300"}},{"type":"Feature","geometry":{"type":"Point","coordinates":[-51.62055,-28.72155]},"properties":{"nome":"ESCOLA MUNICIPAL DE ENSINO FUNDAMENTAL CAETANO POLESELLO","tipo":"school","mun":"Nova Prata","ibge":"4313300"}},{"type":"Feature","geometry":{"type":"Point","coordinates":[-51.6138,-28.79929]},"properties":{"nome":"Escola de Educação Infantil Vó Elisa","tipo":"school","mun":"Nova Prata","ibge":"4313300"}},{"type":"Feature","geometry":{"type":"Point","coordinates":[-52.10794,-32.03303]},"properties":{"nome":"teorema curso","tipo":"school","mun":"Rio Grande","ibge":"4315602"}},{"type":"Feature","geometry":{"type":"Point","coordinates":[-52.10823,-32.03389]},"properties":{"nome":"E.E.E.F. Agnella do Nascimento","tipo":"school","mun":"Rio Grande","ibge":"4315602"}},{"type":"Feature","geometry":{"type":"Point","coordinates":[-52.11262,-32.03945]},"properties":{"nome":"Escola de Educação Infantil  Algodão Doce","tipo":"school","mun":"Rio Grande","ibge":"4315602"}},{"type":"Feature","geometry":{"type":"Point","coordinates":[-52.11447,-32.03969]},"properties":{"nome":"Sagrado Coração de Jesus","tipo":"school","mun":"Rio Grande","ibge":"4315602"}},{"type":"Feature","geometry":{"type":"Point","coordinates":[-52.11691,-32.04132]},"properties":{"nome":"Educação Infantil Abracadabra","tipo":"school","mun":"Rio Grande","ibge":"4315602"}},{"type":"Feature","geometry":{"type":"Point","coordinates":[-50.14601,-29.9985]},"properties":{"nome":"Escola São José","tipo":"school","mun":"Tramandaí","ibge":"4321600"}},{"type":"Feature","geometry":{"type":"Point","coordinates":[-50.17,-30.00445]},"properties":{"nome":"E.M.E.F. Thomaz José Luiz Osório","tipo":"school","mun":"Tramandaí","ibge":"4321600"}},{"type":"Feature","geometry":{"type":"Point","coordinates":[-49.89238,-29.54954]},"properties":{"nome":"Escola Bem-me-quer","tipo":"school","mun":"Arroio do Sal","ibge":"4301057"}},{"type":"Feature","geometry":{"type":"Point","coordinates":[-52.11073,-32.04276]},"properties":{"nome":"Salão para Locação - Sind IFERGS","tipo":"community_centre","mun":"Rio Grande","ibge":"4315602"}},{"type":"Feature","geometry":{"type":"Point","coordinates":[-49.89215,-29.54929]},"properties":{"nome":"Escola Estadual José de Quadros","tipo":"school","mun":"Arroio do Sal","ibge":"4301057"}},{"type":"Feature","geometry":{"type":"Point","coordinates":[-51.3615,-29.22277]},"properties":{"nome":"Escola Municipal de Ensino Fundamental Ângelo Chiele","tipo":"school","mun":"Farroupilha","ibge":"4307906"}},{"type":"Feature","geometry":{"type":"Point","coordinates":[-51.36225,-29.23434]},"properties":{"nome":"EMEI São José","tipo":"school","mun":"Farroupilha","ibge":"4307906"}},{"type":"Feature","geometry":{"type":"Point","coordinates":[-50.64623,-29.80841]},"properties":{"nome":"Escola Estadual José Pereira da Rocha","tipo":"school","mun":"Santo Antônio da Patrulha","ibge":"4317608"}},{"type":"Feature","geometry":{"type":"Point","coordinates":[-50.79516,-29.35025]},"properties":{"nome":"Escola de Educação Infantil Profª Lucimara Basei","tipo":"school","mun":"Canela","ibge":"4304408"}},{"type":"Feature","geometry":{"type":"Point","coordinates":[-51.69124,-28.53707]},"properties":{"nome":"EMEF Professora Esaura Maria","tipo":"school","mun":"Guabiju","ibge":"4309258"}},{"type":"Feature","geometry":{"type":"Point","coordinates":[-51.07744,-30.01304]},"properties":{"nome":"Núcleo Comunitário Bela Vista","tipo":"community_centre","mun":"Alvorada","ibge":"4300604"}},{"type":"Feature","geometry":{"type":"Point","coordinates":[-50.13806,-29.44196]},"properties":{"nome":"EMEF José Melo","tipo":"school","mun":"Itati","ibge":"4310652"}},{"type":"Feature","geometry":{"type":"Point","coordinates":[-49.9273,-29.36424]},"properties":{"nome":"EMEF Pedro Antônio Selau","tipo":"school","mun":"Morrinhos do Sul","ibge":"4312443"}},{"type":"Feature","geometry":{"type":"Point","coordinates":[-51.37336,-29.59019]},"properties":{"nome":"Escola Estadual de Ensino Médio Felipe Camarão","tipo":"school","mun":"São Sebastião do Caí","ibge":"4319505"}},{"type":"Feature","geometry":{"type":"Point","coordinates":[-51.37263,-29.59719]},"properties":{"nome":"E.M.E.I TIA JUSSARA","tipo":"school","mun":"São Sebastião do Caí","ibge":"4319505"}},{"type":"Feature","geometry":{"type":"Point","coordinates":[-51.37385,-29.59697]},"properties":{"nome":"Instituto Estadual de Educação Paulo Freire","tipo":"school","mun":"São Sebastião do Caí","ibge":"4319505"}},{"type":"Feature","geometry":{"type":"Point","coordinates":[-51.51644,-29.45201]},"properties":{"nome":"Escola Municipal de Ensino Fundamental Selma Wallauer","tipo":"school","mun":"Salvador do Sul","ibge":"4316501"}},{"type":"Feature","geometry":{"type":"Point","coordinates":[-51.34631,-29.61307]},"properties":{"nome":"Escola Estadual de Ensino Fundamental Manoel Fausto Pereira Fortes","tipo":"school","mun":"São Sebastião do Caí","ibge":"4319505"}},{"type":"Feature","geometry":{"type":"Point","coordinates":[-51.11004,-29.64632]},"properties":{"nome":"Escola Municipal Presidente Campos Salles","tipo":"school","mun":"Novo Hamburgo","ibge":"4313409"}},{"type":"Feature","geometry":{"type":"Point","coordinates":[-51.14613,-29.64485]},"properties":{"nome":"EMEI Rincão dos Gauchinhos","tipo":"school","mun":"Estância Velha","ibge":"4307609"}},{"type":"Feature","geometry":{"type":"Point","coordinates":[-51.14167,-29.64911]},"properties":{"nome":"Escola Estadual de Ensino Fundamental Alvino Henrique Weber","tipo":"school","mun":"Novo Hamburgo","ibge":"4313409"}},{"type":"Feature","geometry":{"type":"Point","coordinates":[-51.1887,-29.13406]},"properties":{"nome":"EMEF Engenheiro Mansueto Serafini","tipo":"school","mun":"Caxias do Sul","ibge":"4305108"}},{"type":"Feature","geometry":{"type":"Point","coordinates":[-51.20461,-29.15311]},"properties":{"nome":"Maple Bear Caxias do Sul","tipo":"school","mun":"Caxias do Sul","ibge":"4305108"}},{"type":"Feature","geometry":{"type":"Point","coordinates":[-51.18467,-29.12503]},"properties":{"nome":"Centro Comunitário Veneza","tipo":"community_centre","mun":"Caxias do Sul","ibge":"4305108"}},{"type":"Feature","geometry":{"type":"Point","coordinates":[-51.54205,-29.15963]},"properties":{"nome":"E.M.E.F Aurélio Frare","tipo":"school","mun":"Bento Gonçalves","ibge":"4302105"}},{"type":"Feature","geometry":{"type":"Point","coordinates":[-50.95565,-29.37588]},"properties":{"nome":"EMEF Alberto Pasqualini","tipo":"school","mun":"Gramado","ibge":"4309100"}},{"type":"Feature","geometry":{"type":"Point","coordinates":[-50.85545,-29.32046]},"properties":{"nome":"Escola Municipal de Educação Infantil e Ensino Fundamental Machado de Assis","tipo":"school","mun":"Gramado","ibge":"4309100"}},{"type":"Feature","geometry":{"type":"Point","coordinates":[-50.28005,-29.88864]},"properties":{"nome":"APAE - Osório","tipo":"school","mun":"Osório","ibge":"4313508"}},{"type":"Feature","geometry":{"type":"Point","coordinates":[-50.34561,-29.88288]},"properties":{"nome":"E.M.E.F. João Enet","tipo":"school","mun":"Osório","ibge":"4313508"}},{"type":"Feature","geometry":{"type":"Point","coordinates":[-50.39151,-30.03203]},"properties":{"nome":"E.M.E.F. Mirko Lauffer","tipo":"school","mun":"Osório","ibge":"4313508"}},{"type":"Feature","geometry":{"type":"Point","coordinates":[-50.39053,-30.03088]},"properties":{"nome":"Salão da Comunidade Católica de Passinhos","tipo":"community_centre","mun":"Osório","ibge":"4313508"}},{"type":"Feature","geometry":{"type":"Point","coordinates":[-50.75985,-29.29979]},"properties":{"nome":"EMEIEF D PEDRO I","tipo":"school","mun":"São Francisco de Paula","ibge":"4318200"}},{"type":"Feature","geometry":{"type":"Point","coordinates":[-50.54364,-29.43576]},"properties":{"nome":"ESC MUN ED ESP DR ANGELO ATHANASIO","tipo":"school","mun":"São Francisco de Paula","ibge":"4318200"}},{"type":"Feature","geometry":{"type":"Point","coordinates":[-50.21115,-29.75558]},"properties":{"nome":"E.M.E.F. Osvaldo Bastos","tipo":"school","mun":"Osório","ibge":"4313508"}},{"type":"Feature","geometry":{"type":"Point","coordinates":[-51.16978,-29.15725]},"properties":{"nome":"EMEF Luiz Antunes","tipo":"school","mun":"Caxias do Sul","ibge":"4305108"}},{"type":"Feature","geometry":{"type":"Point","coordinates":[-51.12579,-29.72061]},"properties":{"nome":"Casa","tipo":"shelter","mun":"Novo Hamburgo","ibge":"4313409"}},{"type":"Feature","geometry":{"type":"Point","coordinates":[-51.95197,-29.48801]},"properties":{"nome":"EEEB Nicolau Müssnich","tipo":"school","mun":"Estrela","ibge":"4307807"}},{"type":"Feature","geometry":{"type":"Point","coordinates":[-51.97506,-29.48449]},"properties":{"nome":"EEEF Moinhos (FECHADA)","tipo":"school","mun":"Estrela","ibge":"4307807"}},{"type":"Feature","geometry":{"type":"Point","coordinates":[-51.9631,-29.49417]},"properties":{"nome":"Colégio Martin Luther Júnior","tipo":"school","mun":"Estrela","ibge":"4307807"}},{"type":"Feature","geometry":{"type":"Point","coordinates":[-52.19904,-29.64358]},"properties":{"nome":"Ginásio Poliesportivo ASSOEVA","tipo":"sports_centre","mun":"Venâncio Aires","ibge":"4322608"}},{"type":"Feature","geometry":{"type":"Point","coordinates":[-52.19009,-29.52084]},"properties":{"nome":"EEEF São Luiz","tipo":"school","mun":"Venâncio Aires","ibge":"4322608"}},{"type":"Feature","geometry":{"type":"Point","coordinates":[-52.30326,-29.51806]},"properties":{"nome":"Ginásio Comunitário de Linha Isabel","tipo":"community_centre","mun":"Venâncio Aires","ibge":"4322608"}},{"type":"Feature","geometry":{"type":"Point","coordinates":[-50.25933,-29.87869]},"properties":{"nome":"EsFES - Osório","tipo":"school","mun":"Osório","ibge":"4313508"}},{"type":"Feature","geometry":{"type":"Point","coordinates":[-51.62252,-29.27446]},"properties":{"nome":"Escola São Marcos","tipo":"school","mun":"Garibaldi","ibge":"4308607"}},{"type":"Feature","geometry":{"type":"Point","coordinates":[-51.56017,-29.24035]},"properties":{"nome":"Comunidade São Luiz do Araripe","tipo":"community_centre","mun":"Garibaldi","ibge":"4308607"}},{"type":"Feature","geometry":{"type":"Point","coordinates":[-51.59578,-29.55506]},"properties":{"nome":"Ginásio Municipal Darci Fetzner","tipo":"sports_centre","mun":"Brochier","ibge":"4302659"}},{"type":"Feature","geometry":{"type":"Point","coordinates":[-51.40109,-29.63691]},"properties":{"nome":"Ginásio Municipal de Esportes","tipo":"sports_centre","mun":"Pareci Novo","ibge":"4314035"}},{"type":"Feature","geometry":{"type":"Point","coordinates":[-51.39705,-29.63873]},"properties":{"nome":"Escola Beato Roque","tipo":"school","mun":"Pareci Novo","ibge":"4314035"}},{"type":"Feature","geometry":{"type":"Point","coordinates":[-51.45682,-29.67078]},"properties":{"nome":"Ginásio Domingos dos Santos","tipo":"sports_centre","mun":"Montenegro","ibge":"4312401"}},{"type":"Feature","geometry":{"type":"Point","coordinates":[-51.45834,-29.67066]},"properties":{"nome":"Azulão","tipo":"sports_centre","mun":"Montenegro","ibge":"4312401"}},{"type":"Feature","geometry":{"type":"Point","coordinates":[-51.2198,-30.04553]},"properties":{"nome":"Ginásio Tesourinha","tipo":"sports_centre","mun":"Porto Alegre","ibge":"4314902"}},{"type":"Feature","geometry":{"type":"Point","coordinates":[-51.51519,-29.16517]},"properties":{"nome":"Colégio Marista Aparecida","tipo":"school","mun":"Bento Gonçalves","ibge":"4302105"}},{"type":"Feature","geometry":{"type":"Point","coordinates":[-51.50569,-29.56653]},"properties":{"nome":"Ginásio de Esportes da Escola Municipal Lúdia Araújo de Viegas","tipo":"sports_centre","mun":"Maratá","ibge":"4311791"}},{"type":"Feature","geometry":{"type":"Point","coordinates":[-51.50561,-29.5667]},"properties":{"nome":"Escola Municipal Lúdia Araújo de Viegas","tipo":"school","mun":"Maratá","ibge":"4311791"}},{"type":"Feature","geometry":{"type":"Point","coordinates":[-53.44191,-29.57681]},"properties":{"nome":"Escola Estadual de Ensino Básico Dom Antônio Reis","tipo":"school","mun":"Faxinal do Soturno","ibge":"4308003"}},{"type":"Feature","geometry":{"type":"Point","coordinates":[-51.23133,-30.08123]},"properties":{"nome":"Escola Vila Cruzeiro do Sul - Escola Aberta","tipo":"school","mun":"Porto Alegre","ibge":"4314902"}},{"type":"Feature","geometry":{"type":"Point","coordinates":[-51.19898,-30.02764]},"properties":{"nome":"Escola Uruguai","tipo":"school","mun":"Porto Alegre","ibge":"4314902"}},{"type":"Feature","geometry":{"type":"Point","coordinates":[-51.0927,-30.01502]},"properties":{"nome":"CT SC Internacional","tipo":"sports_centre","mun":"Alvorada","ibge":"4300604"}},{"type":"Feature","geometry":{"type":"Point","coordinates":[-51.0645,-30.00165]},"properties":{"nome":"Clube União","tipo":"sports_centre","mun":"Alvorada","ibge":"4300604"}},{"type":"Feature","geometry":{"type":"Point","coordinates":[-51.15197,-29.79744]},"properties":{"nome":"H01 Centro de Desporto e Lazer","tipo":"sports_centre","mun":"São Leopoldo","ibge":"4318705"}},{"type":"Feature","geometry":{"type":"Point","coordinates":[-51.53145,-29.52892]},"properties":{"nome":"Sociedade Cultural Esportiva São Pedro do Maratá","tipo":"community_centre","mun":"Maratá","ibge":"4311791"}},{"type":"Feature","geometry":{"type":"Point","coordinates":[-51.13774,-29.77584]},"properties":{"nome":"Colégio Sinodal","tipo":"school","mun":"São Leopoldo","ibge":"4318705"}},{"type":"Feature","geometry":{"type":"Point","coordinates":[-51.13811,-29.76581]},"properties":{"nome":"Colégio São José","tipo":"school","mun":"São Leopoldo","ibge":"4318705"}},{"type":"Feature","geometry":{"type":"Point","coordinates":[-51.14748,-29.77195]},"properties":{"nome":"Colégio São Luís","tipo":"school","mun":"São Leopoldo","ibge":"4318705"}},{"type":"Feature","geometry":{"type":"Point","coordinates":[-51.14497,-29.76341]},"properties":{"nome":"Instituto Rio Branco","tipo":"school","mun":"São Leopoldo","ibge":"4318705"}},{"type":"Feature","geometry":{"type":"Point","coordinates":[-51.14314,-29.7587]},"properties":{"nome":"Colégio Gustavo Schreiber","tipo":"school","mun":"São Leopoldo","ibge":"4318705"}},{"type":"Feature","geometry":{"type":"Point","coordinates":[-51.14709,-29.77506]},"properties":{"nome":"SENAI Lindolfo Collor","tipo":"school","mun":"São Leopoldo","ibge":"4318705"}},{"type":"Feature","geometry":{"type":"Point","coordinates":[-51.13777,-29.76971]},"properties":{"nome":"Escola Municipal Maria Gusmão Britto","tipo":"school","mun":"São Leopoldo","ibge":"4318705"}},{"type":"Feature","geometry":{"type":"Point","coordinates":[-51.14533,-29.76685]},"properties":{"nome":"Visconde de São Leopoldo","tipo":"school","mun":"São Leopoldo","ibge":"4318705"}},{"type":"Feature","geometry":{"type":"Point","coordinates":[-51.31288,-29.45444]},"properties":{"nome":"Amor Perfeito","tipo":"community_centre","mun":"Feliz","ibge":"4308102"}},{"type":"Feature","geometry":{"type":"Point","coordinates":[-51.14528,-29.76336]},"properties":{"nome":"Comunidade Evangélica de São Leopoldo","tipo":"community_centre","mun":"São Leopoldo","ibge":"4318705"}},{"type":"Feature","geometry":{"type":"Point","coordinates":[-51.46176,-29.67348]},"properties":{"nome":"A. J. Renner","tipo":"school","mun":"Montenegro","ibge":"4312401"}},{"type":"Feature","geometry":{"type":"Point","coordinates":[-51.46308,-29.67185]},"properties":{"nome":"Walter Bellian","tipo":"school","mun":"Montenegro","ibge":"4312401"}},{"type":"Feature","geometry":{"type":"Point","coordinates":[-51.63905,-29.55707]},"properties":{"nome":"Escola municipal","tipo":"school","mun":"Brochier","ibge":"4302659"}},{"type":"Feature","geometry":{"type":"Point","coordinates":[-51.54792,-29.58982]},"properties":{"nome":"Escola Municipal Arthur Martins","tipo":"school","mun":"Maratá","ibge":"4311791"}},{"type":"Feature","geometry":{"type":"Point","coordinates":[-51.54601,-29.58649]},"properties":{"nome":"Sociedade Cultural, esportiva e Recreativo Gaúcho de Macega","tipo":"community_centre","mun":"Maratá","ibge":"4311791"}},{"type":"Feature","geometry":{"type":"Point","coordinates":[-51.49993,-29.60653]},"properties":{"nome":"Colégio Municipal Osvaldo Brochier","tipo":"school","mun":"Montenegro","ibge":"4312401"}},{"type":"Feature","geometry":{"type":"Point","coordinates":[-51.14801,-29.77077]},"properties":{"nome":"Escola Estadual de Ensino Médio Professor Pedro Schneider","tipo":"school","mun":"São Leopoldo","ibge":"4318705"}},{"type":"Feature","geometry":{"type":"Point","coordinates":[-51.14723,-29.77067]},"properties":{"nome":"Escola Técnica Estadual Frederico Guilherme Schmidt","tipo":"school","mun":"São Leopoldo","ibge":"4318705"}},{"type":"Feature","geometry":{"type":"Point","coordinates":[-51.06985,-29.74639]},"properties":{"nome":"Escola Municipal de Ensino Fundamental Castro Alves","tipo":"school","mun":"Novo Hamburgo","ibge":"4313409"}},{"type":"Feature","geometry":{"type":"Point","coordinates":[-51.00239,-29.70877]},"properties":{"nome":"Escola Municipal de Ensino Fundamental Washington Luiz","tipo":"school","mun":"Novo Hamburgo","ibge":"4313409"}},{"type":"Feature","geometry":{"type":"Point","coordinates":[-50.89522,-29.69798]},"properties":{"nome":"Escola de Ensino Fundamental Jorge Fleck","tipo":"school","mun":"Parobé","ibge":"4314050"}},{"type":"Feature","geometry":{"type":"Point","coordinates":[-51.58877,-29.56278]},"properties":{"nome":"Sapatinho de Cristal","tipo":"school","mun":"Brochier","ibge":"4302659"}},{"type":"Feature","geometry":{"type":"Point","coordinates":[-50.99381,-29.499]},"properties":{"nome":"Sociedade Cultural e Beneficente Herval","tipo":"community_centre","mun":"Santa Maria do Herval","ibge":"4316956"}},{"type":"Feature","geometry":{"type":"Point","coordinates":[-50.95524,-29.46205]},"properties":{"nome":"Escola Municipal Theodomiro Porto da Fonseca","tipo":"school","mun":"Santa Maria do Herval","ibge":"4316956"}},{"type":"Feature","geometry":{"type":"Point","coordinates":[-51.12182,-29.78133]},"properties":{"nome":"Centro Municipal de Eventos","tipo":"sports_centre","mun":"São Leopoldo","ibge":"4318705"}},{"type":"Feature","geometry":{"type":"Point","coordinates":[-51.4487,-29.67182]},"properties":{"nome":"Januário Corrêa","tipo":"school","mun":"Montenegro","ibge":"4312401"}},{"type":"Feature","geometry":{"type":"Point","coordinates":[-51.15342,-29.46736]},"properties":{"nome":"Escola Estadual de Ensino Médio Décio Martins da Costa","tipo":"school","mun":"Picada Café","ibge":"4314423"}},{"type":"Feature","geometry":{"type":"Point","coordinates":[-51.4618,-29.68954]},"properties":{"nome":"Delfina Dias Ferraz","tipo":"school","mun":"Montenegro","ibge":"4312401"}},{"type":"Feature","geometry":{"type":"Point","coordinates":[-51.46235,-29.68977]},"properties":{"nome":"Instituto de Educação São José","tipo":"school","mun":"Montenegro","ibge":"4312401"}},{"type":"Feature","geometry":{"type":"Point","coordinates":[-51.11329,-29.77244]},"properties":{"nome":"CTG Tio Lautério","tipo":"community_centre","mun":"São Leopoldo","ibge":"4318705"}},{"type":"Feature","geometry":{"type":"Point","coordinates":[-51.14296,-29.76643]},"properties":{"nome":"Sociedade Ginástica São Leopoldo","tipo":"community_centre","mun":"São Leopoldo","ibge":"4318705"}},{"type":"Feature","geometry":{"type":"Point","coordinates":[-51.13798,-29.762]},"properties":{"nome":"Sociedade Ginástica São Leopoldo","tipo":"sports_centre","mun":"São Leopoldo","ibge":"4318705"}},{"type":"Feature","geometry":{"type":"Point","coordinates":[-51.13268,-29.77645]},"properties":{"nome":"Escola Municipal de Ensino Fundamental Franz Louis Weinmann","tipo":"school","mun":"São Leopoldo","ibge":"4318705"}},{"type":"Feature","geometry":{"type":"Point","coordinates":[-51.32296,-29.82544]},"properties":{"nome":"Velopark","tipo":"sports_centre","mun":"Nova Santa Rita","ibge":"4313375"}},{"type":"Feature","geometry":{"type":"Point","coordinates":[-51.13405,-29.72855]},"properties":{"nome":"Escola Municipal de Ensino Fundamental Harry Roth","tipo":"school","mun":"Novo Hamburgo","ibge":"4313409"}},{"type":"Feature","geometry":{"type":"Point","coordinates":[-51.13014,-29.7143]},"properties":{"nome":"Comunidade Evangélida Floresta Imperial","tipo":"community_centre","mun":"Novo Hamburgo","ibge":"4313409"}},{"type":"Feature","geometry":{"type":"Point","coordinates":[-51.13016,-29.71461]},"properties":{"nome":"Colégio Sinodal da Paz","tipo":"school","mun":"Novo Hamburgo","ibge":"4313409"}},{"type":"Feature","geometry":{"type":"Point","coordinates":[-51.15519,-29.62402]},"properties":{"nome":"Escola de Ensino Infantil Vó Maruca","tipo":"school","mun":"Ivoti","ibge":"4310801"}},{"type":"Feature","geometry":{"type":"Point","coordinates":[-51.16438,-29.61597]},"properties":{"nome":"Escola Estadual de Educação Fundamental 19 de Outubro","tipo":"school","mun":"Ivoti","ibge":"4310801"}},{"type":"Feature","geometry":{"type":"Point","coordinates":[-51.56032,-29.54939]},"properties":{"nome":"Escola Estadual Eng. Paulo Chaves","tipo":"school","mun":"Maratá","ibge":"4311791"}},{"type":"Feature","geometry":{"type":"Point","coordinates":[-51.58812,-29.56296]},"properties":{"nome":"Associação Pestalozzi de Brochier","tipo":"school","mun":"Brochier","ibge":"4302659"}},{"type":"Feature","geometry":{"type":"Point","coordinates":[-51.16224,-29.60397]},"properties":{"nome":"Sociedade Concórdia","tipo":"community_centre","mun":"Ivoti","ibge":"4310801"}},{"type":"Feature","geometry":{"type":"Point","coordinates":[-51.46061,-29.68819]},"properties":{"nome":"São João Batista","tipo":"school","mun":"Montenegro","ibge":"4312401"}},{"type":"Feature","geometry":{"type":"Point","coordinates":[-51.09779,-29.7486]},"properties":{"nome":"Escola Estadual de Ensino Médio Caic Madezatti","tipo":"school","mun":"São Leopoldo","ibge":"4318705"}},{"type":"Feature","geometry":{"type":"Point","coordinates":[-51.09754,-29.74784]},"properties":{"nome":"Escola Municipal de Ensino Fundamental Olímpio Vianna Albrecht","tipo":"school","mun":"São Leopoldo","ibge":"4318705"}},{"type":"Feature","geometry":{"type":"Point","coordinates":[-51.31001,-29.66214]},"properties":{"nome":"Escola Municipal de Ensino Fundamental Antônio de Oliveira de Carvalho","tipo":"school","mun":"Capela de Santana","ibge":"4304689"}},{"type":"Feature","geometry":{"type":"Point","coordinates":[-51.3178,-29.68056]},"properties":{"nome":"Escola Estadual de Ensino Fundamental Estação Azevedo","tipo":"school","mun":"Capela de Santana","ibge":"4304689"}},{"type":"Feature","geometry":{"type":"Point","coordinates":[-51.32761,-29.68011]},"properties":{"nome":"Escola Municipal de Ensino Fundamental Padre João Inácio de Melo","tipo":"school","mun":"Capela de Santana","ibge":"4304689"}},{"type":"Feature","geometry":{"type":"Point","coordinates":[-51.18276,-30.0358]},"properties":{"nome":"Escola Panamericana de Educação Básica","tipo":"school","mun":"Porto Alegre","ibge":"4314902"}},{"type":"Feature","geometry":{"type":"Point","coordinates":[-51.2103,-29.59783]},"properties":{"nome":"Escola Estadual Walter Hermann","tipo":"school","mun":"Lindolfo Collor","ibge":"4311627"}},{"type":"Feature","geometry":{"type":"Point","coordinates":[-51.14871,-29.69257]},"properties":{"nome":"Módulo Desportivo-Cultural","tipo":"sports_centre","mun":"Novo Hamburgo","ibge":"4313409"}},{"type":"Feature","geometry":{"type":"Point","coordinates":[-51.14695,-29.75973]},"properties":{"nome":"Sociedade Orpheu","tipo":"community_centre","mun":"São Leopoldo","ibge":"4318705"}},{"type":"Feature","geometry":{"type":"Point","coordinates":[-51.13544,-29.72849]},"properties":{"nome":"Escola Municipal de Educação Fundamental João Baptista Jaeger","tipo":"school","mun":"Novo Hamburgo","ibge":"4313409"}},{"type":"Feature","geometry":{"type":"Point","coordinates":[-51.13593,-29.72548]},"properties":{"nome":"Ginásio de Esportes dos Rodoviários de Novo Hamburgo","tipo":"sports_centre","mun":"Novo Hamburgo","ibge":"4313409"}},{"type":"Feature","geometry":{"type":"Point","coordinates":[-51.51508,-29.68883]},"properties":{"nome":"Escola Municipal Henrique Pedro Zimmermann","tipo":"school","mun":"Montenegro","ibge":"4312401"}},{"type":"Feature","geometry":{"type":"Point","coordinates":[-51.59284,-29.55109]},"properties":{"nome":"Escola Estadual de Ensino Médio Erni Oscar Fauth","tipo":"school","mun":"Brochier","ibge":"4302659"}},{"type":"Feature","geometry":{"type":"Point","coordinates":[-51.85243,-28.84715]},"properties":{"nome":"Autódromo Internacional de Guaporé Nelson Luiz Barro","tipo":"sports_centre","mun":"Guaporé","ibge":"4309407"}},{"type":"Feature","geometry":{"type":"Point","coordinates":[-51.17243,-30.05283]},"properties":{"nome":"Clube Farrapos","tipo":"sports_centre","mun":"Porto Alegre","ibge":"4314902"}},{"type":"Feature","geometry":{"type":"Point","coordinates":[-51.15098,-29.77234]},"properties":{"nome":"E.M.E.F. Irmão Weibert","tipo":"school","mun":"São Leopoldo","ibge":"4318705"}},{"type":"Feature","geometry":{"type":"Point","coordinates":[-51.08837,-29.75549]},"properties":{"nome":"E.M.E.F. Dilza Flores Albrecht","tipo":"school","mun":"São Leopoldo","ibge":"4318705"}},{"type":"Feature","geometry":{"type":"Point","coordinates":[-51.45749,-29.69541]},"properties":{"nome":"Adelaide Sá Brito","tipo":"school","mun":"Montenegro","ibge":"4312401"}},{"type":"Feature","geometry":{"type":"Point","coordinates":[-51.13722,-29.68384]},"properties":{"nome":"Escola Estadual 25 de Julho","tipo":"school","mun":"Novo Hamburgo","ibge":"4313409"}},{"type":"Feature","geometry":{"type":"Point","coordinates":[-51.57109,-29.56421]},"properties":{"nome":"Escola Municipal Leopoldo Luis Kunrath","tipo":"school","mun":"Brochier","ibge":"4302659"}},{"type":"Feature","geometry":{"type":"Point","coordinates":[-51.11444,-29.69176]},"properties":{"nome":"Escola Municipal de Ensino Fundamental Marcos Moog","tipo":"school","mun":"Novo Hamburgo","ibge":"4313409"}},{"type":"Feature","geometry":{"type":"Point","coordinates":[-51.1177,-29.6849]},"properties":{"nome":"Escola Municipal de Educação Fundamental Ana Néri","tipo":"school","mun":"Novo Hamburgo","ibge":"4313409"}},{"type":"Feature","geometry":{"type":"Point","coordinates":[-51.13183,-29.67626]},"properties":{"nome":"Centro Tecnológico do Calçado SENAI","tipo":"school","mun":"Novo Hamburgo","ibge":"4313409"}},{"type":"Feature","geometry":{"type":"Point","coordinates":[-51.14881,-29.75067]},"properties":{"nome":"Escola Estadual de Educação Fundamental Professor Emílio Boeckel","tipo":"school","mun":"São Leopoldo","ibge":"4318705"}},{"type":"Feature","geometry":{"type":"Point","coordinates":[-51.20579,-29.99207]},"properties":{"nome":"Grêmio Náutico União","tipo":"sports_centre","mun":"Porto Alegre","ibge":"4314902"}},{"type":"Feature","geometry":{"type":"Point","coordinates":[-51.2056,-29.99122]},"properties":{"nome":"Clube de Regatas Vasco da Gama","tipo":"sports_centre","mun":"Porto Alegre","ibge":"4314902"}},{"type":"Feature","geometry":{"type":"Point","coordinates":[-51.14028,-29.68318]},"properties":{"nome":"Sociedade Ginástica de Novo Hamburgo","tipo":"sports_centre","mun":"Novo Hamburgo","ibge":"4313409"}},{"type":"Feature","geometry":{"type":"Point","coordinates":[-53.7103,-29.71966]},"properties":{"nome":"Centro de Educação Física","tipo":"sports_centre","mun":"Santa Maria","ibge":"4316907"}},{"type":"Feature","geometry":{"type":"Point","coordinates":[-53.71067,-29.72218]},"properties":{"nome":"Ginásio Didático II","tipo":"sports_centre","mun":"Santa Maria","ibge":"4316907"}},{"type":"Feature","geometry":{"type":"Point","coordinates":[-51.24912,-30.10028]},"properties":{"nome":"Atiradores de Elite Paintball","tipo":"sports_centre","mun":"Porto Alegre","ibge":"4314902"}},{"type":"Feature","geometry":{"type":"Point","coordinates":[-51.20639,-29.99364]},"properties":{"nome":"GPA","tipo":"sports_centre","mun":"Porto Alegre","ibge":"4314902"}},{"type":"Feature","geometry":{"type":"Point","coordinates":[-51.20608,-29.99272]},"properties":{"nome":"Clube de Regatas Almirante Barroso","tipo":"sports_centre","mun":"Porto Alegre","ibge":"4314902"}},{"type":"Feature","geometry":{"type":"Point","coordinates":[-51.20614,-29.99306]},"properties":{"nome":"Grêmio de Regatas Almirante Tamandaré","tipo":"sports_centre","mun":"Porto Alegre","ibge":"4314902"}},{"type":"Feature","geometry":{"type":"Point","coordinates":[-51.20356,-30.04263]},"properties":{"nome":"Escola de Educação Física da Brigada Militar","tipo":"sports_centre","mun":"Porto Alegre","ibge":"4314902"}},{"type":"Feature","geometry":{"type":"Point","coordinates":[-52.34989,-31.59086]},"properties":{"nome":"Escola Municipal de Ensino Fundamental Dona Maria Joaquina","tipo":"school","mun":"Pelotas","ibge":"4314407"}},{"type":"Feature","geometry":{"type":"Point","coordinates":[-51.18246,-29.66197]},"properties":{"nome":"AABB Estância Velha","tipo":"community_centre","mun":"Estância Velha","ibge":"4307609"}},{"type":"Feature","geometry":{"type":"Point","coordinates":[-51.14613,-29.74689]},"properties":{"nome":"Escola Municipal de Ensino Fundamental Maria Edila da Silva Schmidt","tipo":"school","mun":"São Leopoldo","ibge":"4318705"}},{"type":"Feature","geometry":{"type":"Point","coordinates":[-51.12276,-30.07577]},"properties":{"nome":"Colégio de Aplicação da UFRGS","tipo":"school","mun":"Porto Alegre","ibge":"4314902"}},{"type":"Feature","geometry":{"type":"Point","coordinates":[-52.46215,-28.27066]},"properties":{"nome":"EMEF Fredolino Chimango","tipo":"school","mun":"Passo Fundo","ibge":"4314100"}},{"type":"Feature","geometry":{"type":"Point","coordinates":[-52.4116,-28.27028]},"properties":{"nome":"Colegio Antonino Xavier de Oliveira","tipo":"school","mun":"Passo Fundo","ibge":"4314100"}},{"type":"Feature","geometry":{"type":"Point","coordinates":[-52.37554,-28.27834]},"properties":{"nome":"CTG Dom Luiz Felipe de Nadal","tipo":"community_centre","mun":"Passo Fundo","ibge":"4314100"}},{"type":"Feature","geometry":{"type":"Point","coordinates":[-52.37703,-28.28268]},"properties":{"nome":"Esporte Clube Passo Fundo","tipo":"sports_centre","mun":"Passo Fundo","ibge":"4314100"}},{"type":"Feature","geometry":{"type":"Point","coordinates":[-51.02456,-30.08571]},"properties":{"nome":"Tamoio Futebol Clube","tipo":"sports_centre","mun":"Viamão","ibge":"4323002"}},{"type":"Feature","geometry":{"type":"Point","coordinates":[-51.37712,-29.36882]},"properties":{"nome":"Salão O Imigrante","tipo":"community_centre","mun":"São Vendelino","ibge":"4319752"}},{"type":"Feature","geometry":{"type":"Point","coordinates":[-51.13845,-29.78]},"properties":{"nome":"Bigornão","tipo":"sports_centre","mun":"São Leopoldo","ibge":"4318705"}},{"type":"Feature","geometry":{"type":"Point","coordinates":[-51.13743,-29.77934]},"properties":{"nome":"São Leopoldo Tênis Clube","tipo":"sports_centre","mun":"São Leopoldo","ibge":"4318705"}},{"type":"Feature","geometry":{"type":"Point","coordinates":[-51.53308,-29.26268]},"properties":{"nome":"Clube Rio Branco de Bocha","tipo":"sports_centre","mun":"Garibaldi","ibge":"4308607"}},{"type":"Feature","geometry":{"type":"Point","coordinates":[-50.84579,-29.63451]},"properties":{"nome":"E. M. Maria Francisca","tipo":"school","mun":"Parobé","ibge":"4314050"}},{"type":"Feature","geometry":{"type":"Point","coordinates":[-52.15853,-32.18425]},"properties":{"nome":"Sociedade Amigos do Cassino","tipo":"sports_centre","mun":"Rio Grande","ibge":"4315602"}},{"type":"Feature","geometry":{"type":"Point","coordinates":[-52.16765,-32.1779]},"properties":{"nome":"Escola Estadual Silva Gama","tipo":"school","mun":"Rio Grande","ibge":"4315602"}},{"type":"Feature","geometry":{"type":"Point","coordinates":[-52.43528,-29.70896]},"properties":{"nome":"APAE Santa Cruz","tipo":"school","mun":"Santa Cruz do Sul","ibge":"4316808"}},{"type":"Feature","geometry":{"type":"Point","coordinates":[-52.4338,-29.71043]},"properties":{"nome":"Escola Estadual Ernesto Alves de Oliveira","tipo":"school","mun":"Santa Cruz do Sul","ibge":"4316808"}},{"type":"Feature","geometry":{"type":"Point","coordinates":[-52.43647,-29.71669]},"properties":{"nome":"Escola Estadual de Educação Básica Estado de Goiás","tipo":"school","mun":"Santa Cruz do Sul","ibge":"4316808"}},{"type":"Feature","geometry":{"type":"Point","coordinates":[-52.41939,-28.25074]},"properties":{"nome":"SENAI","tipo":"school","mun":"Passo Fundo","ibge":"4314100"}},{"type":"Feature","geometry":{"type":"Point","coordinates":[-51.18736,-30.01295]},"properties":{"nome":"Centro de Ensino Pastor Dohms Higienópolis","tipo":"school","mun":"Porto Alegre","ibge":"4314902"}},{"type":"Feature","geometry":{"type":"Point","coordinates":[-57.07703,-29.75888]},"properties":{"nome":"Ginásio Municipal Gilberto Oscar de Miranda Schmidt","tipo":"sports_centre","mun":"Uruguaiana","ibge":"4322400"}},{"type":"Feature","geometry":{"type":"Point","coordinates":[-54.86356,-29.18813]},"properties":{"nome":"Colégio Medianeira","tipo":"school","mun":"Santiago","ibge":"4317400"}},{"type":"Feature","geometry":{"type":"Point","coordinates":[-51.60322,-29.52689]},"properties":{"nome":"Sociedade CB Pinheiro Machado","tipo":"community_centre","mun":"Brochier","ibge":"4302659"}},{"type":"Feature","geometry":{"type":"Point","coordinates":[-51.18741,-30.01288]},"properties":{"nome":"Pastor Dohms","tipo":"school","mun":"Porto Alegre","ibge":"4314902"}},{"type":"Feature","geometry":{"type":"Point","coordinates":[-53.25171,-27.19787]},"properties":{"nome":"Ginásio de Esportes","tipo":"sports_centre","mun":"Iraí","ibge":"4310504"}},{"type":"Feature","geometry":{"type":"Point","coordinates":[-51.16512,-29.60896]},"properties":{"nome":"Ginásio Municipal Ivoti","tipo":"sports_centre","mun":"Ivoti","ibge":"4310801"}},{"type":"Feature","geometry":{"type":"Point","coordinates":[-51.17521,-29.60686]},"properties":{"nome":"Associação dos Moradores do Bairro Morada do Sol","tipo":"community_centre","mun":"Ivoti","ibge":"4310801"}},{"type":"Feature","geometry":{"type":"Point","coordinates":[-51.18616,-30.01251]},"properties":{"nome":"Escola Plácido de Castro","tipo":"school","mun":"Porto Alegre","ibge":"4314902"}},{"type":"Feature","geometry":{"type":"Point","coordinates":[-52.40688,-28.24552]},"properties":{"nome":"EEEF Irma Maria Margarida","tipo":"school","mun":"Passo Fundo","ibge":"4314100"}},{"type":"Feature","geometry":{"type":"Point","coordinates":[-53.29626,-29.37967]},"properties":{"nome":"Escola Municipal Olavo Bilac","tipo":"school","mun":"Pinhal Grande","ibge":"4314472"}},{"type":"Feature","geometry":{"type":"Point","coordinates":[-53.43866,-29.33826]},"properties":{"nome":"Comunidade São Cristovão","tipo":"community_centre","mun":"Pinhal Grande","ibge":"4314472"}},{"type":"Feature","geometry":{"type":"Point","coordinates":[-53.50958,-29.40045]},"properties":{"nome":"Escola Municipal Nicola Moro","tipo":"school","mun":"Nova Palma","ibge":"4313102"}},{"type":"Feature","geometry":{"type":"Point","coordinates":[-53.47357,-29.47292]},"properties":{"nome":"Escola Estadual Tiradentes","tipo":"school","mun":"Nova Palma","ibge":"4313102"}},{"type":"Feature","geometry":{"type":"Point","coordinates":[-53.30636,-29.34635]},"properties":{"nome":"Escola José Rubim Filho","tipo":"school","mun":"Pinhal Grande","ibge":"4314472"}},{"type":"Feature","geometry":{"type":"Point","coordinates":[-53.33211,-29.35195]},"properties":{"nome":"Estádio Municipal","tipo":"sports_centre","mun":"Pinhal Grande","ibge":"4314472"}},{"type":"Feature","geometry":{"type":"Point","coordinates":[-57.08098,-29.75208]},"properties":{"nome":"Colégio Horto","tipo":"school","mun":"Uruguaiana","ibge":"4322400"}},{"type":"Feature","geometry":{"type":"Point","coordinates":[-57.09378,-29.75491]},"properties":{"nome":"Colégio Santana","tipo":"school","mun":"Uruguaiana","ibge":"4322400"}},{"type":"Feature","geometry":{"type":"Point","coordinates":[-51.20333,-29.15751]},"properties":{"nome":"Ginásio Enxutão","tipo":"sports_centre","mun":"Caxias do Sul","ibge":"4305108"}},{"type":"Feature","geometry":{"type":"Point","coordinates":[-51.23846,-30.1039]},"properties":{"nome":"Colégio Adventista","tipo":"school","mun":"Porto Alegre","ibge":"4314902"}},{"type":"Feature","geometry":{"type":"Point","coordinates":[-51.24946,-30.10793]},"properties":{"nome":"Escola Monsenhor Roberto Landell de Moura","tipo":"school","mun":"Porto Alegre","ibge":"4314902"}},{"type":"Feature","geometry":{"type":"Point","coordinates":[-51.25407,-30.11104]},"properties":{"nome":"Escola Três de Outubro","tipo":"school","mun":"Porto Alegre","ibge":"4314902"}},{"type":"Feature","geometry":{"type":"Point","coordinates":[-51.24855,-30.11183]},"properties":{"nome":"Colégio Mãe de Deus","tipo":"school","mun":"Porto Alegre","ibge":"4314902"}},{"type":"Feature","geometry":{"type":"Point","coordinates":[-51.25218,-30.10853]},"properties":{"nome":"Unificado Zona Sul","tipo":"school","mun":"Porto Alegre","ibge":"4314902"}},{"type":"Feature","geometry":{"type":"Point","coordinates":[-51.25801,-30.11048]},"properties":{"nome":"Clube dos Jangadeiros","tipo":"community_centre","mun":"Porto Alegre","ibge":"4314902"}},{"type":"Feature","geometry":{"type":"Point","coordinates":[-53.46609,-29.46483]},"properties":{"nome":"Escola Municipal Profa. Cândida Zasso","tipo":"school","mun":"Nova Palma","ibge":"4313102"}},{"type":"Feature","geometry":{"type":"Point","coordinates":[-53.80585,-29.67978]},"properties":{"nome":"Colégio Estadual Manuel Ribas","tipo":"school","mun":"Santa Maria","ibge":"4316907"}},{"type":"Feature","geometry":{"type":"Point","coordinates":[-53.40519,-29.47568]},"properties":{"nome":"Escola Municipal Padre João Zanella","tipo":"school","mun":"Nova Palma","ibge":"4313102"}},{"type":"Feature","geometry":{"type":"Point","coordinates":[-53.78902,-29.68329]},"properties":{"nome":"Colégio Estadual Padre Rômulo Zanchi","tipo":"school","mun":"Santa Maria","ibge":"4316907"}},{"type":"Feature","geometry":{"type":"Point","coordinates":[-53.7864,-29.68214]},"properties":{"nome":"EMEF Oscar Grau","tipo":"school","mun":"Santa Maria","ibge":"4316907"}},{"type":"Feature","geometry":{"type":"Point","coordinates":[-53.40282,-27.3563]},"properties":{"nome":"Escola Estadual Roncalli","tipo":"school","mun":"Frederico Westphalen","ibge":"4308508"}},{"type":"Feature","geometry":{"type":"Point","coordinates":[-53.39798,-27.35797]},"properties":{"nome":"Colégio Nossa Senhora Auxiliadora","tipo":"school","mun":"Frederico Westphalen","ibge":"4308508"}},{"type":"Feature","geometry":{"type":"Point","coordinates":[-53.39386,-27.354]},"properties":{"nome":"Escola Sepé Tiaraju","tipo":"school","mun":"Frederico Westphalen","ibge":"4308508"}},{"type":"Feature","geometry":{"type":"Point","coordinates":[-54.08936,-27.49013]},"properties":{"nome":"Balneário Amorim","tipo":"sports_centre","mun":"Crissiumal","ibge":"4306007"}},{"type":"Feature","geometry":{"type":"Point","coordinates":[-53.40206,-27.35094]},"properties":{"nome":"Escola Estadual de Ensino Fundamental Nossa Senhora de Fátima","tipo":"school","mun":"Frederico Westphalen","ibge":"4308508"}},{"type":"Feature","geometry":{"type":"Point","coordinates":[-51.33976,-30.09012]},"properties":{"nome":"Escola Estadual de Ensino Fundamental Carmen Alice Laviaguerre","tipo":"school","mun":"Guaíba","ibge":"4309308"}},{"type":"Feature","geometry":{"type":"Point","coordinates":[-52.63145,-31.58828]},"properties":{"nome":"Colegio Estadual Nosso Senhor do Bonfim","tipo":"school","mun":"Morro Redondo","ibge":"4312450"}},{"type":"Feature","geometry":{"type":"Point","coordinates":[-52.65898,-31.58233]},"properties":{"nome":"Escola Municipal Alberto Cunha","tipo":"school","mun":"Morro Redondo","ibge":"4312450"}},{"type":"Feature","geometry":{"type":"Point","coordinates":[-51.80777,-29.44944]},"properties":{"nome":"Colégio Teutônia","tipo":"school","mun":"Teutônia","ibge":"4321451"}},{"type":"Feature","geometry":{"type":"Point","coordinates":[-51.80839,-29.4495]},"properties":{"nome":"Primário Coteu","tipo":"school","mun":"Teutônia","ibge":"4321451"}},{"type":"Feature","geometry":{"type":"Point","coordinates":[-51.81314,-29.44746]},"properties":{"nome":"Ginásio do Gaúcho","tipo":"community_centre","mun":"Teutônia","ibge":"4321451"}},{"type":"Feature","geometry":{"type":"Point","coordinates":[-53.79415,-29.68844]},"properties":{"nome":"Colégio Estadual Coronel Pilar","tipo":"school","mun":"Santa Maria","ibge":"4316907"}},{"type":"Feature","geometry":{"type":"Point","coordinates":[-53.79446,-29.68874]},"properties":{"nome":"Escola Antônio Francisco Lisboa","tipo":"school","mun":"Santa Maria","ibge":"4316907"}},{"type":"Feature","geometry":{"type":"Point","coordinates":[-53.85371,-29.53298]},"properties":{"nome":"Escola Estadual de 1º Grau Prof Lélia Ribeiro","tipo":"school","mun":"São Martinho da Serra","ibge":"4319125"}},{"type":"Feature","geometry":{"type":"Point","coordinates":[-51.26011,-30.10264]},"properties":{"nome":"EEEM Santos Dumont","tipo":"school","mun":"Porto Alegre","ibge":"4314902"}},{"type":"Feature","geometry":{"type":"Point","coordinates":[-51.32956,-30.1187]},"properties":{"nome":"Escola Inácio de Quadros","tipo":"school","mun":"Guaíba","ibge":"4309308"}},{"type":"Feature","geometry":{"type":"Point","coordinates":[-51.2301,-30.02979]},"properties":{"nome":"Sociedade Educacional Monteiro Lobato","tipo":"school","mun":"Porto Alegre","ibge":"4314902"}},{"type":"Feature","geometry":{"type":"Point","coordinates":[-51.22688,-30.11511]},"properties":{"nome":"Colégio Paulo de Nadal","tipo":"school","mun":"Porto Alegre","ibge":"4314902"}},{"type":"Feature","geometry":{"type":"Point","coordinates":[-51.22848,-30.11133]},"properties":{"nome":"Instituto Santa Luzia","tipo":"school","mun":"Porto Alegre","ibge":"4314902"}},{"type":"Feature","geometry":{"type":"Point","coordinates":[-51.32617,-30.11426]},"properties":{"nome":"E. E. Frederico Link","tipo":"school","mun":"Guaíba","ibge":"4309308"}},{"type":"Feature","geometry":{"type":"Point","coordinates":[-51.22287,-30.03658]},"properties":{"nome":"Escola Rio de Janeiro","tipo":"school","mun":"Porto Alegre","ibge":"4314902"}},{"type":"Feature","geometry":{"type":"Point","coordinates":[-51.25081,-30.09579]},"properties":{"nome":"AFSMOV","tipo":"community_centre","mun":"Porto Alegre","ibge":"4314902"}},{"type":"Feature","geometry":{"type":"Point","coordinates":[-51.18556,-29.33006]},"properties":{"nome":"Sociedade Esportiva e Recreativa Nova Palmira","tipo":"community_centre","mun":"Caxias do Sul","ibge":"4305108"}},{"type":"Feature","geometry":{"type":"Point","coordinates":[-51.10031,-29.31785]},"properties":{"nome":"Sociedade Escola Municipal D. Pedro II","tipo":"community_centre","mun":"Nova Petrópolis","ibge":"4313201"}},{"type":"Feature","geometry":{"type":"Point","coordinates":[-51.26591,-30.10052]},"properties":{"nome":"Sava Clube","tipo":"community_centre","mun":"Lagoa dos Patos","ibge":"4300002"}},{"type":"Feature","geometry":{"type":"Point","coordinates":[-51.2239,-30.14475]},"properties":{"nome":"Clube do Professor Gaúcho","tipo":"sports_centre","mun":"Porto Alegre","ibge":"4314902"}},{"type":"Feature","geometry":{"type":"Point","coordinates":[-51.87779,-28.34504]},"properties":{"nome":"EE Dom Antônio Macedo","tipo":"school","mun":"Ciríaco","ibge":"4305504"}},{"type":"Feature","geometry":{"type":"Point","coordinates":[-51.26637,-30.10296]},"properties":{"nome":"Escoteiros do Mar Passo da Pátria","tipo":"community_centre","mun":"Porto Alegre","ibge":"4314902"}},{"type":"Feature","geometry":{"type":"Point","coordinates":[-51.26656,-30.10398]},"properties":{"nome":"SINDIFISCO-RS Assunção","tipo":"community_centre","mun":"Lagoa dos Patos","ibge":"4300002"}},{"type":"Feature","geometry":{"type":"Point","coordinates":[-51.21274,-30.03624]},"properties":{"nome":"Parque Ramiro Souto","tipo":"sports_centre","mun":"Porto Alegre","ibge":"4314902"}},{"type":"Feature","geometry":{"type":"Point","coordinates":[-51.23358,-30.04288]},"properties":{"nome":"Academia Lucas Gelatti Chalegre","tipo":"sports_centre","mun":"Porto Alegre","ibge":"4314902"}},{"type":"Feature","geometry":{"type":"Point","coordinates":[-51.19987,-30.02631]},"properties":{"nome":"Área de Ginástica","tipo":"sports_centre","mun":"Porto Alegre","ibge":"4314902"}},{"type":"Feature","geometry":{"type":"Point","coordinates":[-51.17387,-30.17696]},"properties":{"nome":"Escola Chapéu do Sol","tipo":"school","mun":"Porto Alegre","ibge":"4314902"}},{"type":"Feature","geometry":{"type":"Point","coordinates":[-51.23667,-30.04052]},"properties":{"nome":"Casa do Gaúcho","tipo":"community_centre","mun":"Porto Alegre","ibge":"4314902"}},{"type":"Feature","geometry":{"type":"Point","coordinates":[-51.19772,-30.02232]},"properties":{"nome":"Grêmio Náutico União Moinhos de Vento","tipo":"sports_centre","mun":"Porto Alegre","ibge":"4314902"}},{"type":"Feature","geometry":{"type":"Point","coordinates":[-51.22087,-30.01437]},"properties":{"nome":"Grêmio Náutico União Ilha do Pavão","tipo":"community_centre","mun":"Porto Alegre","ibge":"4314902"}},{"type":"Feature","geometry":{"type":"Point","coordinates":[-51.22813,-30.05578]},"properties":{"nome":"GNG Sede Social","tipo":"community_centre","mun":"Porto Alegre","ibge":"4314902"}},{"type":"Feature","geometry":{"type":"Point","coordinates":[-51.18534,-30.06948]},"properties":{"nome":"Escola Paulo da Gama","tipo":"school","mun":"Porto Alegre","ibge":"4314902"}},{"type":"Feature","geometry":{"type":"Point","coordinates":[-53.67496,-29.23446]},"properties":{"nome":"Miguel Wairich Filho","tipo":"sports_centre","mun":"Júlio de Castilhos","ibge":"4311205"}},{"type":"Feature","geometry":{"type":"Point","coordinates":[-51.28157,-28.8577]},"properties":{"nome":"Colégio Estadual Professor Ulisses Cabral","tipo":"school","mun":"Antônio Prado","ibge":"4300802"}},{"type":"Feature","geometry":{"type":"Point","coordinates":[-53.47071,-29.47229]},"properties":{"nome":"Salão Paroquial","tipo":"community_centre","mun":"Nova Palma","ibge":"4313102"}},{"type":"Feature","geometry":{"type":"Point","coordinates":[-51.28348,-28.85518]},"properties":{"nome":"Escola Estadual Irmão Irineu","tipo":"school","mun":"Antônio Prado","ibge":"4300802"}},{"type":"Feature","geometry":{"type":"Point","coordinates":[-51.28351,-28.85935]},"properties":{"nome":"Instituto de Educação Cenecista Antônio Prado","tipo":"school","mun":"Antônio Prado","ibge":"4300802"}},{"type":"Feature","geometry":{"type":"Point","coordinates":[-54.9189,-30.25097]},"properties":{"nome":"Escola Plácido de Castro","tipo":"school","mun":"Rosário do Sul","ibge":"4316402"}},{"type":"Feature","geometry":{"type":"Point","coordinates":[-54.92357,-30.25962]},"properties":{"nome":"Estádio Municipal","tipo":"sports_centre","mun":"Rosário do Sul","ibge":"4316402"}},{"type":"Feature","geometry":{"type":"Point","coordinates":[-54.93915,-30.24599]},"properties":{"nome":"Escola Estadual de Ensino Médio Carolina Argemi Vasquez","tipo":"school","mun":"Rosário do Sul","ibge":"4316402"}},{"type":"Feature","geometry":{"type":"Point","coordinates":[-54.45965,-29.56583]},"properties":{"nome":"Escola Estadual Florismundo Egress da Silva","tipo":"school","mun":"Mata","ibge":"4312104"}},{"type":"Feature","geometry":{"type":"Point","coordinates":[-54.91496,-30.25681]},"properties":{"nome":"Ginásio de esportes","tipo":"sports_centre","mun":"Rosário do Sul","ibge":"4316402"}},{"type":"Feature","geometry":{"type":"Point","coordinates":[-53.89475,-30.34678]},"properties":{"nome":"Escola Municipal Maria Ferreira","tipo":"school","mun":"Vila Nova do Sul","ibge":"4323457"}},{"type":"Feature","geometry":{"type":"Point","coordinates":[-53.8756,-30.33704]},"properties":{"nome":"Centro Desportivo Municipal","tipo":"sports_centre","mun":"Vila Nova do Sul","ibge":"4323457"}},{"type":"Feature","geometry":{"type":"Point","coordinates":[-54.32888,-30.34982]},"properties":{"nome":"Campo URCAMP","tipo":"sports_centre","mun":"São Gabriel","ibge":"4318309"}},{"type":"Feature","geometry":{"type":"Point","coordinates":[-50.9919,-29.94772]},"properties":{"nome":"Alvi Rubro","tipo":"sports_centre","mun":"Gravataí","ibge":"4309209"}},{"type":"Feature","geometry":{"type":"Point","coordinates":[-50.9988,-29.94714]},"properties":{"nome":"Paladino Tenis Clube","tipo":"sports_centre","mun":"Gravataí","ibge":"4309209"}},{"type":"Feature","geometry":{"type":"Point","coordinates":[-54.31511,-30.33382]},"properties":{"nome":"Campo 6BEC","tipo":"sports_centre","mun":"São Gabriel","ibge":"4318309"}},{"type":"Feature","geometry":{"type":"Point","coordinates":[-51.1729,-30.06007]},"properties":{"nome":"Colégio Marista Champagnat","tipo":"school","mun":"Porto Alegre","ibge":"4314902"}},{"type":"Feature","geometry":{"type":"Point","coordinates":[-54.32723,-30.33031]},"properties":{"nome":"Campo Mimoso","tipo":"sports_centre","mun":"São Gabriel","ibge":"4318309"}},{"type":"Feature","geometry":{"type":"Point","coordinates":[-51.53743,-29.43498]},"properties":{"nome":"ACC Comunidade Campestre","tipo":"community_centre","mun":"Salvador do Sul","ibge":"4316501"}},{"type":"Feature","geometry":{"type":"Point","coordinates":[-51.51362,-29.41705]},"properties":{"nome":"Escola Imaculado Caração de Maria","tipo":"school","mun":"São Pedro da Serra","ibge":"4319356"}},{"type":"Feature","geometry":{"type":"Point","coordinates":[-51.22634,-30.05001]},"properties":{"nome":"Clube do Comércio Sede Esportiva","tipo":"community_centre","mun":"Porto Alegre","ibge":"4314902"}},{"type":"Feature","geometry":{"type":"Point","coordinates":[-51.50641,-29.43647]},"properties":{"nome":"Escola Estadual de Ensino Médio São Salvador","tipo":"school","mun":"Salvador do Sul","ibge":"4316501"}},{"type":"Feature","geometry":{"type":"Point","coordinates":[-51.22571,-30.03946]},"properties":{"nome":"Escola Professor Olintho de Oliveira","tipo":"school","mun":"Porto Alegre","ibge":"4314902"}},{"type":"Feature","geometry":{"type":"Point","coordinates":[-53.44499,-29.57634]},"properties":{"nome":"Salão Paroquial","tipo":"community_centre","mun":"Faxinal do Soturno","ibge":"4308003"}},{"type":"Feature","geometry":{"type":"Point","coordinates":[-51.96636,-29.50137]},"properties":{"nome":"Colégio Santo Antônio","tipo":"school","mun":"Estrela","ibge":"4307807"}},{"type":"Feature","geometry":{"type":"Point","coordinates":[-51.95929,-29.52043]},"properties":{"nome":"Escola Cônego Sereno Hugo Wolkmer","tipo":"school","mun":"Estrela","ibge":"4307807"}},{"type":"Feature","geometry":{"type":"Point","coordinates":[-51.96796,-29.51014]},"properties":{"nome":"Ginásio do Cristo Rei","tipo":"sports_centre","mun":"Estrela","ibge":"4307807"}},{"type":"Feature","geometry":{"type":"Point","coordinates":[-51.96669,-29.50958]},"properties":{"nome":"Ginásio da E.E. Vidal de Negreiros","tipo":"sports_centre","mun":"Estrela","ibge":"4307807"}},{"type":"Feature","geometry":{"type":"Point","coordinates":[-51.50903,-29.43836]},"properties":{"nome":"Ginásio Poliesportivo","tipo":"sports_centre","mun":"Salvador do Sul","ibge":"4316501"}},{"type":"Feature","geometry":{"type":"Point","coordinates":[-51.965,-29.5009]},"properties":{"nome":"Ginásio da Soges","tipo":"sports_centre","mun":"Estrela","ibge":"4307807"}},{"type":"Feature","geometry":{"type":"Point","coordinates":[-51.96454,-29.50485]},"properties":{"nome":"Ginásio da E.E. Ensino Médio","tipo":"sports_centre","mun":"Estrela","ibge":"4307807"}},{"type":"Feature","geometry":{"type":"Point","coordinates":[-51.96533,-29.49186]},"properties":{"nome":"Ginásio Ito João Snel","tipo":"sports_centre","mun":"Estrela","ibge":"4307807"}},{"type":"Feature","geometry":{"type":"Point","coordinates":[-51.9627,-29.46201]},"properties":{"nome":"Colégio Evangélico Alberto Torres","tipo":"school","mun":"Lajeado","ibge":"4311403"}},{"type":"Feature","geometry":{"type":"Point","coordinates":[-51.96268,-29.46271]},"properties":{"nome":"Ginásio de Esportes","tipo":"sports_centre","mun":"Lajeado","ibge":"4311403"}},{"type":"Feature","geometry":{"type":"Point","coordinates":[-51.1277,-30.14576]},"properties":{"nome":"Escola Nossa Senhora do Carmo","tipo":"school","mun":"Porto Alegre","ibge":"4314902"}},{"type":"Feature","geometry":{"type":"Point","coordinates":[-51.1227,-29.78261]},"properties":{"nome":"Azzurra Futebol","tipo":"sports_centre","mun":"São Leopoldo","ibge":"4318705"}},{"type":"Feature","geometry":{"type":"Point","coordinates":[-51.96137,-29.46759]},"properties":{"nome":"Castelinho","tipo":"school","mun":"Lajeado","ibge":"4311403"}},{"type":"Feature","geometry":{"type":"Point","coordinates":[-51.94791,-29.46273]},"properties":{"nome":"Associação Atlética Municipal","tipo":"sports_centre","mun":"Lajeado","ibge":"4311403"}},{"type":"Feature","geometry":{"type":"Point","coordinates":[-51.9763,-29.46507]},"properties":{"nome":"Clube Sete de Setembro","tipo":"sports_centre","mun":"Lajeado","ibge":"4311403"}},{"type":"Feature","geometry":{"type":"Point","coordinates":[-51.9603,-29.44982]},"properties":{"nome":"Colégio Gustavo Adolfo","tipo":"school","mun":"Lajeado","ibge":"4311403"}},{"type":"Feature","geometry":{"type":"Point","coordinates":[-51.97148,-29.45989]},"properties":{"nome":"Colégio João Batista de Mello","tipo":"school","mun":"Lajeado","ibge":"4311403"}},{"type":"Feature","geometry":{"type":"Point","coordinates":[-51.18291,-30.15393]},"properties":{"nome":"Escola Araguaia","tipo":"school","mun":"Porto Alegre","ibge":"4314902"}},{"type":"Feature","geometry":{"type":"Point","coordinates":[-51.17346,-30.13712]},"properties":{"nome":"Escola Maria Altina","tipo":"school","mun":"Porto Alegre","ibge":"4314902"}},{"type":"Feature","geometry":{"type":"Point","coordinates":[-51.09706,-30.22008]},"properties":{"nome":"Escola Oscar Coelho de Souza","tipo":"school","mun":"Porto Alegre","ibge":"4314902"}},{"type":"Feature","geometry":{"type":"Point","coordinates":[-51.25287,-30.10876]},"properties":{"nome":"Escola Padre Reus","tipo":"school","mun":"Porto Alegre","ibge":"4314902"}},{"type":"Feature","geometry":{"type":"Point","coordinates":[-51.0945,-30.1337]},"properties":{"nome":"Escola Jardim Outeiral","tipo":"school","mun":"Viamão","ibge":"4323002"}},{"type":"Feature","geometry":{"type":"Point","coordinates":[-51.09766,-30.12347]},"properties":{"nome":"Escola Saint Hilaire","tipo":"school","mun":"Porto Alegre","ibge":"4314902"}},{"type":"Feature","geometry":{"type":"Point","coordinates":[-51.96076,-29.45907]},"properties":{"nome":"Clube Tiro e Caça","tipo":"sports_centre","mun":"Lajeado","ibge":"4311403"}},{"type":"Feature","geometry":{"type":"Point","coordinates":[-51.1068,-30.03575]},"properties":{"nome":"Escola Mariz e Barros","tipo":"school","mun":"Porto Alegre","ibge":"4314902"}},{"type":"Feature","geometry":{"type":"Point","coordinates":[-51.51602,-29.42138]},"properties":{"nome":"Escola Estadual de Ensino Médio São Pedro","tipo":"school","mun":"São Pedro da Serra","ibge":"4319356"}},{"type":"Feature","geometry":{"type":"Point","coordinates":[-51.81015,-29.45184]},"properties":{"nome":"Escola Municipal de Ensino Fundamental Professor Alfredo Schneider","tipo":"school","mun":"Teutônia","ibge":"4321451"}},{"type":"Feature","geometry":{"type":"Point","coordinates":[-51.95769,-29.46258]},"properties":{"nome":"Moises Cândido Veloso","tipo":"school","mun":"Lajeado","ibge":"4311403"}},{"type":"Feature","geometry":{"type":"Point","coordinates":[-51.95382,-29.46196]},"properties":{"nome":"AABB - Associação Atlética Banco do Brasil","tipo":"sports_centre","mun":"Lajeado","ibge":"4311403"}},{"type":"Feature","geometry":{"type":"Point","coordinates":[-51.94923,-29.44658]},"properties":{"nome":"Prédio 14 - Ginásio de arena","tipo":"sports_centre","mun":"Lajeado","ibge":"4311403"}},{"type":"Feature","geometry":{"type":"Point","coordinates":[-51.94925,-29.44696]},"properties":{"nome":"Prédio 15 - Ginásio de ginástica artística","tipo":"sports_centre","mun":"Lajeado","ibge":"4311403"}},{"type":"Feature","geometry":{"type":"Point","coordinates":[-51.9498,-29.4464]},"properties":{"nome":"Prédio 13 - Ginásio das Piscinas","tipo":"sports_centre","mun":"Lajeado","ibge":"4311403"}},{"type":"Feature","geometry":{"type":"Point","coordinates":[-53.86996,-29.6999]},"properties":{"nome":"Centro comunitário Cipriano da Rocha","tipo":"community_centre","mun":"Santa Maria","ibge":"4316907"}},{"type":"Feature","geometry":{"type":"Point","coordinates":[-51.16428,-30.03378]},"properties":{"nome":"Escola Prudente de Morais","tipo":"school","mun":"Porto Alegre","ibge":"4314902"}},{"type":"Feature","geometry":{"type":"Point","coordinates":[-51.22339,-30.06139]},"properties":{"nome":"Escola Menino Deus","tipo":"school","mun":"Porto Alegre","ibge":"4314902"}},{"type":"Feature","geometry":{"type":"Point","coordinates":[-51.21956,-30.05699]},"properties":{"nome":"CETE","tipo":"sports_centre","mun":"Porto Alegre","ibge":"4314902"}},{"type":"Feature","geometry":{"type":"Point","coordinates":[-51.21879,-30.05691]},"properties":{"nome":"Escola Mané Garrincha","tipo":"school","mun":"Porto Alegre","ibge":"4314902"}},{"type":"Feature","geometry":{"type":"Point","coordinates":[-51.21268,-30.04426]},"properties":{"nome":"Colégio Estadual Júlio de Castilhos","tipo":"school","mun":"Porto Alegre","ibge":"4314902"}},{"type":"Feature","geometry":{"type":"Point","coordinates":[-51.2136,-30.03875]},"properties":{"nome":"Colégio Militar","tipo":"school","mun":"Porto Alegre","ibge":"4314902"}},{"type":"Feature","geometry":{"type":"Point","coordinates":[-51.14524,-30.02087]},"properties":{"nome":"Cecovi","tipo":"community_centre","mun":"Porto Alegre","ibge":"4314902"}},{"type":"Feature","geometry":{"type":"Point","coordinates":[-51.14876,-30.01656]},"properties":{"nome":"Escola Brigadeiro Francisco de Lima e Silva","tipo":"school","mun":"Porto Alegre","ibge":"4314902"}},{"type":"Feature","geometry":{"type":"Point","coordinates":[-51.15304,-30.0226]},"properties":{"nome":"Escola Estadual de Educação Básica Gomes Carneiro","tipo":"school","mun":"Porto Alegre","ibge":"4314902"}},{"type":"Feature","geometry":{"type":"Point","coordinates":[-51.22138,-30.07184]},"properties":{"nome":"Escola Afonso Guerreiro Lima","tipo":"school","mun":"Porto Alegre","ibge":"4314902"}},{"type":"Feature","geometry":{"type":"Point","coordinates":[-51.81647,-29.47295]},"properties":{"nome":"Sociedade das àguas","tipo":"community_centre","mun":"Teutônia","ibge":"4321451"}},{"type":"Feature","geometry":{"type":"Point","coordinates":[-51.81682,-29.47296]},"properties":{"nome":"Associação Pró-Desenvolvimento de Languiru","tipo":"community_centre","mun":"Teutônia","ibge":"4321451"}},{"type":"Feature","geometry":{"type":"Point","coordinates":[-51.12998,-29.79922]},"properties":{"nome":"E.M.E.I. Sonho Nosso","tipo":"school","mun":"São Leopoldo","ibge":"4318705"}},{"type":"Feature","geometry":{"type":"Point","coordinates":[-51.22811,-30.07157]},"properties":{"nome":"Colégio Conhecer","tipo":"school","mun":"Porto Alegre","ibge":"4314902"}},{"type":"Feature","geometry":{"type":"Point","coordinates":[-51.80773,-29.5049]},"properties":{"nome":"Ginásio Ernani Júlio Sippel","tipo":"community_centre","mun":"Teutônia","ibge":"4321451"}},{"type":"Feature","geometry":{"type":"Point","coordinates":[-51.80847,-29.51339]},"properties":{"nome":"Ginásio","tipo":"community_centre","mun":"Teutônia","ibge":"4321451"}},{"type":"Feature","geometry":{"type":"Point","coordinates":[-51.23141,-30.03436]},"properties":{"nome":"Colégio Paula Soares","tipo":"school","mun":"Porto Alegre","ibge":"4314902"}},{"type":"Feature","geometry":{"type":"Point","coordinates":[-51.22986,-30.03733]},"properties":{"nome":"Colégio ACM Centro","tipo":"school","mun":"Porto Alegre","ibge":"4314902"}},{"type":"Feature","geometry":{"type":"Point","coordinates":[-51.17177,-30.00496]},"properties":{"nome":"Ceprima","tipo":"community_centre","mun":"Porto Alegre","ibge":"4314902"}},{"type":"Feature","geometry":{"type":"Point","coordinates":[-54.93728,-30.24984]},"properties":{"nome":"Instituto Estadual de Educação Deputado Rui Ramos","tipo":"school","mun":"Rosário do Sul","ibge":"4316402"}},{"type":"Feature","geometry":{"type":"Point","coordinates":[-51.19802,-30.13369]},"properties":{"nome":"Escola Paulina Moresco","tipo":"school","mun":"Porto Alegre","ibge":"4314902"}},{"type":"Feature","geometry":{"type":"Point","coordinates":[-51.06179,-30.04413]},"properties":{"nome":"Escola Estadual Stella Maris","tipo":"school","mun":"Alvorada","ibge":"4300604"}},{"type":"Feature","geometry":{"type":"Point","coordinates":[-51.0675,-30.05021]},"properties":{"nome":"Escola Torotama","tipo":"school","mun":"Alvorada","ibge":"4300604"}},{"type":"Feature","geometry":{"type":"Point","coordinates":[-51.12748,-30.02118]},"properties":{"nome":"Centro Esportivo Correio do Povo","tipo":"sports_centre","mun":"Porto Alegre","ibge":"4314902"}},{"type":"Feature","geometry":{"type":"Point","coordinates":[-51.2174,-30.03381]},"properties":{"nome":"Instituto de Educação","tipo":"school","mun":"Porto Alegre","ibge":"4314902"}},{"type":"Feature","geometry":{"type":"Point","coordinates":[-51.18286,-30.0262]},"properties":{"nome":"Pré-vestibular Universitário","tipo":"school","mun":"Porto Alegre","ibge":"4314902"}},{"type":"Feature","geometry":{"type":"Point","coordinates":[-51.16828,-30.0279]},"properties":{"nome":"Unificado","tipo":"school","mun":"Porto Alegre","ibge":"4314902"}},{"type":"Feature","geometry":{"type":"Point","coordinates":[-51.17374,-30.02577]},"properties":{"nome":"Colégio Província de São Pedro","tipo":"school","mun":"Porto Alegre","ibge":"4314902"}},{"type":"Feature","geometry":{"type":"Point","coordinates":[-54.10563,-31.34273]},"properties":{"nome":"Escola Estadual Frei Plácido","tipo":"school","mun":"Bagé","ibge":"4301602"}},{"type":"Feature","geometry":{"type":"Point","coordinates":[-53.78094,-29.69221]},"properties":{"nome":"Escola Estadual de Ensino Fundamental Professora Celina de Moraes","tipo":"school","mun":"Santa Maria","ibge":"4316907"}},{"type":"Feature","geometry":{"type":"Point","coordinates":[-54.10751,-31.32431]},"properties":{"nome":"Escola Estadual Carlos Kluwe","tipo":"school","mun":"Bagé","ibge":"4301602"}},{"type":"Feature","geometry":{"type":"Point","coordinates":[-54.10665,-31.31972]},"properties":{"nome":"Escola Estadual de Ensino Médio Silveira Martins","tipo":"school","mun":"Bagé","ibge":"4301602"}},{"type":"Feature","geometry":{"type":"Point","coordinates":[-54.43026,-27.87392]},"properties":{"nome":"Raul Oliveira","tipo":"school","mun":"Santa Rosa","ibge":"4317202"}},{"type":"Feature","geometry":{"type":"Point","coordinates":[-54.44105,-27.86068]},"properties":{"nome":"Escola Estadual de Educação Básica Cruzeiro","tipo":"school","mun":"Santa Rosa","ibge":"4317202"}},{"type":"Feature","geometry":{"type":"Point","coordinates":[-51.51534,-29.15688]},"properties":{"nome":"Escola Mestre","tipo":"school","mun":"Bento Gonçalves","ibge":"4302105"}},{"type":"Feature","geometry":{"type":"Point","coordinates":[-52.37772,-31.7518]},"properties":{"nome":"Escola Estadual de Ensino Básico Doutor Ottoni Xavier","tipo":"school","mun":"Pelotas","ibge":"4314407"}},{"type":"Feature","geometry":{"type":"Point","coordinates":[-51.15396,-30.01161]},"properties":{"nome":"Escola Técnica José César de Mesquita","tipo":"school","mun":"Porto Alegre","ibge":"4314902"}},{"type":"Feature","geometry":{"type":"Point","coordinates":[-51.15468,-30.01169]},"properties":{"nome":"Colégio São Judas Tadeu","tipo":"school","mun":"Porto Alegre","ibge":"4314902"}},{"type":"Feature","geometry":{"type":"Point","coordinates":[-51.14894,-30.01748]},"properties":{"nome":"Happy Fitness","tipo":"sports_centre","mun":"Porto Alegre","ibge":"4314902"}},{"type":"Feature","geometry":{"type":"Point","coordinates":[-52.72769,-27.53556]},"properties":{"nome":"Centro de Cultura","tipo":"community_centre","mun":"Entre Rios do Sul","ibge":"4306957"}},{"type":"Feature","geometry":{"type":"Point","coordinates":[-54.115,-31.33697]},"properties":{"nome":"E. M. Theo Vaz Obino","tipo":"school","mun":"Bagé","ibge":"4301602"}},{"type":"Feature","geometry":{"type":"Point","coordinates":[-51.1696,-30.01015]},"properties":{"nome":"Instituto Vicente Pallotti","tipo":"school","mun":"Porto Alegre","ibge":"4314902"}},{"type":"Feature","geometry":{"type":"Point","coordinates":[-51.17375,-30.00685]},"properties":{"nome":"Esporte Clube São José","tipo":"sports_centre","mun":"Porto Alegre","ibge":"4314902"}},{"type":"Feature","geometry":{"type":"Point","coordinates":[-54.91516,-30.25836]},"properties":{"nome":"Casa Paroquial","tipo":"community_centre","mun":"Rosário do Sul","ibge":"4316402"}},{"type":"Feature","geometry":{"type":"Point","coordinates":[-54.82758,-29.40267]},"properties":{"nome":"Colégio Estadual José Benincá","tipo":"school","mun":"Nova Esperança do Sul","ibge":"4313037"}},{"type":"Feature","geometry":{"type":"Point","coordinates":[-54.83133,-29.40922]},"properties":{"nome":"Escola Municipal São José","tipo":"school","mun":"Nova Esperança do Sul","ibge":"4313037"}},{"type":"Feature","geometry":{"type":"Point","coordinates":[-54.11061,-31.32474]},"properties":{"nome":"E. M. Antenor G. Pereira GETECO","tipo":"school","mun":"Bagé","ibge":"4301602"}},{"type":"Feature","geometry":{"type":"Point","coordinates":[-54.1147,-31.33022]},"properties":{"nome":"Escola Bradesco","tipo":"school","mun":"Bagé","ibge":"4301602"}},{"type":"Feature","geometry":{"type":"Point","coordinates":[-54.10861,-31.33531]},"properties":{"nome":"Escola Estadual Justino Costa Quintana","tipo":"school","mun":"Bagé","ibge":"4301602"}},{"type":"Feature","geometry":{"type":"Point","coordinates":[-51.20219,-30.05532]},"properties":{"nome":"Colégio La Salle Santo Antônio","tipo":"school","mun":"Porto Alegre","ibge":"4314902"}},{"type":"Feature","geometry":{"type":"Point","coordinates":[-51.20158,-30.05882]},"properties":{"nome":"Instituição Frei Pacífico","tipo":"community_centre","mun":"Porto Alegre","ibge":"4314902"}},{"type":"Feature","geometry":{"type":"Point","coordinates":[-51.20062,-30.05552]},"properties":{"nome":"Grêmio Sargento Expedicionário Geraldo Santana","tipo":"sports_centre","mun":"Porto Alegre","ibge":"4314902"}},{"type":"Feature","geometry":{"type":"Point","coordinates":[-51.17154,-30.05283]},"properties":{"nome":"Planet Ball","tipo":"sports_centre","mun":"Porto Alegre","ibge":"4314902"}},{"type":"Feature","geometry":{"type":"Point","coordinates":[-51.11088,-30.00434]},"properties":{"nome":"Escola Poncho Verde","tipo":"school","mun":"Porto Alegre","ibge":"4314902"}},{"type":"Feature","geometry":{"type":"Point","coordinates":[-51.02932,-30.08566]},"properties":{"nome":"Escola Municipal Castelo Branco","tipo":"school","mun":"Viamão","ibge":"4323002"}},{"type":"Feature","geometry":{"type":"Point","coordinates":[-51.14187,-30.14913]},"properties":{"nome":"Centro Infantil Renascer da Esperança","tipo":"community_centre","mun":"Porto Alegre","ibge":"4314902"}},{"type":"Feature","geometry":{"type":"Point","coordinates":[-51.18617,-30.05283]},"properties":{"nome":"Colégio Estadual Professor Otávio de Souza","tipo":"school","mun":"Porto Alegre","ibge":"4314902"}},{"type":"Feature","geometry":{"type":"Point","coordinates":[-51.13576,-30.15699]},"properties":{"nome":"Escola Vereador Carlos Pessoa de Brum","tipo":"school","mun":"Porto Alegre","ibge":"4314902"}},{"type":"Feature","geometry":{"type":"Point","coordinates":[-51.17459,-29.97692]},"properties":{"nome":"Escola Eduardo Gomes","tipo":"school","mun":"Porto Alegre","ibge":"4314902"}},{"type":"Feature","geometry":{"type":"Point","coordinates":[-51.14032,-30.15799]},"properties":{"nome":"Escola José do Patrocínio","tipo":"school","mun":"Porto Alegre","ibge":"4314902"}},{"type":"Feature","geometry":{"type":"Point","coordinates":[-51.20666,-30.14376]},"properties":{"nome":"Escola Tancredo Neves","tipo":"school","mun":"Porto Alegre","ibge":"4314902"}},{"type":"Feature","geometry":{"type":"Point","coordinates":[-51.14171,-30.1489]},"properties":{"nome":"Escola Vinicius de Moraes","tipo":"school","mun":"Porto Alegre","ibge":"4314902"}},{"type":"Feature","geometry":{"type":"Point","coordinates":[-51.13763,-30.15121]},"properties":{"nome":"Escola Dolores Alcaraz Caldas","tipo":"school","mun":"Porto Alegre","ibge":"4314902"}},{"type":"Feature","geometry":{"type":"Point","coordinates":[-51.14382,-30.1528]},"properties":{"nome":"Escola Alberto Pasqualini","tipo":"school","mun":"Porto Alegre","ibge":"4314902"}},{"type":"Feature","geometry":{"type":"Point","coordinates":[-51.14771,-30.15431]},"properties":{"nome":"Colégio Ildo Meneghetti","tipo":"school","mun":"Porto Alegre","ibge":"4314902"}},{"type":"Feature","geometry":{"type":"Point","coordinates":[-51.14466,-30.14935]},"properties":{"nome":"Academia de Samba União da Tinga","tipo":"community_centre","mun":"Porto Alegre","ibge":"4314902"}},{"type":"Feature","geometry":{"type":"Point","coordinates":[-51.13556,-30.15287]},"properties":{"nome":"Casa da Sopa","tipo":"community_centre","mun":"Porto Alegre","ibge":"4314902"}},{"type":"Feature","geometry":{"type":"Point","coordinates":[-51.13724,-30.15442]},"properties":{"nome":"Estado Maior da Restinga","tipo":"community_centre","mun":"Porto Alegre","ibge":"4314902"}},{"type":"Feature","geometry":{"type":"Point","coordinates":[-51.21653,-30.12888]},"properties":{"nome":"Escola Leocádia Felizardo Prestes","tipo":"school","mun":"Porto Alegre","ibge":"4314902"}},{"type":"Feature","geometry":{"type":"Point","coordinates":[-51.22791,-30.0852]},"properties":{"nome":"Escola Martim Aranha","tipo":"school","mun":"Porto Alegre","ibge":"4314902"}},{"type":"Feature","geometry":{"type":"Point","coordinates":[-51.22579,-30.08108]},"properties":{"nome":"Escola Álvaro Alberto da Motta e Silva","tipo":"school","mun":"Porto Alegre","ibge":"4314902"}},{"type":"Feature","geometry":{"type":"Point","coordinates":[-51.14357,-30.16202]},"properties":{"nome":"Escola Lidovino Fanton","tipo":"school","mun":"Porto Alegre","ibge":"4314902"}},{"type":"Feature","geometry":{"type":"Point","coordinates":[-51.21613,-30.13824]},"properties":{"nome":"Escola Paraíba","tipo":"school","mun":"Porto Alegre","ibge":"4314902"}},{"type":"Feature","geometry":{"type":"Point","coordinates":[-51.22924,-30.10242]},"properties":{"nome":"Escola Visconde do Rio Grande","tipo":"school","mun":"Porto Alegre","ibge":"4314902"}},{"type":"Feature","geometry":{"type":"Point","coordinates":[-51.14994,-30.05512]},"properties":{"nome":"Escola Heróphilo Carvalho de Azambuja","tipo":"school","mun":"Porto Alegre","ibge":"4314902"}},{"type":"Feature","geometry":{"type":"Point","coordinates":[-51.19934,-30.07644]},"properties":{"nome":"Colégio Nossa Senhora da Glória","tipo":"school","mun":"Porto Alegre","ibge":"4314902"}},{"type":"Feature","geometry":{"type":"Point","coordinates":[-51.2084,-30.0687]},"properties":{"nome":"Escola Emílio Meyer","tipo":"school","mun":"Porto Alegre","ibge":"4314902"}},{"type":"Feature","geometry":{"type":"Point","coordinates":[-50.97333,-30.09197]},"properties":{"nome":"Escola Canadá","tipo":"school","mun":"Viamão","ibge":"4323002"}},{"type":"Feature","geometry":{"type":"Point","coordinates":[-51.16392,-30.04407]},"properties":{"nome":"Escola Coelho Neto","tipo":"school","mun":"Porto Alegre","ibge":"4314902"}},{"type":"Feature","geometry":{"type":"Point","coordinates":[-51.18381,-30.03666]},"properties":{"nome":"Escola Imperatriz Leopoldina","tipo":"school","mun":"Porto Alegre","ibge":"4314902"}},{"type":"Feature","geometry":{"type":"Point","coordinates":[-51.181,-30.0052]},"properties":{"nome":"Escola Professor Júlio Grau","tipo":"school","mun":"Porto Alegre","ibge":"4314902"}},{"type":"Feature","geometry":{"type":"Point","coordinates":[-51.01927,-30.09703]},"properties":{"nome":"Escola Municipal de Ensino Fundamental Barreto Viana","tipo":"school","mun":"Viamão","ibge":"4323002"}},{"type":"Feature","geometry":{"type":"Point","coordinates":[-51.02279,-30.08562]},"properties":{"nome":"Escola Stella Maris","tipo":"school","mun":"Viamão","ibge":"4323002"}},{"type":"Feature","geometry":{"type":"Point","coordinates":[-51.019,-30.08717]},"properties":{"nome":"Escola Dom Diogo de Souza","tipo":"school","mun":"Viamão","ibge":"4323002"}},{"type":"Feature","geometry":{"type":"Point","coordinates":[-51.14214,-30.03217]},"properties":{"nome":"Colégio Japão","tipo":"school","mun":"Porto Alegre","ibge":"4314902"}},{"type":"Feature","geometry":{"type":"Point","coordinates":[-51.1515,-30.02988]},"properties":{"nome":"Colégio Ruben Berta","tipo":"school","mun":"Porto Alegre","ibge":"4314902"}},{"type":"Feature","geometry":{"type":"Point","coordinates":[-51.15246,-30.04388]},"properties":{"nome":"Escola Antão de Faria","tipo":"school","mun":"Porto Alegre","ibge":"4314902"}},{"type":"Feature","geometry":{"type":"Point","coordinates":[-51.12524,-29.98604]},"properties":{"nome":"Escola Araújo Porto Alegre","tipo":"school","mun":"Porto Alegre","ibge":"4314902"}},{"type":"Feature","geometry":{"type":"Point","coordinates":[-51.15913,-29.99831]},"properties":{"nome":"Escola Ernesto Tocchetto","tipo":"school","mun":"Porto Alegre","ibge":"4314902"}},{"type":"Feature","geometry":{"type":"Point","coordinates":[-51.13478,-29.98227]},"properties":{"nome":"Escola Estadual Décio Martins Costa","tipo":"school","mun":"Porto Alegre","ibge":"4314902"}},{"type":"Feature","geometry":{"type":"Point","coordinates":[-51.14211,-30.01984]},"properties":{"nome":"Escola Itália","tipo":"school","mun":"Porto Alegre","ibge":"4314902"}},{"type":"Feature","geometry":{"type":"Point","coordinates":[-51.12641,-29.97935]},"properties":{"nome":"Escola João Goulart","tipo":"school","mun":"Porto Alegre","ibge":"4314902"}},{"type":"Feature","geometry":{"type":"Point","coordinates":[-51.15029,-30.0298]},"properties":{"nome":"Escola Marechal Mallet","tipo":"school","mun":"Porto Alegre","ibge":"4314902"}},{"type":"Feature","geometry":{"type":"Point","coordinates":[-51.12762,-29.98609]},"properties":{"nome":"Escola Miguel José Pereira","tipo":"school","mun":"Porto Alegre","ibge":"4314902"}},{"type":"Feature","geometry":{"type":"Point","coordinates":[-51.1071,-29.98934]},"properties":{"nome":"Escola Municipal Décio Martins Costa","tipo":"school","mun":"Porto Alegre","ibge":"4314902"}},{"type":"Feature","geometry":{"type":"Point","coordinates":[-51.13579,-30.04764]},"properties":{"nome":"Escola Salgado Filho","tipo":"school","mun":"Porto Alegre","ibge":"4314902"}},{"type":"Feature","geometry":{"type":"Point","coordinates":[-51.16204,-30.00569]},"properties":{"nome":"Escola Sarmento Leite","tipo":"school","mun":"Porto Alegre","ibge":"4314902"}},{"type":"Feature","geometry":{"type":"Point","coordinates":[-51.09543,-30.02169]},"properties":{"nome":"Escola Timbaúva","tipo":"school","mun":"Porto Alegre","ibge":"4314902"}},{"type":"Feature","geometry":{"type":"Point","coordinates":[-51.23512,-30.06418]},"properties":{"nome":"Centro de Eventos Presidente Arthur Dallegrave","tipo":"community_centre","mun":"Porto Alegre","ibge":"4314902"}},{"type":"Feature","geometry":{"type":"Point","coordinates":[-51.21382,-30.05969]},"properties":{"nome":"Grêmio Foot-Ball Porto Alegrense","tipo":"sports_centre","mun":"Porto Alegre","ibge":"4314902"}},{"type":"Feature","geometry":{"type":"Point","coordinates":[-51.12178,-30.01543]},"properties":{"nome":"Escola América","tipo":"school","mun":"Porto Alegre","ibge":"4314902"}},{"type":"Feature","geometry":{"type":"Point","coordinates":[-51.10583,-29.99316]},"properties":{"nome":"Escola Ildo Meneghetti","tipo":"school","mun":"Porto Alegre","ibge":"4314902"}},{"type":"Feature","geometry":{"type":"Point","coordinates":[-51.13333,-29.99431]},"properties":{"nome":"Escola Liberato Salzano Vieira da Cunha","tipo":"school","mun":"Porto Alegre","ibge":"4314902"}},{"type":"Feature","geometry":{"type":"Point","coordinates":[-51.18651,-30.08504]},"properties":{"nome":"Escola Monsenhor Leopoldo Neis","tipo":"school","mun":"Porto Alegre","ibge":"4314902"}},{"type":"Feature","geometry":{"type":"Point","coordinates":[-51.21846,-30.03113]},"properties":{"nome":"Centro Esportivo","tipo":"sports_centre","mun":"Porto Alegre","ibge":"4314902"}},{"type":"Feature","geometry":{"type":"Point","coordinates":[-51.21831,-30.0305]},"properties":{"nome":"Colégio Marista Rosário","tipo":"school","mun":"Porto Alegre","ibge":"4314902"}},{"type":"Feature","geometry":{"type":"Point","coordinates":[-51.20312,-30.07575]},"properties":{"nome":"Colégio Marista Assunção","tipo":"school","mun":"Porto Alegre","ibge":"4314902"}},{"type":"Feature","geometry":{"type":"Point","coordinates":[-51.24874,-30.0866]},"properties":{"nome":"Escolinha de Futebol do Grêmio","tipo":"sports_centre","mun":"Porto Alegre","ibge":"4314902"}},{"type":"Feature","geometry":{"type":"Point","coordinates":[-51.1917,-30.068]},"properties":{"nome":"Escola José Carlos Ferreira","tipo":"school","mun":"Porto Alegre","ibge":"4314902"}},{"type":"Feature","geometry":{"type":"Point","coordinates":[-51.149,-30.01309]},"properties":{"nome":"Colégio Adventista Marechal Rondon","tipo":"school","mun":"Porto Alegre","ibge":"4314902"}},{"type":"Feature","geometry":{"type":"Point","coordinates":[-51.14952,-30.01503]},"properties":{"nome":"Centro Poliesportivo Monte Moro","tipo":"sports_centre","mun":"Porto Alegre","ibge":"4314902"}},{"type":"Feature","geometry":{"type":"Point","coordinates":[-51.14952,-30.01475]},"properties":{"nome":"Colégio Santa Dorotéia","tipo":"school","mun":"Porto Alegre","ibge":"4314902"}},{"type":"Feature","geometry":{"type":"Point","coordinates":[-51.1492,-30.01487]},"properties":{"nome":"Ginásio Santa Paula Frassinetti","tipo":"sports_centre","mun":"Porto Alegre","ibge":"4314902"}},{"type":"Feature","geometry":{"type":"Point","coordinates":[-51.19971,-30.13271]},"properties":{"nome":"Escola Raio de Sol","tipo":"school","mun":"Porto Alegre","ibge":"4314902"}},{"type":"Feature","geometry":{"type":"Point","coordinates":[-51.21966,-29.99001]},"properties":{"nome":"SGNSJ Sede Náutica","tipo":"community_centre","mun":"Porto Alegre","ibge":"4314902"}},{"type":"Feature","geometry":{"type":"Point","coordinates":[-51.23027,-30.07419]},"properties":{"nome":"Escola Santa Rita de Cássia","tipo":"school","mun":"Porto Alegre","ibge":"4314902"}},{"type":"Feature","geometry":{"type":"Point","coordinates":[-51.19935,-30.04018]},"properties":{"nome":"Colégio Israelita Brasileiro","tipo":"school","mun":"Porto Alegre","ibge":"4314902"}},{"type":"Feature","geometry":{"type":"Point","coordinates":[-51.20283,-30.03445]},"properties":{"nome":"Colégio Leonardo da Vinci Unidade Alfa","tipo":"school","mun":"Porto Alegre","ibge":"4314902"}},{"type":"Feature","geometry":{"type":"Point","coordinates":[-51.2003,-30.03665]},"properties":{"nome":"Colégio Metodista Americano","tipo":"school","mun":"Porto Alegre","ibge":"4314902"}},{"type":"Feature","geometry":{"type":"Point","coordinates":[-51.18447,-30.04429]},"properties":{"nome":"Colégio Santa Inês","tipo":"school","mun":"Porto Alegre","ibge":"4314902"}},{"type":"Feature","geometry":{"type":"Point","coordinates":[-51.19839,-30.04039]},"properties":{"nome":"Instituto Rio Branco","tipo":"school","mun":"Porto Alegre","ibge":"4314902"}},{"type":"Feature","geometry":{"type":"Point","coordinates":[-51.15992,-30.05832]},"properties":{"nome":"Colégio Caldas Junior","tipo":"school","mun":"Porto Alegre","ibge":"4314902"}},{"type":"Feature","geometry":{"type":"Point","coordinates":[-51.16011,-30.05894]},"properties":{"nome":"Escola de Educação Especial Barbara Sybille Fischinger","tipo":"school","mun":"Porto Alegre","ibge":"4314902"}},{"type":"Feature","geometry":{"type":"Point","coordinates":[-51.15346,-30.11244]},"properties":{"nome":"Escola Luiz Gama","tipo":"school","mun":"Porto Alegre","ibge":"4314902"}},{"type":"Feature","geometry":{"type":"Point","coordinates":[-51.22653,-30.05364]},"properties":{"nome":"Escola Presidente Roosevelt","tipo":"school","mun":"Porto Alegre","ibge":"4314902"}},{"type":"Feature","geometry":{"type":"Point","coordinates":[-51.18561,-30.01765]},"properties":{"nome":"Escola Amigos do Verde","tipo":"school","mun":"Porto Alegre","ibge":"4314902"}},{"type":"Feature","geometry":{"type":"Point","coordinates":[-51.14616,-30.04859]},"properties":{"nome":"Escola Aldo Locatelli","tipo":"school","mun":"Porto Alegre","ibge":"4314902"}},{"type":"Feature","geometry":{"type":"Point","coordinates":[-51.14361,-30.05751]},"properties":{"nome":"Escola Érico Veríssimo","tipo":"school","mun":"Porto Alegre","ibge":"4314902"}},{"type":"Feature","geometry":{"type":"Point","coordinates":[-51.18819,-30.04727]},"properties":{"nome":"Escola Leopoldo Tietböhl","tipo":"school","mun":"Porto Alegre","ibge":"4314902"}},{"type":"Feature","geometry":{"type":"Point","coordinates":[-51.19182,-30.04754]},"properties":{"nome":"Petrópole Tênis Clube","tipo":"sports_centre","mun":"Porto Alegre","ibge":"4314902"}},{"type":"Feature","geometry":{"type":"Point","coordinates":[-51.14773,-30.06143]},"properties":{"nome":"Instituto Estadual Professora Gema Angelina Belia","tipo":"school","mun":"Porto Alegre","ibge":"4314902"}},{"type":"Feature","geometry":{"type":"Point","coordinates":[-51.15032,-30.05408]},"properties":{"nome":"Escola General Ibá Ilha Moreira","tipo":"school","mun":"Porto Alegre","ibge":"4314902"}},{"type":"Feature","geometry":{"type":"Point","coordinates":[-53.89787,-30.80637]},"properties":{"nome":"Instituto Estadual de Educação Doutor Bulcão","tipo":"school","mun":"Lavras do Sul","ibge":"4311502"}},{"type":"Feature","geometry":{"type":"Point","coordinates":[-53.9004,-30.80504]},"properties":{"nome":"Escola Dr. Crispim","tipo":"school","mun":"Lavras do Sul","ibge":"4311502"}},{"type":"Feature","geometry":{"type":"Point","coordinates":[-53.90203,-30.80902]},"properties":{"nome":"Escola Licinio Cardoso","tipo":"school","mun":"Lavras do Sul","ibge":"4311502"}},{"type":"Feature","geometry":{"type":"Point","coordinates":[-53.90215,-30.81465]},"properties":{"nome":"Ginásio Municipal","tipo":"sports_centre","mun":"Lavras do Sul","ibge":"4311502"}},{"type":"Feature","geometry":{"type":"Point","coordinates":[-51.15599,-30.0481]},"properties":{"nome":"Escola José Mariano Beck","tipo":"school","mun":"Porto Alegre","ibge":"4314902"}},{"type":"Feature","geometry":{"type":"Point","coordinates":[-51.15796,-30.04707]},"properties":{"nome":"Escola Nossa Senhora de Fátima","tipo":"school","mun":"Porto Alegre","ibge":"4314902"}},{"type":"Feature","geometry":{"type":"Point","coordinates":[-54.32969,-30.33474]},"properties":{"nome":"Ginásio Elpídio Maziero","tipo":"sports_centre","mun":"São Gabriel","ibge":"4318309"}},{"type":"Feature","geometry":{"type":"Point","coordinates":[-54.33143,-30.32787]},"properties":{"nome":"EMEF Presidente Kennedy","tipo":"school","mun":"São Gabriel","ibge":"4318309"}},{"type":"Feature","geometry":{"type":"Point","coordinates":[-54.31938,-30.33861]},"properties":{"nome":"Escola Estadual de Ensino Médio XV de Novembro","tipo":"school","mun":"São Gabriel","ibge":"4318309"}},{"type":"Feature","geometry":{"type":"Point","coordinates":[-54.32227,-30.33658]},"properties":{"nome":"IEE Menna Barreto","tipo":"school","mun":"São Gabriel","ibge":"4318309"}},{"type":"Feature","geometry":{"type":"Point","coordinates":[-54.31455,-30.33827]},"properties":{"nome":"EEEM Doutor Fernando Abbott","tipo":"school","mun":"São Gabriel","ibge":"4318309"}},{"type":"Feature","geometry":{"type":"Point","coordinates":[-54.32743,-30.34248]},"properties":{"nome":"EEEF Profª Sueni Goulart Santos","tipo":"school","mun":"São Gabriel","ibge":"4318309"}},{"type":"Feature","geometry":{"type":"Point","coordinates":[-54.32113,-30.33189]},"properties":{"nome":"EMEF Carlota Vieira da Cunha","tipo":"school","mun":"São Gabriel","ibge":"4318309"}},{"type":"Feature","geometry":{"type":"Point","coordinates":[-54.33394,-30.33132]},"properties":{"nome":"EEEM Doutor José Sampaio Marques Luz","tipo":"school","mun":"São Gabriel","ibge":"4318309"}},{"type":"Feature","geometry":{"type":"Point","coordinates":[-51.8725,-29.38518]},"properties":{"nome":"Escola Estadual de Colinas","tipo":"school","mun":"Colinas","ibge":"4305587"}},{"type":"Feature","geometry":{"type":"Point","coordinates":[-53.18082,-29.7313]},"properties":{"nome":"Escola Estadual de Ensino Médio Presidente Afonso Pena","tipo":"school","mun":"Paraíso do Sul","ibge":"4314027"}},{"type":"Feature","geometry":{"type":"Point","coordinates":[-53.8752,-29.69563]},"properties":{"nome":"Ginásio de Esportes Oreco","tipo":"sports_centre","mun":"Santa Maria","ibge":"4316907"}},{"type":"Feature","geometry":{"type":"Point","coordinates":[-54.00557,-29.6492]},"properties":{"nome":"Centro Comunitário Canabarro","tipo":"community_centre","mun":"Santa Maria","ibge":"4316907"}},{"type":"Feature","geometry":{"type":"Point","coordinates":[-51.22743,-29.90918]},"properties":{"nome":"Escola Municipal de Educação Infantil Professora Carmen Ferreira","tipo":"school","mun":"Canoas","ibge":"4304606"}},{"type":"Feature","geometry":{"type":"Point","coordinates":[-51.22733,-29.91066]},"properties":{"nome":"Escola Municipal de Ensino Fundamental Max Adolfo Oderich","tipo":"school","mun":"Canoas","ibge":"4304606"}},{"type":"Feature","geometry":{"type":"Point","coordinates":[-52.37695,-27.62474]},"properties":{"nome":"Colégio Estadual Mário Quintana","tipo":"school","mun":"Barão de Cotegipe","ibge":"4301701"}},{"type":"Feature","geometry":{"type":"Point","coordinates":[-51.78735,-30.84299]},"properties":{"nome":"CIEP - Escola","tipo":"school","mun":"Camaquã","ibge":"4303509"}},{"type":"Feature","geometry":{"type":"Point","coordinates":[-51.5054,-29.18759]},"properties":{"nome":"Salão Paroquial de Festas da Capela Santo Antão","tipo":"community_centre","mun":"Bento Gonçalves","ibge":"4302105"}},{"type":"Feature","geometry":{"type":"Point","coordinates":[-51.79788,-30.85443]},"properties":{"nome":"Escola Estadual Con. Luiz Walter Hanquet","tipo":"school","mun":"Camaquã","ibge":"4303509"}},{"type":"Feature","geometry":{"type":"Point","coordinates":[-51.13887,-29.89819]},"properties":{"nome":"Escola Jussara Maria Polidoro","tipo":"school","mun":"Canoas","ibge":"4304606"}},{"type":"Feature","geometry":{"type":"Point","coordinates":[-51.95157,-27.42322]},"properties":{"nome":"Centro Esportes São Sebastião","tipo":"sports_centre","mun":"Marcelino Ramos","ibge":"4311908"}},{"type":"Feature","geometry":{"type":"Point","coordinates":[-53.79895,-29.68077]},"properties":{"nome":"EMEF Aracy Barreto Sacchis","tipo":"school","mun":"Santa Maria","ibge":"4316907"}},{"type":"Feature","geometry":{"type":"Point","coordinates":[-51.19616,-30.01907]},"properties":{"nome":"Escola General Daltro Filho","tipo":"school","mun":"Porto Alegre","ibge":"4314902"}},{"type":"Feature","geometry":{"type":"Point","coordinates":[-51.1527,-30.00295]},"properties":{"nome":"Lindóia Tênis Clube","tipo":"sports_centre","mun":"Porto Alegre","ibge":"4314902"}},{"type":"Feature","geometry":{"type":"Point","coordinates":[-51.23768,-30.03477]},"properties":{"nome":"Escola Senador Ernesto Dornelles","tipo":"school","mun":"Porto Alegre","ibge":"4314902"}},{"type":"Feature","geometry":{"type":"Point","coordinates":[-51.01897,-30.049]},"properties":{"nome":"Autódromo Internacional de Tarumã","tipo":"sports_centre","mun":"Viamão","ibge":"4323002"}},{"type":"Feature","geometry":{"type":"Point","coordinates":[-51.02137,-30.05044]},"properties":{"nome":"Kartódromo de Tarumã","tipo":"sports_centre","mun":"Viamão","ibge":"4323002"}},{"type":"Feature","geometry":{"type":"Point","coordinates":[-53.71273,-29.70272]},"properties":{"nome":"Becker Sports Bar","tipo":"sports_centre","mun":"Santa Maria","ibge":"4316907"}},{"type":"Feature","geometry":{"type":"Point","coordinates":[-51.18947,-30.12576]},"properties":{"nome":"Alphaville Clube","tipo":"community_centre","mun":"Porto Alegre","ibge":"4314902"}},{"type":"Feature","geometry":{"type":"Point","coordinates":[-56.00829,-28.65479]},"properties":{"nome":"E.M.E.F. Sagrado Coração de Jesus","tipo":"school","mun":"São Borja","ibge":"4318002"}},{"type":"Feature","geometry":{"type":"Point","coordinates":[-55.99515,-28.64692]},"properties":{"nome":"E.M. Aparicio Marience","tipo":"school","mun":"São Borja","ibge":"4318002"}},{"type":"Feature","geometry":{"type":"Point","coordinates":[-51.22963,-30.03711]},"properties":{"nome":"YMCA","tipo":"sports_centre","mun":"Porto Alegre","ibge":"4314902"}},{"type":"Feature","geometry":{"type":"Point","coordinates":[-51.06345,-30.0927]},"properties":{"nome":"Escola Municipal de Ensino Fundamental Farroupilha","tipo":"school","mun":"Viamão","ibge":"4323002"}},{"type":"Feature","geometry":{"type":"Point","coordinates":[-51.50772,-29.19217]},"properties":{"nome":"Escola Municipal de Ensino Fundamental Professora Vânia Medeiros Mincarone","tipo":"school","mun":"Bento Gonçalves","ibge":"4302105"}},{"type":"Feature","geometry":{"type":"Point","coordinates":[-51.50206,-29.17959]},"properties":{"nome":"Escola Municipal de Ensino Fundamental Professor Noely Clemente de Rossi","tipo":"school","mun":"Bento Gonçalves","ibge":"4302105"}},{"type":"Feature","geometry":{"type":"Point","coordinates":[-51.5005,-29.17959]},"properties":{"nome":"Salão Comunitário Santa Marta","tipo":"community_centre","mun":"Bento Gonçalves","ibge":"4302105"}},{"type":"Feature","geometry":{"type":"Point","coordinates":[-53.79184,-29.69119]},"properties":{"nome":"Escola de Educação Infantil Abelhinhas","tipo":"school","mun":"Santa Maria","ibge":"4316907"}},{"type":"Feature","geometry":{"type":"Point","coordinates":[-51.72066,-30.07222]},"properties":{"nome":"Campo da Atafona","tipo":"sports_centre","mun":"Arroio dos Ratos","ibge":"4301107"}},{"type":"Feature","geometry":{"type":"Point","coordinates":[-50.13814,-29.97219]},"properties":{"nome":"Escola Nove de Maio","tipo":"school","mun":"Imbé","ibge":"4310330"}},{"type":"Feature","geometry":{"type":"Point","coordinates":[-53.81398,-29.69091]},"properties":{"nome":"Escola Estadual de Ensino Médio Professora Maria Rocha","tipo":"school","mun":"Santa Maria","ibge":"4316907"}},{"type":"Feature","geometry":{"type":"Point","coordinates":[-53.81443,-29.68946]},"properties":{"nome":"Instituto Estadual de Educação Olavo Bilac","tipo":"school","mun":"Santa Maria","ibge":"4316907"}},{"type":"Feature","geometry":{"type":"Point","coordinates":[-53.8074,-29.70146]},"properties":{"nome":"Centro Esportivo Pigatto","tipo":"sports_centre","mun":"Santa Maria","ibge":"4316907"}},{"type":"Feature","geometry":{"type":"Point","coordinates":[-53.79866,-29.68841]},"properties":{"nome":"Colégio Coração de Maria","tipo":"school","mun":"Santa Maria","ibge":"4316907"}},{"type":"Feature","geometry":{"type":"Point","coordinates":[-51.12769,-29.62035]},"properties":{"nome":"Escola Estadual de Ensino Fundamental João Gräwer Filho","tipo":"school","mun":"Ivoti","ibge":"4310801"}},{"type":"Feature","geometry":{"type":"Point","coordinates":[-51.17359,-29.61882]},"properties":{"nome":"Escola Municipal de Educação Infantil Jardim dos Sonhos","tipo":"school","mun":"Ivoti","ibge":"4310801"}},{"type":"Feature","geometry":{"type":"Point","coordinates":[-51.12812,-29.6206]},"properties":{"nome":"Sociedade São João - Travessão","tipo":"community_centre","mun":"Ivoti","ibge":"4310801"}},{"type":"Feature","geometry":{"type":"Point","coordinates":[-51.18168,-30.04072]},"properties":{"nome":"Colégio Florinda Tubino Sampaio","tipo":"school","mun":"Porto Alegre","ibge":"4314902"}},{"type":"Feature","geometry":{"type":"Point","coordinates":[-56.23961,-29.06008]},"properties":{"nome":"Emef João Matas Solés","tipo":"school","mun":"Itaqui","ibge":"4310603"}},{"type":"Feature","geometry":{"type":"Point","coordinates":[-51.17475,-30.02412]},"properties":{"nome":"Escola Bahia","tipo":"school","mun":"Porto Alegre","ibge":"4314902"}},{"type":"Feature","geometry":{"type":"Point","coordinates":[-51.12556,-30.08992]},"properties":{"nome":"Escola La Salle Esmeralda","tipo":"school","mun":"Porto Alegre","ibge":"4314902"}},{"type":"Feature","geometry":{"type":"Point","coordinates":[-54.91077,-28.72605]},"properties":{"nome":"Ginásio Municipal César Dirceu Franco","tipo":"sports_centre","mun":"Bossoroca","ibge":"4302501"}},{"type":"Feature","geometry":{"type":"Point","coordinates":[-51.98313,-31.36675]},"properties":{"nome":"Escola Estadual Cruzeiro do Sul","tipo":"school","mun":"São Lourenço do Sul","ibge":"4318804"}},{"type":"Feature","geometry":{"type":"Point","coordinates":[-53.62239,-28.57053]},"properties":{"nome":"Ginásio Poliesportivo","tipo":"sports_centre","mun":"Cruz Alta","ibge":"4306106"}},{"type":"Feature","geometry":{"type":"Point","coordinates":[-51.53427,-29.25872]},"properties":{"nome":"Ginásio Municipal","tipo":"sports_centre","mun":"Garibaldi","ibge":"4308607"}},{"type":"Feature","geometry":{"type":"Point","coordinates":[-53.61446,-28.63384]},"properties":{"nome":"Escola de Aperfeiçoamento de Sargentos das Armas","tipo":"school","mun":"Cruz Alta","ibge":"4306106"}},{"type":"Feature","geometry":{"type":"Point","coordinates":[-51.1994,-30.14831]},"properties":{"nome":"Associaçao dos Servidores da Justiça","tipo":"community_centre","mun":"Porto Alegre","ibge":"4314902"}},{"type":"Feature","geometry":{"type":"Point","coordinates":[-51.20036,-30.15951]},"properties":{"nome":"Escola Anísio Teixeira","tipo":"school","mun":"Porto Alegre","ibge":"4314902"}},{"type":"Feature","geometry":{"type":"Point","coordinates":[-51.17116,-30.15904]},"properties":{"nome":"Escola Moradas da Hípica","tipo":"school","mun":"Porto Alegre","ibge":"4314902"}},{"type":"Feature","geometry":{"type":"Point","coordinates":[-50.24367,-29.89396]},"properties":{"nome":"Vila Olímpica","tipo":"sports_centre","mun":"Osório","ibge":"4313508"}},{"type":"Feature","geometry":{"type":"Point","coordinates":[-51.1795,-29.17038]},"properties":{"nome":"Colégio La Salle Carmo","tipo":"school","mun":"Caxias do Sul","ibge":"4305108"}},{"type":"Feature","geometry":{"type":"Point","coordinates":[-51.18049,-29.17025]},"properties":{"nome":"Colégio São José","tipo":"school","mun":"Caxias do Sul","ibge":"4305108"}},{"type":"Feature","geometry":{"type":"Point","coordinates":[-52.38962,-28.26948]},"properties":{"nome":"Colégio Estadual Cecy Leite Costa","tipo":"school","mun":"Passo Fundo","ibge":"4314100"}},{"type":"Feature","geometry":{"type":"Point","coordinates":[-53.70787,-29.70693]},"properties":{"nome":"EMEF Santa Helena","tipo":"school","mun":"Santa Maria","ibge":"4316907"}},{"type":"Feature","geometry":{"type":"Point","coordinates":[-51.97335,-31.36639]},"properties":{"nome":"Pérola Tênis Clube","tipo":"sports_centre","mun":"São Lourenço do Sul","ibge":"4318804"}},{"type":"Feature","geometry":{"type":"Point","coordinates":[-50.80001,-29.3507]},"properties":{"nome":"E.E.E.B. Neusa Mari Pacheco","tipo":"school","mun":"Canela","ibge":"4304408"}},{"type":"Feature","geometry":{"type":"Point","coordinates":[-51.18001,-30.01944]},"properties":{"nome":"Escola Fabíola Pinto Dornelles","tipo":"school","mun":"Porto Alegre","ibge":"4314902"}},{"type":"Feature","geometry":{"type":"Point","coordinates":[-51.24038,-30.07143]},"properties":{"nome":"Academia de Samba Praiana","tipo":"community_centre","mun":"Porto Alegre","ibge":"4314902"}},{"type":"Feature","geometry":{"type":"Point","coordinates":[-51.23795,-30.06849]},"properties":{"nome":"Banda Saldanha","tipo":"community_centre","mun":"Porto Alegre","ibge":"4314902"}},{"type":"Feature","geometry":{"type":"Point","coordinates":[-51.24065,-30.07183]},"properties":{"nome":"Imperadores do Samba","tipo":"community_centre","mun":"Porto Alegre","ibge":"4314902"}},{"type":"Feature","geometry":{"type":"Point","coordinates":[-51.23509,-30.06767]},"properties":{"nome":"Colégio Maria Imaculada","tipo":"school","mun":"Porto Alegre","ibge":"4314902"}},{"type":"Feature","geometry":{"type":"Point","coordinates":[-55.79128,-29.77879]},"properties":{"nome":"Instituto Estadual de Educação Oswaldo Aranha","tipo":"school","mun":"Alegrete","ibge":"4300406"}},{"type":"Feature","geometry":{"type":"Point","coordinates":[-51.08505,-29.91672]},"properties":{"nome":"Colégio Romano Santa Helena","tipo":"school","mun":"Cachoeirinha","ibge":"4303103"}},{"type":"Feature","geometry":{"type":"Point","coordinates":[-51.22759,-30.06319]},"properties":{"nome":"Escola Euclides da Cunha","tipo":"school","mun":"Porto Alegre","ibge":"4314902"}},{"type":"Feature","geometry":{"type":"Point","coordinates":[-51.07832,-29.90608]},"properties":{"nome":"Escola Municipal José Victor de Medeiros","tipo":"school","mun":"Cachoeirinha","ibge":"4303103"}},{"type":"Feature","geometry":{"type":"Point","coordinates":[-51.22748,-30.04051]},"properties":{"nome":"Escola La Salle Pão dos Pobres","tipo":"school","mun":"Porto Alegre","ibge":"4314902"}},{"type":"Feature","geometry":{"type":"Point","coordinates":[-51.2079,-30.08548]},"properties":{"nome":"Escola Simões Lopes Neto","tipo":"school","mun":"Porto Alegre","ibge":"4314902"}},{"type":"Feature","geometry":{"type":"Point","coordinates":[-51.18319,-30.03393]},"properties":{"nome":"Grêmio Náutico União Alto Petrópolis","tipo":"sports_centre","mun":"Porto Alegre","ibge":"4314902"}},{"type":"Feature","geometry":{"type":"Point","coordinates":[-51.16349,-30.03791]},"properties":{"nome":"Escola Monsenhor Leopoldo Hoff","tipo":"school","mun":"Porto Alegre","ibge":"4314902"}},{"type":"Feature","geometry":{"type":"Point","coordinates":[-51.1703,-30.03602]},"properties":{"nome":"Colégio Farroupilha","tipo":"school","mun":"Porto Alegre","ibge":"4314902"}},{"type":"Feature","geometry":{"type":"Point","coordinates":[-51.08547,-29.91245]},"properties":{"nome":"Escola Municipal Granja Esperança","tipo":"school","mun":"Cachoeirinha","ibge":"4303103"}},{"type":"Feature","geometry":{"type":"Point","coordinates":[-51.10155,-29.92855]},"properties":{"nome":"Escola Estadual Frederico A. Ritter","tipo":"school","mun":"Cachoeirinha","ibge":"4303103"}},{"type":"Feature","geometry":{"type":"Point","coordinates":[-52.02735,-29.21626]},"properties":{"nome":"Escola Nova Bréscia","tipo":"school","mun":"Nova Bréscia","ibge":"4313003"}},{"type":"Feature","geometry":{"type":"Point","coordinates":[-52.01633,-29.21763]},"properties":{"nome":"Escola Municipal de Educação Infantil Criança Feliz","tipo":"school","mun":"Nova Bréscia","ibge":"4313003"}},{"type":"Feature","geometry":{"type":"Point","coordinates":[-51.10995,-29.66983]},"properties":{"nome":"Colégio Estadual Senador Alberto Pasqualini","tipo":"school","mun":"Novo Hamburgo","ibge":"4313409"}},{"type":"Feature","geometry":{"type":"Point","coordinates":[-51.08697,-29.93355]},"properties":{"nome":"Escola Estadual Princesa Isabel","tipo":"school","mun":"Cachoeirinha","ibge":"4303103"}},{"type":"Feature","geometry":{"type":"Point","coordinates":[-51.07564,-29.92452]},"properties":{"nome":"Escola Municipal Costa e Silva","tipo":"school","mun":"Cachoeirinha","ibge":"4303103"}},{"type":"Feature","geometry":{"type":"Point","coordinates":[-51.07505,-29.91442]},"properties":{"nome":"EMEI Recanto dos Girassois","tipo":"school","mun":"Cachoeirinha","ibge":"4303103"}},{"type":"Feature","geometry":{"type":"Point","coordinates":[-51.07506,-29.9126]},"properties":{"nome":"Escola Municipal Tiradentes","tipo":"school","mun":"Cachoeirinha","ibge":"4303103"}},{"type":"Feature","geometry":{"type":"Point","coordinates":[-52.01799,-29.24609]},"properties":{"nome":"Salão Paroquial de Linha Estefânia","tipo":"community_centre","mun":"Nova Bréscia","ibge":"4313003"}},{"type":"Feature","geometry":{"type":"Point","coordinates":[-51.10427,-29.95723]},"properties":{"nome":"Escola Municipal Carlos Antônio Wilkens","tipo":"school","mun":"Cachoeirinha","ibge":"4303103"}},{"type":"Feature","geometry":{"type":"Point","coordinates":[-51.1021,-29.95624]},"properties":{"nome":"Escola Estadual Presidente Kennedy","tipo":"school","mun":"Cachoeirinha","ibge":"4303103"}},{"type":"Feature","geometry":{"type":"Point","coordinates":[-51.09077,-29.69566]},"properties":{"nome":"Escola Municipal Martha Wartenberg","tipo":"school","mun":"Novo Hamburgo","ibge":"4313409"}},{"type":"Feature","geometry":{"type":"Point","coordinates":[-52.45058,-28.26344]},"properties":{"nome":"EMEF Irmã Maria Catarina","tipo":"school","mun":"Passo Fundo","ibge":"4314100"}},{"type":"Feature","geometry":{"type":"Point","coordinates":[-51.19072,-29.16957]},"properties":{"nome":"Colégio La Salle","tipo":"school","mun":"Caxias do Sul","ibge":"4305108"}},{"type":"Feature","geometry":{"type":"Point","coordinates":[-51.99031,-27.3843]},"properties":{"nome":"Centro Esportes Linha Água Verde","tipo":"sports_centre","mun":"Marcelino Ramos","ibge":"4311908"}},{"type":"Feature","geometry":{"type":"Point","coordinates":[-53.7224,-29.69439]},"properties":{"nome":"Centro Comunitário Nossa Senhora do Calvário","tipo":"community_centre","mun":"Santa Maria","ibge":"4316907"}},{"type":"Feature","geometry":{"type":"Point","coordinates":[-53.7598,-29.7012]},"properties":{"nome":"Escola Estadual de Ensino Médio Naura Teixeira Pinheiro","tipo":"school","mun":"Santa Maria","ibge":"4316907"}},{"type":"Feature","geometry":{"type":"Point","coordinates":[-51.80282,-30.8541]},"properties":{"nome":"Clube Alvorada","tipo":"community_centre","mun":"Camaquã","ibge":"4303509"}},{"type":"Feature","geometry":{"type":"Point","coordinates":[-51.1692,-30.05301]},"properties":{"nome":"AACD","tipo":"school","mun":"Porto Alegre","ibge":"4314902"}},{"type":"Feature","geometry":{"type":"Point","coordinates":[-53.70708,-29.7009]},"properties":{"nome":"Escola Estadual de Educação Básica Professora Margarida Lopes","tipo":"school","mun":"Santa Maria","ibge":"4316907"}},{"type":"Feature","geometry":{"type":"Point","coordinates":[-53.70848,-29.70082]},"properties":{"nome":"Ginásio Minuano","tipo":"sports_centre","mun":"Santa Maria","ibge":"4316907"}},{"type":"Feature","geometry":{"type":"Point","coordinates":[-53.74645,-29.69347]},"properties":{"nome":"Escola Miguel Beltrame","tipo":"school","mun":"Santa Maria","ibge":"4316907"}},{"type":"Feature","geometry":{"type":"Point","coordinates":[-51.20315,-30.01738]},"properties":{"nome":"Escola Técnica Irmão Pedro","tipo":"school","mun":"Porto Alegre","ibge":"4314902"}},{"type":"Feature","geometry":{"type":"Point","coordinates":[-51.19266,-30.01714]},"properties":{"nome":"Colégio João Paulo I - JPHIGI","tipo":"school","mun":"Porto Alegre","ibge":"4314902"}},{"type":"Feature","geometry":{"type":"Point","coordinates":[-51.19168,-30.02388]},"properties":{"nome":"Colégio Estadual Piratini","tipo":"school","mun":"Porto Alegre","ibge":"4314902"}},{"type":"Feature","geometry":{"type":"Point","coordinates":[-51.14873,-30.00312]},"properties":{"nome":"Escola República Argentina","tipo":"school","mun":"Porto Alegre","ibge":"4314902"}},{"type":"Feature","geometry":{"type":"Point","coordinates":[-51.15556,-30.01247]},"properties":{"nome":"Colégio Dom Diogo de Souza","tipo":"school","mun":"Porto Alegre","ibge":"4314902"}},{"type":"Feature","geometry":{"type":"Point","coordinates":[-51.17455,-30.01041]},"properties":{"nome":"Escola Gonçalves Dias","tipo":"school","mun":"Porto Alegre","ibge":"4314902"}},{"type":"Feature","geometry":{"type":"Point","coordinates":[-51.17668,-30.01248]},"properties":{"nome":"Colégio Dom João Becker","tipo":"school","mun":"Porto Alegre","ibge":"4314902"}},{"type":"Feature","geometry":{"type":"Point","coordinates":[-51.17511,-30.01585]},"properties":{"nome":"Escola Cenáculo","tipo":"school","mun":"Porto Alegre","ibge":"4314902"}},{"type":"Feature","geometry":{"type":"Point","coordinates":[-51.20398,-30.07363]},"properties":{"nome":"Escola Vera Cruz","tipo":"school","mun":"Porto Alegre","ibge":"4314902"}},{"type":"Feature","geometry":{"type":"Point","coordinates":[-53.72319,-29.69512]},"properties":{"nome":"EMEF Renato Nocchi Zimmerman","tipo":"school","mun":"Santa Maria","ibge":"4316907"}},{"type":"Feature","geometry":{"type":"Point","coordinates":[-51.98767,-31.35563]},"properties":{"nome":"Escola Municipal Marina Vargas","tipo":"school","mun":"São Lourenço do Sul","ibge":"4318804"}},{"type":"Feature","geometry":{"type":"Point","coordinates":[-51.97632,-31.3661]},"properties":{"nome":"Escola Nossa Senhora Estrela do Mar","tipo":"school","mun":"São Lourenço do Sul","ibge":"4318804"}},{"type":"Feature","geometry":{"type":"Point","coordinates":[-51.97307,-31.36283]},"properties":{"nome":"Escola Estadual Dr. Walter Thofern","tipo":"school","mun":"São Lourenço do Sul","ibge":"4318804"}},{"type":"Feature","geometry":{"type":"Point","coordinates":[-51.9775,-31.36552]},"properties":{"nome":"Escola Padre José Herbst","tipo":"school","mun":"São Lourenço do Sul","ibge":"4318804"}},{"type":"Feature","geometry":{"type":"Point","coordinates":[-53.0629,-27.33467]},"properties":{"nome":"Ginásio Municipal","tipo":"sports_centre","mun":"Planalto","ibge":"4314704"}},{"type":"Feature","geometry":{"type":"Point","coordinates":[-51.983,-31.36745]},"properties":{"nome":"FURG - Campus São Lourenço do Sul","tipo":"school","mun":"São Lourenço do Sul","ibge":"4318804"}},{"type":"Feature","geometry":{"type":"Point","coordinates":[-52.42966,-29.72695]},"properties":{"nome":"Escola Estadual de Ensino Médio Santa Cruz","tipo":"school","mun":"Santa Cruz do Sul","ibge":"4316808"}},{"type":"Feature","geometry":{"type":"Point","coordinates":[-51.20129,-30.01509]},"properties":{"nome":"Escola Olegario Mariano","tipo":"school","mun":"Porto Alegre","ibge":"4314902"}},{"type":"Feature","geometry":{"type":"Point","coordinates":[-51.98655,-31.35423]},"properties":{"nome":"Ginásio Municipal","tipo":"sports_centre","mun":"São Lourenço do Sul","ibge":"4318804"}},{"type":"Feature","geometry":{"type":"Point","coordinates":[-51.16032,-29.82516]},"properties":{"nome":"Escola Estadual de 1º Grau Maria Medianeira","tipo":"school","mun":"Sapucaia do Sul","ibge":"4320008"}},{"type":"Feature","geometry":{"type":"Point","coordinates":[-51.15764,-29.82458]},"properties":{"nome":"Instituto de Eucação Estadual Ruben Dario","tipo":"school","mun":"Sapucaia do Sul","ibge":"4320008"}},{"type":"Feature","geometry":{"type":"Point","coordinates":[-51.00374,-29.92984]},"properties":{"nome":"Escola Estadual de Ensino Medio Adelaide Pinto de Lima Linck","tipo":"school","mun":"Gravataí","ibge":"4309209"}},{"type":"Feature","geometry":{"type":"Point","coordinates":[-51.12984,-30.00751]},"properties":{"nome":"Escola Itamarati","tipo":"school","mun":"Porto Alegre","ibge":"4314902"}},{"type":"Feature","geometry":{"type":"Point","coordinates":[-52.42513,-29.7036]},"properties":{"nome":"EEEF Petituba","tipo":"school","mun":"Santa Cruz do Sul","ibge":"4316808"}},{"type":"Feature","geometry":{"type":"Point","coordinates":[-51.99521,-29.46094]},"properties":{"nome":"EMEF São João","tipo":"school","mun":"Lajeado","ibge":"4311403"}},{"type":"Feature","geometry":{"type":"Point","coordinates":[-51.16137,-30.11951]},"properties":{"nome":"Escola Rincão","tipo":"school","mun":"Porto Alegre","ibge":"4314902"}},{"type":"Feature","geometry":{"type":"Point","coordinates":[-53.81036,-29.68424]},"properties":{"nome":"Colégio Franciscano Santanna","tipo":"school","mun":"Santa Maria","ibge":"4316907"}},{"type":"Feature","geometry":{"type":"Point","coordinates":[-53.80974,-29.68864]},"properties":{"nome":"Colégio Marista Santa Maria","tipo":"school","mun":"Santa Maria","ibge":"4316907"}},{"type":"Feature","geometry":{"type":"Point","coordinates":[-53.37291,-32.55823]},"properties":{"nome":"Colégio Estadual Espírito Santo","tipo":"school","mun":"Jaguarão","ibge":"4311007"}},{"type":"Feature","geometry":{"type":"Point","coordinates":[-51.15835,-29.93289]},"properties":{"nome":"Escola de Ensino Fundamental Jacob Longoni","tipo":"school","mun":"Canoas","ibge":"4304606"}},{"type":"Feature","geometry":{"type":"Point","coordinates":[-51.81507,-30.85781]},"properties":{"nome":"FUNDASUL","tipo":"school","mun":"Camaquã","ibge":"4303509"}},{"type":"Feature","geometry":{"type":"Point","coordinates":[-51.13065,-29.92428]},"properties":{"nome":"Escola Municipal de Ensino Fundamental Governador Walter Peracchi de Barcelos","tipo":"school","mun":"Canoas","ibge":"4304606"}},{"type":"Feature","geometry":{"type":"Point","coordinates":[-51.17683,-30.04299]},"properties":{"nome":"Escola Professor Ivo Corseuil","tipo":"school","mun":"Porto Alegre","ibge":"4314902"}},{"type":"Feature","geometry":{"type":"Point","coordinates":[-51.16597,-30.05095]},"properties":{"nome":"HD Sport Center","tipo":"sports_centre","mun":"Porto Alegre","ibge":"4314902"}},{"type":"Feature","geometry":{"type":"Point","coordinates":[-53.72164,-29.70695]},"properties":{"nome":"Escola Pedacinho de Céu","tipo":"school","mun":"Santa Maria","ibge":"4316907"}},{"type":"Feature","geometry":{"type":"Point","coordinates":[-51.1634,-30.0732]},"properties":{"nome":"Creche Murialdo","tipo":"school","mun":"Porto Alegre","ibge":"4314902"}},{"type":"Feature","geometry":{"type":"Point","coordinates":[-51.19701,-30.04267]},"properties":{"nome":"Colégio Vicentino Santa Cecília","tipo":"school","mun":"Porto Alegre","ibge":"4314902"}},{"type":"Feature","geometry":{"type":"Point","coordinates":[-51.05066,-30.07824]},"properties":{"nome":"Colégio Marista Graças","tipo":"school","mun":"Viamão","ibge":"4323002"}},{"type":"Feature","geometry":{"type":"Point","coordinates":[-51.0517,-30.08438]},"properties":{"nome":"E.M.E.F. Nossa Senhora da Conceição","tipo":"school","mun":"Viamão","ibge":"4323002"}},{"type":"Feature","geometry":{"type":"Point","coordinates":[-51.1497,-30.05148]},"properties":{"nome":"Escola Evaristo Goncalves Netto","tipo":"school","mun":"Porto Alegre","ibge":"4314902"}},{"type":"Feature","geometry":{"type":"Point","coordinates":[-51.1129,-30.0318]},"properties":{"nome":"Escola Chico Mendes","tipo":"school","mun":"Porto Alegre","ibge":"4314902"}},{"type":"Feature","geometry":{"type":"Point","coordinates":[-51.22656,-30.03415]},"properties":{"nome":"Colégio Bom Jesus Sévigné","tipo":"school","mun":"Porto Alegre","ibge":"4314902"}},{"type":"Feature","geometry":{"type":"Point","coordinates":[-52.68958,-31.38995]},"properties":{"nome":"E.M.E.I. Branca de Neve","tipo":"school","mun":"Canguçu","ibge":"4304507"}},{"type":"Feature","geometry":{"type":"Point","coordinates":[-51.21537,-30.06888]},"properties":{"nome":"Escola Alberto Bins","tipo":"school","mun":"Porto Alegre","ibge":"4314902"}},{"type":"Feature","geometry":{"type":"Point","coordinates":[-51.21005,-30.06982]},"properties":{"nome":"Escola Venezuela","tipo":"school","mun":"Porto Alegre","ibge":"4314902"}},{"type":"Feature","geometry":{"type":"Point","coordinates":[-51.20007,-30.08348]},"properties":{"nome":"Escola Gabriel Obino","tipo":"school","mun":"Porto Alegre","ibge":"4314902"}},{"type":"Feature","geometry":{"type":"Point","coordinates":[-51.20033,-30.08352]},"properties":{"nome":"Escola Baependi","tipo":"school","mun":"Porto Alegre","ibge":"4314902"}},{"type":"Feature","geometry":{"type":"Point","coordinates":[-51.23369,-30.03207]},"properties":{"nome":"Colégio La Salle Dores","tipo":"school","mun":"Porto Alegre","ibge":"4314902"}},{"type":"Feature","geometry":{"type":"Point","coordinates":[-51.22906,-30.02706]},"properties":{"nome":"Ocupação Maria da Conceição Tavares","tipo":"community_centre","mun":"Porto Alegre","ibge":"4314902"}},{"type":"Feature","geometry":{"type":"Point","coordinates":[-52.43122,-28.28265]},"properties":{"nome":"E.E. E.F. Maria Dolores Freitas Barros","tipo":"school","mun":"Passo Fundo","ibge":"4314100"}},{"type":"Feature","geometry":{"type":"Point","coordinates":[-51.19458,-30.15766]},"properties":{"nome":"Escola Borghesi","tipo":"school","mun":"Porto Alegre","ibge":"4314902"}},{"type":"Feature","geometry":{"type":"Point","coordinates":[-51.18786,-30.15971]},"properties":{"nome":"Escola Cesi Zona Sul","tipo":"school","mun":"Porto Alegre","ibge":"4314902"}},{"type":"Feature","geometry":{"type":"Point","coordinates":[-51.19917,-30.15453]},"properties":{"nome":"Escola Matias de Albuquerque","tipo":"school","mun":"Porto Alegre","ibge":"4314902"}},{"type":"Feature","geometry":{"type":"Point","coordinates":[-51.12657,-29.89124]},"properties":{"nome":"Escola Municipal de Ensino Fundamental Paulo Freire","tipo":"school","mun":"Canoas","ibge":"4304606"}},{"type":"Feature","geometry":{"type":"Point","coordinates":[-51.1736,-30.07641]},"properties":{"nome":"Escola Marcírio Goulart Loureiro","tipo":"school","mun":"Porto Alegre","ibge":"4314902"}},{"type":"Feature","geometry":{"type":"Point","coordinates":[-51.17025,-30.07813]},"properties":{"nome":"Escola Travassos Alves","tipo":"school","mun":"Porto Alegre","ibge":"4314902"}},{"type":"Feature","geometry":{"type":"Point","coordinates":[-53.24382,-27.76855]},"properties":{"nome":"Escola Estadual Padre Anchieta","tipo":"school","mun":"São Pedro das Missões","ibge":"4319364"}},{"type":"Feature","geometry":{"type":"Point","coordinates":[-51.16365,-30.07606]},"properties":{"nome":"Escola Judith Macedo de Araújo","tipo":"school","mun":"Porto Alegre","ibge":"4314902"}},{"type":"Feature","geometry":{"type":"Point","coordinates":[-51.16927,-30.07397]},"properties":{"nome":"Escola Martins Costa Júnior","tipo":"school","mun":"Porto Alegre","ibge":"4314902"}},{"type":"Feature","geometry":{"type":"Point","coordinates":[-53.31022,-27.89533]},"properties":{"nome":"Colégio Três Mártires","tipo":"school","mun":"Palmeira das Missões","ibge":"4313706"}},{"type":"Feature","geometry":{"type":"Point","coordinates":[-51.17669,-30.06654]},"properties":{"nome":"Colégio Adventista do Partenon","tipo":"school","mun":"Porto Alegre","ibge":"4314902"}},{"type":"Feature","geometry":{"type":"Point","coordinates":[-51.19867,-30.07421]},"properties":{"nome":"Escola Dom Pedro I","tipo":"school","mun":"Porto Alegre","ibge":"4314902"}},{"type":"Feature","geometry":{"type":"Point","coordinates":[-51.19174,-30.07513]},"properties":{"nome":"Escola Jerônimo de Ornelas","tipo":"school","mun":"Porto Alegre","ibge":"4314902"}},{"type":"Feature","geometry":{"type":"Point","coordinates":[-51.17503,-30.06404]},"properties":{"nome":"Escola Nossa Senhora do Brasil","tipo":"school","mun":"Porto Alegre","ibge":"4314902"}},{"type":"Feature","geometry":{"type":"Point","coordinates":[-51.16766,-30.06545]},"properties":{"nome":"Escola Oscar Tollens","tipo":"school","mun":"Porto Alegre","ibge":"4314902"}},{"type":"Feature","geometry":{"type":"Point","coordinates":[-51.16872,-30.06518]},"properties":{"nome":"Escola São José de Murialdo","tipo":"school","mun":"Porto Alegre","ibge":"4314902"}},{"type":"Feature","geometry":{"type":"Point","coordinates":[-51.2178,-30.04722]},"properties":{"nome":"Colégio Protásio Alves","tipo":"school","mun":"Porto Alegre","ibge":"4314902"}},{"type":"Feature","geometry":{"type":"Point","coordinates":[-52.44327,-28.23716]},"properties":{"nome":"CTG Estância Nova","tipo":"community_centre","mun":"Passo Fundo","ibge":"4314100"}},{"type":"Feature","geometry":{"type":"Point","coordinates":[-52.64837,-31.47988]},"properties":{"nome":"Centro Comunitário São José","tipo":"community_centre","mun":"Canguçu","ibge":"4304507"}},{"type":"Feature","geometry":{"type":"Point","coordinates":[-52.47094,-31.3045]},"properties":{"nome":"E.M.E.F. Alberto Bergmann Filho","tipo":"school","mun":"Canguçu","ibge":"4304507"}},{"type":"Feature","geometry":{"type":"Point","coordinates":[-51.11595,-30.08151]},"properties":{"nome":"Escola Professor Sylvio Torres","tipo":"school","mun":"Porto Alegre","ibge":"4314902"}},{"type":"Feature","geometry":{"type":"Point","coordinates":[-51.11509,-30.11547]},"properties":{"nome":"Escola Thereza Noronha Carvalho","tipo":"school","mun":"Porto Alegre","ibge":"4314902"}},{"type":"Feature","geometry":{"type":"Point","coordinates":[-51.2216,-30.06755]},"properties":{"nome":"Escola Coronel Tito Marques Fernandes","tipo":"school","mun":"Porto Alegre","ibge":"4314902"}},{"type":"Feature","geometry":{"type":"Point","coordinates":[-53.33089,-29.34958]},"properties":{"nome":"Ginásio Municipal de Esportes","tipo":"sports_centre","mun":"Pinhal Grande","ibge":"4314472"}},{"type":"Feature","geometry":{"type":"Point","coordinates":[-53.34031,-29.33648]},"properties":{"nome":"Escola Rui Barbosa","tipo":"school","mun":"Pinhal Grande","ibge":"4314472"}},{"type":"Feature","geometry":{"type":"Point","coordinates":[-53.73627,-29.70171]},"properties":{"nome":"EMEF Antônio Gonçalves do Amaral","tipo":"school","mun":"Santa Maria","ibge":"4316907"}},{"type":"Feature","geometry":{"type":"Point","coordinates":[-55.99621,-31.0835]},"properties":{"nome":"Escola Municipal General Bento Goncalves","tipo":"school","mun":"Sant'Ana do Livramento","ibge":"4317103"}},{"type":"Feature","geometry":{"type":"Point","coordinates":[-52.5726,-31.23562]},"properties":{"nome":"E.E.E.M. Carlos Mesko","tipo":"school","mun":"Canguçu","ibge":"4304507"}},{"type":"Feature","geometry":{"type":"Point","coordinates":[-52.38483,-31.73992]},"properties":{"nome":"E.M.E.F. Olavo Bilac","tipo":"school","mun":"Pelotas","ibge":"4314407"}},{"type":"Feature","geometry":{"type":"Point","coordinates":[-52.74279,-31.54993]},"properties":{"nome":"Salão Babalu","tipo":"community_centre","mun":"Canguçu","ibge":"4304507"}},{"type":"Feature","geometry":{"type":"Point","coordinates":[-52.8519,-31.48297]},"properties":{"nome":"P.T.G. Lanceiros do Sul","tipo":"community_centre","mun":"Canguçu","ibge":"4304507"}},{"type":"Feature","geometry":{"type":"Point","coordinates":[-52.84103,-31.47874]},"properties":{"nome":"Escola Municipal Castelo Branco","tipo":"community_centre","mun":"Canguçu","ibge":"4304507"}},{"type":"Feature","geometry":{"type":"Point","coordinates":[-51.09753,-29.94315]},"properties":{"nome":"Escola Estadual Marechal Mascarenhas de Moraes","tipo":"school","mun":"Cachoeirinha","ibge":"4303103"}},{"type":"Feature","geometry":{"type":"Point","coordinates":[-52.67446,-31.46357]},"properties":{"nome":"Casa do Alemão","tipo":"community_centre","mun":"Canguçu","ibge":"4304507"}},{"type":"Feature","geometry":{"type":"Point","coordinates":[-52.68366,-31.38378]},"properties":{"nome":"Salão de Festas do Sindicato Rural","tipo":"community_centre","mun":"Canguçu","ibge":"4304507"}},{"type":"Feature","geometry":{"type":"Point","coordinates":[-52.68023,-31.38252]},"properties":{"nome":"Ginásio Canguçuense","tipo":"sports_centre","mun":"Canguçu","ibge":"4304507"}},{"type":"Feature","geometry":{"type":"Point","coordinates":[-52.67011,-31.39128]},"properties":{"nome":"Ginásio Municipal de Esportes Conrado Ernani Bento","tipo":"sports_centre","mun":"Canguçu","ibge":"4304507"}},{"type":"Feature","geometry":{"type":"Point","coordinates":[-51.22867,-30.11742]},"properties":{"nome":"Escola Neusa Goulart Brizola","tipo":"school","mun":"Porto Alegre","ibge":"4314902"}},{"type":"Feature","geometry":{"type":"Point","coordinates":[-52.67506,-31.38912]},"properties":{"nome":"Ginásio do Cruzeiro","tipo":"sports_centre","mun":"Canguçu","ibge":"4304507"}},{"type":"Feature","geometry":{"type":"Point","coordinates":[-52.67545,-31.3898]},"properties":{"nome":"Sede Social E.C. Cruzeiro","tipo":"community_centre","mun":"Canguçu","ibge":"4304507"}},{"type":"Feature","geometry":{"type":"Point","coordinates":[-53.26843,-29.69826]},"properties":{"nome":"EEEB Dom Érico Ferrari","tipo":"school","mun":"Agudo","ibge":"4300109"}},{"type":"Feature","geometry":{"type":"Point","coordinates":[-52.68061,-31.3828]},"properties":{"nome":"Sede Social E.C. Canguçuense","tipo":"community_centre","mun":"Canguçu","ibge":"4304507"}},{"type":"Feature","geometry":{"type":"Point","coordinates":[-52.67674,-31.39009]},"properties":{"nome":"Ginásio do CFNSA","tipo":"sports_centre","mun":"Canguçu","ibge":"4304507"}},{"type":"Feature","geometry":{"type":"Point","coordinates":[-52.67816,-31.40557]},"properties":{"nome":"Ginásio Escola Firmina","tipo":"sports_centre","mun":"Canguçu","ibge":"4304507"}},{"type":"Feature","geometry":{"type":"Point","coordinates":[-52.58438,-31.38505]},"properties":{"nome":"E.M.E.F. Carlos Moreira","tipo":"school","mun":"Canguçu","ibge":"4304507"}},{"type":"Feature","geometry":{"type":"Point","coordinates":[-51.18719,-29.98068]},"properties":{"nome":"CTG Vaqueanos da Tradiçao","tipo":"community_centre","mun":"Porto Alegre","ibge":"4314902"}},{"type":"Feature","geometry":{"type":"Point","coordinates":[-51.19744,-30.05738]},"properties":{"nome":"Colégio Padre Rambo","tipo":"school","mun":"Porto Alegre","ibge":"4314902"}},{"type":"Feature","geometry":{"type":"Point","coordinates":[-51.2008,-30.05115]},"properties":{"nome":"Escola Apeles Porto Alegre","tipo":"school","mun":"Porto Alegre","ibge":"4314902"}},{"type":"Feature","geometry":{"type":"Point","coordinates":[-51.19327,-30.06325]},"properties":{"nome":"Escola Otávio Rocha","tipo":"school","mun":"Porto Alegre","ibge":"4314902"}},{"type":"Feature","geometry":{"type":"Point","coordinates":[-51.19542,-30.05929]},"properties":{"nome":"Escola Padre Balduíno Rambo","tipo":"school","mun":"Porto Alegre","ibge":"4314902"}},{"type":"Feature","geometry":{"type":"Point","coordinates":[-51.20207,-30.06325]},"properties":{"nome":"Escola Santa Luzia","tipo":"school","mun":"Porto Alegre","ibge":"4314902"}},{"type":"Feature","geometry":{"type":"Point","coordinates":[-51.20066,-30.05752]},"properties":{"nome":"Escola Rainha do Brasil","tipo":"school","mun":"Porto Alegre","ibge":"4314902"}},{"type":"Feature","geometry":{"type":"Point","coordinates":[-52.6728,-31.39457]},"properties":{"nome":"Ginásio do Estadual","tipo":"sports_centre","mun":"Canguçu","ibge":"4304507"}},{"type":"Feature","geometry":{"type":"Point","coordinates":[-52.83446,-31.34019]},"properties":{"nome":"C.T.G. Joaquim Paulo de Freitas","tipo":"community_centre","mun":"Canguçu","ibge":"4304507"}},{"type":"Feature","geometry":{"type":"Point","coordinates":[-52.62324,-31.37175]},"properties":{"nome":"Salão Otto Schellin","tipo":"community_centre","mun":"Canguçu","ibge":"4304507"}},{"type":"Feature","geometry":{"type":"Point","coordinates":[-52.62382,-31.37407]},"properties":{"nome":"Salão Silmar Ledebhur","tipo":"community_centre","mun":"Canguçu","ibge":"4304507"}},{"type":"Feature","geometry":{"type":"Point","coordinates":[-52.70899,-31.38662]},"properties":{"nome":"Parque de Remates União da Conquista","tipo":"community_centre","mun":"Canguçu","ibge":"4304507"}},{"type":"Feature","geometry":{"type":"Point","coordinates":[-53.7086,-29.70186]},"properties":{"nome":"Sport System Academia","tipo":"sports_centre","mun":"Santa Maria","ibge":"4316907"}},{"type":"Feature","geometry":{"type":"Point","coordinates":[-53.82475,-29.68207]},"properties":{"nome":"Colégio Pão dos Pobres","tipo":"school","mun":"Santa Maria","ibge":"4316907"}},{"type":"Feature","geometry":{"type":"Point","coordinates":[-53.82334,-29.68297]},"properties":{"nome":"Escola Darcy Vargas","tipo":"school","mun":"Santa Maria","ibge":"4316907"}},{"type":"Feature","geometry":{"type":"Point","coordinates":[-51.18512,-29.9825]},"properties":{"nome":"SEST SENAT","tipo":"sports_centre","mun":"Porto Alegre","ibge":"4314902"}},{"type":"Feature","geometry":{"type":"Point","coordinates":[-53.44726,-29.57938]},"properties":{"nome":"EEEF Professora Adelina Zanchi","tipo":"school","mun":"Faxinal do Soturno","ibge":"4308003"}},{"type":"Feature","geometry":{"type":"Point","coordinates":[-51.21356,-30.07465]},"properties":{"nome":"Escola Brigadeiro Silva Paes","tipo":"school","mun":"Porto Alegre","ibge":"4314902"}},{"type":"Feature","geometry":{"type":"Point","coordinates":[-51.22353,-30.04688]},"properties":{"nome":"Escola Cândido Portinari","tipo":"school","mun":"Porto Alegre","ibge":"4314902"}},{"type":"Feature","geometry":{"type":"Point","coordinates":[-51.21586,-30.05195]},"properties":{"nome":"Escola Duque de Caxias","tipo":"school","mun":"Porto Alegre","ibge":"4314902"}},{"type":"Feature","geometry":{"type":"Point","coordinates":[-51.22093,-30.05941]},"properties":{"nome":"Escola Infante Dom Henrique","tipo":"school","mun":"Porto Alegre","ibge":"4314902"}},{"type":"Feature","geometry":{"type":"Point","coordinates":[-51.21009,-30.06761]},"properties":{"nome":"Escola Maria Imaculada","tipo":"school","mun":"Porto Alegre","ibge":"4314902"}},{"type":"Feature","geometry":{"type":"Point","coordinates":[-51.21082,-30.06401]},"properties":{"nome":"Escola Medianeira","tipo":"school","mun":"Porto Alegre","ibge":"4314902"}},{"type":"Feature","geometry":{"type":"Point","coordinates":[-51.21906,-30.05308]},"properties":{"nome":"Escola William Richard Schisler","tipo":"school","mun":"Porto Alegre","ibge":"4314902"}},{"type":"Feature","geometry":{"type":"Point","coordinates":[-51.2165,-30.07738]},"properties":{"nome":"Instituto de Educação João XXIII","tipo":"school","mun":"Porto Alegre","ibge":"4314902"}},{"type":"Feature","geometry":{"type":"Point","coordinates":[-49.74855,-29.33311]},"properties":{"nome":"Ginásio de Esportes","tipo":"sports_centre","mun":"Torres","ibge":"4321501"}},{"type":"Feature","geometry":{"type":"Point","coordinates":[-52.43548,-28.26269]},"properties":{"nome":"E. E. E. M. Mário Quintana","tipo":"school","mun":"Passo Fundo","ibge":"4314100"}},{"type":"Feature","geometry":{"type":"Point","coordinates":[-51.23641,-30.06534]},"properties":{"nome":"Sport Club Internacional","tipo":"sports_centre","mun":"Porto Alegre","ibge":"4314902"}},{"type":"Feature","geometry":{"type":"Point","coordinates":[-51.13748,-29.99953]},"properties":{"nome":"Colégio Presidente Arthur da Costa e Silva","tipo":"school","mun":"Porto Alegre","ibge":"4314902"}},{"type":"Feature","geometry":{"type":"Point","coordinates":[-51.17973,-30.0118]},"properties":{"nome":"Colégio Salesiano Dom Bosco","tipo":"school","mun":"Porto Alegre","ibge":"4314902"}},{"type":"Feature","geometry":{"type":"Point","coordinates":[-51.13647,-29.98754]},"properties":{"nome":"Escola Aurora Peixoto de Azevedo","tipo":"school","mun":"Porto Alegre","ibge":"4314902"}},{"type":"Feature","geometry":{"type":"Point","coordinates":[-51.1798,-30.00981]},"properties":{"nome":"Escola Cerepal","tipo":"school","mun":"Porto Alegre","ibge":"4314902"}},{"type":"Feature","geometry":{"type":"Point","coordinates":[-51.14561,-30.0245]},"properties":{"nome":"Escola Guanella","tipo":"school","mun":"Porto Alegre","ibge":"4314902"}},{"type":"Feature","geometry":{"type":"Point","coordinates":[-51.14898,-30.02294]},"properties":{"nome":"Escola João Batista de Lacerda","tipo":"school","mun":"Porto Alegre","ibge":"4314902"}},{"type":"Feature","geometry":{"type":"Point","coordinates":[-51.17559,-30.03947]},"properties":{"nome":"Grêmio Esportivo Israelita","tipo":"sports_centre","mun":"Porto Alegre","ibge":"4314902"}},{"type":"Feature","geometry":{"type":"Point","coordinates":[-53.81985,-29.67368]},"properties":{"nome":"Complexo Esportivo Guarani","tipo":"sports_centre","mun":"Santa Maria","ibge":"4316907"}},{"type":"Feature","geometry":{"type":"Point","coordinates":[-51.20195,-30.00655]},"properties":{"nome":"Colégio Concordia","tipo":"school","mun":"Porto Alegre","ibge":"4314902"}},{"type":"Feature","geometry":{"type":"Point","coordinates":[-51.20285,-30.00234]},"properties":{"nome":"Colégio Cândido José de Godoi","tipo":"school","mun":"Porto Alegre","ibge":"4314902"}},{"type":"Feature","geometry":{"type":"Point","coordinates":[-51.11031,-30.01816]},"properties":{"nome":"Escola Baltazar de Oliveira Garcia","tipo":"school","mun":"Porto Alegre","ibge":"4314902"}},{"type":"Feature","geometry":{"type":"Point","coordinates":[-51.11703,-30.01725]},"properties":{"nome":"Escola David Canabarro","tipo":"school","mun":"Porto Alegre","ibge":"4314902"}},{"type":"Feature","geometry":{"type":"Point","coordinates":[-51.16947,-30.04794]},"properties":{"nome":"Escola Fernando Gomes","tipo":"school","mun":"Porto Alegre","ibge":"4314902"}},{"type":"Feature","geometry":{"type":"Point","coordinates":[-51.16063,-30.07834]},"properties":{"nome":"Escola Morro da Cruz","tipo":"school","mun":"Porto Alegre","ibge":"4314902"}},{"type":"Feature","geometry":{"type":"Point","coordinates":[-51.14359,-30.03729]},"properties":{"nome":"Escola Toyama","tipo":"school","mun":"Porto Alegre","ibge":"4314902"}},{"type":"Feature","geometry":{"type":"Point","coordinates":[-51.09958,-30.02676]},"properties":{"nome":"Escola Wenceslau Fontoura","tipo":"school","mun":"Porto Alegre","ibge":"4314902"}},{"type":"Feature","geometry":{"type":"Point","coordinates":[-51.22535,-30.13656]},"properties":{"nome":"Colégio Odila Gay da Fonseca","tipo":"school","mun":"Porto Alegre","ibge":"4314902"}},{"type":"Feature","geometry":{"type":"Point","coordinates":[-51.2091,-30.12645]},"properties":{"nome":"Escola Jardim Vila Nova","tipo":"school","mun":"Porto Alegre","ibge":"4314902"}},{"type":"Feature","geometry":{"type":"Point","coordinates":[-51.22637,-30.13022]},"properties":{"nome":"Escola Estadual de Ensino Fundamental Monte Líbano","tipo":"school","mun":"Porto Alegre","ibge":"4314902"}},{"type":"Feature","geometry":{"type":"Point","coordinates":[-51.21762,-30.12224]},"properties":{"nome":"Escola Vila Monte Cristo","tipo":"school","mun":"Porto Alegre","ibge":"4314902"}},{"type":"Feature","geometry":{"type":"Point","coordinates":[-51.17782,-30.2108]},"properties":{"nome":"Colégio Doutor Glicerio Alves","tipo":"school","mun":"Porto Alegre","ibge":"4314902"}},{"type":"Feature","geometry":{"type":"Point","coordinates":[-51.18352,-30.21194]},"properties":{"nome":"Escola Evarista Flores da Cunha","tipo":"school","mun":"Porto Alegre","ibge":"4314902"}},{"type":"Feature","geometry":{"type":"Point","coordinates":[-51.20898,-30.02131]},"properties":{"nome":"Colégio Batista","tipo":"school","mun":"Porto Alegre","ibge":"4314902"}},{"type":"Feature","geometry":{"type":"Point","coordinates":[-51.20857,-30.02715]},"properties":{"nome":"Colégio Nossa Senhora do Bom Conselho","tipo":"school","mun":"Porto Alegre","ibge":"4314902"}},{"type":"Feature","geometry":{"type":"Point","coordinates":[-51.2052,-30.01186]},"properties":{"nome":"Escola Professora Branca Diva Pereira de Souza","tipo":"school","mun":"Porto Alegre","ibge":"4314902"}},{"type":"Feature","geometry":{"type":"Point","coordinates":[-51.18778,-29.16864]},"properties":{"nome":"Colégio São Carlos","tipo":"school","mun":"Caxias do Sul","ibge":"4305108"}},{"type":"Feature","geometry":{"type":"Point","coordinates":[-52.37554,-28.28789]},"properties":{"nome":"E.M. E.F. Romana Gobbi","tipo":"school","mun":"Passo Fundo","ibge":"4314100"}},{"type":"Feature","geometry":{"type":"Point","coordinates":[-52.42503,-28.26184]},"properties":{"nome":"E.E. E.F. Anna Willig","tipo":"school","mun":"Passo Fundo","ibge":"4314100"}},{"type":"Feature","geometry":{"type":"Point","coordinates":[-52.44862,-28.27299]},"properties":{"nome":"EMEF Padre José de Anchieta","tipo":"school","mun":"Passo Fundo","ibge":"4314100"}},{"type":"Feature","geometry":{"type":"Point","coordinates":[-52.38976,-28.24407]},"properties":{"nome":"E.E. E.F. Cel. Gervásio Lucas Annes","tipo":"school","mun":"Passo Fundo","ibge":"4314100"}},{"type":"Feature","geometry":{"type":"Point","coordinates":[-52.39157,-31.24981]},"properties":{"nome":"E.E. Martinho Lutero","tipo":"school","mun":"São Lourenço do Sul","ibge":"4318804"}},{"type":"Feature","geometry":{"type":"Point","coordinates":[-54.46325,-27.86083]},"properties":{"nome":"Escola Estadual Pedro Oliveira Flores","tipo":"school","mun":"Santa Rosa","ibge":"4317202"}},{"type":"Feature","geometry":{"type":"Point","coordinates":[-53.47127,-29.47074]},"properties":{"nome":"Academia ao Ar Livre","tipo":"sports_centre","mun":"Nova Palma","ibge":"4313102"}},{"type":"Feature","geometry":{"type":"Point","coordinates":[-53.47633,-29.50654]},"properties":{"nome":"Tabajara","tipo":"community_centre","mun":"Nova Palma","ibge":"4313102"}},{"type":"Feature","geometry":{"type":"Point","coordinates":[-52.38981,-31.74173]},"properties":{"nome":"EEEF Nossa Senhora de Fátima","tipo":"school","mun":"Pelotas","ibge":"4314407"}},{"type":"Feature","geometry":{"type":"Point","coordinates":[-52.33851,-31.76318]},"properties":{"nome":"Colégio Gonzaga","tipo":"school","mun":"Pelotas","ibge":"4314407"}},{"type":"Feature","geometry":{"type":"Point","coordinates":[-52.34747,-31.75926]},"properties":{"nome":"Colégio Municipal Pelotense","tipo":"school","mun":"Pelotas","ibge":"4314407"}},{"type":"Feature","geometry":{"type":"Point","coordinates":[-52.42244,-28.25173]},"properties":{"nome":"E.E. E.F. Ernesto Tocchetto","tipo":"school","mun":"Passo Fundo","ibge":"4314100"}},{"type":"Feature","geometry":{"type":"Point","coordinates":[-51.52436,-29.25037]},"properties":{"nome":"Instituto Estadual De Educação Irmã Teofânia","tipo":"school","mun":"Garibaldi","ibge":"4308607"}},{"type":"Feature","geometry":{"type":"Point","coordinates":[-52.44238,-28.24281]},"properties":{"nome":"EMEF Daniel Dipp","tipo":"school","mun":"Passo Fundo","ibge":"4314100"}},{"type":"Feature","geometry":{"type":"Point","coordinates":[-53.35056,-29.48945]},"properties":{"nome":"Pinhalzinho","tipo":"school","mun":"Nova Palma","ibge":"4313102"}},{"type":"Feature","geometry":{"type":"Point","coordinates":[-51.17519,-30.0236]},"properties":{"nome":"Núcleo Estadual de Educação Darcy Ribeiro","tipo":"school","mun":"Porto Alegre","ibge":"4314902"}},{"type":"Feature","geometry":{"type":"Point","coordinates":[-51.17379,-30.02501]},"properties":{"nome":"Colégio Monteiro Lobato","tipo":"school","mun":"Porto Alegre","ibge":"4314902"}},{"type":"Feature","geometry":{"type":"Point","coordinates":[-51.18426,-30.02837]},"properties":{"nome":"Escola Professora Maria Thereza da Silveira","tipo":"school","mun":"Porto Alegre","ibge":"4314902"}},{"type":"Feature","geometry":{"type":"Point","coordinates":[-52.37062,-28.24535]},"properties":{"nome":"E.M. E.F. Etelvina Rocha Duro","tipo":"school","mun":"Passo Fundo","ibge":"4314100"}},{"type":"Feature","geometry":{"type":"Point","coordinates":[-52.43114,-28.24389]},"properties":{"nome":"E.E. E.F. Profª Lucille Fragoso de Albuquerque","tipo":"school","mun":"Passo Fundo","ibge":"4314100"}},{"type":"Feature","geometry":{"type":"Point","coordinates":[-51.1684,-30.06662]},"properties":{"nome":"Centro de Formação Profissional Murialdo","tipo":"school","mun":"Porto Alegre","ibge":"4314902"}},{"type":"Feature","geometry":{"type":"Point","coordinates":[-51.13085,-29.73077]},"properties":{"nome":"Escola Estadual Santo Afonso","tipo":"school","mun":"Novo Hamburgo","ibge":"4313409"}},{"type":"Feature","geometry":{"type":"Point","coordinates":[-51.13309,-29.72194]},"properties":{"nome":"Escola Estadual Sagrado Coração de jesus","tipo":"school","mun":"Novo Hamburgo","ibge":"4313409"}},{"type":"Feature","geometry":{"type":"Point","coordinates":[-51.13492,-29.72319]},"properties":{"nome":"Escola Estadual Leopoldo Petry","tipo":"school","mun":"Novo Hamburgo","ibge":"4313409"}},{"type":"Feature","geometry":{"type":"Point","coordinates":[-51.16395,-29.14195]},"properties":{"nome":"Centro Esportivo Sesi","tipo":"sports_centre","mun":"Caxias do Sul","ibge":"4305108"}},{"type":"Feature","geometry":{"type":"Point","coordinates":[-51.1676,-29.15349]},"properties":{"nome":"Escola Adventista","tipo":"school","mun":"Caxias do Sul","ibge":"4305108"}},{"type":"Feature","geometry":{"type":"Point","coordinates":[-50.98193,-29.78622]},"properties":{"nome":"Escola Municipal de Ensino Fundamental José de Anchieta - Anexo Taimbé","tipo":"school","mun":"Novo Hamburgo","ibge":"4313409"}},{"type":"Feature","geometry":{"type":"Point","coordinates":[-52.43717,-28.27341]},"properties":{"nome":"EMEF Cohab Secchi","tipo":"school","mun":"Passo Fundo","ibge":"4314100"}},{"type":"Feature","geometry":{"type":"Point","coordinates":[-51.15994,-30.06291]},"properties":{"nome":"Escola Professor Edgar Luiz Schneider","tipo":"school","mun":"Porto Alegre","ibge":"4314902"}},{"type":"Feature","geometry":{"type":"Point","coordinates":[-51.14396,-29.67203]},"properties":{"nome":"Ginásio Municipal Agostinho Emilio Cavasotto","tipo":"sports_centre","mun":"Novo Hamburgo","ibge":"4313409"}},{"type":"Feature","geometry":{"type":"Point","coordinates":[-51.60064,-29.11043]},"properties":{"nome":"Salão Comunitário de Faria Lemos","tipo":"community_centre","mun":"Bento Gonçalves","ibge":"4302105"}},{"type":"Feature","geometry":{"type":"Point","coordinates":[-53.71592,-29.702]},"properties":{"nome":"House English for Life","tipo":"school","mun":"Santa Maria","ibge":"4316907"}},{"type":"Feature","geometry":{"type":"Point","coordinates":[-53.71732,-29.70163]},"properties":{"nome":"Study English","tipo":"school","mun":"Santa Maria","ibge":"4316907"}},{"type":"Feature","geometry":{"type":"Point","coordinates":[-53.722,-29.69988]},"properties":{"nome":"Splash","tipo":"sports_centre","mun":"Santa Maria","ibge":"4316907"}},{"type":"Feature","geometry":{"type":"Point","coordinates":[-51.60077,-29.11131]},"properties":{"nome":"Associação Caminhos de Faria Lemos","tipo":"community_centre","mun":"Bento Gonçalves","ibge":"4302105"}},{"type":"Feature","geometry":{"type":"Point","coordinates":[-51.1178,-29.12761]},"properties":{"nome":"EMEF Abramo Pezzi","tipo":"school","mun":"Caxias do Sul","ibge":"4305108"}},{"type":"Feature","geometry":{"type":"Point","coordinates":[-53.70376,-29.75164]},"properties":{"nome":"Centro Comunitário de Pains","tipo":"community_centre","mun":"Santa Maria","ibge":"4316907"}},{"type":"Feature","geometry":{"type":"Point","coordinates":[-51.06898,-29.08828]},"properties":{"nome":"Clube Caxiense de Caça e Tiro","tipo":"sports_centre","mun":"Caxias do Sul","ibge":"4305108"}},{"type":"Feature","geometry":{"type":"Point","coordinates":[-51.15616,-29.17302]},"properties":{"nome":"Colégio Estadual Imigrante","tipo":"school","mun":"Caxias do Sul","ibge":"4305108"}},{"type":"Feature","geometry":{"type":"Point","coordinates":[-51.16463,-29.18248]},"properties":{"nome":"Escola Estadual Melvin Jones","tipo":"school","mun":"Caxias do Sul","ibge":"4305108"}},{"type":"Feature","geometry":{"type":"Point","coordinates":[-51.18627,-29.18101]},"properties":{"nome":"EEEF Professora Maria Luiza Rosa","tipo":"school","mun":"Caxias do Sul","ibge":"4305108"}},{"type":"Feature","geometry":{"type":"Point","coordinates":[-52.42515,-28.24269]},"properties":{"nome":"E.M. E.F. Prof. Arno Otto Kiehl","tipo":"school","mun":"Passo Fundo","ibge":"4314100"}},{"type":"Feature","geometry":{"type":"Point","coordinates":[-51.16978,-29.17124]},"properties":{"nome":"Escola Estadual Henrique Emílio Meyer","tipo":"school","mun":"Caxias do Sul","ibge":"4305108"}},{"type":"Feature","geometry":{"type":"Point","coordinates":[-52.43976,-28.22857]},"properties":{"nome":"EMEF Guaracy Barroso Marinho","tipo":"school","mun":"Passo Fundo","ibge":"4314100"}},{"type":"Feature","geometry":{"type":"Point","coordinates":[-52.45444,-28.2595]},"properties":{"nome":"EMEF Dyógnes Martins Pinto","tipo":"school","mun":"Passo Fundo","ibge":"4314100"}},{"type":"Feature","geometry":{"type":"Point","coordinates":[-52.37184,-28.26192]},"properties":{"nome":"E.M. E.F. São Luiz Gonzaga","tipo":"school","mun":"Passo Fundo","ibge":"4314100"}},{"type":"Feature","geometry":{"type":"Point","coordinates":[-52.42318,-28.25738]},"properties":{"nome":"E.E. E.M. Adelino Pereira Simões","tipo":"school","mun":"Passo Fundo","ibge":"4314100"}},{"type":"Feature","geometry":{"type":"Point","coordinates":[-51.18124,-29.18185]},"properties":{"nome":"EMEF Catulo da Paixão Cearense","tipo":"school","mun":"Caxias do Sul","ibge":"4305108"}},{"type":"Feature","geometry":{"type":"Point","coordinates":[-51.18187,-29.18116]},"properties":{"nome":"EEEM Irmão José Otão","tipo":"school","mun":"Caxias do Sul","ibge":"4305108"}},{"type":"Feature","geometry":{"type":"Point","coordinates":[-51.14374,-29.15345]},"properties":{"nome":"EMEF Alfredo Belizário Peteffi","tipo":"school","mun":"Caxias do Sul","ibge":"4305108"}},{"type":"Feature","geometry":{"type":"Point","coordinates":[-52.41242,-31.76509]},"properties":{"nome":"Campestre (Sede)","tipo":"community_centre","mun":"Capão do Leão","ibge":"4304663"}},{"type":"Feature","geometry":{"type":"Point","coordinates":[-53.92103,-29.64708]},"properties":{"nome":"Sociedade Recreativa Concórdia","tipo":"community_centre","mun":"Santa Maria","ibge":"4316907"}},{"type":"Feature","geometry":{"type":"Point","coordinates":[-53.81296,-29.67261]},"properties":{"nome":"Escola Municipal de Ensino Fundamental Perpétuo Socorro","tipo":"school","mun":"Santa Maria","ibge":"4316907"}},{"type":"Feature","geometry":{"type":"Point","coordinates":[-53.80536,-29.71255]},"properties":{"nome":"Maple Bear","tipo":"school","mun":"Santa Maria","ibge":"4316907"}},{"type":"Feature","geometry":{"type":"Point","coordinates":[-52.38695,-28.24529]},"properties":{"nome":"Instituto Estadual Cardeal Arcoverde","tipo":"school","mun":"Passo Fundo","ibge":"4314100"}},{"type":"Feature","geometry":{"type":"Point","coordinates":[-52.36775,-28.23668]},"properties":{"nome":"Centro Juvenil Mericiano - CEJUME","tipo":"school","mun":"Passo Fundo","ibge":"4314100"}},{"type":"Feature","geometry":{"type":"Point","coordinates":[-51.96262,-29.49079]},"properties":{"nome":"Colégio Vinte de Maio","tipo":"school","mun":"Estrela","ibge":"4307807"}},{"type":"Feature","geometry":{"type":"Point","coordinates":[-53.76341,-29.7174]},"properties":{"nome":"EMEF Diácono João Luiz Pozzobon","tipo":"school","mun":"Santa Maria","ibge":"4316907"}},{"type":"Feature","geometry":{"type":"Point","coordinates":[-52.3582,-28.23903]},"properties":{"nome":"EMEF Escola do Hoje","tipo":"school","mun":"Passo Fundo","ibge":"4314100"}},{"type":"Feature","geometry":{"type":"Point","coordinates":[-52.39411,-28.29478]},"properties":{"nome":"E.M. E.F. Dom José Gomes","tipo":"school","mun":"Passo Fundo","ibge":"4314100"}},{"type":"Feature","geometry":{"type":"Point","coordinates":[-52.21254,-31.73498]},"properties":{"nome":"EMEF Luís Augusto Assumpção","tipo":"school","mun":"Pelotas","ibge":"4314407"}},{"type":"Feature","geometry":{"type":"Point","coordinates":[-53.80865,-29.72738]},"properties":{"nome":"CAIC Luizinho de Grandi","tipo":"school","mun":"Santa Maria","ibge":"4316907"}},{"type":"Feature","geometry":{"type":"Point","coordinates":[-51.55691,-29.19642]},"properties":{"nome":"Sociedade Recreativa e Cultural 8 da Graciema","tipo":"community_centre","mun":"Bento Gonçalves","ibge":"4302105"}},{"type":"Feature","geometry":{"type":"Point","coordinates":[-53.18515,-27.35909]},"properties":{"nome":"Escola Estadual de Ensino Médio São Gabriel","tipo":"school","mun":"Ametista do Sul","ibge":"4300646"}},{"type":"Feature","geometry":{"type":"Point","coordinates":[-53.80105,-29.67694]},"properties":{"nome":"Centro de Convivência 21 de Abril","tipo":"community_centre","mun":"Santa Maria","ibge":"4316907"}},{"type":"Feature","geometry":{"type":"Point","coordinates":[-52.30301,-31.70536]},"properties":{"nome":"Parque Esportivo Recreativo Lobão","tipo":"sports_centre","mun":"Pelotas","ibge":"4314407"}},{"type":"Feature","geometry":{"type":"Point","coordinates":[-52.72672,-31.38329]},"properties":{"nome":"Associação Canguçuense de Automobilismo","tipo":"sports_centre","mun":"Canguçu","ibge":"4304507"}},{"type":"Feature","geometry":{"type":"Point","coordinates":[-53.87442,-29.88644]},"properties":{"nome":"EMEF Santa Flora","tipo":"school","mun":"Santa Maria","ibge":"4316907"}},{"type":"Feature","geometry":{"type":"Point","coordinates":[-53.85638,-29.67674]},"properties":{"nome":"EMEF Adelmo Simas Genro","tipo":"school","mun":"Santa Maria","ibge":"4316907"}},{"type":"Feature","geometry":{"type":"Point","coordinates":[-52.4095,-28.27728]},"properties":{"nome":"E.M. E.F. Coronel Lolico","tipo":"school","mun":"Passo Fundo","ibge":"4314100"}},{"type":"Feature","geometry":{"type":"Point","coordinates":[-53.86232,-29.69798]},"properties":{"nome":"EMEF Pinheiro Machado","tipo":"school","mun":"Santa Maria","ibge":"4316907"}},{"type":"Feature","geometry":{"type":"Point","coordinates":[-53.81537,-29.71271]},"properties":{"nome":"EMEF Professora Francisca Weinmann","tipo":"school","mun":"Santa Maria","ibge":"4316907"}},{"type":"Feature","geometry":{"type":"Point","coordinates":[-51.14977,-30.0447]},"properties":{"nome":"ASMOBRAS","tipo":"community_centre","mun":"Porto Alegre","ibge":"4314902"}},{"type":"Feature","geometry":{"type":"Point","coordinates":[-53.81471,-29.69599]},"properties":{"nome":"Colégio Fátima","tipo":"school","mun":"Santa Maria","ibge":"4316907"}},{"type":"Feature","geometry":{"type":"Point","coordinates":[-52.44178,-28.25453]},"properties":{"nome":"EMEF Santo Agostinho","tipo":"school","mun":"Passo Fundo","ibge":"4314100"}},{"type":"Feature","geometry":{"type":"Point","coordinates":[-54.44754,-27.85601]},"properties":{"nome":"Escola Municipal de Ensino Fundamental Duque de Caxias","tipo":"school","mun":"Santa Rosa","ibge":"4317202"}},{"type":"Feature","geometry":{"type":"Point","coordinates":[-53.81705,-29.7156]},"properties":{"nome":"EMEF Reverendo Alfredo Winderlich","tipo":"school","mun":"Santa Maria","ibge":"4316907"}},{"type":"Feature","geometry":{"type":"Point","coordinates":[-51.02049,-30.2843]},"properties":{"nome":"Escola Estadual Ensino Médio Dr. Genésio Pires","tipo":"school","mun":"Viamão","ibge":"4323002"}},{"type":"Feature","geometry":{"type":"Point","coordinates":[-51.2378,-30.08753]},"properties":{"nome":"Colégio Elpídio Ferreira Paes","tipo":"school","mun":"Porto Alegre","ibge":"4314902"}},{"type":"Feature","geometry":{"type":"Point","coordinates":[-51.22381,-30.0883]},"properties":{"nome":"Escola Piaui-Caic","tipo":"school","mun":"Porto Alegre","ibge":"4314902"}},{"type":"Feature","geometry":{"type":"Point","coordinates":[-53.82855,-29.68923]},"properties":{"nome":"Escola Estadual de Ensino Fundamental Paulo Freire","tipo":"school","mun":"Santa Maria","ibge":"4316907"}},{"type":"Feature","geometry":{"type":"Point","coordinates":[-51.18674,-29.24619]},"properties":{"nome":"Santo Antão","tipo":"community_centre","mun":"Caxias do Sul","ibge":"4305108"}},{"type":"Feature","geometry":{"type":"Point","coordinates":[-53.7976,-29.67465]},"properties":{"nome":"Escola Estadual de Ensino Médio Doutor Walter Jobim","tipo":"school","mun":"Santa Maria","ibge":"4316907"}},{"type":"Feature","geometry":{"type":"Point","coordinates":[-53.79366,-29.65945]},"properties":{"nome":"Academia Espaço Vida","tipo":"sports_centre","mun":"Santa Maria","ibge":"4316907"}},{"type":"Feature","geometry":{"type":"Point","coordinates":[-51.21687,-30.04663]},"properties":{"nome":"Colégio Coronel Afonso Emílio Massot","tipo":"school","mun":"Porto Alegre","ibge":"4314902"}},{"type":"Feature","geometry":{"type":"Point","coordinates":[-51.22583,-30.04101]},"properties":{"nome":"Escola Professora Leopolda Barnewitz","tipo":"school","mun":"Porto Alegre","ibge":"4314902"}},{"type":"Feature","geometry":{"type":"Point","coordinates":[-51.14337,-30.0687]},"properties":{"nome":"Escola Desidério Torquato Finamor","tipo":"school","mun":"Porto Alegre","ibge":"4314902"}},{"type":"Feature","geometry":{"type":"Point","coordinates":[-51.19375,-30.05797]},"properties":{"nome":"Partenon Tênis Clube","tipo":"community_centre","mun":"Porto Alegre","ibge":"4314902"}},{"type":"Feature","geometry":{"type":"Point","coordinates":[-52.37428,-28.231]},"properties":{"nome":"EM EF Eloy Pinheiro Machado","tipo":"school","mun":"Passo Fundo","ibge":"4314100"}},{"type":"Feature","geometry":{"type":"Point","coordinates":[-52.44909,-28.27814]},"properties":{"nome":"EM EF Nossa Senhora Aparecida","tipo":"school","mun":"Passo Fundo","ibge":"4314100"}},{"type":"Feature","geometry":{"type":"Point","coordinates":[-51.19956,-29.15125]},"properties":{"nome":"Escola Estadual Matteo Gianella","tipo":"school","mun":"Caxias do Sul","ibge":"4305108"}},{"type":"Feature","geometry":{"type":"Point","coordinates":[-51.19316,-29.18342]},"properties":{"nome":"EMEF Governador Roberto Silveira","tipo":"school","mun":"Caxias do Sul","ibge":"4305108"}},{"type":"Feature","geometry":{"type":"Point","coordinates":[-51.1776,-29.20403]},"properties":{"nome":"Salão Paroquial Santa Corona","tipo":"community_centre","mun":"Caxias do Sul","ibge":"4305108"}},{"type":"Feature","geometry":{"type":"Point","coordinates":[-51.18019,-29.18766]},"properties":{"nome":"Salão Paroquial São Romédio","tipo":"community_centre","mun":"Caxias do Sul","ibge":"4305108"}},{"type":"Feature","geometry":{"type":"Point","coordinates":[-51.15552,-29.16977]},"properties":{"nome":"Escola Estadual Especial de Ensino Médio Helen Keller (Surdos-Mudos)","tipo":"school","mun":"Caxias do Sul","ibge":"4305108"}},{"type":"Feature","geometry":{"type":"Point","coordinates":[-53.78721,-29.76481]},"properties":{"nome":"EMEF João da Maia Braga","tipo":"school","mun":"Santa Maria","ibge":"4316907"}},{"type":"Feature","geometry":{"type":"Point","coordinates":[-52.448,-28.29528]},"properties":{"nome":"EMEF Jardim América","tipo":"school","mun":"Passo Fundo","ibge":"4314100"}},{"type":"Feature","geometry":{"type":"Point","coordinates":[-54.23674,-27.78143]},"properties":{"nome":"Cooperativa Dom Hermeto","tipo":"school","mun":"Três de Maio","ibge":"4321808"}},{"type":"Feature","geometry":{"type":"Point","coordinates":[-54.14635,-28.5259]},"properties":{"nome":"Clube 25 de Julho","tipo":"community_centre","mun":"Eugênio de Castro","ibge":"4307831"}},{"type":"Feature","geometry":{"type":"Point","coordinates":[-52.42428,-27.70485]},"properties":{"nome":"Ginásio Professor Arnaldo Piovesan","tipo":"sports_centre","mun":"Paulo Bento","ibge":"4314134"}},{"type":"Feature","geometry":{"type":"Point","coordinates":[-51.23296,-30.0287]},"properties":{"nome":"Ocupação Saraí","tipo":"community_centre","mun":"Porto Alegre","ibge":"4314902"}},{"type":"Feature","geometry":{"type":"Point","coordinates":[-52.29193,-29.04696]},"properties":{"nome":"Ginásio de São José do Herval","tipo":"sports_centre","mun":"São José do Herval","ibge":"4318465"}},{"type":"Feature","geometry":{"type":"Point","coordinates":[-52.29626,-29.04455]},"properties":{"nome":"Salão","tipo":"community_centre","mun":"São José do Herval","ibge":"4318465"}},{"type":"Feature","geometry":{"type":"Point","coordinates":[-52.45336,-27.38654]},"properties":{"nome":"Escola Estadual de Ensino Fundamental e Médio Fernandina Rigotii","tipo":"school","mun":"Itatiba do Sul","ibge":"4310702"}},{"type":"Feature","geometry":{"type":"Point","coordinates":[-52.45299,-27.38704]},"properties":{"nome":"Ginásio de Esportes","tipo":"sports_centre","mun":"Itatiba do Sul","ibge":"4310702"}},{"type":"Feature","geometry":{"type":"Point","coordinates":[-53.81788,-29.69456]},"properties":{"nome":"Escola Estadual de Ensino Fundamental Marieta D'ambrósio","tipo":"school","mun":"Santa Maria","ibge":"4316907"}},{"type":"Feature","geometry":{"type":"Point","coordinates":[-53.78817,-29.68922]},"properties":{"nome":"Escola Municipal de Ensino Fundamental Padre Nóbrega","tipo":"school","mun":"Santa Maria","ibge":"4316907"}},{"type":"Feature","geometry":{"type":"Point","coordinates":[-53.81798,-29.6953]},"properties":{"nome":"Centro Desportivo Municipal","tipo":"sports_centre","mun":"Santa Maria","ibge":"4316907"}},{"type":"Feature","geometry":{"type":"Point","coordinates":[-53.81797,-29.69654]},"properties":{"nome":"Escola Estadual de Ensino Médio Cilon Rosa","tipo":"school","mun":"Santa Maria","ibge":"4316907"}},{"type":"Feature","geometry":{"type":"Point","coordinates":[-53.80091,-29.72514]},"properties":{"nome":"EMEF Ione Medianeira Parcianello","tipo":"school","mun":"Santa Maria","ibge":"4316907"}},{"type":"Feature","geometry":{"type":"Point","coordinates":[-52.49148,-27.6585]},"properties":{"nome":"Ginásio de Esportes de Ponte Preta","tipo":"sports_centre","mun":"Ponte Preta","ibge":"4314787"}},{"type":"Feature","geometry":{"type":"Point","coordinates":[-53.81289,-29.70219]},"properties":{"nome":"Quadra Poliesportiva Escola nossa senhora da medianeira","tipo":"sports_centre","mun":"Santa Maria","ibge":"4316907"}},{"type":"Feature","geometry":{"type":"Point","coordinates":[-53.80475,-29.70573]},"properties":{"nome":"Escola Municipal de Ensino Fundamental Dom Antônio Reis","tipo":"school","mun":"Santa Maria","ibge":"4316907"}},{"type":"Feature","geometry":{"type":"Point","coordinates":[-51.00305,-29.38783]},"properties":{"nome":"Associação Cultural e Esportiva Alegria de Nove Colônias","tipo":"community_centre","mun":"Nova Petrópolis","ibge":"4313201"}},{"type":"Feature","geometry":{"type":"Point","coordinates":[-50.92822,-29.47387]},"properties":{"nome":"Capela Nossa Senhora do Rosário - Alto Padre Eterno","tipo":"community_centre","mun":"Santa Maria do Herval","ibge":"4316956"}},{"type":"Feature","geometry":{"type":"Point","coordinates":[-53.7333,-29.69813]},"properties":{"nome":"Centro Comunitário Amaral","tipo":"community_centre","mun":"Santa Maria","ibge":"4316907"}},{"type":"Feature","geometry":{"type":"Point","coordinates":[-53.73625,-29.70055]},"properties":{"nome":"Associação dos Moradores dos Parques Alto da Colina, Santa Lúcia e Amaral","tipo":"community_centre","mun":"Santa Maria","ibge":"4316907"}},{"type":"Feature","geometry":{"type":"Point","coordinates":[-53.05762,-29.57057]},"properties":{"nome":"EMEF Davi Unfer","tipo":"school","mun":"Cerro Branco","ibge":"4305132"}},{"type":"Feature","geometry":{"type":"Point","coordinates":[-51.08194,-29.90524]},"properties":{"nome":"UBS CAIC Granja","tipo":"school","mun":"Cachoeirinha","ibge":"4303103"}},{"type":"Feature","geometry":{"type":"Point","coordinates":[-52.42492,-28.27181]},"properties":{"nome":"EMEF Notre Dame","tipo":"school","mun":"Passo Fundo","ibge":"4314100"}},{"type":"Feature","geometry":{"type":"Point","coordinates":[-54.23785,-29.47432]},"properties":{"nome":"EMEF Toropi","tipo":"school","mun":"Toropi","ibge":"4321493"}},{"type":"Feature","geometry":{"type":"Point","coordinates":[-53.83353,-29.70714]},"properties":{"nome":"EMEF Professor Sergio Lopes","tipo":"school","mun":"Santa Maria","ibge":"4316907"}},{"type":"Feature","geometry":{"type":"Point","coordinates":[-52.58383,-31.50351]},"properties":{"nome":"Salão Avante Grenal","tipo":"community_centre","mun":"Pelotas","ibge":"4314407"}},{"type":"Feature","geometry":{"type":"Point","coordinates":[-51.21514,-30.0471]},"properties":{"nome":"Escola Especial Renascença","tipo":"school","mun":"Porto Alegre","ibge":"4314902"}},{"type":"Feature","geometry":{"type":"Point","coordinates":[-53.73043,-29.70481]},"properties":{"nome":"Heroica Escola Infantil e Fundamental","tipo":"school","mun":"Santa Maria","ibge":"4316907"}},{"type":"Feature","geometry":{"type":"Point","coordinates":[-51.21258,-30.04542]},"properties":{"nome":"Escola Ildefonso Gomes","tipo":"school","mun":"Porto Alegre","ibge":"4314902"}},{"type":"Feature","geometry":{"type":"Point","coordinates":[-51.17435,-29.61861]},"properties":{"nome":"Escola Municipal de Ensino Fundamental Jardim Panorâmico","tipo":"school","mun":"Ivoti","ibge":"4310801"}},{"type":"Feature","geometry":{"type":"Point","coordinates":[-53.81441,-29.6947]},"properties":{"nome":"Genius","tipo":"school","mun":"Santa Maria","ibge":"4316907"}},{"type":"Feature","geometry":{"type":"Point","coordinates":[-50.80808,-29.36456]},"properties":{"nome":"Colégio Marista Maria Imaculada","tipo":"school","mun":"Canela","ibge":"4304408"}},{"type":"Feature","geometry":{"type":"Point","coordinates":[-50.80942,-29.35973]},"properties":{"nome":"Escola Estadual Danton Corrêa da Silva","tipo":"school","mun":"Canela","ibge":"4304408"}},{"type":"Feature","geometry":{"type":"Point","coordinates":[-50.81508,-29.36202]},"properties":{"nome":"Escola Estadual de Ensino Fundamental João Corrêa","tipo":"school","mun":"Canela","ibge":"4304408"}},{"type":"Feature","geometry":{"type":"Point","coordinates":[-51.08852,-29.11416]},"properties":{"nome":"Colégio Murialdo","tipo":"school","mun":"Caxias do Sul","ibge":"4305108"}},{"type":"Feature","geometry":{"type":"Point","coordinates":[-53.80186,-29.64722]},"properties":{"nome":"Centro Comunitário Rincão do Soturno","tipo":"community_centre","mun":"Santa Maria","ibge":"4316907"}},{"type":"Feature","geometry":{"type":"Point","coordinates":[-51.14183,-30.04345]},"properties":{"nome":"Colégio Romano Senhor Bom Jesus","tipo":"school","mun":"Porto Alegre","ibge":"4314902"}},{"type":"Feature","geometry":{"type":"Point","coordinates":[-51.13858,-30.04865]},"properties":{"nome":"ASTTI - Associação dos Profissionais em Telecomunicações e Tecnologia da Informação","tipo":"sports_centre","mun":"Porto Alegre","ibge":"4314902"}},{"type":"Feature","geometry":{"type":"Point","coordinates":[-51.11273,-30.10812]},"properties":{"nome":"Ginásio Paróquia Santa Clara","tipo":"sports_centre","mun":"Porto Alegre","ibge":"4314902"}},{"type":"Feature","geometry":{"type":"Point","coordinates":[-51.12664,-30.09789]},"properties":{"nome":"Escola Rafaela Remião","tipo":"school","mun":"Porto Alegre","ibge":"4314902"}},{"type":"Feature","geometry":{"type":"Point","coordinates":[-51.1459,-30.1498]},"properties":{"nome":"Escola Tristão Sucupira Vianna","tipo":"school","mun":"Porto Alegre","ibge":"4314902"}},{"type":"Feature","geometry":{"type":"Point","coordinates":[-51.14366,-30.15029]},"properties":{"nome":"CECORES - Centro de Comunidade da Vila Restinga","tipo":"community_centre","mun":"Porto Alegre","ibge":"4314902"}},{"type":"Feature","geometry":{"type":"Point","coordinates":[-53.80918,-29.67821]},"properties":{"nome":"Escola Municipal de Aprendizagem Industrial","tipo":"school","mun":"Santa Maria","ibge":"4316907"}},{"type":"Feature","geometry":{"type":"Point","coordinates":[-54.87024,-29.19233]},"properties":{"nome":"Colégio Estadual Apolinário Porto Alegre","tipo":"school","mun":"Santiago","ibge":"4317400"}},{"type":"Feature","geometry":{"type":"Point","coordinates":[-54.86829,-29.19204]},"properties":{"nome":"Clube União Santiaguense","tipo":"community_centre","mun":"Santiago","ibge":"4317400"}},{"type":"Feature","geometry":{"type":"Point","coordinates":[-53.72788,-29.7059]},"properties":{"nome":"Camofit","tipo":"sports_centre","mun":"Santa Maria","ibge":"4316907"}},{"type":"Feature","geometry":{"type":"Point","coordinates":[-53.72404,-29.70561]},"properties":{"nome":"Centro Comunitário Imaculado Coração de Maria","tipo":"community_centre","mun":"Santa Maria","ibge":"4316907"}},{"type":"Feature","geometry":{"type":"Point","coordinates":[-53.84893,-29.69]},"properties":{"nome":"EMEF Martinho Lutero","tipo":"school","mun":"Santa Maria","ibge":"4316907"}},{"type":"Feature","geometry":{"type":"Point","coordinates":[-53.72203,-29.70701]},"properties":{"nome":"CEDUCA","tipo":"school","mun":"Santa Maria","ibge":"4316907"}},{"type":"Feature","geometry":{"type":"Point","coordinates":[-53.78918,-29.65791]},"properties":{"nome":"EMEF Professora Hylda Vasconcellos","tipo":"school","mun":"Santa Maria","ibge":"4316907"}},{"type":"Feature","geometry":{"type":"Point","coordinates":[-51.06999,-30.0936]},"properties":{"nome":"Escola Estadual de Ensino Médio Orieta","tipo":"school","mun":"Viamão","ibge":"4323002"}},{"type":"Feature","geometry":{"type":"Point","coordinates":[-53.79371,-29.6577]},"properties":{"nome":"Associação do Campestre","tipo":"community_centre","mun":"Santa Maria","ibge":"4316907"}},{"type":"Feature","geometry":{"type":"Point","coordinates":[-53.71948,-29.70445]},"properties":{"nome":"EMEF Vicente Farencena","tipo":"school","mun":"Santa Maria","ibge":"4316907"}},{"type":"Feature","geometry":{"type":"Point","coordinates":[-53.71932,-29.70468]},"properties":{"nome":"Centro Comunitário Sagrada Família","tipo":"community_centre","mun":"Santa Maria","ibge":"4316907"}},{"type":"Feature","geometry":{"type":"Point","coordinates":[-53.70029,-29.705]},"properties":{"nome":"Centro Comunitário Rainha dos Apóstolos","tipo":"community_centre","mun":"Santa Maria","ibge":"4316907"}},{"type":"Feature","geometry":{"type":"Point","coordinates":[-53.82542,-29.67103]},"properties":{"nome":"Escola Estadual de Ensino Fundamental Marechal Rondon","tipo":"school","mun":"Santa Maria","ibge":"4316907"}},{"type":"Feature","geometry":{"type":"Point","coordinates":[-53.82272,-29.67484]},"properties":{"nome":"Escola Estadual de Ensino Médio Dom Antônio Reis","tipo":"school","mun":"Santa Maria","ibge":"4316907"}},{"type":"Feature","geometry":{"type":"Point","coordinates":[-53.82453,-29.69964]},"properties":{"nome":"Jatobá Esportes","tipo":"sports_centre","mun":"Santa Maria","ibge":"4316907"}},{"type":"Feature","geometry":{"type":"Point","coordinates":[-53.83507,-29.70009]},"properties":{"nome":"EMEF Edy Maia Bertóia","tipo":"school","mun":"Santa Maria","ibge":"4316907"}},{"type":"Feature","geometry":{"type":"Point","coordinates":[-53.82627,-29.70037]},"properties":{"nome":"Ginásio do Bito Centurião","tipo":"sports_centre","mun":"Santa Maria","ibge":"4316907"}},{"type":"Feature","geometry":{"type":"Point","coordinates":[-53.82381,-29.69203]},"properties":{"nome":"47º Grupo Escoteiro Tupanciguará","tipo":"community_centre","mun":"Santa Maria","ibge":"4316907"}},{"type":"Feature","geometry":{"type":"Point","coordinates":[-53.79528,-29.6966]},"properties":{"nome":"Escola Estadual de Ensino Fundamental General Edson Figueiredo","tipo":"school","mun":"Santa Maria","ibge":"4316907"}},{"type":"Feature","geometry":{"type":"Point","coordinates":[-53.76997,-29.71909]},"properties":{"nome":"Escola Maria de Lourdes Castro","tipo":"school","mun":"Santa Maria","ibge":"4316907"}},{"type":"Feature","geometry":{"type":"Point","coordinates":[-51.22803,-30.16425]},"properties":{"nome":"Escola Custódio de Mello","tipo":"school","mun":"Porto Alegre","ibge":"4314902"}},{"type":"Feature","geometry":{"type":"Point","coordinates":[-51.16102,-30.15832]},"properties":{"nome":"Escola Henrique Farjat","tipo":"school","mun":"Porto Alegre","ibge":"4314902"}},{"type":"Feature","geometry":{"type":"Point","coordinates":[-51.22192,-30.15618]},"properties":{"nome":"Escola Professores Langendonck","tipo":"school","mun":"Porto Alegre","ibge":"4314902"}},{"type":"Feature","geometry":{"type":"Point","coordinates":[-51.23727,-30.12754]},"properties":{"nome":"Escola Querência","tipo":"school","mun":"Porto Alegre","ibge":"4314902"}},{"type":"Feature","geometry":{"type":"Point","coordinates":[-51.2391,-30.12493]},"properties":{"nome":"Colegio João Paulo I","tipo":"school","mun":"Porto Alegre","ibge":"4314902"}},{"type":"Feature","geometry":{"type":"Point","coordinates":[-53.46984,-29.46982]},"properties":{"nome":"Buiuca","tipo":"sports_centre","mun":"Nova Palma","ibge":"4313102"}},{"type":"Feature","geometry":{"type":"Point","coordinates":[-50.02715,-29.76193]},"properties":{"nome":"Instituto Estadual Riachuelo","tipo":"school","mun":"Capão da Canoa","ibge":"4304630"}},{"type":"Feature","geometry":{"type":"Point","coordinates":[-53.80829,-29.69475]},"properties":{"nome":"Curso Caxias","tipo":"school","mun":"Santa Maria","ibge":"4316907"}},{"type":"Feature","geometry":{"type":"Point","coordinates":[-53.81107,-29.68402]},"properties":{"nome":"Ginásio Franciscão","tipo":"sports_centre","mun":"Santa Maria","ibge":"4316907"}},{"type":"Feature","geometry":{"type":"Point","coordinates":[-53.80917,-29.69094]},"properties":{"nome":"Cultura Inglesa","tipo":"school","mun":"Santa Maria","ibge":"4316907"}},{"type":"Feature","geometry":{"type":"Point","coordinates":[-53.81067,-29.68514]},"properties":{"nome":"PBF","tipo":"school","mun":"Santa Maria","ibge":"4316907"}},{"type":"Feature","geometry":{"type":"Point","coordinates":[-53.80909,-29.69397]},"properties":{"nome":"Academia Studium Corpus","tipo":"sports_centre","mun":"Santa Maria","ibge":"4316907"}},{"type":"Feature","geometry":{"type":"Point","coordinates":[-52.85063,-31.45168]},"properties":{"nome":"Antigo Salão Shanadu","tipo":"community_centre","mun":"Canguçu","ibge":"4304507"}},{"type":"Feature","geometry":{"type":"Point","coordinates":[-52.71193,-31.55121]},"properties":{"nome":"Comunidade","tipo":"community_centre","mun":"Canguçu","ibge":"4304507"}},{"type":"Feature","geometry":{"type":"Point","coordinates":[-52.67767,-31.41824]},"properties":{"nome":"SIMCA - Sindicato dos Municipários de Canguçu (Sede Campestre)","tipo":"community_centre","mun":"Canguçu","ibge":"4304507"}},{"type":"Feature","geometry":{"type":"Point","coordinates":[-53.80506,-29.68689]},"properties":{"nome":"Wizard","tipo":"school","mun":"Santa Maria","ibge":"4316907"}},{"type":"Feature","geometry":{"type":"Point","coordinates":[-53.80613,-29.68632]},"properties":{"nome":"CCAA","tipo":"school","mun":"Santa Maria","ibge":"4316907"}},{"type":"Feature","geometry":{"type":"Point","coordinates":[-52.38203,-28.26567]},"properties":{"nome":"E.E. E.F. Alberto Pasqualini","tipo":"school","mun":"Passo Fundo","ibge":"4314100"}},{"type":"Feature","geometry":{"type":"Point","coordinates":[-53.72704,-29.69647]},"properties":{"nome":"Centro Comunitário São José","tipo":"community_centre","mun":"Santa Maria","ibge":"4316907"}},{"type":"Feature","geometry":{"type":"Point","coordinates":[-51.32247,-29.69562]},"properties":{"nome":"Escola Municipal de Ensino Fundamental Gente Inocente","tipo":"school","mun":"Capela de Santana","ibge":"4304689"}},{"type":"Feature","geometry":{"type":"Point","coordinates":[-53.28784,-29.48872]},"properties":{"nome":"EMEF Olavo Bilac","tipo":"school","mun":"Agudo","ibge":"4300109"}},{"type":"Feature","geometry":{"type":"Point","coordinates":[-53.28464,-29.56646]},"properties":{"nome":"EMEF Sete de Setembro","tipo":"school","mun":"Agudo","ibge":"4300109"}},{"type":"Feature","geometry":{"type":"Point","coordinates":[-53.21849,-29.62973]},"properties":{"nome":"EMEF Três de Maio","tipo":"school","mun":"Agudo","ibge":"4300109"}},{"type":"Feature","geometry":{"type":"Point","coordinates":[-53.22769,-29.72263]},"properties":{"nome":"EMEF Alberto Pasqualini","tipo":"school","mun":"Agudo","ibge":"4300109"}},{"type":"Feature","geometry":{"type":"Point","coordinates":[-53.16602,-29.68314]},"properties":{"nome":"EMEF Cristian Gadtke","tipo":"school","mun":"Paraíso do Sul","ibge":"4314027"}},{"type":"Feature","geometry":{"type":"Point","coordinates":[-53.1424,-29.6494]},"properties":{"nome":"EMEF Max Paulo Schlosser","tipo":"school","mun":"Paraíso do Sul","ibge":"4314027"}},{"type":"Feature","geometry":{"type":"Point","coordinates":[-53.12924,-29.57878]},"properties":{"nome":"Antiga EMEF Benjamin Constant","tipo":"school","mun":"Paraíso do Sul","ibge":"4314027"}},{"type":"Feature","geometry":{"type":"Point","coordinates":[-53.86919,-29.6999]},"properties":{"nome":"Escola Municipal de Educação Infantil Ivanise Jann de Jesus","tipo":"school","mun":"Santa Maria","ibge":"4316907"}},{"type":"Feature","geometry":{"type":"Point","coordinates":[-51.80916,-29.45226]},"properties":{"nome":"Ginásio","tipo":"sports_centre","mun":"Teutônia","ibge":"4321451"}},{"type":"Feature","geometry":{"type":"Point","coordinates":[-50.06339,-28.74969]},"properties":{"nome":"Ginásio de Esportes Luiz Rovaris","tipo":"sports_centre","mun":"São José dos Ausentes","ibge":"4318622"}},{"type":"Feature","geometry":{"type":"Point","coordinates":[-53.14163,-29.67199]},"properties":{"nome":"EEEF Duque de Caxias","tipo":"school","mun":"Paraíso do Sul","ibge":"4314027"}},{"type":"Feature","geometry":{"type":"Point","coordinates":[-53.14145,-29.71362]},"properties":{"nome":"EMEF Gaspar Barreto","tipo":"school","mun":"Paraíso do Sul","ibge":"4314027"}},{"type":"Feature","geometry":{"type":"Point","coordinates":[-53.72945,-29.90322]},"properties":{"nome":"Comunidade Nossa Senhora Aparecida","tipo":"community_centre","mun":"Santa Maria","ibge":"4316907"}},{"type":"Feature","geometry":{"type":"Point","coordinates":[-53.7408,-29.67396]},"properties":{"nome":"Centro Comunitário Nossa Senhora da Saúde","tipo":"community_centre","mun":"Santa Maria","ibge":"4316907"}},{"type":"Feature","geometry":{"type":"Point","coordinates":[-55.01841,-27.85568]},"properties":{"nome":"Escola Estadual de Ensino Médio República Argentina","tipo":"school","mun":"Porto Lucena","ibge":"4315008"}},{"type":"Feature","geometry":{"type":"Point","coordinates":[-51.91345,-29.0387]},"properties":{"nome":"Refúgio Explorer","tipo":"sports_centre","mun":"Vespasiano Corrêa","ibge":"4322855"}},{"type":"Feature","geometry":{"type":"Point","coordinates":[-50.27272,-29.89887]},"properties":{"nome":"E.E.E.F. Cônego Pedro Jacobs","tipo":"school","mun":"Osório","ibge":"4313508"}},{"type":"Feature","geometry":{"type":"Point","coordinates":[-53.62368,-29.66002]},"properties":{"nome":"Clube Rec. Esp. Assist. São João","tipo":"community_centre","mun":"Silveira Martins","ibge":"4320651"}},{"type":"Feature","geometry":{"type":"Point","coordinates":[-55.01933,-27.85866]},"properties":{"nome":"CTG Querência Costeira","tipo":"community_centre","mun":"Porto Lucena","ibge":"4315008"}},{"type":"Feature","geometry":{"type":"Point","coordinates":[-53.39574,-29.69183]},"properties":{"nome":"Associação Comunitária Tresvendense","tipo":"community_centre","mun":"Restinga Sêca","ibge":"4315503"}},{"type":"Feature","geometry":{"type":"Point","coordinates":[-51.18624,-30.00879]},"properties":{"nome":"Colégio La Salle São João","tipo":"school","mun":"Porto Alegre","ibge":"4314902"}},{"type":"Feature","geometry":{"type":"Point","coordinates":[-51.16653,-30.05454]},"properties":{"nome":"Escola Professora Lygia Morrone Averbuck","tipo":"school","mun":"Porto Alegre","ibge":"4314902"}},{"type":"Feature","geometry":{"type":"Point","coordinates":[-51.19293,-30.01519]},"properties":{"nome":"Pró-Saber","tipo":"school","mun":"Porto Alegre","ibge":"4314902"}},{"type":"Feature","geometry":{"type":"Point","coordinates":[-53.82923,-29.69665]},"properties":{"nome":"Instituto Estadual Padre Caetano","tipo":"school","mun":"Santa Maria","ibge":"4316907"}},{"type":"Feature","geometry":{"type":"Point","coordinates":[-52.14289,-28.16477]},"properties":{"nome":"Escola Municipal de Ensino Fundamental Rafael Pinto Bandeira","tipo":"school","mun":"Vila Lângaro","ibge":"4323358"}},{"type":"Feature","geometry":{"type":"Point","coordinates":[-52.14524,-28.10738]},"properties":{"nome":"Salão Paroquial","tipo":"community_centre","mun":"Vila Lângaro","ibge":"4323358"}},{"type":"Feature","geometry":{"type":"Point","coordinates":[-53.66159,-31.45955]},"properties":{"nome":"Escola Estadual Francisco Assis Rosa Oliveira","tipo":"school","mun":"Candiota","ibge":"4304358"}},{"type":"Feature","geometry":{"type":"Point","coordinates":[-53.56447,-31.50789]},"properties":{"nome":"Escola Municipal de Ensino Fundamental Senador José Hernio de Moraes","tipo":"school","mun":"Pinheiro Machado","ibge":"4314506"}},{"type":"Feature","geometry":{"type":"Point","coordinates":[-52.01823,-28.18449]},"properties":{"nome":"Escola Almerão Domingues Nunes","tipo":"school","mun":"Água Santa","ibge":"4300059"}},{"type":"Feature","geometry":{"type":"Point","coordinates":[-51.08243,-29.99629]},"properties":{"nome":"Ginásio de esportes","tipo":"sports_centre","mun":"Alvorada","ibge":"4300604"}},{"type":"Feature","geometry":{"type":"Point","coordinates":[-51.08371,-29.99618]},"properties":{"nome":"Escola Municipal Manuel Luiz Osório","tipo":"school","mun":"Alvorada","ibge":"4300604"}},{"type":"Feature","geometry":{"type":"Point","coordinates":[-51.08697,-29.9921]},"properties":{"nome":"Escola Municipal Monteiro Lobato","tipo":"school","mun":"Alvorada","ibge":"4300604"}},{"type":"Feature","geometry":{"type":"Point","coordinates":[-53.57771,-29.52179]},"properties":{"nome":"Escola Estadual de Ensino Básico Padre Pedro Marcelino Copetti","tipo":"school","mun":"Ivorá","ibge":"4310751"}},{"type":"Feature","geometry":{"type":"Point","coordinates":[-51.06787,-29.99797]},"properties":{"nome":"Escola Estadual Nossa Senhora do Carmo","tipo":"school","mun":"Alvorada","ibge":"4300604"}},{"type":"Feature","geometry":{"type":"Point","coordinates":[-51.07812,-29.99812]},"properties":{"nome":"Escola estadual Senador Salgado Filho","tipo":"school","mun":"Alvorada","ibge":"4300604"}},{"type":"Feature","geometry":{"type":"Point","coordinates":[-51.07663,-30.00139]},"properties":{"nome":"Escola Estadual Antonio de Castro Alves","tipo":"school","mun":"Alvorada","ibge":"4300604"}},{"type":"Feature","geometry":{"type":"Point","coordinates":[-54.49926,-27.58106]},"properties":{"nome":"Escola Antoni Barella","tipo":"school","mun":"Novo Machado","ibge":"4313425"}},{"type":"Feature","geometry":{"type":"Point","coordinates":[-53.16583,-29.17784]},"properties":{"nome":"Escola Municipal Álvaro Rodrigues Leitão","tipo":"school","mun":"Estrela Velha","ibge":"4307815"}},{"type":"Feature","geometry":{"type":"Point","coordinates":[-51.08536,-30.00313]},"properties":{"nome":"Escola Municipal Antônio de Godoy","tipo":"school","mun":"Alvorada","ibge":"4300604"}},{"type":"Feature","geometry":{"type":"Point","coordinates":[-51.96866,-29.38096]},"properties":{"nome":"Esporte Clube Rui Barbosa","tipo":"sports_centre","mun":"Arroio do Meio","ibge":"4301008"}},{"type":"Feature","geometry":{"type":"Point","coordinates":[-51.96843,-29.38067]},"properties":{"nome":"Escola Municipal Princesa Isabel","tipo":"school","mun":"Arroio do Meio","ibge":"4301008"}},{"type":"Feature","geometry":{"type":"Point","coordinates":[-51.19014,-30.02434]},"properties":{"nome":"S.","tipo":"sports_centre","mun":"Porto Alegre","ibge":"4314902"}},{"type":"Feature","geometry":{"type":"Point","coordinates":[-51.22496,-30.03439]},"properties":{"nome":"Academia DK1","tipo":"sports_centre","mun":"Porto Alegre","ibge":"4314902"}},{"type":"Feature","geometry":{"type":"Point","coordinates":[-51.0773,-30.01431]},"properties":{"nome":"Colegio Estadual Olga Benario Prestes","tipo":"school","mun":"Alvorada","ibge":"4300604"}},{"type":"Feature","geometry":{"type":"Point","coordinates":[-54.67803,-27.72194]},"properties":{"nome":"Salao","tipo":"community_centre","mun":"Santo Cristo","ibge":"4317905"}},{"type":"Feature","geometry":{"type":"Point","coordinates":[-51.07652,-29.99753]},"properties":{"nome":"Unibol","tipo":"sports_centre","mun":"Alvorada","ibge":"4300604"}},{"type":"Feature","geometry":{"type":"Point","coordinates":[-51.08257,-29.98475]},"properties":{"nome":"Ginásio das Laranjeiras","tipo":"sports_centre","mun":"Alvorada","ibge":"4300604"}},{"type":"Feature","geometry":{"type":"Point","coordinates":[-51.05027,-30.02038]},"properties":{"nome":"Escola Municipal Rui Barbosa","tipo":"school","mun":"Alvorada","ibge":"4300604"}},{"type":"Feature","geometry":{"type":"Point","coordinates":[-51.0559,-30.01248]},"properties":{"nome":"Escola Municipal Nova Petrópolis","tipo":"school","mun":"Alvorada","ibge":"4300604"}},{"type":"Feature","geometry":{"type":"Point","coordinates":[-51.18798,-29.98029]},"properties":{"nome":"Escola José Garibaldi","tipo":"school","mun":"Porto Alegre","ibge":"4314902"}},{"type":"Feature","geometry":{"type":"Point","coordinates":[-51.17585,-30.12316]},"properties":{"nome":"Escola Técnica Santo Inácio","tipo":"school","mun":"Porto Alegre","ibge":"4314902"}},{"type":"Feature","geometry":{"type":"Point","coordinates":[-51.04632,-30.01562]},"properties":{"nome":"Escola Municipal Emília de Oliveira","tipo":"school","mun":"Alvorada","ibge":"4300604"}},{"type":"Feature","geometry":{"type":"Point","coordinates":[-51.04571,-30.01381]},"properties":{"nome":"Escola Estadual de Ensino Médio Vale Verde","tipo":"school","mun":"Alvorada","ibge":"4300604"}},{"type":"Feature","geometry":{"type":"Point","coordinates":[-51.03956,-30.00767]},"properties":{"nome":"Escola Municipal Alcides Maia","tipo":"school","mun":"Alvorada","ibge":"4300604"}},{"type":"Feature","geometry":{"type":"Point","coordinates":[-51.05645,-30.00092]},"properties":{"nome":"Escola Municipal Podalirio Inacio de Barcellos","tipo":"school","mun":"Alvorada","ibge":"4300604"}},{"type":"Feature","geometry":{"type":"Point","coordinates":[-51.07443,-30.00588]},"properties":{"nome":"Escola Adventista de Alvorada","tipo":"school","mun":"Alvorada","ibge":"4300604"}},{"type":"Feature","geometry":{"type":"Point","coordinates":[-51.08801,-30.00987]},"properties":{"nome":"Escola Estadual Júlio Cesar Ribeiro de Souza","tipo":"school","mun":"Alvorada","ibge":"4300604"}},{"type":"Feature","geometry":{"type":"Point","coordinates":[-51.08633,-30.01019]},"properties":{"nome":"Academia Corpo & Saúde","tipo":"sports_centre","mun":"Alvorada","ibge":"4300604"}},{"type":"Feature","geometry":{"type":"Point","coordinates":[-50.79309,-30.11337]},"properties":{"nome":"Escola Municipal Ensino Fundamental Cristiano Vieira da Silva","tipo":"school","mun":"Viamão","ibge":"4323002"}},{"type":"Feature","geometry":{"type":"Point","coordinates":[-54.56145,-28.54975]},"properties":{"nome":"Escola de Ensino Fundamental Professor João de Oliveira Costa","tipo":"school","mun":"São Miguel das Missões","ibge":"4319158"}},{"type":"Feature","geometry":{"type":"Point","coordinates":[-54.56086,-28.5499]},"properties":{"nome":"Escola Municipal de Educação Infantil Paraíso da Criança","tipo":"school","mun":"São Miguel das Missões","ibge":"4319158"}},{"type":"Feature","geometry":{"type":"Point","coordinates":[-51.17674,-29.81007]},"properties":{"nome":"E.M.E.I. Hugo Gerdau","tipo":"school","mun":"Sapucaia do Sul","ibge":"4320008"}},{"type":"Feature","geometry":{"type":"Point","coordinates":[-51.20452,-30.02664]},"properties":{"nome":"Escola de Educação Infantil Lar do Bebê Pupileira","tipo":"school","mun":"Porto Alegre","ibge":"4314902"}},{"type":"Feature","geometry":{"type":"Point","coordinates":[-51.20169,-30.0248]},"properties":{"nome":"Bio Express Parcão","tipo":"sports_centre","mun":"Porto Alegre","ibge":"4314902"}},{"type":"Feature","geometry":{"type":"Point","coordinates":[-51.20604,-30.03397]},"properties":{"nome":"Winner Fight & Fitness","tipo":"sports_centre","mun":"Porto Alegre","ibge":"4314902"}},{"type":"Feature","geometry":{"type":"Point","coordinates":[-53.27259,-29.64925]},"properties":{"nome":"EMEF Santos Reis","tipo":"school","mun":"Agudo","ibge":"4300109"}},{"type":"Feature","geometry":{"type":"Point","coordinates":[-53.24677,-29.64626]},"properties":{"nome":"EEEF Luiz Germano Poetter","tipo":"school","mun":"Agudo","ibge":"4300109"}},{"type":"Feature","geometry":{"type":"Point","coordinates":[-53.24075,-29.64649]},"properties":{"nome":"EEEB Professor Willy Roos","tipo":"school","mun":"Agudo","ibge":"4300109"}},{"type":"Feature","geometry":{"type":"Point","coordinates":[-53.23955,-29.64555]},"properties":{"nome":"Escola Dom Pedro II","tipo":"school","mun":"Agudo","ibge":"4300109"}},{"type":"Feature","geometry":{"type":"Point","coordinates":[-53.23967,-29.63974]},"properties":{"nome":"EMEF Santos Dumont","tipo":"school","mun":"Agudo","ibge":"4300109"}},{"type":"Feature","geometry":{"type":"Point","coordinates":[-53.80476,-29.68032]},"properties":{"nome":"Escola Estadual de Ensino Fundamental João Belém","tipo":"school","mun":"Santa Maria","ibge":"4316907"}},{"type":"Feature","geometry":{"type":"Point","coordinates":[-51.21361,-30.02489]},"properties":{"nome":"Colégio Marechal Floriano Peixoto","tipo":"school","mun":"Porto Alegre","ibge":"4314902"}},{"type":"Feature","geometry":{"type":"Point","coordinates":[-51.20629,-30.01709]},"properties":{"nome":"Colégio Marista São Pedro","tipo":"school","mun":"Porto Alegre","ibge":"4314902"}},{"type":"Feature","geometry":{"type":"Point","coordinates":[-51.21339,-30.03182]},"properties":{"nome":"Escola Anne Frank","tipo":"school","mun":"Porto Alegre","ibge":"4314902"}},{"type":"Feature","geometry":{"type":"Point","coordinates":[-51.21148,-30.01487]},"properties":{"nome":"Escola Camila Furtado Alves","tipo":"school","mun":"Porto Alegre","ibge":"4314902"}},{"type":"Feature","geometry":{"type":"Point","coordinates":[-51.2103,-30.02949]},"properties":{"nome":"Escola Othelo Rosa","tipo":"school","mun":"Porto Alegre","ibge":"4314902"}},{"type":"Feature","geometry":{"type":"Point","coordinates":[-51.08484,-30.00709]},"properties":{"nome":"Usina do Corpo","tipo":"sports_centre","mun":"Alvorada","ibge":"4300604"}},{"type":"Feature","geometry":{"type":"Point","coordinates":[-51.22112,-30.04683]},"properties":{"nome":"Pro Gym Fitness","tipo":"sports_centre","mun":"Porto Alegre","ibge":"4314902"}},{"type":"Feature","geometry":{"type":"Point","coordinates":[-51.22177,-30.04668]},"properties":{"nome":"Núcleo Estadual de Educação de Jovens e Adultos e Cultura Popular Menino Deus","tipo":"school","mun":"Porto Alegre","ibge":"4314902"}},{"type":"Feature","geometry":{"type":"Point","coordinates":[-51.07963,-29.98742]},"properties":{"nome":"Escola Municipal Frederico Dihl","tipo":"school","mun":"Alvorada","ibge":"4300604"}},{"type":"Feature","geometry":{"type":"Point","coordinates":[-53.63237,-29.71508]},"properties":{"nome":"Centro Comunitário de Faxinal da Palma","tipo":"community_centre","mun":"Santa Maria","ibge":"4316907"}},{"type":"Feature","geometry":{"type":"Point","coordinates":[-53.87452,-29.70229]},"properties":{"nome":"Escola Estadual de Educação Básica Doutor Paulo Davanier Lauda","tipo":"school","mun":"Santa Maria","ibge":"4316907"}},{"type":"Feature","geometry":{"type":"Point","coordinates":[-51.21643,-30.04064]},"properties":{"nome":"Núcleo Estadual de Educação de Jovens e Adultos e Cultura Popular Darcy Vargas","tipo":"school","mun":"Porto Alegre","ibge":"4314902"}},{"type":"Feature","geometry":{"type":"Point","coordinates":[-51.20632,-30.0446]},"properties":{"nome":"UFRGS Anexo Farmácia","tipo":"school","mun":"Porto Alegre","ibge":"4314902"}},{"type":"Feature","geometry":{"type":"Point","coordinates":[-51.22175,-30.05125]},"properties":{"nome":"Academia Bio Fitness","tipo":"sports_centre","mun":"Porto Alegre","ibge":"4314902"}},{"type":"Feature","geometry":{"type":"Point","coordinates":[-51.18795,-29.99934]},"properties":{"nome":"Grupo Ícaro Escoteiros do Ar","tipo":"community_centre","mun":"Porto Alegre","ibge":"4314902"}},{"type":"Feature","geometry":{"type":"Point","coordinates":[-51.20159,-30.0105]},"properties":{"nome":"Sociedade Polônia","tipo":"community_centre","mun":"Porto Alegre","ibge":"4314902"}},{"type":"Feature","geometry":{"type":"Point","coordinates":[-51.1907,-30.00634]},"properties":{"nome":"Escola Benjamin Constant","tipo":"school","mun":"Porto Alegre","ibge":"4314902"}},{"type":"Feature","geometry":{"type":"Point","coordinates":[-53.56579,-29.7928]},"properties":{"nome":"Escola Estadual de Ensino Médio Princesa Isabel","tipo":"school","mun":"Santa Maria","ibge":"4316907"}},{"type":"Feature","geometry":{"type":"Point","coordinates":[-53.56797,-29.79363]},"properties":{"nome":"Centro Comunitário São João Batista","tipo":"community_centre","mun":"Santa Maria","ibge":"4316907"}},{"type":"Feature","geometry":{"type":"Point","coordinates":[-53.62589,-29.79611]},"properties":{"nome":"Centro Comunitário Amigos da Água Boa","tipo":"community_centre","mun":"Santa Maria","ibge":"4316907"}},{"type":"Feature","geometry":{"type":"Point","coordinates":[-53.58801,-29.81625]},"properties":{"nome":"Centro Comunitário Nossa Senhora Aparecida","tipo":"community_centre","mun":"Santa Maria","ibge":"4316907"}},{"type":"Feature","geometry":{"type":"Point","coordinates":[-53.61557,-29.82067]},"properties":{"nome":"Centro Comunitário de Tronqueiras","tipo":"community_centre","mun":"Santa Maria","ibge":"4316907"}},{"type":"Feature","geometry":{"type":"Point","coordinates":[-51.06158,-30.02145]},"properties":{"nome":"Escola Carlos Drummond de Andrade","tipo":"school","mun":"Alvorada","ibge":"4300604"}},{"type":"Feature","geometry":{"type":"Point","coordinates":[-53.94697,-29.59108]},"properties":{"nome":"Centro Comunitário do Quilombo","tipo":"community_centre","mun":"Santa Maria","ibge":"4316907"}},{"type":"Feature","geometry":{"type":"Point","coordinates":[-54.00602,-29.76417]},"properties":{"nome":"Centro Comunitário Nossa Senhora Medianeira","tipo":"community_centre","mun":"Santa Maria","ibge":"4316907"}},{"type":"Feature","geometry":{"type":"Point","coordinates":[-53.99917,-29.76145]},"properties":{"nome":"Autódromo de Santa Maria","tipo":"sports_centre","mun":"Santa Maria","ibge":"4316907"}},{"type":"Feature","geometry":{"type":"Point","coordinates":[-53.89501,-29.75121]},"properties":{"nome":"Centro Comunitário São Valentim","tipo":"community_centre","mun":"Santa Maria","ibge":"4316907"}},{"type":"Feature","geometry":{"type":"Point","coordinates":[-54.00956,-29.69338]},"properties":{"nome":"EEEF Almiro Beltrame","tipo":"school","mun":"Santa Maria","ibge":"4316907"}},{"type":"Feature","geometry":{"type":"Point","coordinates":[-51.19451,-30.0564]},"properties":{"nome":"Escola Sitio do Pica Pau Amarelo","tipo":"school","mun":"Porto Alegre","ibge":"4314902"}},{"type":"Feature","geometry":{"type":"Point","coordinates":[-51.19423,-30.06535]},"properties":{"nome":"Escola Pequena Casa da Crianca","tipo":"school","mun":"Porto Alegre","ibge":"4314902"}},{"type":"Feature","geometry":{"type":"Point","coordinates":[-51.20805,-30.06847]},"properties":{"nome":"Centro de Comunidade George Black","tipo":"community_centre","mun":"Porto Alegre","ibge":"4314902"}},{"type":"Feature","geometry":{"type":"Point","coordinates":[-51.21383,-30.0563]},"properties":{"nome":"Escola Cristã da Brasa","tipo":"school","mun":"Porto Alegre","ibge":"4314902"}},{"type":"Feature","geometry":{"type":"Point","coordinates":[-53.99436,-29.76739]},"properties":{"nome":"EMEF José Paim de Oliveira","tipo":"school","mun":"Santa Maria","ibge":"4316907"}},{"type":"Feature","geometry":{"type":"Point","coordinates":[-51.18627,-30.00376]},"properties":{"nome":"Escola Lar Feliz","tipo":"school","mun":"Porto Alegre","ibge":"4314902"}},{"type":"Feature","geometry":{"type":"Point","coordinates":[-51.154,-30.01604]},"properties":{"nome":"Escola Constructor","tipo":"school","mun":"Porto Alegre","ibge":"4314902"}},{"type":"Feature","geometry":{"type":"Point","coordinates":[-51.15957,-30.04224]},"properties":{"nome":"Quadras de tênis Bohrer","tipo":"sports_centre","mun":"Porto Alegre","ibge":"4314902"}},{"type":"Feature","geometry":{"type":"Point","coordinates":[-51.1606,-30.0415]},"properties":{"nome":"Clube Bom Sucesso","tipo":"community_centre","mun":"Porto Alegre","ibge":"4314902"}},{"type":"Feature","geometry":{"type":"Point","coordinates":[-51.90336,-27.5007]},"properties":{"nome":"Club Nàutico","tipo":"sports_centre","mun":"Marcelino Ramos","ibge":"4311908"}},{"type":"Feature","geometry":{"type":"Point","coordinates":[-51.15426,-30.05015]},"properties":{"nome":"Associação Nossa Senhora do Perpétuo Socorro","tipo":"community_centre","mun":"Porto Alegre","ibge":"4314902"}},{"type":"Feature","geometry":{"type":"Point","coordinates":[-51.14912,-30.05156]},"properties":{"nome":"Associação dos Moradores CEFER II","tipo":"community_centre","mun":"Porto Alegre","ibge":"4314902"}},{"type":"Feature","geometry":{"type":"Point","coordinates":[-51.14966,-30.05524]},"properties":{"nome":"Associação dos Moradores IPE2","tipo":"community_centre","mun":"Porto Alegre","ibge":"4314902"}},{"type":"Feature","geometry":{"type":"Point","coordinates":[-51.17116,-30.06326]},"properties":{"nome":"Escola de Educação Infantil Mundo da Imaginação","tipo":"school","mun":"Porto Alegre","ibge":"4314902"}},{"type":"Feature","geometry":{"type":"Point","coordinates":[-51.17444,-30.06456]},"properties":{"nome":"Associação dos Moradores da Vila João Pessoa","tipo":"community_centre","mun":"Porto Alegre","ibge":"4314902"}},{"type":"Feature","geometry":{"type":"Point","coordinates":[-51.16696,-30.07037]},"properties":{"nome":"Escola de Educação Infantil ACOMUR","tipo":"school","mun":"Porto Alegre","ibge":"4314902"}},{"type":"Feature","geometry":{"type":"Point","coordinates":[-51.16174,-30.07583]},"properties":{"nome":"Associação Comunitária do Morro da Cruz","tipo":"community_centre","mun":"Porto Alegre","ibge":"4314902"}},{"type":"Feature","geometry":{"type":"Point","coordinates":[-51.17304,-30.08325]},"properties":{"nome":"Associação Comunitária Chácara dos Bombeiros","tipo":"community_centre","mun":"Porto Alegre","ibge":"4314902"}},{"type":"Feature","geometry":{"type":"Point","coordinates":[-51.68555,-29.27206]},"properties":{"nome":"Ginásio Municipal Padre Luis Simonaggio","tipo":"sports_centre","mun":"Coronel Pilar","ibge":"4305934"}},{"type":"Feature","geometry":{"type":"Point","coordinates":[-51.68631,-29.27304]},"properties":{"nome":"Salão Comunitário","tipo":"community_centre","mun":"Coronel Pilar","ibge":"4305934"}},{"type":"Feature","geometry":{"type":"Point","coordinates":[-51.68808,-29.27308]},"properties":{"nome":"Escola Estadual São Lourenço","tipo":"school","mun":"Coronel Pilar","ibge":"4305934"}},{"type":"Feature","geometry":{"type":"Point","coordinates":[-51.178,-30.07441]},"properties":{"nome":"Comunidade São Miguel","tipo":"community_centre","mun":"Porto Alegre","ibge":"4314902"}},{"type":"Feature","geometry":{"type":"Point","coordinates":[-51.21468,-30.09004]},"properties":{"nome":"Escola Doutor Victor de Britto","tipo":"school","mun":"Porto Alegre","ibge":"4314902"}},{"type":"Feature","geometry":{"type":"Point","coordinates":[-51.22738,-30.08245]},"properties":{"nome":"AMOVIC - Associação dos Moradores da Vila Cruzeiro","tipo":"community_centre","mun":"Porto Alegre","ibge":"4314902"}},{"type":"Feature","geometry":{"type":"Point","coordinates":[-51.22849,-30.08285]},"properties":{"nome":"Escola de Educação Infantil Nossa Senhora de Fátima - Dom Orione","tipo":"school","mun":"Porto Alegre","ibge":"4314902"}},{"type":"Feature","geometry":{"type":"Point","coordinates":[-51.22798,-30.09476]},"properties":{"nome":"Stillo Zona Sul","tipo":"sports_centre","mun":"Porto Alegre","ibge":"4314902"}},{"type":"Feature","geometry":{"type":"Point","coordinates":[-51.24526,-30.09487]},"properties":{"nome":"Colégio Leonardo da Vinci Beta","tipo":"school","mun":"Porto Alegre","ibge":"4314902"}},{"type":"Feature","geometry":{"type":"Point","coordinates":[-51.23225,-30.09799]},"properties":{"nome":"Escola Roque Gonzales","tipo":"school","mun":"Porto Alegre","ibge":"4314902"}},{"type":"Feature","geometry":{"type":"Point","coordinates":[-51.22089,-30.14642]},"properties":{"nome":"Escola Clotilde Cachapuz de Medeiros","tipo":"school","mun":"Porto Alegre","ibge":"4314902"}},{"type":"Feature","geometry":{"type":"Point","coordinates":[-51.16567,-30.20915]},"properties":{"nome":"Escola Nehyta Martins Ramos","tipo":"school","mun":"Porto Alegre","ibge":"4314902"}},{"type":"Feature","geometry":{"type":"Point","coordinates":[-51.24717,-29.98654]},"properties":{"nome":"Escola Oscar Schimit","tipo":"school","mun":"Porto Alegre","ibge":"4314902"}},{"type":"Feature","geometry":{"type":"Point","coordinates":[-51.19274,-29.99343]},"properties":{"nome":"Escola Lions Club Porto Alegre Farrapos","tipo":"school","mun":"Porto Alegre","ibge":"4314902"}},{"type":"Feature","geometry":{"type":"Point","coordinates":[-51.19515,-29.97998]},"properties":{"nome":"Centro Social de Educação e Cultura Fundação Fé e Alegria","tipo":"community_centre","mun":"Porto Alegre","ibge":"4314902"}},{"type":"Feature","geometry":{"type":"Point","coordinates":[-51.18587,-29.98015]},"properties":{"nome":"Escola Municipal de Educação Infantil Humaitá","tipo":"school","mun":"Porto Alegre","ibge":"4314902"}},{"type":"Feature","geometry":{"type":"Point","coordinates":[-51.16507,-29.96338]},"properties":{"nome":"AMUJB - Associação de Moradores Unidos da João de Barro","tipo":"community_centre","mun":"Canoas","ibge":"4304606"}},{"type":"Feature","geometry":{"type":"Point","coordinates":[-51.1777,-30.01608]},"properties":{"nome":"Escola Padre Theodoro Amstad","tipo":"school","mun":"Porto Alegre","ibge":"4314902"}},{"type":"Feature","geometry":{"type":"Point","coordinates":[-51.13156,-29.98302]},"properties":{"nome":"Escola Cristóvão Colombo","tipo":"school","mun":"Porto Alegre","ibge":"4314902"}},{"type":"Feature","geometry":{"type":"Point","coordinates":[-51.3938,-28.12539]},"properties":{"nome":"Escola Estadual Doutor Abelardo José Nacul","tipo":"school","mun":"Capão Bonito do Sul","ibge":"4304622"}},{"type":"Feature","geometry":{"type":"Point","coordinates":[-51.39157,-28.13151]},"properties":{"nome":"Escola Municipal Firmino Frizzo","tipo":"school","mun":"Capão Bonito do Sul","ibge":"4304622"}},{"type":"Feature","geometry":{"type":"Point","coordinates":[-51.39438,-28.12699]},"properties":{"nome":"Gaúcho Futebol Clube","tipo":"community_centre","mun":"Capão Bonito do Sul","ibge":"4304622"}},{"type":"Feature","geometry":{"type":"Point","coordinates":[-51.25273,-30.02785]},"properties":{"nome":"Escola Maria José Mabilde","tipo":"school","mun":"Porto Alegre","ibge":"4314902"}},{"type":"Feature","geometry":{"type":"Point","coordinates":[-51.25967,-30.01402]},"properties":{"nome":"Escola Almirante Barroso","tipo":"school","mun":"Porto Alegre","ibge":"4314902"}},{"type":"Feature","geometry":{"type":"Point","coordinates":[-51.26106,-30.01596]},"properties":{"nome":"CTG Madrugada Campeira","tipo":"community_centre","mun":"Porto Alegre","ibge":"4314902"}},{"type":"Feature","geometry":{"type":"Point","coordinates":[-51.12443,-30.0017]},"properties":{"nome":"Escola Infantil Canarinho","tipo":"school","mun":"Porto Alegre","ibge":"4314902"}},{"type":"Feature","geometry":{"type":"Point","coordinates":[-51.537,-27.92611]},"properties":{"nome":"Escola Estadual Gustavo Biazus","tipo":"school","mun":"Tupanci do Sul","ibge":"4322186"}},{"type":"Feature","geometry":{"type":"Point","coordinates":[-51.53838,-27.92462]},"properties":{"nome":"Salão Nossa Senhora da Saúde","tipo":"community_centre","mun":"Tupanci do Sul","ibge":"4322186"}},{"type":"Feature","geometry":{"type":"Point","coordinates":[-51.54156,-27.91787]},"properties":{"nome":"Escola Municipal João Munari","tipo":"school","mun":"Tupanci do Sul","ibge":"4322186"}},{"type":"Feature","geometry":{"type":"Point","coordinates":[-51.54057,-27.91789]},"properties":{"nome":"Ginásio de Esportes","tipo":"sports_centre","mun":"Tupanci do Sul","ibge":"4322186"}},{"type":"Feature","geometry":{"type":"Point","coordinates":[-51.10711,-29.99128]},"properties":{"nome":"Ação Comunitária Paroquial - Núcleo 2","tipo":"community_centre","mun":"Porto Alegre","ibge":"4314902"}},{"type":"Feature","geometry":{"type":"Point","coordinates":[-51.09287,-29.99844]},"properties":{"nome":"Colégio Luterano São Paulo","tipo":"school","mun":"Porto Alegre","ibge":"4314902"}},{"type":"Feature","geometry":{"type":"Point","coordinates":[-51.15359,-30.0408]},"properties":{"nome":"Centro Esportivo C. J. Felix","tipo":"sports_centre","mun":"Porto Alegre","ibge":"4314902"}},{"type":"Feature","geometry":{"type":"Point","coordinates":[-51.15498,-30.07146]},"properties":{"nome":"CTG","tipo":"community_centre","mun":"Porto Alegre","ibge":"4314902"}},{"type":"Feature","geometry":{"type":"Point","coordinates":[-51.15549,-30.06968]},"properties":{"nome":"Associação Comunitária Jardim Bento Gonçalves","tipo":"community_centre","mun":"Porto Alegre","ibge":"4314902"}},{"type":"Feature","geometry":{"type":"Point","coordinates":[-51.1709,-30.10406]},"properties":{"nome":"Escola Anita Garibaldi","tipo":"school","mun":"Porto Alegre","ibge":"4314902"}},{"type":"Feature","geometry":{"type":"Point","coordinates":[-51.15601,-30.07028]},"properties":{"nome":"Escola Professora Marina Martins de Souza","tipo":"school","mun":"Porto Alegre","ibge":"4314902"}},{"type":"Feature","geometry":{"type":"Point","coordinates":[-53.83099,-29.68493]},"properties":{"nome":"EMEF Castro Alves","tipo":"school","mun":"Santa Maria","ibge":"4316907"}},{"type":"Feature","geometry":{"type":"Point","coordinates":[-53.6758,-29.89089]},"properties":{"nome":"Comunidade Nossa Senhora da Conceição","tipo":"community_centre","mun":"Santa Maria","ibge":"4316907"}},{"type":"Feature","geometry":{"type":"Point","coordinates":[-51.21007,-30.11566]},"properties":{"nome":"Escola Alberto Torres","tipo":"school","mun":"Porto Alegre","ibge":"4314902"}},{"type":"Feature","geometry":{"type":"Point","coordinates":[-51.17679,-30.12061]},"properties":{"nome":"Escola Dona Luiza Freitas Vale Aranha","tipo":"school","mun":"Porto Alegre","ibge":"4314902"}},{"type":"Feature","geometry":{"type":"Point","coordinates":[-51.14521,-30.15027]},"properties":{"nome":"Escola Ensino Fundamental Ananda Marga","tipo":"school","mun":"Porto Alegre","ibge":"4314902"}},{"type":"Feature","geometry":{"type":"Point","coordinates":[-51.11623,-30.20467]},"properties":{"nome":"Escola General Neto","tipo":"school","mun":"Porto Alegre","ibge":"4314902"}},{"type":"Feature","geometry":{"type":"Point","coordinates":[-51.21715,-30.06296]},"properties":{"nome":"Colégio General Álvaro Alves da Silva Braga","tipo":"school","mun":"Porto Alegre","ibge":"4314902"}},{"type":"Feature","geometry":{"type":"Point","coordinates":[-51.21143,-30.0484]},"properties":{"nome":"Colégio Inácio Montanha","tipo":"school","mun":"Porto Alegre","ibge":"4314902"}},{"type":"Feature","geometry":{"type":"Point","coordinates":[-51.207,-30.08137]},"properties":{"nome":"Colégio Pastor Dohms Zona Sul","tipo":"school","mun":"Porto Alegre","ibge":"4314902"}},{"type":"Feature","geometry":{"type":"Point","coordinates":[-51.18919,-30.06955]},"properties":{"nome":"Escola de Formação e Especialização de Soldados de Porto Alegre","tipo":"school","mun":"Porto Alegre","ibge":"4314902"}},{"type":"Feature","geometry":{"type":"Point","coordinates":[-51.2055,-30.0619]},"properties":{"nome":"Escola Ayrton Senna da Silva","tipo":"school","mun":"Porto Alegre","ibge":"4314902"}},{"type":"Feature","geometry":{"type":"Point","coordinates":[-51.18833,-30.06811]},"properties":{"nome":"Escola Coronel Aparício Borges","tipo":"school","mun":"Porto Alegre","ibge":"4314902"}},{"type":"Feature","geometry":{"type":"Point","coordinates":[-51.192,-30.0781]},"properties":{"nome":"Escola Espírito Santo","tipo":"school","mun":"Porto Alegre","ibge":"4314902"}},{"type":"Feature","geometry":{"type":"Point","coordinates":[-51.20211,-30.04271]},"properties":{"nome":"Escola Felipe de Oliveira","tipo":"school","mun":"Porto Alegre","ibge":"4314902"}},{"type":"Feature","geometry":{"type":"Point","coordinates":[-51.20661,-30.05772]},"properties":{"nome":"Escola Gabriela Mistral","tipo":"school","mun":"Porto Alegre","ibge":"4314902"}},{"type":"Feature","geometry":{"type":"Point","coordinates":[-51.21205,-30.0409]},"properties":{"nome":"Escola Luciana de Abreu","tipo":"school","mun":"Porto Alegre","ibge":"4314902"}},{"type":"Feature","geometry":{"type":"Point","coordinates":[-51.08658,-30.00358]},"properties":{"nome":"Associação dos Moradores do Bairro Germânia","tipo":"community_centre","mun":"Alvorada","ibge":"4300604"}},{"type":"Feature","geometry":{"type":"Point","coordinates":[-51.25842,-30.01809]},"properties":{"nome":"Associação dos Amigos, Artesãos e Pescadortes da Ilha da Pintada","tipo":"community_centre","mun":"Porto Alegre","ibge":"4314902"}},{"type":"Feature","geometry":{"type":"Point","coordinates":[-51.22451,-29.99348]},"properties":{"nome":"Escola Alvarenga Peixoto","tipo":"school","mun":"Porto Alegre","ibge":"4314902"}},{"type":"Feature","geometry":{"type":"Point","coordinates":[-51.23064,-29.96791]},"properties":{"nome":"Escola Marista de Educação Infantil Nossa Senhora Aparecida das Águas","tipo":"school","mun":"Porto Alegre","ibge":"4314902"}},{"type":"Feature","geometry":{"type":"Point","coordinates":[-51.26034,-30.0168]},"properties":{"nome":"Escola Ilha da Pintada","tipo":"school","mun":"Porto Alegre","ibge":"4314902"}},{"type":"Feature","geometry":{"type":"Point","coordinates":[-51.19502,-30.05229]},"properties":{"nome":"Escola Doutor Emilio Kemp","tipo":"school","mun":"Porto Alegre","ibge":"4314902"}},{"type":"Feature","geometry":{"type":"Point","coordinates":[-51.20221,-30.04429]},"properties":{"nome":"Escola São Francisco de Assis","tipo":"school","mun":"Porto Alegre","ibge":"4314902"}},{"type":"Feature","geometry":{"type":"Point","coordinates":[-53.81941,-29.7025]},"properties":{"nome":"EMEF Duque de Caxias","tipo":"school","mun":"Santa Maria","ibge":"4316907"}},{"type":"Feature","geometry":{"type":"Point","coordinates":[-51.12527,-30.03095]},"properties":{"nome":"Escola Ana Íris do Amaral","tipo":"school","mun":"Porto Alegre","ibge":"4314902"}},{"type":"Feature","geometry":{"type":"Point","coordinates":[-51.15745,-30.03479]},"properties":{"nome":"Escola Açorianos","tipo":"school","mun":"Porto Alegre","ibge":"4314902"}},{"type":"Feature","geometry":{"type":"Point","coordinates":[-51.23948,-30.03656]},"properties":{"nome":"Escola Porto Alegre","tipo":"school","mun":"Porto Alegre","ibge":"4314902"}},{"type":"Feature","geometry":{"type":"Point","coordinates":[-51.20106,-30.00112]},"properties":{"nome":"Escola Primeiro de Maio","tipo":"school","mun":"Porto Alegre","ibge":"4314902"}},{"type":"Feature","geometry":{"type":"Point","coordinates":[-51.19986,-30.01082]},"properties":{"nome":"Escola Souza Lobo","tipo":"school","mun":"Porto Alegre","ibge":"4314902"}},{"type":"Feature","geometry":{"type":"Point","coordinates":[-51.19906,-30.00964]},"properties":{"nome":"Instituto São Francisco Santa Familia","tipo":"school","mun":"Porto Alegre","ibge":"4314902"}},{"type":"Feature","geometry":{"type":"Point","coordinates":[-51.95249,-29.38934]},"properties":{"nome":"Escola Bela Vista","tipo":"school","mun":"Arroio do Meio","ibge":"4301008"}},{"type":"Feature","geometry":{"type":"Point","coordinates":[-51.95277,-29.38932]},"properties":{"nome":"Salão Comunitário Bela Vista","tipo":"community_centre","mun":"Arroio do Meio","ibge":"4301008"}},{"type":"Feature","geometry":{"type":"Point","coordinates":[-51.10392,-30.02406]},"properties":{"nome":"Escola Grande Oriente do RGS","tipo":"school","mun":"Porto Alegre","ibge":"4314902"}},{"type":"Feature","geometry":{"type":"Point","coordinates":[-51.10531,-30.01909]},"properties":{"nome":"Escola Julio Brunelli","tipo":"school","mun":"Porto Alegre","ibge":"4314902"}},{"type":"Feature","geometry":{"type":"Point","coordinates":[-51.12311,-30.03986]},"properties":{"nome":"Escola Professor Alcides Cunha","tipo":"school","mun":"Porto Alegre","ibge":"4314902"}},{"type":"Feature","geometry":{"type":"Point","coordinates":[-51.10296,-30.02477]},"properties":{"nome":"Instituição de Educação Infantil Madre Teresa","tipo":"school","mun":"Porto Alegre","ibge":"4314902"}},{"type":"Feature","geometry":{"type":"Point","coordinates":[-54.75046,-28.12718]},"properties":{"nome":"E.M.E.F. Padre José Schardong","tipo":"school","mun":"Cerro Largo","ibge":"4305207"}},{"type":"Feature","geometry":{"type":"Point","coordinates":[-54.7326,-28.13892]},"properties":{"nome":"E.M.E.F. Jacob Reinaldo Haupenthal","tipo":"school","mun":"Cerro Largo","ibge":"4305207"}},{"type":"Feature","geometry":{"type":"Point","coordinates":[-54.73625,-28.15512]},"properties":{"nome":"E.E.E.B. Eugênio Frantz","tipo":"school","mun":"Cerro Largo","ibge":"4305207"}},{"type":"Feature","geometry":{"type":"Point","coordinates":[-54.72079,-28.1515]},"properties":{"nome":"E.E.E.F. Sargento Sílvio","tipo":"school","mun":"Cerro Largo","ibge":"4305207"}},{"type":"Feature","geometry":{"type":"Point","coordinates":[-54.74603,-28.14691]},"properties":{"nome":"E.E.E.F. Padre Traezel","tipo":"school","mun":"Cerro Largo","ibge":"4305207"}},{"type":"Feature","geometry":{"type":"Point","coordinates":[-54.73505,-28.15519]},"properties":{"nome":"E.M.E.I. Irmão Ambrósio","tipo":"school","mun":"Cerro Largo","ibge":"4305207"}},{"type":"Feature","geometry":{"type":"Point","coordinates":[-54.75077,-28.14004]},"properties":{"nome":"Centro Comunitário São Fernando","tipo":"community_centre","mun":"Cerro Largo","ibge":"4305207"}},{"type":"Feature","geometry":{"type":"Point","coordinates":[-54.73874,-28.14898]},"properties":{"nome":"Salão Paroquial","tipo":"community_centre","mun":"Cerro Largo","ibge":"4305207"}},{"type":"Feature","geometry":{"type":"Point","coordinates":[-51.13829,-29.14788]},"properties":{"nome":"Plásticos Pisani - Sede Caspestre","tipo":"sports_centre","mun":"Caxias do Sul","ibge":"4305108"}},{"type":"Feature","geometry":{"type":"Point","coordinates":[-53.38583,-31.57983]},"properties":{"nome":"E.E. Cel. Hipólito Ribeiro","tipo":"school","mun":"Pinheiro Machado","ibge":"4314506"}},{"type":"Feature","geometry":{"type":"Point","coordinates":[-52.78928,-28.30322]},"properties":{"nome":"Escola Estadual Oniva de Moura Brizola","tipo":"school","mun":"Carazinho","ibge":"4304705"}},{"type":"Feature","geometry":{"type":"Point","coordinates":[-52.78777,-28.3006]},"properties":{"nome":"Escola Municipal de Primeiro Grau João XXIII","tipo":"school","mun":"Carazinho","ibge":"4304705"}},{"type":"Feature","geometry":{"type":"Point","coordinates":[-51.13233,-30.15397]},"properties":{"nome":"Escola Mario Quintana","tipo":"school","mun":"Porto Alegre","ibge":"4314902"}},{"type":"Feature","geometry":{"type":"Point","coordinates":[-51.05685,-29.99074]},"properties":{"nome":"Liga Elementar da Mulher","tipo":"community_centre","mun":"Alvorada","ibge":"4300604"}},{"type":"Feature","geometry":{"type":"Point","coordinates":[-51.05753,-29.99068]},"properties":{"nome":"Escola Estadual de Ensino Fundamental Mauricio Sirotsky Sobrinho","tipo":"school","mun":"Alvorada","ibge":"4300604"}},{"type":"Feature","geometry":{"type":"Point","coordinates":[-53.52958,-29.71251]},"properties":{"nome":"Centro Comunitário Santa Lúcia","tipo":"community_centre","mun":"Restinga Sêca","ibge":"4315503"}},{"type":"Feature","geometry":{"type":"Point","coordinates":[-53.43312,-29.68555]},"properties":{"nome":"Centro Comunitário São Roque","tipo":"community_centre","mun":"Restinga Sêca","ibge":"4315503"}},{"type":"Feature","geometry":{"type":"Point","coordinates":[-52.02559,-28.49602]},"properties":{"nome":"EEEB Padre Aneto Bogni","tipo":"school","mun":"Santo Antônio do Palma","ibge":"4317558"}},{"type":"Feature","geometry":{"type":"Point","coordinates":[-52.02644,-28.49793]},"properties":{"nome":"Salão Comunitário","tipo":"community_centre","mun":"Santo Antônio do Palma","ibge":"4317558"}},{"type":"Feature","geometry":{"type":"Point","coordinates":[-50.14714,-30.0093]},"properties":{"nome":"EMEF Erineo Scopel Rapaki","tipo":"school","mun":"Tramandaí","ibge":"4321600"}},{"type":"Feature","geometry":{"type":"Point","coordinates":[-53.31082,-29.7136]},"properties":{"nome":"EMEF Sete de Setembro","tipo":"school","mun":"Restinga Sêca","ibge":"4315503"}},{"type":"Feature","geometry":{"type":"Point","coordinates":[-51.17813,-30.07193]},"properties":{"nome":"Escola Madre Maria Selima","tipo":"school","mun":"Porto Alegre","ibge":"4314902"}},{"type":"Feature","geometry":{"type":"Point","coordinates":[-51.174,-30.0677]},"properties":{"nome":"Escola Jerônimo de Albuquerque","tipo":"school","mun":"Porto Alegre","ibge":"4314902"}},{"type":"Feature","geometry":{"type":"Point","coordinates":[-51.16353,-30.06611]},"properties":{"nome":"Escola Luiz de Azambuja Soares","tipo":"school","mun":"Porto Alegre","ibge":"4314902"}},{"type":"Feature","geometry":{"type":"Point","coordinates":[-51.16981,-30.07081]},"properties":{"nome":"Escola Doutor Walter Silber","tipo":"school","mun":"Porto Alegre","ibge":"4314902"}},{"type":"Feature","geometry":{"type":"Point","coordinates":[-51.16186,-30.06689]},"properties":{"nome":"Escola Araújo Viana","tipo":"school","mun":"Porto Alegre","ibge":"4314902"}},{"type":"Feature","geometry":{"type":"Point","coordinates":[-51.16592,-30.06799]},"properties":{"nome":"Escola de Educação Infantil Pequeno Polegar","tipo":"school","mun":"Porto Alegre","ibge":"4314902"}},{"type":"Feature","geometry":{"type":"Point","coordinates":[-51.17179,-30.06436]},"properties":{"nome":"Escola de Educação Infantil Turma do Barulho","tipo":"school","mun":"Porto Alegre","ibge":"4314902"}},{"type":"Feature","geometry":{"type":"Point","coordinates":[-52.84324,-27.30169]},"properties":{"nome":"Ginásio Municipal de Esportes","tipo":"sports_centre","mun":"Rio dos Índios","ibge":"4315552"}},{"type":"Feature","geometry":{"type":"Point","coordinates":[-52.84276,-27.30111]},"properties":{"nome":"Escola Estadual Romano Padoan","tipo":"school","mun":"Rio dos Índios","ibge":"4315552"}},{"type":"Feature","geometry":{"type":"Point","coordinates":[-53.74415,-29.70736]},"properties":{"nome":"Escola de Futebol Piá","tipo":"school","mun":"Santa Maria","ibge":"4316907"}},{"type":"Feature","geometry":{"type":"Point","coordinates":[-53.1351,-29.93483]},"properties":{"nome":"Escola Estadual de Ensino Fundamental Marcelo Gama","tipo":"school","mun":"Restinga Sêca","ibge":"4315503"}},{"type":"Feature","geometry":{"type":"Point","coordinates":[-53.33516,-29.87798]},"properties":{"nome":"Centro Comunitário do Boqueirão da Estiva","tipo":"community_centre","mun":"Restinga Sêca","ibge":"4315503"}},{"type":"Feature","geometry":{"type":"Point","coordinates":[-53.81919,-29.86407]},"properties":{"nome":"Centro Comunitário da Colônia Pinheiro","tipo":"community_centre","mun":"Santa Maria","ibge":"4316907"}},{"type":"Feature","geometry":{"type":"Point","coordinates":[-53.66206,-29.67105]},"properties":{"nome":"Escola Estadual de Ensino Fundamental Arroio Grande","tipo":"school","mun":"Santa Maria","ibge":"4316907"}},{"type":"Feature","geometry":{"type":"Point","coordinates":[-53.37029,-29.81803]},"properties":{"nome":"Ginásio Municipal Romano Cantarelli","tipo":"sports_centre","mun":"Restinga Sêca","ibge":"4315503"}},{"type":"Feature","geometry":{"type":"Point","coordinates":[-52.60114,-31.57924]},"properties":{"nome":"Salão da IELB","tipo":"community_centre","mun":"Morro Redondo","ibge":"4312450"}},{"type":"Feature","geometry":{"type":"Point","coordinates":[-52.60168,-31.57666]},"properties":{"nome":"Escola Municipal de São Pedro","tipo":"school","mun":"Morro Redondo","ibge":"4312450"}},{"type":"Feature","geometry":{"type":"Point","coordinates":[-50.26648,-29.90363]},"properties":{"nome":"E.M.E.I. Bem-Me-Quer","tipo":"school","mun":"Osório","ibge":"4313508"}},{"type":"Feature","geometry":{"type":"Point","coordinates":[-50.02659,-29.75223]},"properties":{"nome":"Escola Municipal de Ensino Fundamental Prefeito Jorge Dariva","tipo":"school","mun":"Capão da Canoa","ibge":"4304630"}},{"type":"Feature","geometry":{"type":"Point","coordinates":[-50.02294,-29.76181]},"properties":{"nome":"Instituto de Educação Divina Providência","tipo":"school","mun":"Capão da Canoa","ibge":"4304630"}},{"type":"Feature","geometry":{"type":"Point","coordinates":[-50.02329,-29.76226]},"properties":{"nome":"Escola de Educação Infantil Irmã Lucia","tipo":"school","mun":"Capão da Canoa","ibge":"4304630"}},{"type":"Feature","geometry":{"type":"Point","coordinates":[-51.41635,-29.44883]},"properties":{"nome":"Escola Pe. Balduino Rambo","tipo":"school","mun":"Tupandi","ibge":"4322251"}},{"type":"Feature","geometry":{"type":"Point","coordinates":[-53.64954,-28.31839]},"properties":{"nome":"Escola Estadual de Ensino Fundamental São João Batista","tipo":"school","mun":"Panambi","ibge":"4313904"}},{"type":"Feature","geometry":{"type":"Point","coordinates":[-53.58222,-29.44781]},"properties":{"nome":"Centro Comunitário Santa Terezinha","tipo":"community_centre","mun":"Júlio de Castilhos","ibge":"4311205"}},{"type":"Feature","geometry":{"type":"Point","coordinates":[-53.53433,-29.43289]},"properties":{"nome":"Centro Comunitário São João dos Mellos","tipo":"community_centre","mun":"Júlio de Castilhos","ibge":"4311205"}},{"type":"Feature","geometry":{"type":"Point","coordinates":[-50.67878,-29.56297]},"properties":{"nome":"Centro da Igreja Luterana de Padilha","tipo":"community_centre","mun":"Taquara","ibge":"4321204"}},{"type":"Feature","geometry":{"type":"Point","coordinates":[-50.03154,-29.75523]},"properties":{"nome":"Escola Municipal Professora Zilpa Mattivi de Oliveira","tipo":"school","mun":"Capão da Canoa","ibge":"4304630"}},{"type":"Feature","geometry":{"type":"Point","coordinates":[-51.42103,-29.47675]},"properties":{"nome":"Sociedade Cultural e Recreativa São Luiz","tipo":"community_centre","mun":"Tupandi","ibge":"4322251"}},{"type":"Feature","geometry":{"type":"Point","coordinates":[-50.01832,-29.75447]},"properties":{"nome":"Escola Luiz Moschetti","tipo":"school","mun":"Capão da Canoa","ibge":"4304630"}},{"type":"Feature","geometry":{"type":"Point","coordinates":[-49.92654,-29.45868]},"properties":{"nome":"Escola Estadual Maria Angelina Maggi","tipo":"school","mun":"Três Cachoeiras","ibge":"4321667"}},{"type":"Feature","geometry":{"type":"Point","coordinates":[-53.70549,-29.75038]},"properties":{"nome":"EMEF Bernardino Fernandes","tipo":"school","mun":"Santa Maria","ibge":"4316907"}},{"type":"Feature","geometry":{"type":"Point","coordinates":[-53.35807,-29.6251]},"properties":{"nome":"Escola Maria Ilha Baisch","tipo":"school","mun":"Dona Francisca","ibge":"4306700"}},{"type":"Feature","geometry":{"type":"Point","coordinates":[-53.44759,-29.61936]},"properties":{"nome":"EEEB João XXIII","tipo":"school","mun":"São João do Polêsine","ibge":"4318432"}},{"type":"Feature","geometry":{"type":"Point","coordinates":[-53.49202,-29.58709]},"properties":{"nome":"Colégio São Domingos","tipo":"school","mun":"Faxinal do Soturno","ibge":"4308003"}},{"type":"Feature","geometry":{"type":"Point","coordinates":[-50.27206,-29.89572]},"properties":{"nome":"E.E.E.M. Maria Teresa Vilanova de Castilhos (Polivalente)","tipo":"school","mun":"Osório","ibge":"4313508"}},{"type":"Feature","geometry":{"type":"Point","coordinates":[-54.76525,-27.65922]},"properties":{"nome":"Escola Alecrim","tipo":"school","mun":"Alecrim","ibge":"4300307"}},{"type":"Feature","geometry":{"type":"Point","coordinates":[-54.76603,-27.65559]},"properties":{"nome":"Escola Assis Brasil","tipo":"school","mun":"Alecrim","ibge":"4300307"}},{"type":"Feature","geometry":{"type":"Point","coordinates":[-54.73039,-27.69629]},"properties":{"nome":"Salão Comunitário","tipo":"community_centre","mun":"Alecrim","ibge":"4300307"}},{"type":"Feature","geometry":{"type":"Point","coordinates":[-51.33804,-30.12061]},"properties":{"nome":"I.E. Dr. Carlos Augusto de Moura & Cunha","tipo":"school","mun":"Guaíba","ibge":"4309308"}},{"type":"Feature","geometry":{"type":"Point","coordinates":[-51.31505,-30.11338]},"properties":{"nome":"Escola Estadual de Ensino Fundamental Otaviano Manoel de Oliveira Junior","tipo":"school","mun":"Guaíba","ibge":"4309308"}},{"type":"Feature","geometry":{"type":"Point","coordinates":[-51.31629,-30.10584]},"properties":{"nome":"INSTITUTO ESTADUAL DE EDUCAÇÃO GOMES JARDIM","tipo":"school","mun":"Guaíba","ibge":"4309308"}},{"type":"Feature","geometry":{"type":"Point","coordinates":[-53.60495,-28.63817]},"properties":{"nome":"Colégio Franciscano Santíssima Trindade","tipo":"school","mun":"Cruz Alta","ibge":"4306106"}},{"type":"Feature","geometry":{"type":"Point","coordinates":[-53.60068,-28.6429]},"properties":{"nome":"Escola Gabriel Miranda","tipo":"school","mun":"Cruz Alta","ibge":"4306106"}},{"type":"Feature","geometry":{"type":"Point","coordinates":[-53.60714,-28.64736]},"properties":{"nome":"Clube Cruz-Altense","tipo":"sports_centre","mun":"Cruz Alta","ibge":"4306106"}},{"type":"Feature","geometry":{"type":"Point","coordinates":[-53.60564,-28.64187]},"properties":{"nome":"Clube do Comércio","tipo":"sports_centre","mun":"Cruz Alta","ibge":"4306106"}},{"type":"Feature","geometry":{"type":"Point","coordinates":[-53.6049,-28.64566]},"properties":{"nome":"Gol Mil","tipo":"sports_centre","mun":"Cruz Alta","ibge":"4306106"}},{"type":"Feature","geometry":{"type":"Point","coordinates":[-53.60959,-28.63595]},"properties":{"nome":"Escola Carlos Gomes","tipo":"school","mun":"Cruz Alta","ibge":"4306106"}},{"type":"Feature","geometry":{"type":"Point","coordinates":[-53.58658,-29.64549]},"properties":{"nome":"Praça Poliesportiva 19 de Maio","tipo":"sports_centre","mun":"Silveira Martins","ibge":"4320651"}},{"type":"Feature","geometry":{"type":"Point","coordinates":[-53.59099,-28.64786]},"properties":{"nome":"Escola Arnaldo Ballve","tipo":"school","mun":"Cruz Alta","ibge":"4306106"}},{"type":"Feature","geometry":{"type":"Point","coordinates":[-53.72912,-29.71293]},"properties":{"nome":"Associação Comunitária Monte Bello","tipo":"community_centre","mun":"Santa Maria","ibge":"4316907"}},{"type":"Feature","geometry":{"type":"Point","coordinates":[-50.81559,-29.36533]},"properties":{"nome":"Coopec - Colégio Cidade das Hortênsias","tipo":"school","mun":"Canela","ibge":"4304408"}},{"type":"Feature","geometry":{"type":"Point","coordinates":[-51.21551,-30.04642]},"properties":{"nome":"Escola Tio Barnabé","tipo":"school","mun":"Porto Alegre","ibge":"4314902"}},{"type":"Feature","geometry":{"type":"Point","coordinates":[-51.21243,-30.03396]},"properties":{"nome":"Centro Cultural - Teatro Hebraica","tipo":"community_centre","mun":"Porto Alegre","ibge":"4314902"}},{"type":"Feature","geometry":{"type":"Point","coordinates":[-51.13439,-29.8964]},"properties":{"nome":"Escola Estadual de Ensino Médio Cônego José Leão Hartmann","tipo":"school","mun":"Canoas","ibge":"4304606"}},{"type":"Feature","geometry":{"type":"Point","coordinates":[-53.5658,-28.6443]},"properties":{"nome":"Escola Estadual Arthur Brum","tipo":"school","mun":"Cruz Alta","ibge":"4306106"}},{"type":"Feature","geometry":{"type":"Point","coordinates":[-51.17808,-30.00629]},"properties":{"nome":"Escola Estadual para Surdos Professora Lilia Mazeron","tipo":"school","mun":"Porto Alegre","ibge":"4314902"}},{"type":"Feature","geometry":{"type":"Point","coordinates":[-51.17369,-30.00531]},"properties":{"nome":"Escola Professor Carlos Rodrigues da Silva","tipo":"school","mun":"Porto Alegre","ibge":"4314902"}},{"type":"Feature","geometry":{"type":"Point","coordinates":[-51.2026,-30.005]},"properties":{"nome":"Serviço Social do Comércio Unidade Navegantes","tipo":"community_centre","mun":"Porto Alegre","ibge":"4314902"}},{"type":"Feature","geometry":{"type":"Point","coordinates":[-51.20631,-30.01155]},"properties":{"nome":"Clube Gondoleiros","tipo":"community_centre","mun":"Porto Alegre","ibge":"4314902"}},{"type":"Feature","geometry":{"type":"Point","coordinates":[-53.57953,-28.63975]},"properties":{"nome":"Clube Internacional","tipo":"sports_centre","mun":"Cruz Alta","ibge":"4306106"}},{"type":"Feature","geometry":{"type":"Point","coordinates":[-53.58594,-28.65276]},"properties":{"nome":"E. E. Hildebrando Westphalen","tipo":"school","mun":"Cruz Alta","ibge":"4306106"}},{"type":"Feature","geometry":{"type":"Point","coordinates":[-54.7342,-28.15508]},"properties":{"nome":"Escola especial Novo Amanhã - APAE","tipo":"school","mun":"Cerro Largo","ibge":"4305207"}},{"type":"Feature","geometry":{"type":"Point","coordinates":[-54.79076,-28.12517]},"properties":{"nome":"E. M. E. F. Dom Pedro II","tipo":"school","mun":"Cerro Largo","ibge":"4305207"}},{"type":"Feature","geometry":{"type":"Point","coordinates":[-53.10881,-31.44138]},"properties":{"nome":"AABB","tipo":"community_centre","mun":"Piratini","ibge":"4314605"}},{"type":"Feature","geometry":{"type":"Point","coordinates":[-52.06866,-31.27041]},"properties":{"nome":"Salão Luterano de Boqueirão Velho","tipo":"community_centre","mun":"São Lourenço do Sul","ibge":"4318804"}},{"type":"Feature","geometry":{"type":"Point","coordinates":[-52.08433,-31.28347]},"properties":{"nome":"Escola Estadual Maximiliano Straus","tipo":"school","mun":"São Lourenço do Sul","ibge":"4318804"}},{"type":"Feature","geometry":{"type":"Point","coordinates":[-51.20116,-29.97712]},"properties":{"nome":"Centro de Treinamento Luis Carvalho","tipo":"sports_centre","mun":"Porto Alegre","ibge":"4314902"}},{"type":"Feature","geometry":{"type":"Point","coordinates":[-53.64388,-29.78476]},"properties":{"nome":"Centro Comunitário Santo Antônio","tipo":"community_centre","mun":"Santa Maria","ibge":"4316907"}},{"type":"Feature","geometry":{"type":"Point","coordinates":[-53.11369,-31.37808]},"properties":{"nome":"Ginásio de Esportes","tipo":"sports_centre","mun":"Piratini","ibge":"4314605"}},{"type":"Feature","geometry":{"type":"Point","coordinates":[-53.11171,-31.37704]},"properties":{"nome":"Escola Est. Ens. Fund. República Riograndense","tipo":"school","mun":"Piratini","ibge":"4314605"}},{"type":"Feature","geometry":{"type":"Point","coordinates":[-52.04046,-31.22936]},"properties":{"nome":"Salão Luterano de São João do Sítio","tipo":"community_centre","mun":"São Lourenço do Sul","ibge":"4318804"}},{"type":"Feature","geometry":{"type":"Point","coordinates":[-52.0356,-31.22597]},"properties":{"nome":"Igreja católica São Judas Tadeu","tipo":"community_centre","mun":"São Lourenço do Sul","ibge":"4318804"}},{"type":"Feature","geometry":{"type":"Point","coordinates":[-53.10003,-31.44225]},"properties":{"nome":"CTG 20 de Setembro","tipo":"community_centre","mun":"Piratini","ibge":"4314605"}},{"type":"Feature","geometry":{"type":"Point","coordinates":[-53.59856,-28.63289]},"properties":{"nome":"Escola Estadual Catharino Azambuja","tipo":"school","mun":"Cruz Alta","ibge":"4306106"}},{"type":"Feature","geometry":{"type":"Point","coordinates":[-53.10689,-31.44692]},"properties":{"nome":"Escola Est de  Ens Fund Ruy Ramos","tipo":"school","mun":"Piratini","ibge":"4314605"}},{"type":"Feature","geometry":{"type":"Point","coordinates":[-53.0998,-31.43981]},"properties":{"nome":"Esc Est de Ens Fund Prof Inácia Machado da Silveira","tipo":"school","mun":"Piratini","ibge":"4314605"}},{"type":"Feature","geometry":{"type":"Point","coordinates":[-53.61815,-28.62347]},"properties":{"nome":"Sede Campestre Grêmio Sub. Ten. Sarg.","tipo":"sports_centre","mun":"Cruz Alta","ibge":"4306106"}},{"type":"Feature","geometry":{"type":"Point","coordinates":[-53.60782,-28.62842]},"properties":{"nome":"E. E. E. M. Dom Antônio Reis","tipo":"school","mun":"Cruz Alta","ibge":"4306106"}},{"type":"Feature","geometry":{"type":"Point","coordinates":[-53.60726,-28.62807]},"properties":{"nome":"C I E P Especial","tipo":"school","mun":"Cruz Alta","ibge":"4306106"}},{"type":"Feature","geometry":{"type":"Point","coordinates":[-51.24288,-30.09582]},"properties":{"nome":"Escola Estadual de Ensino Fundamental Rafael Pinto Bandeira","tipo":"school","mun":"Porto Alegre","ibge":"4314902"}},{"type":"Feature","geometry":{"type":"Point","coordinates":[-51.22437,-30.10676]},"properties":{"nome":"Escola Pedro Sirangelo","tipo":"school","mun":"Porto Alegre","ibge":"4314902"}},{"type":"Feature","geometry":{"type":"Point","coordinates":[-51.2425,-30.07788]},"properties":{"nome":"Colégio Estadual Paraná","tipo":"school","mun":"Porto Alegre","ibge":"4314902"}},{"type":"Feature","geometry":{"type":"Point","coordinates":[-51.23766,-30.12694]},"properties":{"nome":"Escola Waldorf Querência","tipo":"school","mun":"Porto Alegre","ibge":"4314902"}},{"type":"Feature","geometry":{"type":"Point","coordinates":[-51.12742,-29.99875]},"properties":{"nome":"Escola Doutor Ferreira de Abreu","tipo":"school","mun":"Porto Alegre","ibge":"4314902"}},{"type":"Feature","geometry":{"type":"Point","coordinates":[-51.1267,-29.9953]},"properties":{"nome":"Colégio Kennedy","tipo":"school","mun":"Porto Alegre","ibge":"4314902"}},{"type":"Feature","geometry":{"type":"Point","coordinates":[-51.19824,-29.9937]},"properties":{"nome":"Escola Carlos Barbosa Goncalves","tipo":"school","mun":"Porto Alegre","ibge":"4314902"}},{"type":"Feature","geometry":{"type":"Point","coordinates":[-51.23722,-30.10802]},"properties":{"nome":"Escola Desenvolver","tipo":"school","mun":"Porto Alegre","ibge":"4314902"}},{"type":"Feature","geometry":{"type":"Point","coordinates":[-51.2417,-30.09764]},"properties":{"nome":"Escola Aramy Silva","tipo":"school","mun":"Porto Alegre","ibge":"4314902"}},{"type":"Feature","geometry":{"type":"Point","coordinates":[-51.23754,-30.09166]},"properties":{"nome":"Escola Fernando Ferrari","tipo":"school","mun":"Porto Alegre","ibge":"4314902"}},{"type":"Feature","geometry":{"type":"Point","coordinates":[-51.22654,-30.00773]},"properties":{"nome":"Ilha do Grêmio","tipo":"community_centre","mun":"Porto Alegre","ibge":"4314902"}},{"type":"Feature","geometry":{"type":"Point","coordinates":[-51.25811,-30.00519]},"properties":{"nome":"Marina da Conga","tipo":"community_centre","mun":"Porto Alegre","ibge":"4314902"}},{"type":"Feature","geometry":{"type":"Point","coordinates":[-51.2326,-30.0828]},"properties":{"nome":"Escola José Loureiro da Silva","tipo":"school","mun":"Porto Alegre","ibge":"4314902"}},{"type":"Feature","geometry":{"type":"Point","coordinates":[-51.10013,-30.01562]},"properties":{"nome":"Escola Engenheiro Rodolfo Ahrons","tipo":"school","mun":"Porto Alegre","ibge":"4314902"}},{"type":"Feature","geometry":{"type":"Point","coordinates":[-51.18061,-30.09076]},"properties":{"nome":"Escola Professor Oscar Pereira","tipo":"school","mun":"Porto Alegre","ibge":"4314902"}},{"type":"Feature","geometry":{"type":"Point","coordinates":[-51.14061,-30.01042]},"properties":{"nome":"Escola Doutor Gustavo Armbrust","tipo":"school","mun":"Porto Alegre","ibge":"4314902"}},{"type":"Feature","geometry":{"type":"Point","coordinates":[-51.1216,-29.99105]},"properties":{"nome":"Escola Humaitá","tipo":"school","mun":"Porto Alegre","ibge":"4314902"}},{"type":"Feature","geometry":{"type":"Point","coordinates":[-51.24573,-30.10152]},"properties":{"nome":"Escola Osorio Duque Estrada","tipo":"school","mun":"Porto Alegre","ibge":"4314902"}},{"type":"Feature","geometry":{"type":"Point","coordinates":[-51.10079,-29.99705]},"properties":{"nome":"Escola Santa Rosa","tipo":"school","mun":"Porto Alegre","ibge":"4314902"}},{"type":"Feature","geometry":{"type":"Point","coordinates":[-51.09561,-30.00807]},"properties":{"nome":"Escola Ministro Poty Medeiros","tipo":"school","mun":"Porto Alegre","ibge":"4314902"}},{"type":"Feature","geometry":{"type":"Point","coordinates":[-51.09114,-29.99716]},"properties":{"nome":"Escola Vinte de Setembro","tipo":"school","mun":"Porto Alegre","ibge":"4314902"}},{"type":"Feature","geometry":{"type":"Point","coordinates":[-51.10139,-30.0013]},"properties":{"nome":"Escola Dutra Jardim","tipo":"school","mun":"Porto Alegre","ibge":"4314902"}},{"type":"Feature","geometry":{"type":"Point","coordinates":[-51.10174,-30.00159]},"properties":{"nome":"Escola Bento Gonçalves","tipo":"school","mun":"Porto Alegre","ibge":"4314902"}},{"type":"Feature","geometry":{"type":"Point","coordinates":[-51.13168,-30.01205]},"properties":{"nome":"Colégio Estadual Professor Elmano Lauffer Leal","tipo":"school","mun":"Porto Alegre","ibge":"4314902"}},{"type":"Feature","geometry":{"type":"Point","coordinates":[-51.12714,-30.01674]},"properties":{"nome":"Escola Presidente Vargas","tipo":"school","mun":"Porto Alegre","ibge":"4314902"}},{"type":"Feature","geometry":{"type":"Point","coordinates":[-51.21085,-30.13746]},"properties":{"nome":"Escola Professor Gilberto Jorge Goncalves da Silva","tipo":"school","mun":"Porto Alegre","ibge":"4314902"}},{"type":"Feature","geometry":{"type":"Point","coordinates":[-51.09305,-29.99911]},"properties":{"nome":"Escola João Antonio Satte","tipo":"school","mun":"Porto Alegre","ibge":"4314902"}},{"type":"Feature","geometry":{"type":"Point","coordinates":[-51.20106,-30.11951]},"properties":{"nome":"Escola Campos do Cristal","tipo":"school","mun":"Porto Alegre","ibge":"4314902"}},{"type":"Feature","geometry":{"type":"Point","coordinates":[-51.09487,-30.00485]},"properties":{"nome":"Escola Jean Piaget","tipo":"school","mun":"Porto Alegre","ibge":"4314902"}},{"type":"Feature","geometry":{"type":"Point","coordinates":[-51.21306,-30.12082]},"properties":{"nome":"Escola de Ensino Fundamental Prof Ana Maria Monteggia","tipo":"school","mun":"Porto Alegre","ibge":"4314902"}},{"type":"Feature","geometry":{"type":"Point","coordinates":[-51.20692,-30.11875]},"properties":{"nome":"Escola Especial João Alfredo de Azevedo","tipo":"school","mun":"Porto Alegre","ibge":"4314902"}},{"type":"Feature","geometry":{"type":"Point","coordinates":[-51.15248,-30.01215]},"properties":{"nome":"Escola Estadual Especial Cristo Redentor","tipo":"school","mun":"Porto Alegre","ibge":"4314902"}},{"type":"Feature","geometry":{"type":"Point","coordinates":[-51.13208,-30.21189]},"properties":{"nome":"Escola Margarida Coelho de Souza","tipo":"school","mun":"Porto Alegre","ibge":"4314902"}},{"type":"Feature","geometry":{"type":"Point","coordinates":[-51.08484,-30.04695]},"properties":{"nome":"Escola Almirante Bacelar","tipo":"school","mun":"Viamão","ibge":"4323002"}},{"type":"Feature","geometry":{"type":"Point","coordinates":[-51.25694,-30.01897]},"properties":{"nome":"Marina Jet Club","tipo":"community_centre","mun":"Porto Alegre","ibge":"4314902"}},{"type":"Feature","geometry":{"type":"Point","coordinates":[-51.31807,-29.22175]},"properties":{"nome":"EMEF Ilza Molina Martins","tipo":"school","mun":"Farroupilha","ibge":"4307906"}},{"type":"Feature","geometry":{"type":"Point","coordinates":[-52.34188,-31.77554]},"properties":{"nome":"Colégio São José","tipo":"school","mun":"Pelotas","ibge":"4314407"}},{"type":"Feature","geometry":{"type":"Point","coordinates":[-54.85887,-29.18554]},"properties":{"nome":"Cândido Genro","tipo":"school","mun":"Santiago","ibge":"4317400"}},{"type":"Feature","geometry":{"type":"Point","coordinates":[-51.23025,-30.09879]},"properties":{"nome":"Colégio Santa Teresa de Jesus","tipo":"school","mun":"Porto Alegre","ibge":"4314902"}},{"type":"Feature","geometry":{"type":"Point","coordinates":[-51.20084,-29.17808]},"properties":{"nome":"Escola Estadual Abramo Pezzi","tipo":"school","mun":"Caxias do Sul","ibge":"4305108"}},{"type":"Feature","geometry":{"type":"Point","coordinates":[-51.1924,-29.17875]},"properties":{"nome":"Escola Estadual de Ensino Médio Cavalheiro Aristides Germani","tipo":"school","mun":"Caxias do Sul","ibge":"4305108"}},{"type":"Feature","geometry":{"type":"Point","coordinates":[-51.18586,-29.17555]},"properties":{"nome":"Escola Clemente Pinto","tipo":"school","mun":"Caxias do Sul","ibge":"4305108"}},{"type":"Feature","geometry":{"type":"Point","coordinates":[-53.54893,-29.72248]},"properties":{"nome":"Centro Comunitário Santa Terezinha","tipo":"community_centre","mun":"Santa Maria","ibge":"4316907"}},{"type":"Feature","geometry":{"type":"Point","coordinates":[-53.38055,-32.56043]},"properties":{"nome":"Escola Joaquim Caetano","tipo":"school","mun":"Jaguarão","ibge":"4311007"}},{"type":"Feature","geometry":{"type":"Point","coordinates":[-53.38259,-32.55729]},"properties":{"nome":"Ginásio de Esportes Dario de Almeida Neves","tipo":"sports_centre","mun":"Jaguarão","ibge":"4311007"}},{"type":"Feature","geometry":{"type":"Point","coordinates":[-53.3727,-32.55897]},"properties":{"nome":"Ginásio Henricão","tipo":"sports_centre","mun":"Jaguarão","ibge":"4311007"}},{"type":"Feature","geometry":{"type":"Point","coordinates":[-51.22668,-30.04199]},"properties":{"nome":"Escola Mãe Admirável","tipo":"school","mun":"Porto Alegre","ibge":"4314902"}},{"type":"Feature","geometry":{"type":"Point","coordinates":[-51.01601,-30.09338]},"properties":{"nome":"Escola jardim fiuza","tipo":"school","mun":"Viamão","ibge":"4323002"}},{"type":"Feature","geometry":{"type":"Point","coordinates":[-51.07201,-29.58931]},"properties":{"nome":"E.M.E.F. Professor Arno Nienow","tipo":"school","mun":"Dois Irmãos","ibge":"4306403"}},{"type":"Feature","geometry":{"type":"Point","coordinates":[-54.82682,-29.88388]},"properties":{"nome":"COEDUC","tipo":"school","mun":"Cacequi","ibge":"4302907"}},{"type":"Feature","geometry":{"type":"Point","coordinates":[-54.82509,-29.87941]},"properties":{"nome":"Escola Prof. Antonio Lemos de Araujo","tipo":"school","mun":"Cacequi","ibge":"4302907"}},{"type":"Feature","geometry":{"type":"Point","coordinates":[-51.78548,-28.80677]},"properties":{"nome":"Escola Municipal Giuseppe Tonus","tipo":"school","mun":"Vista Alegre do Prata","ibge":"4323606"}},{"type":"Feature","geometry":{"type":"Point","coordinates":[-52.79116,-28.29928]},"properties":{"nome":"Escola de Ensino Infantil Princesinha","tipo":"school","mun":"Carazinho","ibge":"4304705"}},{"type":"Feature","geometry":{"type":"Point","coordinates":[-52.19728,-29.60786]},"properties":{"nome":"Sociedade Olímpica de Venâncio Aires","tipo":"sports_centre","mun":"Venâncio Aires","ibge":"4322608"}},{"type":"Feature","geometry":{"type":"Point","coordinates":[-51.69189,-28.5404]},"properties":{"nome":"Escola Estadual José Chiochetta","tipo":"school","mun":"Guabiju","ibge":"4309258"}},{"type":"Feature","geometry":{"type":"Point","coordinates":[-51.2022,-29.46303]},"properties":{"nome":"Escola Estadual de Ensino Médio Pastor Heinrich Hunsche","tipo":"school","mun":"Linha Nova","ibge":"4311643"}},{"type":"Feature","geometry":{"type":"Point","coordinates":[-52.68975,-31.38949]},"properties":{"nome":"Comunidade Nossa Senhora Auxiliadora","tipo":"community_centre","mun":"Canguçu","ibge":"4304507"}},{"type":"Feature","geometry":{"type":"Point","coordinates":[-50.81377,-29.35798]},"properties":{"nome":"Pavilhão de Esportes Comunidade Evangélica de Canela","tipo":"sports_centre","mun":"Canela","ibge":"4304408"}},{"type":"Feature","geometry":{"type":"Point","coordinates":[-50.95653,-29.37626]},"properties":{"nome":"Grêmio Esportivo Araripe","tipo":"community_centre","mun":"Gramado","ibge":"4309100"}},{"type":"Feature","geometry":{"type":"Point","coordinates":[-51.21749,-29.9952]},"properties":{"nome":"Escola Municipal de Educação Infantil ABRASCE Ilha do Pavão","tipo":"school","mun":"Porto Alegre","ibge":"4314902"}},{"type":"Feature","geometry":{"type":"Point","coordinates":[-54.32305,-30.32345]},"properties":{"nome":"EMEF Presidente João Goulart","tipo":"school","mun":"São Gabriel","ibge":"4318309"}},{"type":"Feature","geometry":{"type":"Point","coordinates":[-50.92623,-29.34409]},"properties":{"nome":"Sede Social Esporte Clube Linha Bonita","tipo":"community_centre","mun":"Gramado","ibge":"4309100"}},{"type":"Feature","geometry":{"type":"Point","coordinates":[-51.00219,-29.34881]},"properties":{"nome":"Sociedade Cultural e Esportiva Linha Araripe","tipo":"community_centre","mun":"Nova Petrópolis","ibge":"4313201"}},{"type":"Feature","geometry":{"type":"Point","coordinates":[-51.03847,-29.42539]},"properties":{"nome":"Centro Social e Cultural Pinhal Alto","tipo":"community_centre","mun":"Nova Petrópolis","ibge":"4313201"}},{"type":"Feature","geometry":{"type":"Point","coordinates":[-51.04388,-29.4547]},"properties":{"nome":"Escola Municipal Visconde de Pelotas","tipo":"school","mun":"Picada Café","ibge":"4314423"}},{"type":"Feature","geometry":{"type":"Point","coordinates":[-50.79198,-29.36689]},"properties":{"nome":"Parque do SESI","tipo":"sports_centre","mun":"Canela","ibge":"4304408"}},{"type":"Feature","geometry":{"type":"Point","coordinates":[-51.02212,-29.33513]},"properties":{"nome":"Sociedade Cultural e Esportiva Linha Brasil","tipo":"community_centre","mun":"Nova Petrópolis","ibge":"4313201"}},{"type":"Feature","geometry":{"type":"Point","coordinates":[-51.93341,-28.16399]},"properties":{"nome":"Escola Duque de Caxias","tipo":"school","mun":"Santa Cecília do Sul","ibge":"4316733"}},{"type":"Feature","geometry":{"type":"Point","coordinates":[-51.02594,-29.34047]},"properties":{"nome":"Escola Bom Pastor (Desde 1922)","tipo":"school","mun":"Nova Petrópolis","ibge":"4313201"}},{"type":"Feature","geometry":{"type":"Point","coordinates":[-51.0963,-29.94717]},"properties":{"nome":"INEDI","tipo":"school","mun":"Cachoeirinha","ibge":"4303103"}},{"type":"Feature","geometry":{"type":"Point","coordinates":[-51.09575,-29.95013]},"properties":{"nome":"Escolinha Aprendiz","tipo":"school","mun":"Cachoeirinha","ibge":"4303103"}},{"type":"Feature","geometry":{"type":"Point","coordinates":[-51.09946,-29.9528]},"properties":{"nome":"Escola Martinho Lutero","tipo":"school","mun":"Cachoeirinha","ibge":"4303103"}},{"type":"Feature","geometry":{"type":"Point","coordinates":[-51.07873,-29.95378]},"properties":{"nome":"Mario Quintana","tipo":"school","mun":"Cachoeirinha","ibge":"4303103"}},{"type":"Feature","geometry":{"type":"Point","coordinates":[-53.5589,-29.76624]},"properties":{"nome":"Centro Comunitário da Vista Alegre","tipo":"community_centre","mun":"Santa Maria","ibge":"4316907"}},{"type":"Feature","geometry":{"type":"Point","coordinates":[-50.55487,-29.64083]},"properties":{"nome":"EMEI Meu Recanto","tipo":"school","mun":"Rolante","ibge":"4316006"}},{"type":"Feature","geometry":{"type":"Point","coordinates":[-50.5518,-29.63689]},"properties":{"nome":"EMEI Arco Iris","tipo":"school","mun":"Rolante","ibge":"4316006"}},{"type":"Feature","geometry":{"type":"Point","coordinates":[-50.55471,-29.63949]},"properties":{"nome":"EMEF Hugo Zimmer","tipo":"school","mun":"Rolante","ibge":"4316006"}},{"type":"Feature","geometry":{"type":"Point","coordinates":[-50.50534,-29.55469]},"properties":{"nome":"Escola Municipal De Ensino Fundamental General Osório","tipo":"school","mun":"Rolante","ibge":"4316006"}},{"type":"Feature","geometry":{"type":"Point","coordinates":[-51.0865,-29.58592]},"properties":{"nome":"Sociedade Atiradores Dois Irmaos","tipo":"sports_centre","mun":"Dois Irmãos","ibge":"4306403"}},{"type":"Feature","geometry":{"type":"Point","coordinates":[-51.08727,-29.58823]},"properties":{"nome":"Sociedade Santa Cecília","tipo":"community_centre","mun":"Dois Irmãos","ibge":"4306403"}},{"type":"Feature","geometry":{"type":"Point","coordinates":[-51.1615,-29.59064]},"properties":{"nome":"Salão Paroquial São Pedro Apóstolo","tipo":"community_centre","mun":"Ivoti","ibge":"4310801"}},{"type":"Feature","geometry":{"type":"Point","coordinates":[-50.98334,-29.44939]},"properties":{"nome":"Comunidade Católica São Luiz de Boa Vista do Herval","tipo":"community_centre","mun":"Santa Maria do Herval","ibge":"4316956"}},{"type":"Feature","geometry":{"type":"Point","coordinates":[-51.01702,-29.43258]},"properties":{"nome":"Pavilhão de Festas Passo Fundo Eck","tipo":"community_centre","mun":"Nova Petrópolis","ibge":"4313201"}},{"type":"Feature","geometry":{"type":"Point","coordinates":[-51.02902,-30.05721]},"properties":{"nome":"GVRC Clube de Aeromodelismo","tipo":"sports_centre","mun":"Viamão","ibge":"4323002"}},{"type":"Feature","geometry":{"type":"Point","coordinates":[-51.05161,-30.04637]},"properties":{"nome":"Esporte Clube Comerciário Campo Branco","tipo":"sports_centre","mun":"Alvorada","ibge":"4300604"}},{"type":"Feature","geometry":{"type":"Point","coordinates":[-50.61389,-29.46204]},"properties":{"nome":"Associação dos Moradores do Loteamento Colinas de São Francisco","tipo":"community_centre","mun":"São Francisco de Paula","ibge":"4318200"}},{"type":"Feature","geometry":{"type":"Point","coordinates":[-51.13468,-29.34067]},"properties":{"nome":"Sociedade Cultural e Esportiva Lyra","tipo":"community_centre","mun":"Nova Petrópolis","ibge":"4313201"}},{"type":"Feature","geometry":{"type":"Point","coordinates":[-51.13663,-29.44569]},"properties":{"nome":"Escola de Educação Infantil Dona Martha","tipo":"school","mun":"Picada Café","ibge":"4314423"}},{"type":"Feature","geometry":{"type":"Point","coordinates":[-54.35875,-30.39104]},"properties":{"nome":"EMEF Dom Pedro II","tipo":"school","mun":"São Gabriel","ibge":"4318309"}},{"type":"Feature","geometry":{"type":"Point","coordinates":[-54.34097,-30.35451]},"properties":{"nome":"EMEF Telmo Borba Menezes","tipo":"school","mun":"São Gabriel","ibge":"4318309"}},{"type":"Feature","geometry":{"type":"Point","coordinates":[-51.09987,-29.44985]},"properties":{"nome":"E.M.E.F Santa Joana Francisca","tipo":"school","mun":"Picada Café","ibge":"4314423"}},{"type":"Feature","geometry":{"type":"Point","coordinates":[-51.33795,-29.27405]},"properties":{"nome":"Escola Municipal de Ensino Fundamental Santa Cruz","tipo":"school","mun":"Farroupilha","ibge":"4307906"}},{"type":"Feature","geometry":{"type":"Point","coordinates":[-51.1919,-30.04895]},"properties":{"nome":"Espaço Leve Eventos","tipo":"community_centre","mun":"Porto Alegre","ibge":"4314902"}},{"type":"Feature","geometry":{"type":"Point","coordinates":[-53.29594,-29.38103]},"properties":{"nome":"Salão/Cancha de bocha","tipo":"community_centre","mun":"Pinhal Grande","ibge":"4314472"}},{"type":"Feature","geometry":{"type":"Point","coordinates":[-51.18216,-29.3854]},"properties":{"nome":"Sociedade Arroio Paixão","tipo":"community_centre","mun":"Nova Petrópolis","ibge":"4313201"}},{"type":"Feature","geometry":{"type":"Point","coordinates":[-51.19997,-29.36647]},"properties":{"nome":"Associação Cultural e Esportiva Juvenil","tipo":"community_centre","mun":"Nova Petrópolis","ibge":"4313201"}},{"type":"Feature","geometry":{"type":"Point","coordinates":[-51.19877,-29.36424]},"properties":{"nome":"Escola Pedro Beck Filho","tipo":"school","mun":"Nova Petrópolis","ibge":"4313201"}},{"type":"Feature","geometry":{"type":"Point","coordinates":[-51.0732,-28.96927]},"properties":{"nome":"Escola Estadual de Ensino Fundamental Orestes Manfro","tipo":"school","mun":"São Marcos","ibge":"4319000"}},{"type":"Feature","geometry":{"type":"Point","coordinates":[-51.07716,-28.97624]},"properties":{"nome":"Escola Municipal Franscisco Doncatto","tipo":"school","mun":"São Marcos","ibge":"4319000"}},{"type":"Feature","geometry":{"type":"Point","coordinates":[-51.05985,-28.97392]},"properties":{"nome":"Escola Municipal Demétrio Moreira da Luz","tipo":"school","mun":"São Marcos","ibge":"4319000"}},{"type":"Feature","geometry":{"type":"Point","coordinates":[-51.06007,-28.96927]},"properties":{"nome":"Mutirão","tipo":"school","mun":"São Marcos","ibge":"4319000"}},{"type":"Feature","geometry":{"type":"Point","coordinates":[-51.06102,-28.96885]},"properties":{"nome":"Escola Estadual Maranhão","tipo":"school","mun":"São Marcos","ibge":"4319000"}},{"type":"Feature","geometry":{"type":"Point","coordinates":[-51.06458,-28.96725]},"properties":{"nome":"Centro Recreativo Cultural Alexandre Zaniol","tipo":"community_centre","mun":"São Marcos","ibge":"4319000"}},{"type":"Feature","geometry":{"type":"Point","coordinates":[-51.07136,-28.96306]},"properties":{"nome":"Associação dos Motoristas Sãomarquenses","tipo":"sports_centre","mun":"São Marcos","ibge":"4319000"}},{"type":"Feature","geometry":{"type":"Point","coordinates":[-51.06901,-28.97195]},"properties":{"nome":"Salão dos Padres","tipo":"community_centre","mun":"São Marcos","ibge":"4319000"}},{"type":"Feature","geometry":{"type":"Point","coordinates":[-51.0705,-28.97028]},"properties":{"nome":"Grêmio Americano","tipo":"sports_centre","mun":"São Marcos","ibge":"4319000"}},{"type":"Feature","geometry":{"type":"Point","coordinates":[-50.98259,-29.87227]},"properties":{"nome":"SINTAE","tipo":"sports_centre","mun":"Gravataí","ibge":"4309209"}},{"type":"Feature","geometry":{"type":"Point","coordinates":[-51.04712,-29.36068]},"properties":{"nome":"Sociedade Concórdia de Linha Imperial","tipo":"sports_centre","mun":"Nova Petrópolis","ibge":"4313201"}},{"type":"Feature","geometry":{"type":"Point","coordinates":[-50.45439,-29.64169]},"properties":{"nome":"Escola Estadual de Ensino Médio João Alfredo","tipo":"school","mun":"Riozinho","ibge":"4315750"}},{"type":"Feature","geometry":{"type":"Point","coordinates":[-52.39023,-28.27873]},"properties":{"nome":"E.E. E.F. Wolmar Antonio Salton","tipo":"school","mun":"Passo Fundo","ibge":"4314100"}},{"type":"Feature","geometry":{"type":"Point","coordinates":[-51.08241,-29.49384]},"properties":{"nome":"Salão Comunitário Católico Cristo Rei","tipo":"community_centre","mun":"Morro Reuter","ibge":"4312476"}},{"type":"Feature","geometry":{"type":"Point","coordinates":[-51.08253,-29.49417]},"properties":{"nome":"EMEF Padre Reus","tipo":"school","mun":"Morro Reuter","ibge":"4312476"}},{"type":"Feature","geometry":{"type":"Point","coordinates":[-53.01136,-31.6446]},"properties":{"nome":"Escola Mun Ens Fund Dr. Vieira da Cunha","tipo":"school","mun":"Piratini","ibge":"4314605"}},{"type":"Feature","geometry":{"type":"Point","coordinates":[-51.22754,-30.0538]},"properties":{"nome":"Master Fitness Center","tipo":"sports_centre","mun":"Porto Alegre","ibge":"4314902"}},{"type":"Feature","geometry":{"type":"Point","coordinates":[-51.22408,-30.04768]},"properties":{"nome":"Time Villeroy","tipo":"sports_centre","mun":"Porto Alegre","ibge":"4314902"}},{"type":"Feature","geometry":{"type":"Point","coordinates":[-52.17828,-31.41821]},"properties":{"nome":"Ginásio Municipal","tipo":"sports_centre","mun":"Turuçu","ibge":"4322327"}},{"type":"Feature","geometry":{"type":"Point","coordinates":[-51.00518,-29.52304]},"properties":{"nome":"São José do Herval","tipo":"community_centre","mun":"Morro Reuter","ibge":"4312476"}},{"type":"Feature","geometry":{"type":"Point","coordinates":[-53.04831,-31.59576]},"properties":{"nome":"Assoc. Com. Orlando Franco","tipo":"community_centre","mun":"Piratini","ibge":"4314605"}},{"type":"Feature","geometry":{"type":"Point","coordinates":[-50.57444,-29.65204]},"properties":{"nome":"Ginásio Municipal de Esportes","tipo":"sports_centre","mun":"Rolante","ibge":"4316006"}},{"type":"Feature","geometry":{"type":"Point","coordinates":[-51.21886,-30.04304]},"properties":{"nome":"Moinhos Fitness Venâncio","tipo":"sports_centre","mun":"Porto Alegre","ibge":"4314902"}},{"type":"Feature","geometry":{"type":"Point","coordinates":[-52.27206,-31.76047]},"properties":{"nome":"Centro Português","tipo":"community_centre","mun":"Pelotas","ibge":"4314407"}},{"type":"Feature","geometry":{"type":"Point","coordinates":[-52.23003,-31.76213]},"properties":{"nome":"Laranjal Praia Clube","tipo":"community_centre","mun":"Pelotas","ibge":"4314407"}},{"type":"Feature","geometry":{"type":"Point","coordinates":[-52.30405,-31.75022]},"properties":{"nome":"Dunas Clube","tipo":"community_centre","mun":"Pelotas","ibge":"4314407"}},{"type":"Feature","geometry":{"type":"Point","coordinates":[-52.33544,-31.74435]},"properties":{"nome":"Parque Tênis Clube","tipo":"community_centre","mun":"Pelotas","ibge":"4314407"}},{"type":"Feature","geometry":{"type":"Point","coordinates":[-52.33181,-31.74744]},"properties":{"nome":"Clube Esportivo Gonzaga","tipo":"community_centre","mun":"Pelotas","ibge":"4314407"}},{"type":"Feature","geometry":{"type":"Point","coordinates":[-52.33625,-31.76429]},"properties":{"nome":"Clube Diamantinos","tipo":"community_centre","mun":"Pelotas","ibge":"4314407"}},{"type":"Feature","geometry":{"type":"Point","coordinates":[-52.33463,-31.75345]},"properties":{"nome":"Clube Brilhante","tipo":"sports_centre","mun":"Pelotas","ibge":"4314407"}},{"type":"Feature","geometry":{"type":"Point","coordinates":[-51.22547,-30.03805]},"properties":{"nome":"Preventiva","tipo":"sports_centre","mun":"Porto Alegre","ibge":"4314902"}},{"type":"Feature","geometry":{"type":"Point","coordinates":[-52.30794,-31.7532]},"properties":{"nome":"EEEM Areal","tipo":"school","mun":"Pelotas","ibge":"4314407"}},{"type":"Feature","geometry":{"type":"Point","coordinates":[-52.34201,-31.7652]},"properties":{"nome":"EEEM Coronel Pedro Osório","tipo":"school","mun":"Pelotas","ibge":"4314407"}},{"type":"Feature","geometry":{"type":"Point","coordinates":[-52.80778,-31.85166]},"properties":{"nome":"Escola Municipal de Ensino Fundamental São Miguel","tipo":"school","mun":"Cerrito","ibge":"4305124"}},{"type":"Feature","geometry":{"type":"Point","coordinates":[-52.8112,-31.85539]},"properties":{"nome":"Ginásio Conrad E. Bento","tipo":"sports_centre","mun":"Cerrito","ibge":"4305124"}},{"type":"Feature","geometry":{"type":"Point","coordinates":[-52.81634,-31.85192]},"properties":{"nome":"Instituto Estadual de Educação José Bernabé de Souza","tipo":"school","mun":"Cerrito","ibge":"4305124"}},{"type":"Feature","geometry":{"type":"Point","coordinates":[-53.59149,-31.73605]},"properties":{"nome":"Ginásio Poliesportivo Gupa","tipo":"sports_centre","mun":"Pedras Altas","ibge":"4314175"}},{"type":"Feature","geometry":{"type":"Point","coordinates":[-52.36796,-28.23345]},"properties":{"nome":"EEEM Gen Prestes Guimarães","tipo":"school","mun":"Passo Fundo","ibge":"4314100"}},{"type":"Feature","geometry":{"type":"Point","coordinates":[-51.08246,-28.94883]},"properties":{"nome":"Salão da Capela São Cristóvão","tipo":"community_centre","mun":"São Marcos","ibge":"4319000"}},{"type":"Feature","geometry":{"type":"Point","coordinates":[-53.47201,-33.68908]},"properties":{"nome":"E.M.E.F. General Artigas","tipo":"school","mun":"Chuí","ibge":"4305439"}},{"type":"Feature","geometry":{"type":"Point","coordinates":[-53.47021,-33.69159]},"properties":{"nome":"Monumental Gimnasio","tipo":"sports_centre","mun":"Chuí","ibge":"4305439"}},{"type":"Feature","geometry":{"type":"Point","coordinates":[-53.24695,-27.7722]},"properties":{"nome":"Pavilhão de Festas","tipo":"community_centre","mun":"São Pedro das Missões","ibge":"4319364"}},{"type":"Feature","geometry":{"type":"Point","coordinates":[-53.24912,-27.77357]},"properties":{"nome":"Clube da Terceira Idade","tipo":"community_centre","mun":"São Pedro das Missões","ibge":"4319364"}},{"type":"Feature","geometry":{"type":"Point","coordinates":[-51.01663,-29.64682]},"properties":{"nome":"La salle","tipo":"school","mun":"Sapiranga","ibge":"4319901"}},{"type":"Feature","geometry":{"type":"Point","coordinates":[-50.84766,-29.73743]},"properties":{"nome":"Sociedade Concordia (Desde 1900)","tipo":"community_centre","mun":"Taquara","ibge":"4321204"}},{"type":"Feature","geometry":{"type":"Point","coordinates":[-51.02235,-29.6492]},"properties":{"nome":"Escola Cinderela","tipo":"school","mun":"Sapiranga","ibge":"4319901"}},{"type":"Feature","geometry":{"type":"Point","coordinates":[-51.02345,-29.64979]},"properties":{"nome":"Escola Maria Emília","tipo":"school","mun":"Sapiranga","ibge":"4319901"}},{"type":"Feature","geometry":{"type":"Point","coordinates":[-51.02341,-29.64655]},"properties":{"nome":"Escola Leopoldo Sefrin","tipo":"school","mun":"Sapiranga","ibge":"4319901"}},{"type":"Feature","geometry":{"type":"Point","coordinates":[-51.00943,-29.63709]},"properties":{"nome":"Centro Sinodal de Ensino Médio de Sapiranga - DUQUE","tipo":"school","mun":"Sapiranga","ibge":"4319901"}},{"type":"Feature","geometry":{"type":"Point","coordinates":[-51.0041,-29.64124]},"properties":{"nome":"Escola Genuíno Sampaio","tipo":"school","mun":"Sapiranga","ibge":"4319901"}},{"type":"Feature","geometry":{"type":"Point","coordinates":[-51.01651,-29.63395]},"properties":{"nome":"Escola Sapiranga","tipo":"school","mun":"Sapiranga","ibge":"4319901"}},{"type":"Feature","geometry":{"type":"Point","coordinates":[-53.10218,-31.58034]},"properties":{"nome":"Assoc. Com. do P. Alfaiate","tipo":"community_centre","mun":"Piratini","ibge":"4314605"}},{"type":"Feature","geometry":{"type":"Point","coordinates":[-53.85551,-29.6828]},"properties":{"nome":"Escola Marista Santa Marta","tipo":"school","mun":"Santa Maria","ibge":"4316907"}},{"type":"Feature","geometry":{"type":"Point","coordinates":[-53.39416,-32.02929]},"properties":{"nome":"Escola Estadual São João Batista","tipo":"school","mun":"Herval","ibge":"4307104"}},{"type":"Feature","geometry":{"type":"Point","coordinates":[-51.86804,-29.80042]},"properties":{"nome":"Instituto Estadual de Educação Pereira COruja","tipo":"school","mun":"Taquari","ibge":"4321303"}},{"type":"Feature","geometry":{"type":"Point","coordinates":[-52.43137,-29.73227]},"properties":{"nome":"EMEF Duque de Caxias","tipo":"school","mun":"Santa Cruz do Sul","ibge":"4316808"}},{"type":"Feature","geometry":{"type":"Point","coordinates":[-56.55658,-29.13275]},"properties":{"nome":"Clube de Tiro e Caça Itaquiense (CTCI)","tipo":"sports_centre","mun":"Itaqui","ibge":"4310603"}},{"type":"Feature","geometry":{"type":"Point","coordinates":[-53.97048,-27.56412]},"properties":{"nome":"Escola Estadual Maria Cristina","tipo":"school","mun":"Humaitá","ibge":"4309704"}},{"type":"Feature","geometry":{"type":"Point","coordinates":[-53.11461,-30.87422]},"properties":{"nome":"Escola Estadual Jacinto Inácio","tipo":"school","mun":"Santana da Boa Vista","ibge":"4317004"}},{"type":"Feature","geometry":{"type":"Point","coordinates":[-53.67303,-31.55808]},"properties":{"nome":"Escola Estadual Jerônimo Mércio Silveira","tipo":"school","mun":"Candiota","ibge":"4304358"}},{"type":"Feature","geometry":{"type":"Point","coordinates":[-53.71622,-31.54486]},"properties":{"nome":"Escola Estadual Dario Lassance","tipo":"school","mun":"Candiota","ibge":"4304358"}},{"type":"Feature","geometry":{"type":"Point","coordinates":[-50.78391,-29.88089]},"properties":{"nome":"Clube de Mães Santa Isabel","tipo":"community_centre","mun":"Glorinha","ibge":"4309050"}},{"type":"Feature","geometry":{"type":"Point","coordinates":[-51.69006,-28.27484]},"properties":{"nome":"Escola Municipal de Ensino Fundamental João Rodrigues de Souza","tipo":"school","mun":"Caseiros","ibge":"4304952"}},{"type":"Feature","geometry":{"type":"Point","coordinates":[-51.68948,-28.27427]},"properties":{"nome":"Ginásio Municipal","tipo":"sports_centre","mun":"Caseiros","ibge":"4304952"}},{"type":"Feature","geometry":{"type":"Point","coordinates":[-52.78914,-27.78726]},"properties":{"nome":"Escola Alderi Fachi","tipo":"school","mun":"Ronda Alta","ibge":"4316105"}},{"type":"Feature","geometry":{"type":"Point","coordinates":[-52.81476,-27.77759]},"properties":{"nome":"Sociedade Aquática","tipo":"community_centre","mun":"Ronda Alta","ibge":"4316105"}},{"type":"Feature","geometry":{"type":"Point","coordinates":[-52.8078,-27.78304]},"properties":{"nome":"Escola Alfredo Gaviolli","tipo":"school","mun":"Ronda Alta","ibge":"4316105"}},{"type":"Feature","geometry":{"type":"Point","coordinates":[-50.58288,-29.44132]},"properties":{"nome":"Centro Esportivo Municipal","tipo":"sports_centre","mun":"São Francisco de Paula","ibge":"4318200"}},{"type":"Feature","geometry":{"type":"Point","coordinates":[-52.96831,-29.34341]},"properties":{"nome":"Centro Comunitário","tipo":"community_centre","mun":"Segredo","ibge":"4320263"}},{"type":"Feature","geometry":{"type":"Point","coordinates":[-52.97877,-29.34456]},"properties":{"nome":"Escola Estadual de Educação Básica Padre Affonso Diehl","tipo":"school","mun":"Segredo","ibge":"4320263"}},{"type":"Feature","geometry":{"type":"Point","coordinates":[-54.47574,-27.76083]},"properties":{"nome":"Escola Estadual Yeté","tipo":"school","mun":"Tuparendi","ibge":"4322301"}},{"type":"Feature","geometry":{"type":"Point","coordinates":[-54.48279,-27.75912]},"properties":{"nome":"E.M.E.F. Escola Amadeu do Prado Mallmann","tipo":"school","mun":"Tuparendi","ibge":"4322301"}},{"type":"Feature","geometry":{"type":"Point","coordinates":[-54.48588,-27.74788]},"properties":{"nome":"Escola Municipal de Ensino Fundamental Vendelino Waldemar Rauber","tipo":"school","mun":"Tuparendi","ibge":"4322301"}},{"type":"Feature","geometry":{"type":"Point","coordinates":[-52.84763,-28.72574]},"properties":{"nome":"E.E.E.M Jose Clemente Pereira","tipo":"school","mun":"Espumoso","ibge":"4307500"}},{"type":"Feature","geometry":{"type":"Point","coordinates":[-54.09147,-27.49415]},"properties":{"nome":"Escola Estadual Ponche Verde","tipo":"school","mun":"Crissiumal","ibge":"4306007"}},{"type":"Feature","geometry":{"type":"Point","coordinates":[-50.58384,-29.44532]},"properties":{"nome":"Colégio Estadual José de Alencar","tipo":"school","mun":"São Francisco de Paula","ibge":"4318200"}},{"type":"Feature","geometry":{"type":"Point","coordinates":[-50.58211,-29.4454]},"properties":{"nome":"E.E.E.F. ANTONIO FRANCISCO DA COSTA LISBOA","tipo":"school","mun":"São Francisco de Paula","ibge":"4318200"}},{"type":"Feature","geometry":{"type":"Point","coordinates":[-51.32945,-30.11943]},"properties":{"nome":"SESI","tipo":"sports_centre","mun":"Guaíba","ibge":"4309308"}},{"type":"Feature","geometry":{"type":"Point","coordinates":[-50.57427,-29.44781]},"properties":{"nome":"E.E.E.F. ORESTES LEITE","tipo":"school","mun":"São Francisco de Paula","ibge":"4318200"}},{"type":"Feature","geometry":{"type":"Point","coordinates":[-50.56953,-29.44324]},"properties":{"nome":"E.E.E.F. MONSENHOR ARMANDO TEIXEIRA","tipo":"school","mun":"São Francisco de Paula","ibge":"4318200"}},{"type":"Feature","geometry":{"type":"Point","coordinates":[-50.56247,-29.43691]},"properties":{"nome":"EMEIEF PRESIDENTE CASTELO BRANCO","tipo":"school","mun":"São Francisco de Paula","ibge":"4318200"}},{"type":"Feature","geometry":{"type":"Point","coordinates":[-50.58376,-29.44897]},"properties":{"nome":"APAE - E.M.E.E. Dr. Angelo Athanasio","tipo":"school","mun":"São Francisco de Paula","ibge":"4318200"}},{"type":"Feature","geometry":{"type":"Point","coordinates":[-52.99593,-31.07338]},"properties":{"nome":"Salão de Baile","tipo":"community_centre","mun":"Piratini","ibge":"4314605"}},{"type":"Feature","geometry":{"type":"Point","coordinates":[-51.07042,-28.97051]},"properties":{"nome":"Ginásio de esportes Grêmio Americano","tipo":"sports_centre","mun":"São Marcos","ibge":"4319000"}},{"type":"Feature","geometry":{"type":"Point","coordinates":[-52.77195,-29.21989]},"properties":{"nome":"Escola Estadual Tomas Garcia Costa","tipo":"school","mun":"Lagoão","ibge":"4311254"}},{"type":"Feature","geometry":{"type":"Point","coordinates":[-52.91892,-30.96925]},"properties":{"nome":"Comunidade do Paredão","tipo":"community_centre","mun":"Piratini","ibge":"4314605"}},{"type":"Feature","geometry":{"type":"Point","coordinates":[-51.17624,-30.02981]},"properties":{"nome":"Colégio Anchieta","tipo":"school","mun":"Porto Alegre","ibge":"4314902"}},{"type":"Feature","geometry":{"type":"Point","coordinates":[-54.75333,-27.94626]},"properties":{"nome":"Sociedade Aquática Vale do Sol","tipo":"sports_centre","mun":"Cândido Godói","ibge":"4304309"}},{"type":"Feature","geometry":{"type":"Point","coordinates":[-51.23909,-30.06474]},"properties":{"nome":"Parque Gigante","tipo":"community_centre","mun":"Porto Alegre","ibge":"4314902"}},{"type":"Feature","geometry":{"type":"Point","coordinates":[-54.10397,-27.67206]},"properties":{"nome":"Escola Municipal de Ensino Fundamental Padre Schosser","tipo":"school","mun":"Boa Vista do Buricá","ibge":"4302204"}},{"type":"Feature","geometry":{"type":"Point","coordinates":[-54.11033,-27.66523]},"properties":{"nome":"EEEB Barão do Rio Branco","tipo":"school","mun":"Boa Vista do Buricá","ibge":"4302204"}},{"type":"Feature","geometry":{"type":"Point","coordinates":[-54.11195,-27.6692]},"properties":{"nome":"Ginásio São José","tipo":"sports_centre","mun":"Boa Vista do Buricá","ibge":"4302204"}},{"type":"Feature","geometry":{"type":"Point","coordinates":[-51.86451,-29.80453]},"properties":{"nome":"Pastos Dohms","tipo":"school","mun":"Taquari","ibge":"4321303"}},{"type":"Feature","geometry":{"type":"Point","coordinates":[-51.86279,-29.79139]},"properties":{"nome":"Barão de Ibicuí","tipo":"school","mun":"Taquari","ibge":"4321303"}},{"type":"Feature","geometry":{"type":"Point","coordinates":[-50.59182,-29.4474]},"properties":{"nome":"E.E.E.F. PROFESSOR ADELINO SOUZA","tipo":"school","mun":"São Francisco de Paula","ibge":"4318200"}},{"type":"Feature","geometry":{"type":"Point","coordinates":[-50.59042,-29.4492]},"properties":{"nome":"E.M.E.I. Nossa Senhora do Rosário","tipo":"school","mun":"São Francisco de Paula","ibge":"4318200"}},{"type":"Feature","geometry":{"type":"Point","coordinates":[-50.59031,-29.44927]},"properties":{"nome":"EMEI NOSSA SENHORA DO ROSARIO","tipo":"school","mun":"São Francisco de Paula","ibge":"4318200"}},{"type":"Feature","geometry":{"type":"Point","coordinates":[-50.57068,-29.44379]},"properties":{"nome":"EMEI VO BENVINDA","tipo":"school","mun":"São Francisco de Paula","ibge":"4318200"}},{"type":"Feature","geometry":{"type":"Point","coordinates":[-50.57877,-29.44521]},"properties":{"nome":"Colégio Expressão","tipo":"school","mun":"São Francisco de Paula","ibge":"4318200"}},{"type":"Feature","geometry":{"type":"Point","coordinates":[-50.5871,-29.44664]},"properties":{"nome":"Associação Atlética Banco do Brasil","tipo":"sports_centre","mun":"São Francisco de Paula","ibge":"4318200"}},{"type":"Feature","geometry":{"type":"Point","coordinates":[-50.57488,-29.44738]},"properties":{"nome":"Sociedade 9 de Julho","tipo":"community_centre","mun":"São Francisco de Paula","ibge":"4318200"}},{"type":"Feature","geometry":{"type":"Point","coordinates":[-50.3135,-29.2765]},"properties":{"nome":"E.E.E.F. OLIMPIO SOARES PINTO","tipo":"school","mun":"São Francisco de Paula","ibge":"4318200"}},{"type":"Feature","geometry":{"type":"Point","coordinates":[-50.68283,-29.31633]},"properties":{"nome":"E.E.E.F. CRISTINO RAMOS","tipo":"school","mun":"São Francisco de Paula","ibge":"4318200"}},{"type":"Feature","geometry":{"type":"Point","coordinates":[-50.62712,-29.09557]},"properties":{"nome":"E.E.E.M. Lajeado Grande","tipo":"school","mun":"São Francisco de Paula","ibge":"4318200"}},{"type":"Feature","geometry":{"type":"Point","coordinates":[-50.58324,-29.44642]},"properties":{"nome":"Salão Paroquial","tipo":"community_centre","mun":"São Francisco de Paula","ibge":"4318200"}},{"type":"Feature","geometry":{"type":"Point","coordinates":[-54.11827,-27.96673]},"properties":{"nome":"Escola Dante Marasca","tipo":"school","mun":"Independência","ibge":"4310405"}},{"type":"Feature","geometry":{"type":"Point","coordinates":[-54.24434,-27.86448]},"properties":{"nome":"Escola Estadual Duque de Caxias","tipo":"school","mun":"Independência","ibge":"4310405"}},{"type":"Feature","geometry":{"type":"Point","coordinates":[-54.1872,-27.85181]},"properties":{"nome":"EMEI Lar da Criança","tipo":"school","mun":"Independência","ibge":"4310405"}},{"type":"Feature","geometry":{"type":"Point","coordinates":[-54.19468,-27.84641]},"properties":{"nome":"Escola Estadual Antilio Fagundes","tipo":"school","mun":"Independência","ibge":"4310405"}},{"type":"Feature","geometry":{"type":"Point","coordinates":[-52.93474,-30.94892]},"properties":{"nome":"Esc Mun Ens Fund Acelino Morales","tipo":"school","mun":"Piratini","ibge":"4314605"}},{"type":"Feature","geometry":{"type":"Point","coordinates":[-54.85268,-29.18159]},"properties":{"nome":"Ginásio Aureliano de Figueiredo Pinto - (Ginasião)","tipo":"sports_centre","mun":"Santiago","ibge":"4317400"}},{"type":"Feature","geometry":{"type":"Point","coordinates":[-52.39686,-31.75103]},"properties":{"nome":"EMEF Nossa Senhora de Lourdes","tipo":"school","mun":"Pelotas","ibge":"4314407"}},{"type":"Feature","geometry":{"type":"Point","coordinates":[-52.38386,-31.74817]},"properties":{"nome":"EEEM Adolfo Fetter","tipo":"school","mun":"Pelotas","ibge":"4314407"}},{"type":"Feature","geometry":{"type":"Point","coordinates":[-52.39452,-31.74474]},"properties":{"nome":"EEEF Armando Fagundes","tipo":"school","mun":"Pelotas","ibge":"4314407"}},{"type":"Feature","geometry":{"type":"Point","coordinates":[-52.37558,-31.75992]},"properties":{"nome":"EMEF Alcides de Mendonça Lima","tipo":"school","mun":"Pelotas","ibge":"4314407"}},{"type":"Feature","geometry":{"type":"Point","coordinates":[-52.38481,-31.75572]},"properties":{"nome":"EMEF Dona Mariana Eufrásia","tipo":"school","mun":"Pelotas","ibge":"4314407"}},{"type":"Feature","geometry":{"type":"Point","coordinates":[-52.37108,-31.74985]},"properties":{"nome":"EEEF Lima e Silva","tipo":"school","mun":"Pelotas","ibge":"4314407"}},{"type":"Feature","geometry":{"type":"Point","coordinates":[-52.36725,-31.75734]},"properties":{"nome":"EEEF Fernando Treptow","tipo":"school","mun":"Pelotas","ibge":"4314407"}},{"type":"Feature","geometry":{"type":"Point","coordinates":[-52.3551,-31.76959]},"properties":{"nome":"EMEF Doutor Balbino Mascarenhas","tipo":"school","mun":"Pelotas","ibge":"4314407"}},{"type":"Feature","geometry":{"type":"Point","coordinates":[-52.36185,-31.76855]},"properties":{"nome":"EEEF Nossa Senhora Aparecida","tipo":"school","mun":"Pelotas","ibge":"4314407"}},{"type":"Feature","geometry":{"type":"Point","coordinates":[-52.35591,-31.77254]},"properties":{"nome":"EEEM Doutor Augusto Simões Lopes","tipo":"school","mun":"Pelotas","ibge":"4314407"}},{"type":"Feature","geometry":{"type":"Point","coordinates":[-51.16331,-29.79648]},"properties":{"nome":"Colégio Luterano Concórdia","tipo":"school","mun":"São Leopoldo","ibge":"4318705"}},{"type":"Feature","geometry":{"type":"Point","coordinates":[-54.32374,-30.33685]},"properties":{"nome":"Colégio Nossa Senhora do Perpétuo Socorro","tipo":"school","mun":"São Gabriel","ibge":"4318309"}},{"type":"Feature","geometry":{"type":"Point","coordinates":[-54.32514,-30.33284]},"properties":{"nome":"Associação de Pais e Amigos do Down","tipo":"school","mun":"São Gabriel","ibge":"4318309"}},{"type":"Feature","geometry":{"type":"Point","coordinates":[-52.304,-31.74223]},"properties":{"nome":"EEEF Parque do Obelisco","tipo":"school","mun":"Pelotas","ibge":"4314407"}},{"type":"Feature","geometry":{"type":"Point","coordinates":[-52.30845,-31.74811]},"properties":{"nome":"EMEF Jornalista Deogar Soares","tipo":"school","mun":"Pelotas","ibge":"4314407"}},{"type":"Feature","geometry":{"type":"Point","coordinates":[-52.31432,-31.75588]},"properties":{"nome":"EMEF Afonso Vizeu","tipo":"school","mun":"Pelotas","ibge":"4314407"}},{"type":"Feature","geometry":{"type":"Point","coordinates":[-52.31842,-31.73832]},"properties":{"nome":"EMEF Núcleo Habitacional Dunas","tipo":"school","mun":"Pelotas","ibge":"4314407"}},{"type":"Feature","geometry":{"type":"Point","coordinates":[-52.30523,-31.72139]},"properties":{"nome":"EEEF Arco Íris","tipo":"school","mun":"Pelotas","ibge":"4314407"}},{"type":"Feature","geometry":{"type":"Point","coordinates":[-52.32672,-31.73757]},"properties":{"nome":"EMEF Joaquim Nabuco","tipo":"school","mun":"Pelotas","ibge":"4314407"}},{"type":"Feature","geometry":{"type":"Point","coordinates":[-52.31782,-31.75544]},"properties":{"nome":"EMEF Bibiano de Almeida","tipo":"school","mun":"Pelotas","ibge":"4314407"}},{"type":"Feature","geometry":{"type":"Point","coordinates":[-52.32368,-31.75102]},"properties":{"nome":"EMEF Cecília Meireles","tipo":"school","mun":"Pelotas","ibge":"4314407"}},{"type":"Feature","geometry":{"type":"Point","coordinates":[-52.35696,-31.69031]},"properties":{"nome":"EMEF Independência","tipo":"school","mun":"Pelotas","ibge":"4314407"}},{"type":"Feature","geometry":{"type":"Point","coordinates":[-52.31292,-31.70238]},"properties":{"nome":"EMEF Núcelo Habitacional Getúlio Vargas","tipo":"school","mun":"Pelotas","ibge":"4314407"}},{"type":"Feature","geometry":{"type":"Point","coordinates":[-52.32121,-31.70353]},"properties":{"nome":"EMEF Santa Irene","tipo":"school","mun":"Pelotas","ibge":"4314407"}},{"type":"Feature","geometry":{"type":"Point","coordinates":[-52.35438,-31.71277]},"properties":{"nome":"EEEF Doutor Procópio Duval","tipo":"school","mun":"Pelotas","ibge":"4314407"}},{"type":"Feature","geometry":{"type":"Point","coordinates":[-52.35053,-31.71835]},"properties":{"nome":"EEEM Doutor Joaquim Duval","tipo":"school","mun":"Pelotas","ibge":"4314407"}},{"type":"Feature","geometry":{"type":"Point","coordinates":[-52.3512,-31.72313]},"properties":{"nome":"EMEF Osvaldo Cruz","tipo":"school","mun":"Pelotas","ibge":"4314407"}},{"type":"Feature","geometry":{"type":"Point","coordinates":[-52.33108,-31.72642]},"properties":{"nome":"EEEM Doutor Antônio Leivas Leite","tipo":"school","mun":"Pelotas","ibge":"4314407"}},{"type":"Feature","geometry":{"type":"Point","coordinates":[-52.33695,-31.74185]},"properties":{"nome":"EEEM Santa Rita","tipo":"school","mun":"Pelotas","ibge":"4314407"}},{"type":"Feature","geometry":{"type":"Point","coordinates":[-52.33941,-31.74122]},"properties":{"nome":"Escola Especial Professor Alfredo Dub","tipo":"school","mun":"Pelotas","ibge":"4314407"}},{"type":"Feature","geometry":{"type":"Point","coordinates":[-52.35031,-31.72617]},"properties":{"nome":"EMEF Santa Teresinha","tipo":"school","mun":"Pelotas","ibge":"4314407"}},{"type":"Feature","geometry":{"type":"Point","coordinates":[-52.34353,-31.72661]},"properties":{"nome":"EEEF Santo Antônio","tipo":"school","mun":"Pelotas","ibge":"4314407"}},{"type":"Feature","geometry":{"type":"Point","coordinates":[-52.34659,-31.73113]},"properties":{"nome":"Escola Mario Quintana","tipo":"school","mun":"Pelotas","ibge":"4314407"}},{"type":"Feature","geometry":{"type":"Point","coordinates":[-52.34414,-31.7366]},"properties":{"nome":"EMEF Ministro Fernando Osório","tipo":"school","mun":"Pelotas","ibge":"4314407"}},{"type":"Feature","geometry":{"type":"Point","coordinates":[-52.33669,-31.7463]},"properties":{"nome":"Colégio Estadual Cassiano do Nascimento","tipo":"school","mun":"Pelotas","ibge":"4314407"}},{"type":"Feature","geometry":{"type":"Point","coordinates":[-52.33416,-31.75635]},"properties":{"nome":"IEE Assis Brasil","tipo":"school","mun":"Pelotas","ibge":"4314407"}},{"type":"Feature","geometry":{"type":"Point","coordinates":[-52.33767,-31.75748]},"properties":{"nome":"Escola Louis Braille","tipo":"school","mun":"Pelotas","ibge":"4314407"}},{"type":"Feature","geometry":{"type":"Point","coordinates":[-52.33818,-31.76246]},"properties":{"nome":"Escola Érico Veríssimo","tipo":"school","mun":"Pelotas","ibge":"4314407"}},{"type":"Feature","geometry":{"type":"Point","coordinates":[-52.33967,-31.7687]},"properties":{"nome":"Escola Técnica Estadual João XXIII","tipo":"school","mun":"Pelotas","ibge":"4314407"}},{"type":"Feature","geometry":{"type":"Point","coordinates":[-52.34475,-31.76722]},"properties":{"nome":"Escola Santa Mônica","tipo":"school","mun":"Pelotas","ibge":"4314407"}},{"type":"Feature","geometry":{"type":"Point","coordinates":[-52.33499,-31.76615]},"properties":{"nome":"EEEF Nossa Senhora Medianeira","tipo":"school","mun":"Pelotas","ibge":"4314407"}},{"type":"Feature","geometry":{"type":"Point","coordinates":[-52.33275,-31.76852]},"properties":{"nome":"Colégio Estadual Dom João Braga","tipo":"school","mun":"Pelotas","ibge":"4314407"}},{"type":"Feature","geometry":{"type":"Point","coordinates":[-52.33772,-31.77252]},"properties":{"nome":"Escola São Francisco de Assis","tipo":"school","mun":"Pelotas","ibge":"4314407"}},{"type":"Feature","geometry":{"type":"Point","coordinates":[-52.33835,-31.77236]},"properties":{"nome":"EMEF Doutor Joaquim Assumpção","tipo":"school","mun":"Pelotas","ibge":"4314407"}},{"type":"Feature","geometry":{"type":"Point","coordinates":[-52.3303,-31.7788]},"properties":{"nome":"EEEF Doutor José Brusque Filho","tipo":"school","mun":"Pelotas","ibge":"4314407"}},{"type":"Feature","geometry":{"type":"Point","coordinates":[-52.34505,-31.77657]},"properties":{"nome":"EEEF Doutor Francisco Simões","tipo":"school","mun":"Pelotas","ibge":"4314407"}},{"type":"Feature","geometry":{"type":"Point","coordinates":[-52.33428,-31.78126]},"properties":{"nome":"EMEF Carlos Laquintinie","tipo":"school","mun":"Pelotas","ibge":"4314407"}},{"type":"Feature","geometry":{"type":"Point","coordinates":[-52.3308,-31.7725]},"properties":{"nome":"EEEF Padre Rambo","tipo":"school","mun":"Pelotas","ibge":"4314407"}},{"type":"Feature","geometry":{"type":"Point","coordinates":[-52.32407,-31.77364]},"properties":{"nome":"Escola Assistencial Professora Ulina Bento Lopes","tipo":"school","mun":"Pelotas","ibge":"4314407"}},{"type":"Feature","geometry":{"type":"Point","coordinates":[-52.32271,-31.77875]},"properties":{"nome":"EMEF Ferreira Viana","tipo":"school","mun":"Pelotas","ibge":"4314407"}},{"type":"Feature","geometry":{"type":"Point","coordinates":[-52.24099,-31.7543]},"properties":{"nome":"EEEM Doutor Edmar Fetter","tipo":"school","mun":"Pelotas","ibge":"4314407"}},{"type":"Feature","geometry":{"type":"Point","coordinates":[-53.10769,-31.4413]},"properties":{"nome":"Rotary Club","tipo":"community_centre","mun":"Piratini","ibge":"4314605"}},{"type":"Feature","geometry":{"type":"Point","coordinates":[-51.11179,-30.06187]},"properties":{"nome":"Escola Estadual Ensino Médio Governador Walter Jobim","tipo":"school","mun":"Viamão","ibge":"4323002"}},{"type":"Feature","geometry":{"type":"Point","coordinates":[-53.10973,-31.44929]},"properties":{"nome":"Parada de Ônibus","tipo":"shelter","mun":"Piratini","ibge":"4314605"}},{"type":"Feature","geometry":{"type":"Point","coordinates":[-51.21451,-30.03159]},"properties":{"nome":"Fleming Medicina","tipo":"school","mun":"Porto Alegre","ibge":"4314902"}},{"type":"Feature","geometry":{"type":"Point","coordinates":[-51.20639,-30.08089]},"properties":{"nome":"Ginásio de Esportes Lupi Martins","tipo":"sports_centre","mun":"Porto Alegre","ibge":"4314902"}},{"type":"Feature","geometry":{"type":"Point","coordinates":[-53.1034,-31.45054]},"properties":{"nome":"Centro Espírita Amigos de Jesus","tipo":"community_centre","mun":"Piratini","ibge":"4314605"}},{"type":"Feature","geometry":{"type":"Point","coordinates":[-54.34489,-30.34873]},"properties":{"nome":"EEEF Brandina Mello","tipo":"school","mun":"São Gabriel","ibge":"4318309"}},{"type":"Feature","geometry":{"type":"Point","coordinates":[-53.10216,-31.4438]},"properties":{"nome":"Sind Func Públicos","tipo":"community_centre","mun":"Piratini","ibge":"4314605"}},{"type":"Feature","geometry":{"type":"Point","coordinates":[-53.10119,-31.44156]},"properties":{"nome":"Salão Igreja Luterana","tipo":"community_centre","mun":"Piratini","ibge":"4314605"}},{"type":"Feature","geometry":{"type":"Point","coordinates":[-54.31196,-30.33999]},"properties":{"nome":"EMEF Marechal Deodoro","tipo":"school","mun":"São Gabriel","ibge":"4318309"}},{"type":"Feature","geometry":{"type":"Point","coordinates":[-54.31576,-30.34312]},"properties":{"nome":"EMEF José Ferreira da Fonseca Lima","tipo":"school","mun":"São Gabriel","ibge":"4318309"}},{"type":"Feature","geometry":{"type":"Point","coordinates":[-54.31684,-30.32882]},"properties":{"nome":"EMEF José Evaristo de Macedo Casado","tipo":"school","mun":"São Gabriel","ibge":"4318309"}},{"type":"Feature","geometry":{"type":"Point","coordinates":[-54.32414,-30.31019]},"properties":{"nome":"EMEF Homero Prates da Silva","tipo":"school","mun":"São Gabriel","ibge":"4318309"}},{"type":"Feature","geometry":{"type":"Point","coordinates":[-54.33607,-30.34367]},"properties":{"nome":"EMEF Doutor João Manoel Salvadé","tipo":"school","mun":"São Gabriel","ibge":"4318309"}},{"type":"Feature","geometry":{"type":"Point","coordinates":[-51.23219,-30.11093]},"properties":{"nome":"Escola Violeta Magalhães","tipo":"school","mun":"Porto Alegre","ibge":"4314902"}},{"type":"Feature","geometry":{"type":"Point","coordinates":[-51.25122,-30.09412]},"properties":{"nome":"Iate Clube Guaíba","tipo":"community_centre","mun":"Porto Alegre","ibge":"4314902"}},{"type":"Feature","geometry":{"type":"Point","coordinates":[-53.73443,-27.61633]},"properties":{"nome":"CRECHE PINGO DE GENTE","tipo":"school","mun":"Braga","ibge":"4302600"}},{"type":"Feature","geometry":{"type":"Point","coordinates":[-52.34199,-31.69593]},"properties":{"nome":"Sociedade Esportiva e Recreativa 15 de Julho","tipo":"community_centre","mun":"Pelotas","ibge":"4314407"}},{"type":"Feature","geometry":{"type":"Point","coordinates":[-53.01828,-31.13865]},"properties":{"nome":"Salão Paroquial","tipo":"community_centre","mun":"Piratini","ibge":"4314605"}},{"type":"Feature","geometry":{"type":"Point","coordinates":[-54.32088,-30.34833]},"properties":{"nome":"Colégio Tiradentes","tipo":"school","mun":"São Gabriel","ibge":"4318309"}},{"type":"Feature","geometry":{"type":"Point","coordinates":[-52.89751,-30.04409]},"properties":{"nome":"Escola Estadual Rio Jacuí","tipo":"school","mun":"Cachoeira do Sul","ibge":"4303004"}},{"type":"Feature","geometry":{"type":"Point","coordinates":[-53.6249,-28.65568]},"properties":{"nome":"E.M.E.F> Ildo Meneguetti.","tipo":"school","mun":"Cruz Alta","ibge":"4306106"}},{"type":"Feature","geometry":{"type":"Point","coordinates":[-52.90613,-30.03341]},"properties":{"nome":"Escola Borges de Medeiros","tipo":"school","mun":"Cachoeira do Sul","ibge":"4303004"}},{"type":"Feature","geometry":{"type":"Point","coordinates":[-52.88993,-30.0449]},"properties":{"nome":"Escola Estadual João Neves da Fontoura","tipo":"school","mun":"Cachoeira do Sul","ibge":"4303004"}},{"type":"Feature","geometry":{"type":"Point","coordinates":[-53.04052,-31.34347]},"properties":{"nome":"Escola Mun Pe Reinaldo Wist","tipo":"school","mun":"Piratini","ibge":"4314605"}},{"type":"Feature","geometry":{"type":"Point","coordinates":[-52.14869,-28.10787]},"properties":{"nome":"CTG","tipo":"community_centre","mun":"Vila Lângaro","ibge":"4323358"}},{"type":"Feature","geometry":{"type":"Point","coordinates":[-51.7699,-29.91044]},"properties":{"nome":"Ginásio Municipal de Esportes Tancredo Pereira Mendes","tipo":"sports_centre","mun":"General Câmara","ibge":"4308805"}},{"type":"Feature","geometry":{"type":"Point","coordinates":[-52.29344,-29.04489]},"properties":{"nome":"Quadra de Areia","tipo":"sports_centre","mun":"São José do Herval","ibge":"4318465"}},{"type":"Feature","geometry":{"type":"Point","coordinates":[-52.29464,-29.04596]},"properties":{"nome":"Clube Comunitário","tipo":"community_centre","mun":"São José do Herval","ibge":"4318465"}},{"type":"Feature","geometry":{"type":"Point","coordinates":[-52.29076,-29.0478]},"properties":{"nome":"CTG Querência do Herval","tipo":"community_centre","mun":"São José do Herval","ibge":"4318465"}},{"type":"Feature","geometry":{"type":"Point","coordinates":[-52.29221,-29.04663]},"properties":{"nome":"Coreto Prenda Minha","tipo":"shelter","mun":"São José do Herval","ibge":"4318465"}},{"type":"Feature","geometry":{"type":"Point","coordinates":[-50.58036,-29.44691]},"properties":{"nome":"CANTINHO KIDS","tipo":"school","mun":"São Francisco de Paula","ibge":"4318200"}},{"type":"Feature","geometry":{"type":"Point","coordinates":[-53.27724,-27.35033]},"properties":{"nome":"Sociedade Santa Cruz","tipo":"community_centre","mun":"Frederico Westphalen","ibge":"4308508"}},{"type":"Feature","geometry":{"type":"Point","coordinates":[-54.33051,-30.3343]},"properties":{"nome":"EEEM João Pedro Nunes","tipo":"school","mun":"São Gabriel","ibge":"4318309"}},{"type":"Feature","geometry":{"type":"Point","coordinates":[-54.26921,-28.35798]},"properties":{"nome":"EE Doutor Carlos Kruel","tipo":"school","mun":"Entre-Ijuís","ibge":"4306932"}},{"type":"Feature","geometry":{"type":"Point","coordinates":[-52.3839,-31.75571]},"properties":{"nome":"Ginásio do CIEP","tipo":"sports_centre","mun":"Pelotas","ibge":"4314407"}},{"type":"Feature","geometry":{"type":"Point","coordinates":[-52.52137,-31.2677]},"properties":{"nome":"Ginásio do Herval","tipo":"sports_centre","mun":"Canguçu","ibge":"4304507"}},{"type":"Feature","geometry":{"type":"Point","coordinates":[-50.58225,-29.44274]},"properties":{"nome":"Clube Atlético Serrano","tipo":"sports_centre","mun":"São Francisco de Paula","ibge":"4318200"}},{"type":"Feature","geometry":{"type":"Point","coordinates":[-52.50438,-31.62399]},"properties":{"nome":"Escola Municipal De Ensino Fundamental Ministro Artur De Souza Costa","tipo":"school","mun":"Pelotas","ibge":"4314407"}},{"type":"Feature","geometry":{"type":"Point","coordinates":[-52.57616,-31.41937]},"properties":{"nome":"Associação do Rincão dos Maias","tipo":"community_centre","mun":"Canguçu","ibge":"4304507"}},{"type":"Feature","geometry":{"type":"Point","coordinates":[-54.33166,-30.35767]},"properties":{"nome":"EEEF Doutor Pery da Cunha Gonçalves","tipo":"school","mun":"São Gabriel","ibge":"4318309"}},{"type":"Feature","geometry":{"type":"Point","coordinates":[-52.67313,-31.39477]},"properties":{"nome":"Colégio Estadual João de Deus Nunes","tipo":"school","mun":"Canguçu","ibge":"4304507"}},{"type":"Feature","geometry":{"type":"Point","coordinates":[-52.67378,-31.39475]},"properties":{"nome":"Colégio Contador","tipo":"school","mun":"Canguçu","ibge":"4304507"}},{"type":"Feature","geometry":{"type":"Point","coordinates":[-52.67701,-31.39918]},"properties":{"nome":"E.E.E.F. Irmãos Andradas","tipo":"school","mun":"Canguçu","ibge":"4304507"}},{"type":"Feature","geometry":{"type":"Point","coordinates":[-52.68428,-31.38522]},"properties":{"nome":"E.E.E.F. Neusa Paes do Amaral","tipo":"school","mun":"Canguçu","ibge":"4304507"}},{"type":"Feature","geometry":{"type":"Point","coordinates":[-52.67735,-31.39038]},"properties":{"nome":"Colégio Franciscano Nossa Senhora Aparecida","tipo":"school","mun":"Canguçu","ibge":"4304507"}},{"type":"Feature","geometry":{"type":"Point","coordinates":[-52.38369,-31.75543]},"properties":{"nome":"EEEB Osmar da Rocha Grafulha","tipo":"school","mun":"Pelotas","ibge":"4314407"}},{"type":"Feature","geometry":{"type":"Point","coordinates":[-52.68945,-31.38507]},"properties":{"nome":"E.M.E.F. Geraldo Telesca","tipo":"school","mun":"Canguçu","ibge":"4304507"}},{"type":"Feature","geometry":{"type":"Point","coordinates":[-52.67437,-31.386]},"properties":{"nome":"E.M.E.F. Vitor Marques Porto","tipo":"school","mun":"Canguçu","ibge":"4304507"}},{"type":"Feature","geometry":{"type":"Point","coordinates":[-52.67834,-31.4056]},"properties":{"nome":"Escola Irmã Maria Firmina Simon","tipo":"school","mun":"Canguçu","ibge":"4304507"}},{"type":"Feature","geometry":{"type":"Point","coordinates":[-52.68628,-31.4039]},"properties":{"nome":"E.M.E.F. Adriano Brockmann Mota","tipo":"school","mun":"Canguçu","ibge":"4304507"}},{"type":"Feature","geometry":{"type":"Point","coordinates":[-52.66574,-31.39372]},"properties":{"nome":"E.M.E.F. Dom Pedro II","tipo":"school","mun":"Canguçu","ibge":"4304507"}},{"type":"Feature","geometry":{"type":"Point","coordinates":[-52.67033,-31.40627]},"properties":{"nome":"E.M.E.F. Getúlio Vargas","tipo":"school","mun":"Canguçu","ibge":"4304507"}},{"type":"Feature","geometry":{"type":"Point","coordinates":[-52.84117,-31.47894]},"properties":{"nome":"E.M.E.F. Pres. Castelo Branco","tipo":"school","mun":"Canguçu","ibge":"4304507"}},{"type":"Feature","geometry":{"type":"Point","coordinates":[-52.89839,-31.58399]},"properties":{"nome":"E.M.E.F. Gonçalves Dias","tipo":"school","mun":"Canguçu","ibge":"4304507"}},{"type":"Feature","geometry":{"type":"Point","coordinates":[-52.64715,-31.44172]},"properties":{"nome":"E.E.E.F. Bruno Blaas","tipo":"school","mun":"Canguçu","ibge":"4304507"}},{"type":"Feature","geometry":{"type":"Point","coordinates":[-52.62559,-31.46131]},"properties":{"nome":"E.M.E.F. Mal. Deodoro","tipo":"school","mun":"Canguçu","ibge":"4304507"}},{"type":"Feature","geometry":{"type":"Point","coordinates":[-52.57215,-31.4213]},"properties":{"nome":"E.M.E.F. 20 de Setembro","tipo":"school","mun":"Canguçu","ibge":"4304507"}},{"type":"Feature","geometry":{"type":"Point","coordinates":[-52.63236,-31.36969]},"properties":{"nome":"E.M.E.F. Dr. Jaime de Faria","tipo":"school","mun":"Canguçu","ibge":"4304507"}},{"type":"Feature","geometry":{"type":"Point","coordinates":[-52.56911,-31.31551]},"properties":{"nome":"E.M.E.F. Santo Ângelo","tipo":"school","mun":"Canguçu","ibge":"4304507"}},{"type":"Feature","geometry":{"type":"Point","coordinates":[-52.60617,-31.2807]},"properties":{"nome":"E.M.E.F. Guido Timm Venske","tipo":"school","mun":"Canguçu","ibge":"4304507"}},{"type":"Feature","geometry":{"type":"Point","coordinates":[-52.53658,-31.17314]},"properties":{"nome":"E.E.E.F. Zótico Soares da Silva","tipo":"school","mun":"Canguçu","ibge":"4304507"}},{"type":"Feature","geometry":{"type":"Point","coordinates":[-52.49301,-31.13899]},"properties":{"nome":"E.M.E.F. Júlio de Castilhos","tipo":"school","mun":"Canguçu","ibge":"4304507"}},{"type":"Feature","geometry":{"type":"Point","coordinates":[-52.40679,-31.13193]},"properties":{"nome":"E. E. E.M. José Veridiano Ferreira","tipo":"school","mun":"Canguçu","ibge":"4304507"}},{"type":"Feature","geometry":{"type":"Point","coordinates":[-52.40753,-31.13051]},"properties":{"nome":"Salão da Comunidade","tipo":"community_centre","mun":"Canguçu","ibge":"4304507"}},{"type":"Feature","geometry":{"type":"Point","coordinates":[-52.52411,-31.10241]},"properties":{"nome":"E.M.E.F. Oscar Fonseca da Silva","tipo":"school","mun":"Canguçu","ibge":"4304507"}},{"type":"Feature","geometry":{"type":"Point","coordinates":[-52.36293,-30.96621]},"properties":{"nome":"E.E.E.F. Orestes Paiva Coutinho","tipo":"school","mun":"Canguçu","ibge":"4304507"}},{"type":"Feature","geometry":{"type":"Point","coordinates":[-52.33156,-30.96924]},"properties":{"nome":"E.M.E.F. José Luiz da Silva","tipo":"school","mun":"Canguçu","ibge":"4304507"}},{"type":"Feature","geometry":{"type":"Point","coordinates":[-52.32679,-30.96881]},"properties":{"nome":"C.T.G. Sentinela da Armada","tipo":"community_centre","mun":"Canguçu","ibge":"4304507"}},{"type":"Feature","geometry":{"type":"Point","coordinates":[-52.62145,-30.98949]},"properties":{"nome":"E.E.E.F. Oziel Alves Pereira","tipo":"school","mun":"Canguçu","ibge":"4304507"}},{"type":"Feature","geometry":{"type":"Point","coordinates":[-52.66805,-30.96137]},"properties":{"nome":"E.M.E.F. Francisco Meireles","tipo":"school","mun":"Canguçu","ibge":"4304507"}},{"type":"Feature","geometry":{"type":"Point","coordinates":[-52.80615,-31.01664]},"properties":{"nome":"E.M.E.F. José Maria Dutra","tipo":"school","mun":"Canguçu","ibge":"4304507"}},{"type":"Feature","geometry":{"type":"Point","coordinates":[-52.81522,-31.11029]},"properties":{"nome":"E.E.E.F. Feliciano Barcelos Nunes","tipo":"school","mun":"Canguçu","ibge":"4304507"}},{"type":"Feature","geometry":{"type":"Point","coordinates":[-52.81876,-31.11824]},"properties":{"nome":"Centro Comunitário da Coxilha do Fogo","tipo":"community_centre","mun":"Canguçu","ibge":"4304507"}},{"type":"Feature","geometry":{"type":"Point","coordinates":[-52.82157,-31.20349]},"properties":{"nome":"E.M.E.F. Francisco José Barbosa","tipo":"school","mun":"Canguçu","ibge":"4304507"}},{"type":"Feature","geometry":{"type":"Point","coordinates":[-52.76721,-31.2025]},"properties":{"nome":"E.M.E.F. Euclides da Cunha","tipo":"school","mun":"Canguçu","ibge":"4304507"}},{"type":"Feature","geometry":{"type":"Point","coordinates":[-52.76439,-31.15779]},"properties":{"nome":"E.E.E.M. Senador Alberto Pasqualine","tipo":"school","mun":"Canguçu","ibge":"4304507"}},{"type":"Feature","geometry":{"type":"Point","coordinates":[-52.78544,-31.28993]},"properties":{"nome":"E.M.E.F. Secundino da Silva","tipo":"school","mun":"Canguçu","ibge":"4304507"}},{"type":"Feature","geometry":{"type":"Point","coordinates":[-52.67832,-31.20887]},"properties":{"nome":"Salão Kölher","tipo":"community_centre","mun":"Canguçu","ibge":"4304507"}},{"type":"Feature","geometry":{"type":"Point","coordinates":[-52.67157,-31.1972]},"properties":{"nome":"Ginásio Escola Heitor Soares","tipo":"sports_centre","mun":"Canguçu","ibge":"4304507"}},{"type":"Feature","geometry":{"type":"Point","coordinates":[-52.67135,-31.19734]},"properties":{"nome":"E.M.E.F. Heitor Soares Ribeiro","tipo":"school","mun":"Canguçu","ibge":"4304507"}},{"type":"Feature","geometry":{"type":"Point","coordinates":[-52.84612,-31.33993]},"properties":{"nome":"E.E.E.F. Barão de Santa Tecla","tipo":"school","mun":"Canguçu","ibge":"4304507"}},{"type":"Feature","geometry":{"type":"Point","coordinates":[-52.89796,-31.35479]},"properties":{"nome":"E.M.E.F. Joaquim Nabuco","tipo":"school","mun":"Canguçu","ibge":"4304507"}},{"type":"Feature","geometry":{"type":"Point","coordinates":[-52.80974,-31.40342]},"properties":{"nome":"E.M.E.F. Cristo Rei","tipo":"school","mun":"Canguçu","ibge":"4304507"}},{"type":"Feature","geometry":{"type":"Point","coordinates":[-52.7427,-31.55064]},"properties":{"nome":"E.M.E.F. Mal. Floriano / E.E.E.M. João Simões Lopes Neto","tipo":"school","mun":"Canguçu","ibge":"4304507"}},{"type":"Feature","geometry":{"type":"Point","coordinates":[-52.81953,-31.55723]},"properties":{"nome":"Centro Comunitário do Passo do Lourenço","tipo":"community_centre","mun":"Canguçu","ibge":"4304507"}},{"type":"Feature","geometry":{"type":"Point","coordinates":[-52.68373,-31.39972]},"properties":{"nome":"Associação de Pais e Amigos dos Excepcionais de Canguçu","tipo":"school","mun":"Canguçu","ibge":"4304507"}},{"type":"Feature","geometry":{"type":"Point","coordinates":[-52.67676,-31.46679]},"properties":{"nome":"E.E.E.M. Maria Moraes Medeiros","tipo":"school","mun":"Canguçu","ibge":"4304507"}},{"type":"Feature","geometry":{"type":"Point","coordinates":[-52.67697,-31.4668]},"properties":{"nome":"Sede Itararé Football Club","tipo":"community_centre","mun":"Canguçu","ibge":"4304507"}},{"type":"Feature","geometry":{"type":"Point","coordinates":[-52.73898,-31.43042]},"properties":{"nome":"E.M.E.F. Santa Maria","tipo":"school","mun":"Canguçu","ibge":"4304507"}},{"type":"Feature","geometry":{"type":"Point","coordinates":[-54.01299,-27.87931]},"properties":{"nome":"Escola Municipal de Ensino Fundamental Visconde de Cerro Alegre","tipo":"school","mun":"Inhacorá","ibge":"4310413"}},{"type":"Feature","geometry":{"type":"Point","coordinates":[-52.88751,-31.52336]},"properties":{"nome":"E.M.E.F. Santo Estevão (desativada)","tipo":"school","mun":"Canguçu","ibge":"4304507"}},{"type":"Feature","geometry":{"type":"Point","coordinates":[-52.6505,-31.41582]},"properties":{"nome":"E.M.E.F. São João Batista de La Sale","tipo":"school","mun":"Canguçu","ibge":"4304507"}},{"type":"Feature","geometry":{"type":"Point","coordinates":[-52.53616,-29.95581]},"properties":{"nome":"E.E.E.M. João Habekost","tipo":"school","mun":"Rio Pardo","ibge":"4315701"}},{"type":"Feature","geometry":{"type":"Point","coordinates":[-54.32206,-30.33018]},"properties":{"nome":"JJ Sports","tipo":"sports_centre","mun":"São Gabriel","ibge":"4318309"}},{"type":"Feature","geometry":{"type":"Point","coordinates":[-54.32934,-30.33896]},"properties":{"nome":"Ginásio Gabrielense","tipo":"sports_centre","mun":"São Gabriel","ibge":"4318309"}},{"type":"Feature","geometry":{"type":"Point","coordinates":[-54.32631,-30.3401]},"properties":{"nome":"EEEB Doutor Celestino Lopes Cavalheiro","tipo":"school","mun":"São Gabriel","ibge":"4318309"}},{"type":"Feature","geometry":{"type":"Point","coordinates":[-51.02305,-30.0175]},"properties":{"nome":"Escola Estadual de Ensino Médio Nísia Floresta","tipo":"school","mun":"Viamão","ibge":"4323002"}},{"type":"Feature","geometry":{"type":"Point","coordinates":[-51.19378,-30.0306]},"properties":{"nome":"Igreja Evangélica Luterana do Brasil Centro Administrativo","tipo":"community_centre","mun":"Porto Alegre","ibge":"4314902"}},{"type":"Feature","geometry":{"type":"Point","coordinates":[-51.18688,-30.04966]},"properties":{"nome":"Top One Barão do Amazonas","tipo":"sports_centre","mun":"Porto Alegre","ibge":"4314902"}},{"type":"Feature","geometry":{"type":"Point","coordinates":[-54.92297,-30.25819]},"properties":{"nome":"Escola Nossa Senhora do Rosário","tipo":"school","mun":"Rosário do Sul","ibge":"4316402"}},{"type":"Feature","geometry":{"type":"Point","coordinates":[-53.36293,-33.52242]},"properties":{"nome":"E.E.E.B. Manoel Vicente do Amaral","tipo":"school","mun":"Santa Vitória do Palmar","ibge":"4317301"}},{"type":"Feature","geometry":{"type":"Point","coordinates":[-52.50167,-31.76641]},"properties":{"nome":"E.E.E.F. Dr. Dario da Silva Tavares","tipo":"school","mun":"Capão do Leão","ibge":"4304663"}},{"type":"Feature","geometry":{"type":"Point","coordinates":[-52.49758,-31.76533]},"properties":{"nome":"E.E.E.M. Presidente Castelo Branco","tipo":"school","mun":"Capão do Leão","ibge":"4304663"}},{"type":"Feature","geometry":{"type":"Point","coordinates":[-52.49771,-31.76586]},"properties":{"nome":"Ginásio Esportivo","tipo":"sports_centre","mun":"Capão do Leão","ibge":"4304663"}},{"type":"Feature","geometry":{"type":"Point","coordinates":[-52.26791,-29.38308]},"properties":{"nome":"Ginásio Poliesportivo de Sério","tipo":"sports_centre","mun":"Sério","ibge":"4320453"}},{"type":"Feature","geometry":{"type":"Point","coordinates":[-52.26835,-29.3838]},"properties":{"nome":"Salão Comunitário São José","tipo":"community_centre","mun":"Sério","ibge":"4320453"}},{"type":"Feature","geometry":{"type":"Point","coordinates":[-51.12284,-29.95266]},"properties":{"nome":"CADOP","tipo":"school","mun":"Cachoeirinha","ibge":"4303103"}},{"type":"Feature","geometry":{"type":"Point","coordinates":[-52.67558,-31.51352]},"properties":{"nome":"E.M.E.F. São Luiz Gonzaga","tipo":"school","mun":"Canguçu","ibge":"4304507"}},{"type":"Feature","geometry":{"type":"Point","coordinates":[-52.5298,-31.26571]},"properties":{"nome":"E.E.E.M. Alberto Vinque","tipo":"school","mun":"Canguçu","ibge":"4304507"}},{"type":"Feature","geometry":{"type":"Point","coordinates":[-52.44994,-31.1827]},"properties":{"nome":"E.M.E.F. Carlos Soares da Silveira","tipo":"school","mun":"Canguçu","ibge":"4304507"}},{"type":"Feature","geometry":{"type":"Point","coordinates":[-52.78797,-28.28431]},"properties":{"nome":"Notre Dame","tipo":"school","mun":"Carazinho","ibge":"4304705"}},{"type":"Feature","geometry":{"type":"Point","coordinates":[-54.73203,-27.73897]},"properties":{"nome":"Sociedade Ipiranga","tipo":"community_centre","mun":"Santo Cristo","ibge":"4317905"}},{"type":"Feature","geometry":{"type":"Point","coordinates":[-54.76782,-27.80393]},"properties":{"nome":"Sociedade Alto Uruguai","tipo":"community_centre","mun":"Santo Cristo","ibge":"4317905"}},{"type":"Feature","geometry":{"type":"Point","coordinates":[-54.82661,-27.80357]},"properties":{"nome":"E M E F São Sebastião","tipo":"school","mun":"Santo Cristo","ibge":"4317905"}},{"type":"Feature","geometry":{"type":"Point","coordinates":[-51.12224,-29.81582]},"properties":{"nome":"Escola Municipal Walmir dos Santos Martins","tipo":"school","mun":"Sapucaia do Sul","ibge":"4320008"}},{"type":"Feature","geometry":{"type":"Point","coordinates":[-54.32172,-30.33604]},"properties":{"nome":"Ginásio São Gabriel","tipo":"school","mun":"São Gabriel","ibge":"4318309"}},{"type":"Feature","geometry":{"type":"Point","coordinates":[-53.89839,-30.81122]},"properties":{"nome":"Dr Claudio","tipo":"school","mun":"Lavras do Sul","ibge":"4311502"}},{"type":"Feature","geometry":{"type":"Point","coordinates":[-53.929,-28.3964]},"properties":{"nome":"SESI","tipo":"sports_centre","mun":"Ijuí","ibge":"4310207"}},{"type":"Feature","geometry":{"type":"Point","coordinates":[-53.91665,-28.384]},"properties":{"nome":"Colégio Sagrado Coração de Jesus","tipo":"school","mun":"Ijuí","ibge":"4310207"}},{"type":"Feature","geometry":{"type":"Point","coordinates":[-50.78652,-29.88773]},"properties":{"nome":"EMEF Ary Soares","tipo":"school","mun":"Glorinha","ibge":"4309050"}},{"type":"Feature","geometry":{"type":"Point","coordinates":[-51.52753,-29.3124]},"properties":{"nome":"Comunidade Primeira Seção De Castro","tipo":"community_centre","mun":"Carlos Barbosa","ibge":"4304804"}},{"type":"Feature","geometry":{"type":"Point","coordinates":[-51.17542,-29.93436]},"properties":{"nome":"Grêmio Esportivo Beneficente Getúlio Vargas","tipo":"sports_centre","mun":"Canoas","ibge":"4304606"}},{"type":"Feature","geometry":{"type":"Point","coordinates":[-51.6308,-29.24085]},"properties":{"nome":"Comunidade Capela São Pantaleone","tipo":"community_centre","mun":"Garibaldi","ibge":"4308607"}},{"type":"Feature","geometry":{"type":"Point","coordinates":[-51.11854,-29.30657]},"properties":{"nome":"Sociedade Esporte Clube 15 de Novembro - Linha Sebastopol","tipo":"community_centre","mun":"Caxias do Sul","ibge":"4305108"}},{"type":"Feature","geometry":{"type":"Point","coordinates":[-52.32705,-31.76422]},"properties":{"nome":"Escola La Salle Hipólito Leite","tipo":"school","mun":"Pelotas","ibge":"4314407"}},{"type":"Feature","geometry":{"type":"Point","coordinates":[-51.39212,-29.2332]},"properties":{"nome":"Salão Comunitário São Luiz 3º Distrito de Farroupilha","tipo":"community_centre","mun":"Farroupilha","ibge":"4307906"}},{"type":"Feature","geometry":{"type":"Point","coordinates":[-51.72235,-29.95693]},"properties":{"nome":"Colégio Cenecista Carlos Maximiliano","tipo":"school","mun":"São Jerônimo","ibge":"4318408"}},{"type":"Feature","geometry":{"type":"Point","coordinates":[-51.09833,-29.40138]},"properties":{"nome":"Centro Comunitario Sobra","tipo":"community_centre","mun":"Nova Petrópolis","ibge":"4313201"}},{"type":"Feature","geometry":{"type":"Point","coordinates":[-51.07879,-29.02068]},"properties":{"nome":"Salão da Capela de Pedras Brancas","tipo":"community_centre","mun":"São Marcos","ibge":"4319000"}},{"type":"Feature","geometry":{"type":"Point","coordinates":[-52.44668,-31.30747]},"properties":{"nome":"Centro Comunitário Travessão Taquaral","tipo":"community_centre","mun":"Canguçu","ibge":"4304507"}},{"type":"Feature","geometry":{"type":"Point","coordinates":[-52.14367,-29.59027]},"properties":{"nome":"Escola Municipal de Ensino Fundamental Reynaldo Hudo Döring","tipo":"school","mun":"Venâncio Aires","ibge":"4322608"}},{"type":"Feature","geometry":{"type":"Point","coordinates":[-50.91678,-31.10515]},"properties":{"nome":"Escola Estadual 11de Abril","tipo":"school","mun":"Mostardas","ibge":"4312500"}},{"type":"Feature","geometry":{"type":"Point","coordinates":[-51.19346,-29.96509]},"properties":{"nome":"Escola Municipal de Ensino Fundamental Doutor Nelson Pain Terra","tipo":"school","mun":"Canoas","ibge":"4304606"}},{"type":"Feature","geometry":{"type":"Point","coordinates":[-52.4094,-28.26653]},"properties":{"nome":"Clube Náutico Capinguí","tipo":"sports_centre","mun":"Passo Fundo","ibge":"4314100"}},{"type":"Feature","geometry":{"type":"Point","coordinates":[-50.91575,-31.10098]},"properties":{"nome":"Centro Comunitário Dr Valmor Machado","tipo":"community_centre","mun":"Mostardas","ibge":"4312500"}},{"type":"Feature","geometry":{"type":"Point","coordinates":[-54.08223,-30.33427]},"properties":{"nome":"EMEF Rodrigues Alves","tipo":"school","mun":"Santa Margarida do Sul","ibge":"4316972"}},{"type":"Feature","geometry":{"type":"Point","coordinates":[-54.25752,-28.30596]},"properties":{"nome":"Colégio Marista Santo Ângelo","tipo":"school","mun":"Santo Ângelo","ibge":"4317509"}},{"type":"Feature","geometry":{"type":"Point","coordinates":[-54.2619,-28.30686]},"properties":{"nome":"Onofre Pires","tipo":"school","mun":"Santo Ângelo","ibge":"4317509"}},{"type":"Feature","geometry":{"type":"Point","coordinates":[-51.34162,-30.121]},"properties":{"nome":"Sede da Associação de Moradores do Bairro Fátima","tipo":"community_centre","mun":"Guaíba","ibge":"4309308"}},{"type":"Feature","geometry":{"type":"Point","coordinates":[-51.32278,-30.12728]},"properties":{"nome":"Escola Estadual Augusto Meyer","tipo":"school","mun":"Guaíba","ibge":"4309308"}},{"type":"Feature","geometry":{"type":"Point","coordinates":[-51.31593,-30.12943]},"properties":{"nome":"Escola Estadual Darcy Berbigier","tipo":"school","mun":"Guaíba","ibge":"4309308"}},{"type":"Feature","geometry":{"type":"Point","coordinates":[-52.01487,-28.06793]},"properties":{"nome":"FAT","tipo":"school","mun":"Tapejara","ibge":"4320909"}},{"type":"Feature","geometry":{"type":"Point","coordinates":[-52.00373,-28.06357]},"properties":{"nome":"Giocondo Canali","tipo":"school","mun":"Tapejara","ibge":"4320909"}},{"type":"Feature","geometry":{"type":"Point","coordinates":[-52.40148,-28.25521]},"properties":{"nome":"Grupo Escoteiro Guaranis","tipo":"community_centre","mun":"Passo Fundo","ibge":"4314100"}},{"type":"Feature","geometry":{"type":"Point","coordinates":[-52.39846,-28.26688]},"properties":{"nome":"Lar da Menina Pe. Paulo Farina","tipo":"community_centre","mun":"Passo Fundo","ibge":"4314100"}},{"type":"Feature","geometry":{"type":"Point","coordinates":[-52.39802,-28.26712]},"properties":{"nome":"Escola Estadual Maurício Sirotsky Sobrinho","tipo":"school","mun":"Passo Fundo","ibge":"4314100"}},{"type":"Feature","geometry":{"type":"Point","coordinates":[-52.38057,-28.23394]},"properties":{"nome":"Ginásio Poliesportivo","tipo":"sports_centre","mun":"Passo Fundo","ibge":"4314100"}},{"type":"Feature","geometry":{"type":"Point","coordinates":[-51.85813,-28.05969]},"properties":{"nome":"Clube Esportivo e Recreativo Ibiaçaence","tipo":"sports_centre","mun":"Ibiaçá","ibge":"4309803"}},{"type":"Feature","geometry":{"type":"Point","coordinates":[-51.85474,-28.06059]},"properties":{"nome":"Ginásio de Esportes Ibiaçá","tipo":"sports_centre","mun":"Ibiaçá","ibge":"4309803"}},{"type":"Feature","geometry":{"type":"Point","coordinates":[-51.02212,-30.08146]},"properties":{"nome":"Colégio Adventista","tipo":"school","mun":"Viamão","ibge":"4323002"}},{"type":"Feature","geometry":{"type":"Point","coordinates":[-52.38177,-28.27446]},"properties":{"nome":"Ginásio São Cristóvão","tipo":"sports_centre","mun":"Passo Fundo","ibge":"4314100"}},{"type":"Feature","geometry":{"type":"Point","coordinates":[-53.37308,-32.5618]},"properties":{"nome":"Colégio Nelson Wortmann","tipo":"school","mun":"Jaguarão","ibge":"4311007"}},{"type":"Feature","geometry":{"type":"Point","coordinates":[-52.4102,-28.25475]},"properties":{"nome":"Piscina Térmica","tipo":"sports_centre","mun":"Passo Fundo","ibge":"4314100"}},{"type":"Feature","geometry":{"type":"Point","coordinates":[-52.43979,-28.27516]},"properties":{"nome":"BSBios Arena - Sport Clube Gaúcho","tipo":"sports_centre","mun":"Passo Fundo","ibge":"4314100"}},{"type":"Feature","geometry":{"type":"Point","coordinates":[-52.40437,-28.25689]},"properties":{"nome":"Clube Juvenil","tipo":"sports_centre","mun":"Passo Fundo","ibge":"4314100"}},{"type":"Feature","geometry":{"type":"Point","coordinates":[-51.34278,-30.15401]},"properties":{"nome":"Nossa Senhor do Livramento","tipo":"school","mun":"Guaíba","ibge":"4309308"}},{"type":"Feature","geometry":{"type":"Point","coordinates":[-52.42466,-28.2495]},"properties":{"nome":"Ginásio São José Operário","tipo":"sports_centre","mun":"Passo Fundo","ibge":"4314100"}},{"type":"Feature","geometry":{"type":"Point","coordinates":[-52.36,-28.26971]},"properties":{"nome":"Clube Comercial - Sede Campestre","tipo":"sports_centre","mun":"Passo Fundo","ibge":"4314100"}},{"type":"Feature","geometry":{"type":"Point","coordinates":[-51.18247,-29.8984]},"properties":{"nome":"EMEF Ceará","tipo":"school","mun":"Canoas","ibge":"4304606"}},{"type":"Feature","geometry":{"type":"Point","coordinates":[-51.80623,-28.94695]},"properties":{"nome":"Comunidade de Linha Emília","tipo":"community_centre","mun":"Dois Lajeados","ibge":"4306452"}},{"type":"Feature","geometry":{"type":"Point","coordinates":[-51.68908,-28.97517]},"properties":{"nome":"Capela Santo Antônio","tipo":"community_centre","mun":"Cotiporã","ibge":"4305959"}},{"type":"Feature","geometry":{"type":"Point","coordinates":[-52.31416,-31.94093]},"properties":{"nome":"Sede Social E.C Ferroviário","tipo":"sports_centre","mun":"Rio Grande","ibge":"4315602"}},{"type":"Feature","geometry":{"type":"Point","coordinates":[-51.8636,-29.80026]},"properties":{"nome":"Achieve - Escola de Idiomas","tipo":"school","mun":"Taquari","ibge":"4321303"}},{"type":"Feature","geometry":{"type":"Point","coordinates":[-51.85012,-29.7792]},"properties":{"nome":"Escola Emílio Schenk","tipo":"school","mun":"Taquari","ibge":"4321303"}},{"type":"Feature","geometry":{"type":"Point","coordinates":[-50.9951,-29.92912]},"properties":{"nome":"Escola Municipal de 1º Grau Ladislau De Oliveira Nunes","tipo":"school","mun":"Gravataí","ibge":"4309209"}},{"type":"Feature","geometry":{"type":"Point","coordinates":[-54.91975,-30.25168]},"properties":{"nome":"E.E.E.F. Padre Angelo Bartelli","tipo":"school","mun":"Rosário do Sul","ibge":"4316402"}},{"type":"Feature","geometry":{"type":"Point","coordinates":[-51.32338,-29.68914]},"properties":{"nome":"Associação da Prefeitura de Capela de Santana","tipo":"community_centre","mun":"Capela de Santana","ibge":"4304689"}},{"type":"Feature","geometry":{"type":"Point","coordinates":[-51.32339,-29.68901]},"properties":{"nome":"Associação dos Moradores do Bairro Vila Nova","tipo":"community_centre","mun":"Capela de Santana","ibge":"4304689"}},{"type":"Feature","geometry":{"type":"Point","coordinates":[-54.12302,-31.33823]},"properties":{"nome":"E.M.E.F. Gabriela Mistral","tipo":"school","mun":"Bagé","ibge":"4301602"}},{"type":"Feature","geometry":{"type":"Point","coordinates":[-51.22349,-28.97108]},"properties":{"nome":"Recanto dos Pinheiros","tipo":"sports_centre","mun":"Flores da Cunha","ibge":"4308201"}},{"type":"Feature","geometry":{"type":"Point","coordinates":[-52.39684,-28.26459]},"properties":{"nome":"Escola Notre Dame - Menino Jesus","tipo":"school","mun":"Passo Fundo","ibge":"4314100"}},{"type":"Feature","geometry":{"type":"Point","coordinates":[-52.413,-28.26496]},"properties":{"nome":"Colégio Notre Dame","tipo":"school","mun":"Passo Fundo","ibge":"4314100"}},{"type":"Feature","geometry":{"type":"Point","coordinates":[-52.38591,-28.2351]},"properties":{"nome":"Associação dos Professores da UPF","tipo":"sports_centre","mun":"Passo Fundo","ibge":"4314100"}},{"type":"Feature","geometry":{"type":"Point","coordinates":[-52.42211,-28.26675]},"properties":{"nome":"Ginásio São Vicente de Paulo","tipo":"sports_centre","mun":"Passo Fundo","ibge":"4314100"}},{"type":"Feature","geometry":{"type":"Point","coordinates":[-52.41187,-28.25065]},"properties":{"nome":"Ginásio Nossa Senhora de Fátima","tipo":"sports_centre","mun":"Passo Fundo","ibge":"4314100"}},{"type":"Feature","geometry":{"type":"Point","coordinates":[-52.4129,-28.26919]},"properties":{"nome":"Ginásio São Judas Tadeu","tipo":"sports_centre","mun":"Passo Fundo","ibge":"4314100"}},{"type":"Feature","geometry":{"type":"Point","coordinates":[-51.3238,-30.11281]},"properties":{"nome":"Ginásio Ruy Coelho Gonçalves","tipo":"sports_centre","mun":"Guaíba","ibge":"4309308"}},{"type":"Feature","geometry":{"type":"Point","coordinates":[-51.31921,-30.10872]},"properties":{"nome":"Clube Itapui","tipo":"sports_centre","mun":"Guaíba","ibge":"4309308"}},{"type":"Feature","geometry":{"type":"Point","coordinates":[-52.02171,-28.07632]},"properties":{"nome":"Leonel De Moura Brizola","tipo":"school","mun":"Tapejara","ibge":"4320909"}},{"type":"Feature","geometry":{"type":"Point","coordinates":[-52.41465,-28.26214]},"properties":{"nome":"EENAV","tipo":"school","mun":"Passo Fundo","ibge":"4314100"}},{"type":"Feature","geometry":{"type":"Point","coordinates":[-52.41379,-28.26289]},"properties":{"nome":"Escola Círculo Operário - ECO","tipo":"school","mun":"Passo Fundo","ibge":"4314100"}},{"type":"Feature","geometry":{"type":"Point","coordinates":[-52.41618,-28.26418]},"properties":{"nome":"Colégio Estadual Joaquim Fagundes dos Reis","tipo":"school","mun":"Passo Fundo","ibge":"4314100"}},{"type":"Feature","geometry":{"type":"Point","coordinates":[-52.41982,-28.26584]},"properties":{"nome":"Instituto Educacional","tipo":"school","mun":"Passo Fundo","ibge":"4314100"}},{"type":"Feature","geometry":{"type":"Point","coordinates":[-50.911,-31.11302]},"properties":{"nome":"Associação Comunitária Sul Baixada","tipo":"community_centre","mun":"Mostardas","ibge":"4312500"}},{"type":"Feature","geometry":{"type":"Point","coordinates":[-51.17627,-29.2644]},"properties":{"nome":"Salão de festas","tipo":"community_centre","mun":"Caxias do Sul","ibge":"4305108"}},{"type":"Feature","geometry":{"type":"Point","coordinates":[-51.00861,-29.95007]},"properties":{"nome":"SENAI","tipo":"school","mun":"Gravataí","ibge":"4309209"}},{"type":"Feature","geometry":{"type":"Point","coordinates":[-51.03756,-29.92805]},"properties":{"nome":"SESI","tipo":"school","mun":"Gravataí","ibge":"4309209"}},{"type":"Feature","geometry":{"type":"Point","coordinates":[-51.07798,-29.02033]},"properties":{"nome":"Escola Estadual de Ensino Fundamental Giácomo Sandri","tipo":"school","mun":"São Marcos","ibge":"4319000"}},{"type":"Feature","geometry":{"type":"Point","coordinates":[-50.8098,-31.15223]},"properties":{"nome":"Sociedade Amigos do Balneário Mostardense","tipo":"sports_centre","mun":"Mostardas","ibge":"4312500"}},{"type":"Feature","geometry":{"type":"Point","coordinates":[-54.58203,-27.84214]},"properties":{"nome":"Salão da Comunidade da Linha Salto","tipo":"community_centre","mun":"Santo Cristo","ibge":"4317905"}},{"type":"Feature","geometry":{"type":"Point","coordinates":[-51.35293,-30.12863]},"properties":{"nome":"Sede da Associação de Moradores do Bom Fim","tipo":"community_centre","mun":"Guaíba","ibge":"4309308"}},{"type":"Feature","geometry":{"type":"Point","coordinates":[-51.02033,-29.24284]},"properties":{"nome":"Escola Municipal de Ensino Fundamental Santa Lúcia","tipo":"school","mun":"Caxias do Sul","ibge":"4305108"}},{"type":"Feature","geometry":{"type":"Point","coordinates":[-51.03218,-29.26127]},"properties":{"nome":"Centro Comunitário Santo Antônio","tipo":"community_centre","mun":"Caxias do Sul","ibge":"4305108"}},{"type":"Feature","geometry":{"type":"Point","coordinates":[-51.14132,-29.88226]},"properties":{"nome":"EMEI Jornalista Marione Machado Leite","tipo":"school","mun":"Canoas","ibge":"4304606"}},{"type":"Feature","geometry":{"type":"Point","coordinates":[-52.79386,-28.29671]},"properties":{"nome":"Escola Estadual de Ensino Médio Érico Verissímo","tipo":"school","mun":"Carazinho","ibge":"4304705"}},{"type":"Feature","geometry":{"type":"Point","coordinates":[-50.96955,-29.94844]},"properties":{"nome":"Colégio Fundação Bradesco","tipo":"school","mun":"Gravataí","ibge":"4309209"}},{"type":"Feature","geometry":{"type":"Point","coordinates":[-52.77697,-28.27411]},"properties":{"nome":"Patronato Santo Antonio","tipo":"community_centre","mun":"Carazinho","ibge":"4304705"}},{"type":"Feature","geometry":{"type":"Point","coordinates":[-50.20603,-29.67449]},"properties":{"nome":"Escola Estadual de Educação Básica Lourenço Leon Von Langendonck","tipo":"school","mun":"Maquiné","ibge":"4311775"}},{"type":"Feature","geometry":{"type":"Point","coordinates":[-51.14935,-29.16418]},"properties":{"nome":"Bloco B - CETEC UCS - Escola de Ensino Médio e Técnico","tipo":"school","mun":"Caxias do Sul","ibge":"4305108"}},{"type":"Feature","geometry":{"type":"Point","coordinates":[-51.1493,-29.16373]},"properties":{"nome":"Bloco C - CETEC UCS - Escola de Ensino Médio e Técnico","tipo":"school","mun":"Caxias do Sul","ibge":"4305108"}},{"type":"Feature","geometry":{"type":"Point","coordinates":[-51.14896,-29.16399]},"properties":{"nome":"Bloco K - CETEC UCS - Escola de Ensino Médio e Técnico","tipo":"school","mun":"Caxias do Sul","ibge":"4305108"}},{"type":"Feature","geometry":{"type":"Point","coordinates":[-51.2183,-29.10829]},"properties":{"nome":"Salão paroquial - Nossa Senhora das Neves - Linha 40","tipo":"community_centre","mun":"Caxias do Sul","ibge":"4305108"}},{"type":"Feature","geometry":{"type":"Point","coordinates":[-51.21888,-29.32217]},"properties":{"nome":"Sociedade Esportiva e Recreativa Cerro da Glória","tipo":"community_centre","mun":"Caxias do Sul","ibge":"4305108"}},{"type":"Feature","geometry":{"type":"Point","coordinates":[-51.04725,-30.07673]},"properties":{"nome":"Academia Acqua Sports","tipo":"sports_centre","mun":"Viamão","ibge":"4323002"}},{"type":"Feature","geometry":{"type":"Point","coordinates":[-51.19546,-29.98614]},"properties":{"nome":"Escola Danilo Antonio Zaffari","tipo":"school","mun":"Porto Alegre","ibge":"4314902"}},{"type":"Feature","geometry":{"type":"Point","coordinates":[-51.19321,-29.98014]},"properties":{"nome":"Colégio Carlos Fagundes de Mello","tipo":"school","mun":"Porto Alegre","ibge":"4314902"}},{"type":"Feature","geometry":{"type":"Point","coordinates":[-51.18626,-29.98094]},"properties":{"nome":"Escola Vereador Antonio Giudice","tipo":"school","mun":"Porto Alegre","ibge":"4314902"}},{"type":"Feature","geometry":{"type":"Point","coordinates":[-51.19578,-29.97987]},"properties":{"nome":"Escola Oswaldo Vergara","tipo":"school","mun":"Porto Alegre","ibge":"4314902"}},{"type":"Feature","geometry":{"type":"Point","coordinates":[-51.21444,-30.01745]},"properties":{"nome":"Escola Menino Jesus","tipo":"school","mun":"Porto Alegre","ibge":"4314902"}},{"type":"Feature","geometry":{"type":"Point","coordinates":[-51.15587,-30.00344]},"properties":{"nome":"Escola Aurelio Reis","tipo":"school","mun":"Porto Alegre","ibge":"4314902"}},{"type":"Feature","geometry":{"type":"Point","coordinates":[-51.17926,-30.01124]},"properties":{"nome":"Escola Maria Auxiliadora","tipo":"school","mun":"Porto Alegre","ibge":"4314902"}},{"type":"Feature","geometry":{"type":"Point","coordinates":[-51.17616,-30.00735]},"properties":{"nome":"Escola Fundamental ACM Zona Norte","tipo":"school","mun":"Porto Alegre","ibge":"4314902"}},{"type":"Feature","geometry":{"type":"Point","coordinates":[-51.16538,-30.00439]},"properties":{"nome":"Colégio Romano São Mateus","tipo":"school","mun":"Porto Alegre","ibge":"4314902"}},{"type":"Feature","geometry":{"type":"Point","coordinates":[-51.19903,-29.90287]},"properties":{"nome":"Cento Social Urbano Mathias Velho","tipo":"sports_centre","mun":"Canoas","ibge":"4304606"}},{"type":"Feature","geometry":{"type":"Point","coordinates":[-54.65057,-27.82945]},"properties":{"nome":"AABB","tipo":"sports_centre","mun":"Santo Cristo","ibge":"4317905"}},{"type":"Feature","geometry":{"type":"Point","coordinates":[-53.61843,-28.61118]},"properties":{"nome":"E.M.E.F. Intendente Vasconcelos Ponto","tipo":"school","mun":"Cruz Alta","ibge":"4306106"}},{"type":"Feature","geometry":{"type":"Point","coordinates":[-51.80736,-27.95097]},"properties":{"nome":"Centro Comunitário São João Batista","tipo":"community_centre","mun":"Sananduva","ibge":"4316600"}},{"type":"Feature","geometry":{"type":"Point","coordinates":[-51.82425,-27.93914]},"properties":{"nome":"Ginásio Esportivo Prefeito Vitório Zanin","tipo":"sports_centre","mun":"Sananduva","ibge":"4316600"}},{"type":"Feature","geometry":{"type":"Point","coordinates":[-52.40391,-28.25959]},"properties":{"nome":"Escola Estadual Protásio Alves","tipo":"school","mun":"Passo Fundo","ibge":"4314100"}},{"type":"Feature","geometry":{"type":"Point","coordinates":[-52.39793,-28.25575]},"properties":{"nome":"Colégio Bom Conselho","tipo":"school","mun":"Passo Fundo","ibge":"4314100"}},{"type":"Feature","geometry":{"type":"Point","coordinates":[-52.42624,-28.23907]},"properties":{"nome":"AABB","tipo":"sports_centre","mun":"Passo Fundo","ibge":"4314100"}},{"type":"Feature","geometry":{"type":"Point","coordinates":[-52.41005,-28.25441]},"properties":{"nome":"Clube Comercial - Sede Vergueiro","tipo":"sports_centre","mun":"Passo Fundo","ibge":"4314100"}},{"type":"Feature","geometry":{"type":"Point","coordinates":[-52.40628,-28.25807]},"properties":{"nome":"Colégio Marista Conceição","tipo":"school","mun":"Passo Fundo","ibge":"4314100"}},{"type":"Feature","geometry":{"type":"Point","coordinates":[-51.53948,-29.1124]},"properties":{"nome":"Salão de São Valentim","tipo":"community_centre","mun":"Bento Gonçalves","ibge":"4302105"}},{"type":"Feature","geometry":{"type":"Point","coordinates":[-51.53992,-29.09815]},"properties":{"nome":"EMEF Senador Salgado Filho","tipo":"school","mun":"Bento Gonçalves","ibge":"4302105"}},{"type":"Feature","geometry":{"type":"Point","coordinates":[-51.53887,-29.11295]},"properties":{"nome":"Escola de São Valentim","tipo":"school","mun":"Bento Gonçalves","ibge":"4302105"}},{"type":"Feature","geometry":{"type":"Point","coordinates":[-51.55696,-29.081]},"properties":{"nome":"Escola Ângelo Salton","tipo":"school","mun":"Bento Gonçalves","ibge":"4302105"}},{"type":"Feature","geometry":{"type":"Point","coordinates":[-52.39339,-28.26482]},"properties":{"nome":"Colégio Tiradentes da Brigada Militar","tipo":"school","mun":"Passo Fundo","ibge":"4314100"}},{"type":"Feature","geometry":{"type":"Point","coordinates":[-53.58225,-28.62939]},"properties":{"nome":"E.E.E.M. Maria Bandarra Westphalen","tipo":"school","mun":"Cruz Alta","ibge":"4306106"}},{"type":"Feature","geometry":{"type":"Point","coordinates":[-52.36249,-28.24018]},"properties":{"nome":"Fundação Educacional do Menor Passo Fundo-Patronato","tipo":"school","mun":"Passo Fundo","ibge":"4314100"}},{"type":"Feature","geometry":{"type":"Point","coordinates":[-52.37401,-28.23096]},"properties":{"nome":"Escola de Educação Infantil","tipo":"school","mun":"Passo Fundo","ibge":"4314100"}},{"type":"Feature","geometry":{"type":"Point","coordinates":[-51.8111,-27.94764]},"properties":{"nome":"Escola Amelia Lenzi Raymundi","tipo":"school","mun":"Sananduva","ibge":"4316600"}},{"type":"Feature","geometry":{"type":"Point","coordinates":[-51.79897,-27.95499]},"properties":{"nome":"Sociedade Campestre Piscina Clube","tipo":"sports_centre","mun":"Sananduva","ibge":"4316600"}},{"type":"Feature","geometry":{"type":"Point","coordinates":[-51.82418,-27.93915]},"properties":{"nome":"Escola Eldy Maria Pansera","tipo":"school","mun":"Sananduva","ibge":"4316600"}},{"type":"Feature","geometry":{"type":"Point","coordinates":[-51.15945,-29.15701]},"properties":{"nome":"Salão Paroquial Sagrada Família","tipo":"community_centre","mun":"Caxias do Sul","ibge":"4305108"}},{"type":"Feature","geometry":{"type":"Point","coordinates":[-50.80581,-29.36541]},"properties":{"nome":"Ginásio Ingool","tipo":"sports_centre","mun":"Canela","ibge":"4304408"}},{"type":"Feature","geometry":{"type":"Point","coordinates":[-51.35952,-29.44801]},"properties":{"nome":"Santa Terezinha do Forromeco","tipo":"school","mun":"Bom Princípio","ibge":"4302352"}},{"type":"Feature","geometry":{"type":"Point","coordinates":[-51.35758,-29.46643]},"properties":{"nome":"Centro de Atenção e Desenvolvimento (CADE)","tipo":"school","mun":"Bom Princípio","ibge":"4302352"}},{"type":"Feature","geometry":{"type":"Point","coordinates":[-51.71909,-29.51806]},"properties":{"nome":"Centro Comunitário de Linha Brasil","tipo":"community_centre","mun":"Paverama","ibge":"4314159"}},{"type":"Feature","geometry":{"type":"Point","coordinates":[-51.11534,-29.37878]},"properties":{"nome":"Sociedade Cultural Recreativa Tiro ao Alvo","tipo":"sports_centre","mun":"Nova Petrópolis","ibge":"4313201"}},{"type":"Feature","geometry":{"type":"Point","coordinates":[-52.32727,-31.70875]},"properties":{"nome":"EEEM Doutor Amilcar Gigante","tipo":"school","mun":"Pelotas","ibge":"4314407"}},{"type":"Feature","geometry":{"type":"Point","coordinates":[-54.68528,-29.50196]},"properties":{"nome":"Centro Comunitário Érico Veríssimo","tipo":"community_centre","mun":"Jaguari","ibge":"4311106"}},{"type":"Feature","geometry":{"type":"Point","coordinates":[-51.23546,-29.19314]},"properties":{"nome":"Salão Paroquial da Igreja do Desvio Rizzo","tipo":"community_centre","mun":"Caxias do Sul","ibge":"4305108"}},{"type":"Feature","geometry":{"type":"Point","coordinates":[-50.69652,-29.83021]},"properties":{"nome":"Salão Comunitário de Passo das Moças","tipo":"community_centre","mun":"Santo Antônio da Patrulha","ibge":"4317608"}},{"type":"Feature","geometry":{"type":"Point","coordinates":[-55.37655,-30.80804]},"properties":{"nome":"Escola Estadual de Ensino Fundamental Rodolfo Costa","tipo":"school","mun":"Sant'Ana do Livramento","ibge":"4317103"}},{"type":"Feature","geometry":{"type":"Point","coordinates":[-51.17704,-29.6623]},"properties":{"nome":"EMEF Germano Dauernheimer","tipo":"school","mun":"Estância Velha","ibge":"4307609"}},{"type":"Feature","geometry":{"type":"Point","coordinates":[-51.8183,-27.94993]},"properties":{"nome":"Ginásio de esportes Victor Camozzato","tipo":"sports_centre","mun":"Sananduva","ibge":"4316600"}},{"type":"Feature","geometry":{"type":"Point","coordinates":[-51.85652,-28.05873]},"properties":{"nome":"Colégio Estadual Professora Adelaide Picolotto","tipo":"school","mun":"Ibiaçá","ibge":"4309803"}},{"type":"Feature","geometry":{"type":"Point","coordinates":[-51.17798,-29.51404]},"properties":{"nome":"Sociedade Esportiva Soberano","tipo":"community_centre","mun":"Presidente Lucena","ibge":"4315149"}},{"type":"Feature","geometry":{"type":"Point","coordinates":[-51.16587,-29.90672]},"properties":{"nome":"Colégio Adventista","tipo":"school","mun":"Canoas","ibge":"4304606"}},{"type":"Feature","geometry":{"type":"Point","coordinates":[-53.58434,-29.64462]},"properties":{"nome":"Clube Silveira Martins","tipo":"community_centre","mun":"Silveira Martins","ibge":"4320651"}},{"type":"Feature","geometry":{"type":"Point","coordinates":[-51.22135,-29.18482]},"properties":{"nome":"E.M.E.F. Rosário de São Francisco","tipo":"school","mun":"Caxias do Sul","ibge":"4305108"}},{"type":"Feature","geometry":{"type":"Point","coordinates":[-51.24082,-29.18961]},"properties":{"nome":"E.E.E.M. Professora Ivonne Lucia Triches dos Reis","tipo":"school","mun":"Caxias do Sul","ibge":"4305108"}},{"type":"Feature","geometry":{"type":"Point","coordinates":[-51.23345,-29.19169]},"properties":{"nome":"E.E.E.M Alexandre Zattera","tipo":"school","mun":"Caxias do Sul","ibge":"4305108"}},{"type":"Feature","geometry":{"type":"Point","coordinates":[-51.20767,-29.16859]},"properties":{"nome":"Centro Esportivo Municipal Antônio Barroso Filho","tipo":"sports_centre","mun":"Caxias do Sul","ibge":"4305108"}},{"type":"Feature","geometry":{"type":"Point","coordinates":[-51.20238,-29.16764]},"properties":{"nome":"Instituto Estadual de Educação Cristóvão de Mendoza","tipo":"school","mun":"Caxias do Sul","ibge":"4305108"}},{"type":"Feature","geometry":{"type":"Point","coordinates":[-51.2,-29.16767]},"properties":{"nome":"E.E.E.F Dante Marcucci","tipo":"school","mun":"Caxias do Sul","ibge":"4305108"}},{"type":"Feature","geometry":{"type":"Point","coordinates":[-53.81297,-28.57949]},"properties":{"nome":"Ginásio Municipal de Esportes","tipo":"sports_centre","mun":"Boa Vista do Cadeado","ibge":"4302220"}},{"type":"Feature","geometry":{"type":"Point","coordinates":[-51.16728,-29.85718]},"properties":{"nome":"EMEF Eva Karnal Johann","tipo":"school","mun":"Esteio","ibge":"4307708"}},{"type":"Feature","geometry":{"type":"Point","coordinates":[-51.1685,-29.9204]},"properties":{"nome":"Breda Master Soccer","tipo":"sports_centre","mun":"Canoas","ibge":"4304606"}},{"type":"Feature","geometry":{"type":"Point","coordinates":[-51.17112,-29.92193]},"properties":{"nome":"CTG Rancho Crioulo","tipo":"community_centre","mun":"Canoas","ibge":"4304606"}},{"type":"Feature","geometry":{"type":"Point","coordinates":[-52.27994,-27.63736]},"properties":{"nome":"E.E.E.M Professor João Germano Imlau","tipo":"school","mun":"Erechim","ibge":"4307005"}},{"type":"Feature","geometry":{"type":"Point","coordinates":[-51.51173,-29.15438]},"properties":{"nome":"Alfredo Aveline","tipo":"school","mun":"Bento Gonçalves","ibge":"4302105"}},{"type":"Feature","geometry":{"type":"Point","coordinates":[-54.42885,-28.26117]},"properties":{"nome":"CTG A Voz dos Pampas","tipo":"community_centre","mun":"Santo Ângelo","ibge":"4317509"}},{"type":"Feature","geometry":{"type":"Point","coordinates":[-51.51817,-29.16989]},"properties":{"nome":"EEEF Gal. Bento Gonçalves da Silva","tipo":"school","mun":"Bento Gonçalves","ibge":"4302105"}},{"type":"Feature","geometry":{"type":"Point","coordinates":[-51.5158,-29.16912]},"properties":{"nome":"Scalabriano Medianeira","tipo":"school","mun":"Bento Gonçalves","ibge":"4302105"}},{"type":"Feature","geometry":{"type":"Point","coordinates":[-52.26099,-27.64968]},"properties":{"nome":"Adventista","tipo":"school","mun":"Erechim","ibge":"4307005"}},{"type":"Feature","geometry":{"type":"Point","coordinates":[-50.77825,-29.82221]},"properties":{"nome":"Escola Coronel Sarmento","tipo":"school","mun":"Glorinha","ibge":"4309050"}},{"type":"Feature","geometry":{"type":"Point","coordinates":[-54.6772,-30.96842]},"properties":{"nome":"Colegio candida taborda alves","tipo":"school","mun":"Dom Pedrito","ibge":"4306601"}},{"type":"Feature","geometry":{"type":"Point","coordinates":[-51.51206,-29.17837]},"properties":{"nome":"Clube Botafogo","tipo":"sports_centre","mun":"Bento Gonçalves","ibge":"4302105"}},{"type":"Feature","geometry":{"type":"Point","coordinates":[-51.51287,-29.18555]},"properties":{"nome":"Escola Bom Retiro","tipo":"school","mun":"Bento Gonçalves","ibge":"4302105"}},{"type":"Feature","geometry":{"type":"Point","coordinates":[-54.06366,-28.38075]},"properties":{"nome":"Ginásio Poliesportivo Capitão Dunga","tipo":"sports_centre","mun":"Coronel Barros","ibge":"4305871"}},{"type":"Feature","geometry":{"type":"Point","coordinates":[-51.49718,-29.16441]},"properties":{"nome":"Escola Estadual Landell de Moura","tipo":"school","mun":"Bento Gonçalves","ibge":"4302105"}},{"type":"Feature","geometry":{"type":"Point","coordinates":[-51.51098,-29.17034]},"properties":{"nome":"Clube São Bento","tipo":"sports_centre","mun":"Bento Gonçalves","ibge":"4302105"}},{"type":"Feature","geometry":{"type":"Point","coordinates":[-51.51344,-29.16805]},"properties":{"nome":"Clube Corinthians","tipo":"sports_centre","mun":"Bento Gonçalves","ibge":"4302105"}},{"type":"Feature","geometry":{"type":"Point","coordinates":[-51.53325,-29.13908]},"properties":{"nome":"Ginásio de Esportes São Roque","tipo":"sports_centre","mun":"Bento Gonçalves","ibge":"4302105"}},{"type":"Feature","geometry":{"type":"Point","coordinates":[-51.5032,-29.16096]},"properties":{"nome":"Escola José Farina","tipo":"school","mun":"Bento Gonçalves","ibge":"4302105"}},{"type":"Feature","geometry":{"type":"Point","coordinates":[-51.49443,-29.15786]},"properties":{"nome":"Escola Princesa Isabel","tipo":"school","mun":"Bento Gonçalves","ibge":"4302105"}},{"type":"Feature","geometry":{"type":"Point","coordinates":[-51.5184,-29.15185]},"properties":{"nome":"Associação de Moradores do Bairro Progresso","tipo":"sports_centre","mun":"Bento Gonçalves","ibge":"4302105"}},{"type":"Feature","geometry":{"type":"Point","coordinates":[-51.08113,-30.0922]},"properties":{"nome":"Escola Municipal Humberto de Campos","tipo":"school","mun":"Viamão","ibge":"4323002"}},{"type":"Feature","geometry":{"type":"Point","coordinates":[-51.389,-29.44505]},"properties":{"nome":"Salão Persch","tipo":"community_centre","mun":"Bom Princípio","ibge":"4302352"}},{"type":"Feature","geometry":{"type":"Point","coordinates":[-51.30681,-29.31385]},"properties":{"nome":"Sociedade Esporte Clube Primeiro de Janeiro","tipo":"sports_centre","mun":"Farroupilha","ibge":"4307906"}},{"type":"Feature","geometry":{"type":"Point","coordinates":[-51.50721,-29.16574]},"properties":{"nome":"SUSFA - Sociedade União São Francisco América","tipo":"sports_centre","mun":"Bento Gonçalves","ibge":"4302105"}},{"type":"Feature","geometry":{"type":"Point","coordinates":[-51.50716,-29.16556]},"properties":{"nome":"Instituto Estadual de Educação Cecília Meireles","tipo":"school","mun":"Bento Gonçalves","ibge":"4302105"}},{"type":"Feature","geometry":{"type":"Point","coordinates":[-51.32288,-30.10837]},"properties":{"nome":"Escola Estadual Nestor de Moura Jardin","tipo":"school","mun":"Guaíba","ibge":"4309308"}},{"type":"Feature","geometry":{"type":"Point","coordinates":[-51.01946,-29.2412]},"properties":{"nome":"Esporte Clube Botafogo","tipo":"sports_centre","mun":"Caxias do Sul","ibge":"4305108"}},{"type":"Feature","geometry":{"type":"Point","coordinates":[-53.21463,-27.51207]},"properties":{"nome":"E.E.E.M. Ângelo Beltramin","tipo":"school","mun":"Pinhal","ibge":"4314456"}},{"type":"Feature","geometry":{"type":"Point","coordinates":[-50.91839,-31.11783]},"properties":{"nome":"Esporte Clube Tamandaré","tipo":"sports_centre","mun":"Mostardas","ibge":"4312500"}},{"type":"Feature","geometry":{"type":"Point","coordinates":[-52.43988,-31.6272]},"properties":{"nome":"EEEM - Escola Estadual de Ensino Médio Marechal Rondon","tipo":"school","mun":"Pelotas","ibge":"4314407"}},{"type":"Feature","geometry":{"type":"Point","coordinates":[-51.50404,-29.15294]},"properties":{"nome":"Escola Anselmo Luigi Piccoli","tipo":"school","mun":"Bento Gonçalves","ibge":"4302105"}},{"type":"Feature","geometry":{"type":"Point","coordinates":[-54.10638,-31.35721]},"properties":{"nome":"Clube Caixeiral de Bagé - Sede Campestre","tipo":"sports_centre","mun":"Bagé","ibge":"4301602"}},{"type":"Feature","geometry":{"type":"Point","coordinates":[-53.8594,-29.6869]},"properties":{"nome":"Centro de Artes e Esportes Unificados Sandra Feltrin","tipo":"sports_centre","mun":"Santa Maria","ibge":"4316907"}},{"type":"Feature","geometry":{"type":"Point","coordinates":[-49.72691,-29.33666]},"properties":{"nome":"Escola Estadual de Educação Básica Governador Jorge Lacerda","tipo":"school","mun":"Torres","ibge":"4321501"}},{"type":"Feature","geometry":{"type":"Point","coordinates":[-51.02233,-29.2413]},"properties":{"nome":"AMOD - Associação de Moradores Santa Lúcia","tipo":"community_centre","mun":"Caxias do Sul","ibge":"4305108"}},{"type":"Feature","geometry":{"type":"Point","coordinates":[-49.72762,-29.33263]},"properties":{"nome":"Escola Alcino Pedro Rodrigues","tipo":"school","mun":"Torres","ibge":"4321501"}},{"type":"Feature","geometry":{"type":"Point","coordinates":[-52.34904,-31.76986]},"properties":{"nome":"Escola D. Antonia","tipo":"school","mun":"Pelotas","ibge":"4314407"}},{"type":"Feature","geometry":{"type":"Point","coordinates":[-51.11288,-29.37347]},"properties":{"nome":"E.M.E.I. Construindo o Saber","tipo":"school","mun":"Nova Petrópolis","ibge":"4313201"}},{"type":"Feature","geometry":{"type":"Point","coordinates":[-51.11272,-29.37429]},"properties":{"nome":"Colégio Padre Werner","tipo":"school","mun":"Nova Petrópolis","ibge":"4313201"}},{"type":"Feature","geometry":{"type":"Point","coordinates":[-51.09776,-29.36806]},"properties":{"nome":"E.M.E.I. Ottinho","tipo":"school","mun":"Nova Petrópolis","ibge":"4313201"}},{"type":"Feature","geometry":{"type":"Point","coordinates":[-51.09826,-29.36775]},"properties":{"nome":"E.M.E.F. Otto Hoffmann","tipo":"school","mun":"Nova Petrópolis","ibge":"4313201"}},{"type":"Feature","geometry":{"type":"Point","coordinates":[-51.08914,-29.36392]},"properties":{"nome":"Escola Estadual de Ensino Fundamental Piá","tipo":"school","mun":"Nova Petrópolis","ibge":"4313201"}},{"type":"Feature","geometry":{"type":"Point","coordinates":[-51.14529,-29.37276]},"properties":{"nome":"EEEF 1º de Maio","tipo":"school","mun":"Nova Petrópolis","ibge":"4313201"}},{"type":"Feature","geometry":{"type":"Point","coordinates":[-51.14191,-29.37396]},"properties":{"nome":"E.M.E.I. Ursinho Carinhoso","tipo":"school","mun":"Nova Petrópolis","ibge":"4313201"}},{"type":"Feature","geometry":{"type":"Point","coordinates":[-54.10411,-31.32529]},"properties":{"nome":"Colégio Auxiliadora","tipo":"school","mun":"Bagé","ibge":"4301602"}},{"type":"Feature","geometry":{"type":"Point","coordinates":[-50.10304,-29.48946]},"properties":{"nome":"Escola Estadual de Ensino Médio Pastor Voges","tipo":"school","mun":"Itati","ibge":"4310652"}},{"type":"Feature","geometry":{"type":"Point","coordinates":[-52.26967,-29.38555]},"properties":{"nome":"Escola Estadual de Ensino Médio Pedro Albino Müller","tipo":"school","mun":"Sério","ibge":"4320453"}},{"type":"Feature","geometry":{"type":"Point","coordinates":[-53.13701,-27.70427]},"properties":{"nome":"Escola Juca Vieira","tipo":"school","mun":"Sagrada Família","ibge":"4316428"}},{"type":"Feature","geometry":{"type":"Point","coordinates":[-54.11434,-31.31232]},"properties":{"nome":"Escola Técnica Estadual Marechal Mascarenhas de Moraes","tipo":"school","mun":"Bagé","ibge":"4301602"}},{"type":"Feature","geometry":{"type":"Point","coordinates":[-51.04973,-30.0811]},"properties":{"nome":"E.M.E.I. Querência","tipo":"school","mun":"Viamão","ibge":"4323002"}},{"type":"Feature","geometry":{"type":"Point","coordinates":[-52.34992,-31.77425]},"properties":{"nome":"Caudilho PaintBall","tipo":"sports_centre","mun":"Pelotas","ibge":"4314407"}},{"type":"Feature","geometry":{"type":"Point","coordinates":[-51.00183,-29.63923]},"properties":{"nome":"Yázigi Sapiranga","tipo":"school","mun":"Sapiranga","ibge":"4319901"}},{"type":"Feature","geometry":{"type":"Point","coordinates":[-52.004,-28.97149]},"properties":{"nome":"Escola Estadual Sagrado Coração de Jesus","tipo":"school","mun":"Anta Gorda","ibge":"4300703"}},{"type":"Feature","geometry":{"type":"Point","coordinates":[-52.00624,-28.9699]},"properties":{"nome":"ESI - colégio Santa Teresinha","tipo":"school","mun":"Anta Gorda","ibge":"4300703"}},{"type":"Feature","geometry":{"type":"Point","coordinates":[-52.34215,-31.77225]},"properties":{"nome":"Gold's Gym","tipo":"sports_centre","mun":"Pelotas","ibge":"4314407"}},{"type":"Feature","geometry":{"type":"Point","coordinates":[-52.67755,-31.39997]},"properties":{"nome":"SIMCA - Sindicato dos Municipários de Canguçu","tipo":"community_centre","mun":"Canguçu","ibge":"4304507"}},{"type":"Feature","geometry":{"type":"Point","coordinates":[-52.79022,-28.2846]},"properties":{"nome":"Colégio Rui Barbosa","tipo":"school","mun":"Carazinho","ibge":"4304705"}},{"type":"Feature","geometry":{"type":"Point","coordinates":[-52.79156,-28.28437]},"properties":{"nome":"Quatrum Inglês","tipo":"school","mun":"Carazinho","ibge":"4304705"}},{"type":"Feature","geometry":{"type":"Point","coordinates":[-52.78695,-28.28981]},"properties":{"nome":"Princesa Isabel","tipo":"school","mun":"Carazinho","ibge":"4304705"}},{"type":"Feature","geometry":{"type":"Point","coordinates":[-52.78657,-28.28938]},"properties":{"nome":"Sorg","tipo":"school","mun":"Carazinho","ibge":"4304705"}},{"type":"Feature","geometry":{"type":"Point","coordinates":[-52.92566,-27.94339]},"properties":{"nome":"Escola Sarandi","tipo":"school","mun":"Sarandi","ibge":"4320107"}},{"type":"Feature","geometry":{"type":"Point","coordinates":[-51.15701,-29.84848]},"properties":{"nome":"Colégio La Salle Esteio","tipo":"school","mun":"Esteio","ibge":"4307708"}},{"type":"Feature","geometry":{"type":"Point","coordinates":[-54.29196,-30.3476]},"properties":{"nome":"EMEF Doutor Pedro Ferraz Neto","tipo":"school","mun":"São Gabriel","ibge":"4318309"}},{"type":"Feature","geometry":{"type":"Point","coordinates":[-51.19934,-29.90285]},"properties":{"nome":"Escola Pingo de Gente","tipo":"school","mun":"Canoas","ibge":"4304606"}},{"type":"Feature","geometry":{"type":"Point","coordinates":[-53.01592,-29.49385]},"properties":{"nome":"Escola José Luchese","tipo":"school","mun":"Lagoa Bonita do Sul","ibge":"4311239"}},{"type":"Feature","geometry":{"type":"Point","coordinates":[-51.20714,-29.20342]},"properties":{"nome":"Centro de Iniciação ao Esporte São Caetano","tipo":"sports_centre","mun":"Caxias do Sul","ibge":"4305108"}},{"type":"Feature","geometry":{"type":"Point","coordinates":[-52.19088,-28.45713]},"properties":{"nome":"Escola de Ensino Fundamental Hygino Coelho Portella","tipo":"school","mun":"Marau","ibge":"4311809"}},{"type":"Feature","geometry":{"type":"Point","coordinates":[-52.19612,-28.4559]},"properties":{"nome":"Sociedade Esportiva e Recreativa Perdigão","tipo":"sports_centre","mun":"Marau","ibge":"4311809"}},{"type":"Feature","geometry":{"type":"Point","coordinates":[-52.20199,-28.44951]},"properties":{"nome":"Salão Paroquial","tipo":"community_centre","mun":"Marau","ibge":"4311809"}},{"type":"Feature","geometry":{"type":"Point","coordinates":[-52.20146,-28.4418]},"properties":{"nome":"GEL Clube","tipo":"sports_centre","mun":"Marau","ibge":"4311809"}},{"type":"Feature","geometry":{"type":"Point","coordinates":[-52.19749,-28.45795]},"properties":{"nome":"Sindicato dos Trabalhadores das Indústrias de Alimentação de Marau","tipo":"sports_centre","mun":"Marau","ibge":"4311809"}},{"type":"Feature","geometry":{"type":"Point","coordinates":[-51.77851,-28.67843]},"properties":{"nome":"Escola Municipal Vereador Luis Boldori","tipo":"school","mun":"Nova Bassano","ibge":"4312906"}},{"type":"Feature","geometry":{"type":"Point","coordinates":[-51.32282,-30.15049]},"properties":{"nome":"Safe","tipo":"sports_centre","mun":"Guaíba","ibge":"4309308"}},{"type":"Feature","geometry":{"type":"Point","coordinates":[-52.2027,-28.45582]},"properties":{"nome":"Associação Atlética Banco do Brasil","tipo":"sports_centre","mun":"Marau","ibge":"4311809"}},{"type":"Feature","geometry":{"type":"Point","coordinates":[-51.05388,-29.5186]},"properties":{"nome":"Escola Municipal Rui Barbosa","tipo":"school","mun":"Morro Reuter","ibge":"4312476"}},{"type":"Feature","geometry":{"type":"Point","coordinates":[-49.75712,-29.32421]},"properties":{"nome":"Escola São Jorge","tipo":"school","mun":"Torres","ibge":"4321501"}},{"type":"Feature","geometry":{"type":"Point","coordinates":[-52.01028,-28.06433]},"properties":{"nome":"Severino Dalzotto","tipo":"school","mun":"Tapejara","ibge":"4320909"}},{"type":"Feature","geometry":{"type":"Point","coordinates":[-52.00973,-28.06392]},"properties":{"nome":"Senhor Dos Caminhos","tipo":"school","mun":"Tapejara","ibge":"4320909"}},{"type":"Feature","geometry":{"type":"Point","coordinates":[-52.01813,-28.97096]},"properties":{"nome":"Escola infantil Girassol","tipo":"school","mun":"Anta Gorda","ibge":"4300703"}},{"type":"Feature","geometry":{"type":"Point","coordinates":[-52.20479,-28.44092]},"properties":{"nome":"EDEM Clube","tipo":"sports_centre","mun":"Marau","ibge":"4311809"}},{"type":"Feature","geometry":{"type":"Point","coordinates":[-52.19925,-28.44305]},"properties":{"nome":"Escola Estadual Ensino Médio Anchieta","tipo":"school","mun":"Marau","ibge":"4311809"}},{"type":"Feature","geometry":{"type":"Point","coordinates":[-51.60186,-28.78205]},"properties":{"nome":"Escola Municipal de Ensino Fundamental Prefeito Nagib Stella Elias","tipo":"school","mun":"Nova Prata","ibge":"4313300"}},{"type":"Feature","geometry":{"type":"Point","coordinates":[-52.59084,-28.56635]},"properties":{"nome":"Centro Esportivo Municipal","tipo":"sports_centre","mun":"Tio Hugo","ibge":"4321469"}},{"type":"Feature","geometry":{"type":"Point","coordinates":[-52.59151,-28.56509]},"properties":{"nome":"Ginásio Municipal","tipo":"sports_centre","mun":"Tio Hugo","ibge":"4321469"}},{"type":"Feature","geometry":{"type":"Point","coordinates":[-52.69145,-28.68983]},"properties":{"nome":"ESCOLA ESTADUAL DE ENSINO MEDIO JOAQUIM GONÇALVES LEDO","tipo":"school","mun":"Mormaço","ibge":"4312427"}},{"type":"Feature","geometry":{"type":"Point","coordinates":[-55.19985,-28.04326]},"properties":{"nome":"EEEM Henrique Sommer","tipo":"school","mun":"Pirapó","ibge":"4314555"}},{"type":"Feature","geometry":{"type":"Point","coordinates":[-52.29432,-31.74447]},"properties":{"nome":"E.M. Carlos Drumond de Andrade","tipo":"school","mun":"Pelotas","ibge":"4314407"}},{"type":"Feature","geometry":{"type":"Point","coordinates":[-52.29719,-31.74713]},"properties":{"nome":"CTG - Negrinho do Pastoreio","tipo":"community_centre","mun":"Pelotas","ibge":"4314407"}},{"type":"Feature","geometry":{"type":"Point","coordinates":[-52.2974,-31.74758]},"properties":{"nome":"Escola Professora Lélia Romanelli Ramos","tipo":"school","mun":"Pelotas","ibge":"4314407"}},{"type":"Feature","geometry":{"type":"Point","coordinates":[-53.7017,-27.28409]},"properties":{"nome":"Escola Estadual Érico Veríssimo","tipo":"school","mun":"Vista Gaúcha","ibge":"4323705"}},{"type":"Feature","geometry":{"type":"Point","coordinates":[-52.20132,-28.45059]},"properties":{"nome":"EEEF Charruas","tipo":"school","mun":"Marau","ibge":"4311809"}},{"type":"Feature","geometry":{"type":"Point","coordinates":[-52.20116,-28.45031]},"properties":{"nome":"Wizard Marau","tipo":"school","mun":"Marau","ibge":"4311809"}},{"type":"Feature","geometry":{"type":"Point","coordinates":[-52.00975,-28.06662]},"properties":{"nome":"Fernando Borba","tipo":"school","mun":"Tapejara","ibge":"4320909"}},{"type":"Feature","geometry":{"type":"Point","coordinates":[-51.19863,-30.02905]},"properties":{"nome":"Clube Caixeiros Viajantes","tipo":"community_centre","mun":"Porto Alegre","ibge":"4314902"}},{"type":"Feature","geometry":{"type":"Point","coordinates":[-51.18975,-29.66264]},"properties":{"nome":"Escola Municipal Ervino Arthur Ritter","tipo":"school","mun":"Estância Velha","ibge":"4307609"}},{"type":"Feature","geometry":{"type":"Point","coordinates":[-52.64332,-31.42448]},"properties":{"nome":"Coração Divino da Glória","tipo":"community_centre","mun":"Canguçu","ibge":"4304507"}},{"type":"Feature","geometry":{"type":"Point","coordinates":[-50.78406,-29.51012]},"properties":{"nome":"SESI","tipo":"sports_centre","mun":"Três Coroas","ibge":"4321709"}},{"type":"Feature","geometry":{"type":"Point","coordinates":[-50.78704,-29.51203]},"properties":{"nome":"AABB","tipo":"community_centre","mun":"Três Coroas","ibge":"4321709"}},{"type":"Feature","geometry":{"type":"Point","coordinates":[-50.79129,-29.48167]},"properties":{"nome":"Escola Dom Pedro II","tipo":"school","mun":"Três Coroas","ibge":"4321709"}},{"type":"Feature","geometry":{"type":"Point","coordinates":[-50.79259,-29.49662]},"properties":{"nome":"E.M.E.F Professor Augusto Roennao","tipo":"school","mun":"Três Coroas","ibge":"4321709"}},{"type":"Feature","geometry":{"type":"Point","coordinates":[-50.78003,-29.50234]},"properties":{"nome":"Escola Frederico Ritter","tipo":"school","mun":"Três Coroas","ibge":"4321709"}},{"type":"Feature","geometry":{"type":"Point","coordinates":[-50.81283,-29.59605]},"properties":{"nome":"Escola Osvaldo","tipo":"school","mun":"Igrejinha","ibge":"4310108"}},{"type":"Feature","geometry":{"type":"Point","coordinates":[-50.80483,-29.56272]},"properties":{"nome":"SESI","tipo":"sports_centre","mun":"Igrejinha","ibge":"4310108"}},{"type":"Feature","geometry":{"type":"Point","coordinates":[-50.79407,-29.56443]},"properties":{"nome":"Parque de Eventos Almiro Grings","tipo":"community_centre","mun":"Igrejinha","ibge":"4310108"}},{"type":"Feature","geometry":{"type":"Point","coordinates":[-50.8199,-29.62421]},"properties":{"nome":"Calçados Azaleia Sede Social","tipo":"community_centre","mun":"Parobé","ibge":"4314050"}},{"type":"Feature","geometry":{"type":"Point","coordinates":[-50.8073,-29.63859]},"properties":{"nome":"E. M. João Angelo Pandolfo","tipo":"school","mun":"Parobé","ibge":"4314050"}},{"type":"Feature","geometry":{"type":"Point","coordinates":[-50.81531,-29.64097]},"properties":{"nome":"E. M. Olarias","tipo":"school","mun":"Parobé","ibge":"4314050"}},{"type":"Feature","geometry":{"type":"Point","coordinates":[-50.81561,-29.6362]},"properties":{"nome":"E. E. Carlito Koetz","tipo":"school","mun":"Parobé","ibge":"4314050"}},{"type":"Feature","geometry":{"type":"Point","coordinates":[-50.81729,-29.63184]},"properties":{"nome":"E. E. João Mosmann","tipo":"school","mun":"Parobé","ibge":"4314050"}},{"type":"Feature","geometry":{"type":"Point","coordinates":[-50.82032,-29.62623]},"properties":{"nome":"E. M. Idalino P. da Silva","tipo":"school","mun":"Parobé","ibge":"4314050"}},{"type":"Feature","geometry":{"type":"Point","coordinates":[-50.84795,-29.64814]},"properties":{"nome":"E. M. Ivone Homem","tipo":"school","mun":"Parobé","ibge":"4314050"}},{"type":"Feature","geometry":{"type":"Point","coordinates":[-50.84197,-29.64316]},"properties":{"nome":"E. M. Ana M. F. dos Santos","tipo":"school","mun":"Parobé","ibge":"4314050"}},{"type":"Feature","geometry":{"type":"Point","coordinates":[-50.84259,-29.62662]},"properties":{"nome":"E. M. Leopoldo Willers","tipo":"school","mun":"Parobé","ibge":"4314050"}},{"type":"Feature","geometry":{"type":"Point","coordinates":[-50.84674,-29.62958]},"properties":{"nome":"EEEM Adelina da Cunha","tipo":"school","mun":"Parobé","ibge":"4314050"}},{"type":"Feature","geometry":{"type":"Point","coordinates":[-51.15917,-29.62106]},"properties":{"nome":"Ginasio de Esportes Quero-Quero","tipo":"sports_centre","mun":"Ivoti","ibge":"4310801"}},{"type":"Feature","geometry":{"type":"Point","coordinates":[-52.7913,-28.29683]},"properties":{"nome":"Escola Estadual Eduardo Graeff","tipo":"school","mun":"Carazinho","ibge":"4304705"}},{"type":"Feature","geometry":{"type":"Point","coordinates":[-52.7916,-28.29693]},"properties":{"nome":"N. Sra.Aparecida","tipo":"community_centre","mun":"Carazinho","ibge":"4304705"}},{"type":"Feature","geometry":{"type":"Point","coordinates":[-52.37526,-29.98481]},"properties":{"nome":"Colégio Romano Nossa Senhora Auxiliadora","tipo":"school","mun":"Rio Pardo","ibge":"4315701"}},{"type":"Feature","geometry":{"type":"Point","coordinates":[-52.27305,-27.63559]},"properties":{"nome":"Barão do Rio Branco","tipo":"school","mun":"Erechim","ibge":"4307005"}},{"type":"Feature","geometry":{"type":"Point","coordinates":[-52.26572,-27.649]},"properties":{"nome":"AABB","tipo":"sports_centre","mun":"Erechim","ibge":"4307005"}},{"type":"Feature","geometry":{"type":"Point","coordinates":[-52.42532,-29.70274]},"properties":{"nome":"Comunidade Santo Inácio","tipo":"community_centre","mun":"Santa Cruz do Sul","ibge":"4316808"}},{"type":"Feature","geometry":{"type":"Point","coordinates":[-52.35089,-29.69329]},"properties":{"nome":"Sede da Comunidade Sagrada Família","tipo":"community_centre","mun":"Santa Cruz do Sul","ibge":"4316808"}},{"type":"Feature","geometry":{"type":"Point","coordinates":[-52.42686,-29.69213]},"properties":{"nome":"Sede de Eventos Reserva dos Pássaros","tipo":"community_centre","mun":"Santa Cruz do Sul","ibge":"4316808"}},{"type":"Feature","geometry":{"type":"Point","coordinates":[-52.19385,-28.45423]},"properties":{"nome":"SEJA","tipo":"school","mun":"Marau","ibge":"4311809"}},{"type":"Feature","geometry":{"type":"Point","coordinates":[-50.5845,-29.44474]},"properties":{"nome":"EMEI PROF MERCEDES NELLY GARDEY SANCHEZ","tipo":"school","mun":"São Francisco de Paula","ibge":"4318200"}},{"type":"Feature","geometry":{"type":"Point","coordinates":[-53.49518,-27.36621]},"properties":{"nome":"Escola Estadual de Educação Básica Padre Abílio de Marcos Sponchiado","tipo":"school","mun":"Vista Alegre","ibge":"4323507"}},{"type":"Feature","geometry":{"type":"Point","coordinates":[-51.21554,-29.91238]},"properties":{"nome":"Complexo cultural e esportivo Martin Luther King","tipo":"sports_centre","mun":"Canoas","ibge":"4304606"}},{"type":"Feature","geometry":{"type":"Point","coordinates":[-53.3674,-29.74641]},"properties":{"nome":"Escola Municipal de Ensino Fundamental Manuel Albino Carvalho","tipo":"school","mun":"Restinga Sêca","ibge":"4315503"}},{"type":"Feature","geometry":{"type":"Point","coordinates":[-57.05896,-29.78681]},"properties":{"nome":"Instituto Paulo Freire","tipo":"school","mun":"Uruguaiana","ibge":"4322400"}},{"type":"Feature","geometry":{"type":"Point","coordinates":[-57.06202,-29.78421]},"properties":{"nome":"Moacyr Ramos Martins","tipo":"school","mun":"Uruguaiana","ibge":"4322400"}},{"type":"Feature","geometry":{"type":"Point","coordinates":[-57.06354,-29.79064]},"properties":{"nome":"CAIC","tipo":"school","mun":"Uruguaiana","ibge":"4322400"}},{"type":"Feature","geometry":{"type":"Point","coordinates":[-54.24979,-27.77939]},"properties":{"nome":"Centro Poli esportivo","tipo":"sports_centre","mun":"Três de Maio","ibge":"4321808"}},{"type":"Feature","geometry":{"type":"Point","coordinates":[-54.24811,-27.77871]},"properties":{"nome":"Sociedade Recreativa Guaira","tipo":"sports_centre","mun":"Três de Maio","ibge":"4321808"}},{"type":"Feature","geometry":{"type":"Point","coordinates":[-54.24053,-27.77491]},"properties":{"nome":"Ginásio Municipal de Esportes Ceslau Sawitzki","tipo":"sports_centre","mun":"Três de Maio","ibge":"4321808"}},{"type":"Feature","geometry":{"type":"Point","coordinates":[-57.08071,-29.7714]},"properties":{"nome":"João Fagundes","tipo":"school","mun":"Uruguaiana","ibge":"4322400"}},{"type":"Feature","geometry":{"type":"Point","coordinates":[-51.51074,-29.16655]},"properties":{"nome":"Escola de Educação Infantil Piccoli Bambini","tipo":"school","mun":"Bento Gonçalves","ibge":"4302105"}},{"type":"Feature","geometry":{"type":"Point","coordinates":[-50.90316,-29.58271]},"properties":{"nome":"Barracão Evangélico IECLB","tipo":"sports_centre","mun":"Nova Hartz","ibge":"4313060"}},{"type":"Feature","geometry":{"type":"Point","coordinates":[-51.50775,-29.16801]},"properties":{"nome":"Escola Infantil","tipo":"school","mun":"Bento Gonçalves","ibge":"4302105"}},{"type":"Feature","geometry":{"type":"Point","coordinates":[-51.50773,-29.16822]},"properties":{"nome":"Escola de Ballet","tipo":"school","mun":"Bento Gonçalves","ibge":"4302105"}},{"type":"Feature","geometry":{"type":"Point","coordinates":[-54.64356,-27.60409]},"properties":{"nome":"Sociedade Recreativa São José","tipo":"community_centre","mun":"Porto Mauá","ibge":"4315057"}},{"type":"Feature","geometry":{"type":"Point","coordinates":[-51.18296,-29.03156]},"properties":{"nome":"Escola Estadual de Ensino Médio Frei Caneca","tipo":"school","mun":"Flores da Cunha","ibge":"4308201"}},{"type":"Feature","geometry":{"type":"Point","coordinates":[-51.51022,-29.15383]},"properties":{"nome":"Comunidade Nossa Senhora do Carmo","tipo":"community_centre","mun":"Bento Gonçalves","ibge":"4302105"}},{"type":"Feature","geometry":{"type":"Point","coordinates":[-51.21759,-29.90099]},"properties":{"nome":"Centro de Iniciação ao Esporte","tipo":"sports_centre","mun":"Canoas","ibge":"4304606"}},{"type":"Feature","geometry":{"type":"Point","coordinates":[-51.22445,-29.90583]},"properties":{"nome":"Ginasio Esportivo ALT","tipo":"sports_centre","mun":"Canoas","ibge":"4304606"}},{"type":"Feature","geometry":{"type":"Point","coordinates":[-51.50337,-29.1659]},"properties":{"nome":"SESI","tipo":"community_centre","mun":"Bento Gonçalves","ibge":"4302105"}},{"type":"Feature","geometry":{"type":"Point","coordinates":[-51.5023,-29.16636]},"properties":{"nome":"Específica para Autistas","tipo":"school","mun":"Bento Gonçalves","ibge":"4302105"}},{"type":"Feature","geometry":{"type":"Point","coordinates":[-51.49946,-29.16645]},"properties":{"nome":"SESI - Centro Olímpico","tipo":"sports_centre","mun":"Bento Gonçalves","ibge":"4302105"}},{"type":"Feature","geometry":{"type":"Point","coordinates":[-54.47111,-28.26868]},"properties":{"nome":"Escola Municipal de Ensino Fundamental Nossa Senhora dos Navegantes","tipo":"school","mun":"Santo Ângelo","ibge":"4317509"}},{"type":"Feature","geometry":{"type":"Point","coordinates":[-51.5089,-29.17137]},"properties":{"nome":"Infantil","tipo":"school","mun":"Bento Gonçalves","ibge":"4302105"}},{"type":"Feature","geometry":{"type":"Point","coordinates":[-51.18948,-30.09806]},"properties":{"nome":"Escola Vila Jardim Renascenca","tipo":"school","mun":"Porto Alegre","ibge":"4314902"}},{"type":"Feature","geometry":{"type":"Point","coordinates":[-53.82577,-29.6823]},"properties":{"nome":"Escola de Ensino Fundamental Nossa Senhora da Providência","tipo":"school","mun":"Santa Maria","ibge":"4316907"}},{"type":"Feature","geometry":{"type":"Point","coordinates":[-51.84049,-28.98754]},"properties":{"nome":"Ginásio Municipal","tipo":"sports_centre","mun":"Dois Lajeados","ibge":"4306452"}},{"type":"Feature","geometry":{"type":"Point","coordinates":[-51.83694,-28.98556]},"properties":{"nome":"Salão Paroquial","tipo":"community_centre","mun":"Dois Lajeados","ibge":"4306452"}},{"type":"Feature","geometry":{"type":"Point","coordinates":[-51.52233,-29.15587]},"properties":{"nome":"Santa Lúcia","tipo":"community_centre","mun":"Bento Gonçalves","ibge":"4302105"}},{"type":"Feature","geometry":{"type":"Point","coordinates":[-54.72781,-28.1533]},"properties":{"nome":"Escola Dr. Otto Flach (CIEP)","tipo":"school","mun":"Cerro Largo","ibge":"4305207"}},{"type":"Feature","geometry":{"type":"Point","coordinates":[-54.78409,-28.0675]},"properties":{"nome":"E.M.E.F. São Francisco","tipo":"school","mun":"Cerro Largo","ibge":"4305207"}},{"type":"Feature","geometry":{"type":"Point","coordinates":[-51.07657,-30.03119]},"properties":{"nome":"Colégio Êxito","tipo":"school","mun":"Alvorada","ibge":"4300604"}},{"type":"Feature","geometry":{"type":"Point","coordinates":[-51.08885,-30.03442]},"properties":{"nome":"E.E.E.B Professor Gentil Viegas Cardoso","tipo":"school","mun":"Alvorada","ibge":"4300604"}},{"type":"Feature","geometry":{"type":"Point","coordinates":[-51.50488,-29.1833]},"properties":{"nome":"Quadra de Esportes Indoor Infinity","tipo":"sports_centre","mun":"Bento Gonçalves","ibge":"4302105"}},{"type":"Feature","geometry":{"type":"Point","coordinates":[-51.51644,-29.15635]},"properties":{"nome":"Escola Municipal Infantil Recanto dos Beija-Flores","tipo":"school","mun":"Bento Gonçalves","ibge":"4302105"}},{"type":"Feature","geometry":{"type":"Point","coordinates":[-51.76231,-28.6597]},"properties":{"nome":"Escola Luiz Isaías Zucchetti","tipo":"school","mun":"Nova Araçá","ibge":"4312807"}},{"type":"Feature","geometry":{"type":"Point","coordinates":[-51.74859,-28.66862]},"properties":{"nome":"Escola Olavo Bilac","tipo":"school","mun":"Nova Araçá","ibge":"4312807"}},{"type":"Feature","geometry":{"type":"Point","coordinates":[-51.74632,-28.66144]},"properties":{"nome":"Escola Favinho De Mel","tipo":"school","mun":"Nova Araçá","ibge":"4312807"}},{"type":"Feature","geometry":{"type":"Point","coordinates":[-51.13282,-29.84205]},"properties":{"nome":"EMEB João de Barro","tipo":"school","mun":"Sapucaia do Sul","ibge":"4320008"}},{"type":"Feature","geometry":{"type":"Point","coordinates":[-50.58529,-29.45628]},"properties":{"nome":"E.M.E.I.E.F. Engenheiro João Magalhães Filho","tipo":"school","mun":"São Francisco de Paula","ibge":"4318200"}},{"type":"Feature","geometry":{"type":"Point","coordinates":[-52.1588,-32.07431]},"properties":{"nome":"Sandman Boardgames","tipo":"sports_centre","mun":"Rio Grande","ibge":"4315602"}},{"type":"Feature","geometry":{"type":"Point","coordinates":[-51.61097,-28.78181]},"properties":{"nome":"Escola Estadual de 2º Grau Tiradentes","tipo":"school","mun":"Nova Prata","ibge":"4313300"}},{"type":"Feature","geometry":{"type":"Point","coordinates":[-49.93679,-29.21086]},"properties":{"nome":"EMEF Afonso Bedinot","tipo":"school","mun":"Mampituba","ibge":"4311734"}},{"type":"Feature","geometry":{"type":"Point","coordinates":[-50.91803,-31.1217]},"properties":{"nome":"Moto Jeep Clube","tipo":"sports_centre","mun":"Mostardas","ibge":"4312500"}},{"type":"Feature","geometry":{"type":"Point","coordinates":[-53.80379,-29.69257]},"properties":{"nome":"Stoika","tipo":"sports_centre","mun":"Santa Maria","ibge":"4316907"}},{"type":"Feature","geometry":{"type":"Point","coordinates":[-50.91501,-31.0989]},"properties":{"nome":"Associação Comunitária da Vila Norte","tipo":"community_centre","mun":"Mostardas","ibge":"4312500"}},{"type":"Feature","geometry":{"type":"Point","coordinates":[-51.50417,-29.1506]},"properties":{"nome":"COHAB","tipo":"community_centre","mun":"Bento Gonçalves","ibge":"4302105"}},{"type":"Feature","geometry":{"type":"Point","coordinates":[-52.21876,-28.43283]},"properties":{"nome":"SESI Marau","tipo":"sports_centre","mun":"Marau","ibge":"4311809"}},{"type":"Feature","geometry":{"type":"Point","coordinates":[-53.73131,-29.70497]},"properties":{"nome":"Eu Adoto Montessori","tipo":"school","mun":"Santa Maria","ibge":"4316907"}},{"type":"Feature","geometry":{"type":"Point","coordinates":[-50.01834,-29.24626]},"properties":{"nome":"Salão Paroquial Senhor Bom Jesus","tipo":"community_centre","mun":"Mampituba","ibge":"4311734"}},{"type":"Feature","geometry":{"type":"Point","coordinates":[-52.5191,-30.53775]},"properties":{"nome":"Colégio Barão do Quaraí","tipo":"school","mun":"Encruzilhada do Sul","ibge":"4306908"}},{"type":"Feature","geometry":{"type":"Point","coordinates":[-51.49592,-29.18126]},"properties":{"nome":"Centro Esportívo do Bairro Fátima","tipo":"sports_centre","mun":"Bento Gonçalves","ibge":"4302105"}},{"type":"Feature","geometry":{"type":"Point","coordinates":[-54.36787,-30.24611]},"properties":{"nome":"EEEF Antônio José de Assis Brasil","tipo":"school","mun":"São Gabriel","ibge":"4318309"}},{"type":"Feature","geometry":{"type":"Point","coordinates":[-54.27086,-30.35664]},"properties":{"nome":"EMEF Professora Maria Carolina Berny","tipo":"school","mun":"São Gabriel","ibge":"4318309"}},{"type":"Feature","geometry":{"type":"Point","coordinates":[-51.50705,-29.18016]},"properties":{"nome":"Centro esportivo CHuta- Chuta","tipo":"sports_centre","mun":"Bento Gonçalves","ibge":"4302105"}},{"type":"Feature","geometry":{"type":"Point","coordinates":[-54.31287,-30.32458]},"properties":{"nome":"EMEF Menino Jesus","tipo":"school","mun":"São Gabriel","ibge":"4318309"}},{"type":"Feature","geometry":{"type":"Point","coordinates":[-54.34334,-30.32609]},"properties":{"nome":"EMEF Senador Tarso Dutra","tipo":"school","mun":"São Gabriel","ibge":"4318309"}},{"type":"Feature","geometry":{"type":"Point","coordinates":[-54.3506,-30.37229]},"properties":{"nome":"EMEF Assis Brasil","tipo":"school","mun":"São Gabriel","ibge":"4318309"}},{"type":"Feature","geometry":{"type":"Point","coordinates":[-52.0399,-32.01007]},"properties":{"nome":"Instituto Estadual de Educação São José","tipo":"school","mun":"São José do Norte","ibge":"4318507"}},{"type":"Feature","geometry":{"type":"Point","coordinates":[-52.04045,-32.01181]},"properties":{"nome":"E.M.E.F. Soares de Paiva","tipo":"school","mun":"São José do Norte","ibge":"4318507"}},{"type":"Feature","geometry":{"type":"Point","coordinates":[-52.04292,-32.01243]},"properties":{"nome":"E.E.E.F. Marques de Souza","tipo":"school","mun":"São José do Norte","ibge":"4318507"}},{"type":"Feature","geometry":{"type":"Point","coordinates":[-52.03989,-32.02146]},"properties":{"nome":"E.M.E.F. Monteiro Lobato","tipo":"school","mun":"São José do Norte","ibge":"4318507"}},{"type":"Feature","geometry":{"type":"Point","coordinates":[-52.04191,-32.00703]},"properties":{"nome":"E.M.E.F. Marechal Rondon","tipo":"school","mun":"São José do Norte","ibge":"4318507"}},{"type":"Feature","geometry":{"type":"Point","coordinates":[-52.03386,-32.01562]},"properties":{"nome":"E.M.E.F. João de Deus Collares","tipo":"school","mun":"São José do Norte","ibge":"4318507"}},{"type":"Feature","geometry":{"type":"Point","coordinates":[-52.07708,-32.13039]},"properties":{"nome":"E.E.E.M. Silvério da Costa Novo","tipo":"school","mun":"São José do Norte","ibge":"4318507"}},{"type":"Feature","geometry":{"type":"Point","coordinates":[-52.62511,-27.71808]},"properties":{"nome":"Esporte Clube Serrassul","tipo":"sports_centre","mun":"Campinas do Sul","ibge":"4303806"}},{"type":"Feature","geometry":{"type":"Point","coordinates":[-52.61718,-27.71628]},"properties":{"nome":"Ginásio Coopasul","tipo":"sports_centre","mun":"Campinas do Sul","ibge":"4303806"}},{"type":"Feature","geometry":{"type":"Point","coordinates":[-52.62688,-27.71444]},"properties":{"nome":"Escola Municipal Altair Caldart","tipo":"school","mun":"Campinas do Sul","ibge":"4303806"}},{"type":"Feature","geometry":{"type":"Point","coordinates":[-51.76458,-29.91561]},"properties":{"nome":"Instituto Estadual de Educação Vasconcelos Jardim","tipo":"school","mun":"General Câmara","ibge":"4308805"}},{"type":"Feature","geometry":{"type":"Point","coordinates":[-50.91061,-31.11312]},"properties":{"nome":"Escola Municipal de Ensino Fundamental Rui Miguel","tipo":"school","mun":"Mostardas","ibge":"4312500"}},{"type":"Feature","geometry":{"type":"Point","coordinates":[-50.91065,-31.11251]},"properties":{"nome":"EMEI Iolanda Tesche","tipo":"school","mun":"Mostardas","ibge":"4312500"}},{"type":"Feature","geometry":{"type":"Point","coordinates":[-54.24265,-27.77138]},"properties":{"nome":"Escola Estadual Gloria Veronese - CIEP","tipo":"school","mun":"Três de Maio","ibge":"4321808"}},{"type":"Feature","geometry":{"type":"Point","coordinates":[-50.88304,-29.58399]},"properties":{"nome":"EMEF Imigrante","tipo":"school","mun":"Nova Hartz","ibge":"4313060"}},{"type":"Feature","geometry":{"type":"Point","coordinates":[-50.88247,-29.58912]},"properties":{"nome":"EEEF Germano Hessler","tipo":"school","mun":"Nova Hartz","ibge":"4313060"}},{"type":"Feature","geometry":{"type":"Point","coordinates":[-50.91087,-29.58065]},"properties":{"nome":"Escola Municipal B. Lenke","tipo":"school","mun":"Nova Hartz","ibge":"4313060"}},{"type":"Feature","geometry":{"type":"Point","coordinates":[-50.89643,-29.58658]},"properties":{"nome":"Escola Municipal de Ensino Fundamental Primavera","tipo":"school","mun":"Nova Hartz","ibge":"4313060"}},{"type":"Feature","geometry":{"type":"Point","coordinates":[-50.89972,-29.58579]},"properties":{"nome":"Barração Católico","tipo":"sports_centre","mun":"Nova Hartz","ibge":"4313060"}},{"type":"Feature","geometry":{"type":"Point","coordinates":[-50.90564,-29.5855]},"properties":{"nome":"Escola Estadual de Ensino Médio Elvira Jost","tipo":"school","mun":"Nova Hartz","ibge":"4313060"}},{"type":"Feature","geometry":{"type":"Point","coordinates":[-53.09815,-28.62887]},"properties":{"nome":"Escola Estadual General Osório","tipo":"school","mun":"Ibirubá","ibge":"4310009"}},{"type":"Feature","geometry":{"type":"Point","coordinates":[-53.08522,-28.62806]},"properties":{"nome":"Escola Estadual Edmundo R.","tipo":"school","mun":"Ibirubá","ibge":"4310009"}},{"type":"Feature","geometry":{"type":"Point","coordinates":[-53.08864,-28.63005]},"properties":{"nome":"Clube Comercial","tipo":"community_centre","mun":"Ibirubá","ibge":"4310009"}},{"type":"Feature","geometry":{"type":"Point","coordinates":[-51.87431,-29.23873]},"properties":{"nome":"Colégio Farrapos","tipo":"school","mun":"Encantado","ibge":"4306809"}},{"type":"Feature","geometry":{"type":"Point","coordinates":[-53.84509,-29.08069]},"properties":{"nome":"Ginásio de Esportes Bonumazão","tipo":"sports_centre","mun":"Tupanciretã","ibge":"4322202"}},{"type":"Feature","geometry":{"type":"Point","coordinates":[-51.24561,-30.09483]},"properties":{"nome":"Colégio Leonardo da Vinci - Unidade Beta","tipo":"school","mun":"Porto Alegre","ibge":"4314902"}},{"type":"Feature","geometry":{"type":"Point","coordinates":[-51.20388,-29.16534]},"properties":{"nome":"Carmo Campo Clube","tipo":"sports_centre","mun":"Caxias do Sul","ibge":"4305108"}},{"type":"Feature","geometry":{"type":"Point","coordinates":[-51.89642,-28.852]},"properties":{"nome":"Escola Frei Caneca","tipo":"school","mun":"Guaporé","ibge":"4309407"}},{"type":"Feature","geometry":{"type":"Point","coordinates":[-52.50938,-29.71459]},"properties":{"nome":"Escola Polivalente","tipo":"school","mun":"Vera Cruz","ibge":"4322707"}},{"type":"Feature","geometry":{"type":"Point","coordinates":[-51.52442,-28.22174]},"properties":{"nome":"Sociedade Esportiva e Recreativa Lagoense","tipo":"sports_centre","mun":"Lagoa Vermelha","ibge":"4311304"}},{"type":"Feature","geometry":{"type":"Point","coordinates":[-51.52062,-28.20589]},"properties":{"nome":"Escola Estadual de Ensino Médio Dr. Araby Augusto Nácul","tipo":"school","mun":"Lagoa Vermelha","ibge":"4311304"}},{"type":"Feature","geometry":{"type":"Point","coordinates":[-51.51971,-28.21354]},"properties":{"nome":"Ginásio de Esportes Adolfo Stela","tipo":"sports_centre","mun":"Lagoa Vermelha","ibge":"4311304"}},{"type":"Feature","geometry":{"type":"Point","coordinates":[-50.50887,-30.26049]},"properties":{"nome":"E.E.E.M. PROFESSOR ALBANO ALVES PEREIRA","tipo":"school","mun":"Palmares do Sul","ibge":"4313656"}},{"type":"Feature","geometry":{"type":"Point","coordinates":[-52.36202,-29.95748]},"properties":{"nome":"Ginásio Ciro Carneiro","tipo":"sports_centre","mun":"Rio Pardo","ibge":"4315701"}},{"type":"Feature","geometry":{"type":"Point","coordinates":[-51.61094,-28.78546]},"properties":{"nome":"Colégio Aparecida","tipo":"school","mun":"Nova Prata","ibge":"4313300"}},{"type":"Feature","geometry":{"type":"Point","coordinates":[-50.45752,-30.48699]},"properties":{"nome":"Salão Paroquial de Bacupari","tipo":"community_centre","mun":"Palmares do Sul","ibge":"4313656"}},{"type":"Feature","geometry":{"type":"Point","coordinates":[-50.45784,-30.48738]},"properties":{"nome":"E.M.E.F. Domingos Saraiva","tipo":"school","mun":"Palmares do Sul","ibge":"4313656"}},{"type":"Feature","geometry":{"type":"Point","coordinates":[-54.44286,-27.65954]},"properties":{"nome":"Salão Paroquial","tipo":"community_centre","mun":"Tucunduva","ibge":"4322103"}},{"type":"Feature","geometry":{"type":"Point","coordinates":[-54.44034,-27.69665]},"properties":{"nome":"Salão Comunitário de Ressaca do Guerrilha","tipo":"community_centre","mun":"Tucunduva","ibge":"4322103"}},{"type":"Feature","geometry":{"type":"Point","coordinates":[-54.4139,-27.67815]},"properties":{"nome":"Salão Comunitário de Lajeado Guerrilha","tipo":"community_centre","mun":"Tucunduva","ibge":"4322103"}},{"type":"Feature","geometry":{"type":"Point","coordinates":[-53.38082,-32.55616]},"properties":{"nome":"Sociedade Clube Harmonia","tipo":"sports_centre","mun":"Jaguarão","ibge":"4311007"}},{"type":"Feature","geometry":{"type":"Point","coordinates":[-52.81713,-28.46063]},"properties":{"nome":"Ginasio Poliesportivo","tipo":"sports_centre","mun":"Não-Me-Toque","ibge":"4312658"}},{"type":"Feature","geometry":{"type":"Point","coordinates":[-51.1864,-29.03453]},"properties":{"nome":"Centro Poliesportivo","tipo":"sports_centre","mun":"Flores da Cunha","ibge":"4308201"}},{"type":"Feature","geometry":{"type":"Point","coordinates":[-51.07865,-29.59957]},"properties":{"nome":"Escola Municipal de Ensino Fundamental Prof. Paulo Arandt","tipo":"school","mun":"Dois Irmãos","ibge":"4306403"}},{"type":"Feature","geometry":{"type":"Point","coordinates":[-51.52703,-29.14886]},"properties":{"nome":"Escola Municipal Ernesto Dorneles","tipo":"school","mun":"Bento Gonçalves","ibge":"4302105"}},{"type":"Feature","geometry":{"type":"Point","coordinates":[-51.52493,-29.14844]},"properties":{"nome":"Escoteiros CIRETAMA","tipo":"school","mun":"Bento Gonçalves","ibge":"4302105"}},{"type":"Feature","geometry":{"type":"Point","coordinates":[-51.07522,-28.97776]},"properties":{"nome":"APAE São Marcos","tipo":"school","mun":"São Marcos","ibge":"4319000"}},{"type":"Feature","geometry":{"type":"Point","coordinates":[-53.35762,-33.5264]},"properties":{"nome":"Ginásio Cardeal","tipo":"sports_centre","mun":"Santa Vitória do Palmar","ibge":"4317301"}},{"type":"Feature","geometry":{"type":"Point","coordinates":[-51.24109,-30.03295]},"properties":{"nome":"Marina Municipal Comodoro Edmundo Soares","tipo":"community_centre","mun":"Porto Alegre","ibge":"4314902"}},{"type":"Feature","geometry":{"type":"Point","coordinates":[-51.24025,-30.04208]},"properties":{"nome":"Academia da Terceira Idade","tipo":"sports_centre","mun":"Porto Alegre","ibge":"4314902"}},{"type":"Feature","geometry":{"type":"Point","coordinates":[-51.53401,-29.13804]},"properties":{"nome":"Escola Municipal Professora Nilza Côvolo Kratz","tipo":"school","mun":"Bento Gonçalves","ibge":"4302105"}},{"type":"Feature","geometry":{"type":"Point","coordinates":[-51.53226,-29.13892]},"properties":{"nome":"Colégio Cenecista","tipo":"school","mun":"Bento Gonçalves","ibge":"4302105"}},{"type":"Feature","geometry":{"type":"Point","coordinates":[-51.22233,-29.70407]},"properties":{"nome":"Escola Afonso Gomes de Carvalho","tipo":"school","mun":"Portão","ibge":"4314803"}},{"type":"Feature","geometry":{"type":"Point","coordinates":[-51.42046,-29.47598]},"properties":{"nome":"EMEF São Francisco","tipo":"school","mun":"Tupandi","ibge":"4322251"}},{"type":"Feature","geometry":{"type":"Point","coordinates":[-51.41916,-29.47611]},"properties":{"nome":"CAE São José - Educação Integral","tipo":"school","mun":"Tupandi","ibge":"4322251"}},{"type":"Feature","geometry":{"type":"Point","coordinates":[-51.4188,-29.47564]},"properties":{"nome":"Colégio Estadual de Tupandi - Ensino Médio","tipo":"school","mun":"Tupandi","ibge":"4322251"}},{"type":"Feature","geometry":{"type":"Point","coordinates":[-53.32338,-27.91585]},"properties":{"nome":"Guarita Country Clube","tipo":"sports_centre","mun":"Palmeira das Missões","ibge":"4313706"}},{"type":"Feature","geometry":{"type":"Point","coordinates":[-53.31435,-27.90589]},"properties":{"nome":"35 CTG","tipo":"community_centre","mun":"Palmeira das Missões","ibge":"4313706"}},{"type":"Feature","geometry":{"type":"Point","coordinates":[-53.32169,-27.90388]},"properties":{"nome":"Clube Recreativo Centenário","tipo":"sports_centre","mun":"Palmeira das Missões","ibge":"4313706"}},{"type":"Feature","geometry":{"type":"Point","coordinates":[-53.31284,-27.90166]},"properties":{"nome":"Clube Comercial","tipo":"community_centre","mun":"Palmeira das Missões","ibge":"4313706"}},{"type":"Feature","geometry":{"type":"Point","coordinates":[-51.45601,-29.44827]},"properties":{"nome":"EMEF João Alvarenga Peixoto","tipo":"school","mun":"Tupandi","ibge":"4322251"}},{"type":"Feature","geometry":{"type":"Point","coordinates":[-54.66272,-30.97143]},"properties":{"nome":"Ginásio Municipal","tipo":"sports_centre","mun":"Dom Pedrito","ibge":"4306601"}},{"type":"Feature","geometry":{"type":"Point","coordinates":[-54.66967,-30.98059]},"properties":{"nome":"Escola Urbano das Chagas","tipo":"school","mun":"Dom Pedrito","ibge":"4306601"}},{"type":"Feature","geometry":{"type":"Point","coordinates":[-54.66425,-30.98614]},"properties":{"nome":"Country Club","tipo":"sports_centre","mun":"Dom Pedrito","ibge":"4306601"}},{"type":"Feature","geometry":{"type":"Point","coordinates":[-56.0295,-28.62719]},"properties":{"nome":"Ginásio Municipal Poliesportivo","tipo":"sports_centre","mun":"São Borja","ibge":"4318002"}},{"type":"Feature","geometry":{"type":"Point","coordinates":[-50.83781,-29.37066]},"properties":{"nome":"Escola Estadual Adolfo Seilet","tipo":"school","mun":"Canela","ibge":"4304408"}},{"type":"Feature","geometry":{"type":"Point","coordinates":[-50.80244,-29.35877]},"properties":{"nome":"EEEF Luiza Corrêa","tipo":"school","mun":"Canela","ibge":"4304408"}},{"type":"Feature","geometry":{"type":"Point","coordinates":[-50.25479,-29.9065]},"properties":{"nome":"Escola Albatroz","tipo":"school","mun":"Osório","ibge":"4313508"}},{"type":"Feature","geometry":{"type":"Point","coordinates":[-54.87086,-29.19357]},"properties":{"nome":"Clube Círculo Militar","tipo":"sports_centre","mun":"Santiago","ibge":"4317400"}},{"type":"Feature","geometry":{"type":"Point","coordinates":[-53.83259,-29.70596]},"properties":{"nome":"Colégio Marco Polo","tipo":"school","mun":"Santa Maria","ibge":"4316907"}},{"type":"Feature","geometry":{"type":"Point","coordinates":[-54.85013,-29.21122]},"properties":{"nome":"AABB","tipo":"sports_centre","mun":"Santiago","ibge":"4317400"}},{"type":"Feature","geometry":{"type":"Point","coordinates":[-54.88527,-29.20407]},"properties":{"nome":"Clube do DAER","tipo":"sports_centre","mun":"Santiago","ibge":"4317400"}},{"type":"Feature","geometry":{"type":"Point","coordinates":[-54.88669,-29.17055]},"properties":{"nome":"Sede Campestre dos Comerciários","tipo":"sports_centre","mun":"Santiago","ibge":"4317400"}},{"type":"Feature","geometry":{"type":"Point","coordinates":[-54.88415,-29.185]},"properties":{"nome":"Piscina Tênis Clube","tipo":"sports_centre","mun":"Santiago","ibge":"4317400"}},{"type":"Feature","geometry":{"type":"Point","coordinates":[-54.84969,-29.16629]},"properties":{"nome":"Associação de Professores de Santiago","tipo":"sports_centre","mun":"Santiago","ibge":"4317400"}},{"type":"Feature","geometry":{"type":"Point","coordinates":[-53.8125,-29.68356]},"properties":{"nome":"Escola Básica Estadual Cícero Barreto","tipo":"school","mun":"Santa Maria","ibge":"4316907"}},{"type":"Feature","geometry":{"type":"Point","coordinates":[-53.81268,-29.68334]},"properties":{"nome":"Núcleo Estadual de Educação de Jovens e Adultos Mário Quintana","tipo":"school","mun":"Santa Maria","ibge":"4316907"}},{"type":"Feature","geometry":{"type":"Point","coordinates":[-50.84452,-29.35871]},"properties":{"nome":"Raia 7","tipo":"sports_centre","mun":"Gramado","ibge":"4309100"}},{"type":"Feature","geometry":{"type":"Point","coordinates":[-52.20988,-28.4488]},"properties":{"nome":"Ginásio Santo Expedito","tipo":"sports_centre","mun":"Marau","ibge":"4311809"}},{"type":"Feature","geometry":{"type":"Point","coordinates":[-52.39592,-28.25735]},"properties":{"nome":"Escola Zeferino Demétrio Costa","tipo":"school","mun":"Passo Fundo","ibge":"4314100"}},{"type":"Feature","geometry":{"type":"Point","coordinates":[-51.74633,-28.66071]},"properties":{"nome":"Colégio Mater Amabilis","tipo":"school","mun":"Nova Araçá","ibge":"4312807"}},{"type":"Feature","geometry":{"type":"Point","coordinates":[-51.45322,-29.68345]},"properties":{"nome":"AABB","tipo":"sports_centre","mun":"Montenegro","ibge":"4312401"}},{"type":"Feature","geometry":{"type":"Point","coordinates":[-51.06083,-28.96862]},"properties":{"nome":"Quadra esportiva Maranhã","tipo":"sports_centre","mun":"São Marcos","ibge":"4319000"}},{"type":"Feature","geometry":{"type":"Point","coordinates":[-50.06517,-29.58042]},"properties":{"nome":"Salão comunitário da Igreja Católica","tipo":"community_centre","mun":"Terra de Areia","ibge":"4321436"}},{"type":"Feature","geometry":{"type":"Point","coordinates":[-53.92151,-27.4639]},"properties":{"nome":"Salão Comunitário Bairro Pindorama","tipo":"community_centre","mun":"Três Passos","ibge":"4321907"}},{"type":"Feature","geometry":{"type":"Point","coordinates":[-53.92043,-27.45163]},"properties":{"nome":"Salão Comunitário Sulserra","tipo":"community_centre","mun":"Três Passos","ibge":"4321907"}},{"type":"Feature","geometry":{"type":"Point","coordinates":[-53.92505,-27.45027]},"properties":{"nome":"Salão Comunitário Frei Olímpio","tipo":"community_centre","mun":"Três Passos","ibge":"4321907"}},{"type":"Feature","geometry":{"type":"Point","coordinates":[-53.94163,-27.4555]},"properties":{"nome":"Salão Comunitário Érico Veríssimo","tipo":"community_centre","mun":"Três Passos","ibge":"4321907"}},{"type":"Feature","geometry":{"type":"Point","coordinates":[-53.94602,-27.444]},"properties":{"nome":"Salão Comunitário Ildo Meneghetti","tipo":"community_centre","mun":"Três Passos","ibge":"4321907"}},{"type":"Feature","geometry":{"type":"Point","coordinates":[-53.94065,-27.44563]},"properties":{"nome":"Salão Comunitário Webers","tipo":"community_centre","mun":"Três Passos","ibge":"4321907"}},{"type":"Feature","geometry":{"type":"Point","coordinates":[-53.9324,-27.44536]},"properties":{"nome":"Salão Comunitário Operário","tipo":"community_centre","mun":"Três Passos","ibge":"4321907"}},{"type":"Feature","geometry":{"type":"Point","coordinates":[-51.84122,-28.98719]},"properties":{"nome":"Escola Estadual Vicente de Carvalho","tipo":"school","mun":"Dois Lajeados","ibge":"4306452"}},{"type":"Feature","geometry":{"type":"Point","coordinates":[-50.12177,-29.9728]},"properties":{"nome":"EMEI Jardelino Peroni","tipo":"school","mun":"Imbé","ibge":"4310330"}},{"type":"Feature","geometry":{"type":"Point","coordinates":[-52.93099,-27.93679]},"properties":{"nome":"AABB","tipo":"sports_centre","mun":"Sarandi","ibge":"4320107"}},{"type":"Feature","geometry":{"type":"Point","coordinates":[-53.95318,-27.6296]},"properties":{"nome":"Escola Estadual de Ensino Médio Raimundo Almeida","tipo":"school","mun":"Sede Nova","ibge":"4320230"}},{"type":"Feature","geometry":{"type":"Point","coordinates":[-51.78574,-28.5942]},"properties":{"nome":"Colégio Divino Mestre","tipo":"school","mun":"Paraí","ibge":"4314001"}},{"type":"Feature","geometry":{"type":"Point","coordinates":[-51.15156,-29.88246]},"properties":{"nome":"EMEF Governador Leonel de Moura Brizola","tipo":"school","mun":"Canoas","ibge":"4304606"}},{"type":"Feature","geometry":{"type":"Point","coordinates":[-53.87088,-29.62309]},"properties":{"nome":"Centro Comunitário do Divino","tipo":"community_centre","mun":"Santa Maria","ibge":"4316907"}},{"type":"Feature","geometry":{"type":"Point","coordinates":[-55.23938,-28.80179]},"properties":{"nome":"Associação dos Funcionários Municipais","tipo":"sports_centre","mun":"Itacurubi","ibge":"4310553"}},{"type":"Feature","geometry":{"type":"Point","coordinates":[-51.24574,-29.16496]},"properties":{"nome":"Fundação Marcopolo","tipo":"sports_centre","mun":"Caxias do Sul","ibge":"4305108"}},{"type":"Feature","geometry":{"type":"Point","coordinates":[-51.18697,-29.28223]},"properties":{"nome":"Antiga Escola (Desativada)","tipo":"school","mun":"Caxias do Sul","ibge":"4305108"}},{"type":"Feature","geometry":{"type":"Point","coordinates":[-51.04228,-29.68672]},"properties":{"nome":"Ginásio Escola 25 de Julho","tipo":"school","mun":"Campo Bom","ibge":"4303905"}},{"type":"Feature","geometry":{"type":"Point","coordinates":[-51.03954,-29.68769]},"properties":{"nome":"Associação 25 de Julho","tipo":"community_centre","mun":"Campo Bom","ibge":"4303905"}},{"type":"Feature","geometry":{"type":"Point","coordinates":[-52.42828,-28.24935]},"properties":{"nome":"CTG Moacir da Motta Fortes","tipo":"community_centre","mun":"Passo Fundo","ibge":"4314100"}},{"type":"Feature","geometry":{"type":"Point","coordinates":[-52.03897,-29.3756]},"properties":{"nome":"EMEF Professor Arlindo Back","tipo":"school","mun":"Arroio do Meio","ibge":"4301008"}},{"type":"Feature","geometry":{"type":"Point","coordinates":[-52.96542,-28.43448]},"properties":{"nome":"Escola Municipal Espírito Santo","tipo":"school","mun":"Colorado","ibge":"4305603"}},{"type":"Feature","geometry":{"type":"Point","coordinates":[-52.99411,-28.52342]},"properties":{"nome":"Escola Armindo Schwengber","tipo":"school","mun":"Colorado","ibge":"4305603"}},{"type":"Feature","geometry":{"type":"Point","coordinates":[-51.38517,-28.98017]},"properties":{"nome":"Comunidade São Cristovão","tipo":"community_centre","mun":"Nova Roma do Sul","ibge":"4313359"}},{"type":"Feature","geometry":{"type":"Point","coordinates":[-54.22322,-29.28899]},"properties":{"nome":"Escola estadual de Ensino Médio Érico Veríssimo","tipo":"school","mun":"Jari","ibge":"4311130"}},{"type":"Feature","geometry":{"type":"Point","coordinates":[-53.59685,-28.64709]},"properties":{"nome":"Escola Doutor Cândido Machado","tipo":"school","mun":"Cruz Alta","ibge":"4306106"}},{"type":"Feature","geometry":{"type":"Point","coordinates":[-53.2611,-27.19018]},"properties":{"nome":"EEEF Duque de Caxias","tipo":"school","mun":"Iraí","ibge":"4310504"}},{"type":"Feature","geometry":{"type":"Point","coordinates":[-51.1623,-29.84985]},"properties":{"nome":"Instituto São Francisco Coração de Maria – Esteioloja","tipo":"school","mun":"Esteio","ibge":"4307708"}},{"type":"Feature","geometry":{"type":"Point","coordinates":[-50.9005,-29.45553]},"properties":{"nome":"E.C Independente","tipo":"sports_centre","mun":"Gramado","ibge":"4309100"}},{"type":"Feature","geometry":{"type":"Point","coordinates":[-51.06996,-29.68348]},"properties":{"nome":"E.M.E.F. Borges de Medeiros","tipo":"school","mun":"Campo Bom","ibge":"4303905"}},{"type":"Feature","geometry":{"type":"Point","coordinates":[-53.16335,-29.25975]},"properties":{"nome":"Escola Estadual Augusto Eichner","tipo":"school","mun":"Estrela Velha","ibge":"4307815"}},{"type":"Feature","geometry":{"type":"Point","coordinates":[-53.18305,-29.21635]},"properties":{"nome":"Escola Estadual Princesa Isabel","tipo":"school","mun":"Estrela Velha","ibge":"4307815"}},{"type":"Feature","geometry":{"type":"Point","coordinates":[-51.33213,-29.21667]},"properties":{"nome":"Salão comunitário Medianeira","tipo":"community_centre","mun":"Farroupilha","ibge":"4307906"}},{"type":"Feature","geometry":{"type":"Point","coordinates":[-52.53636,-27.7278]},"properties":{"nome":"Escola Estadual Erico Verissimo","tipo":"school","mun":"Jacutinga","ibge":"4310900"}},{"type":"Feature","geometry":{"type":"Point","coordinates":[-51.17637,-30.02657]},"properties":{"nome":"Sociedade Libanesa de Porto Alegre","tipo":"sports_centre","mun":"Porto Alegre","ibge":"4314902"}},{"type":"Feature","geometry":{"type":"Point","coordinates":[-52.52097,-27.56468]},"properties":{"nome":"Escola Azidia Capelari","tipo":"school","mun":"São Valentim","ibge":"4319703"}},{"type":"Feature","geometry":{"type":"Point","coordinates":[-51.3474,-30.12332]},"properties":{"nome":"ULBRA","tipo":"school","mun":"Guaíba","ibge":"4309308"}},{"type":"Feature","geometry":{"type":"Point","coordinates":[-53.259,-27.19311]},"properties":{"nome":"EMEI Casa da Criança","tipo":"school","mun":"Iraí","ibge":"4310504"}},{"type":"Feature","geometry":{"type":"Point","coordinates":[-53.10902,-28.63541]},"properties":{"nome":"AABB","tipo":"sports_centre","mun":"Ibirubá","ibge":"4310009"}},{"type":"Feature","geometry":{"type":"Point","coordinates":[-53.13649,-28.56404]},"properties":{"nome":"Escola Municipal Alfredo Brenner","tipo":"school","mun":"Ibirubá","ibge":"4310009"}},{"type":"Feature","geometry":{"type":"Point","coordinates":[-52.33954,-31.73462]},"properties":{"nome":"Pavilhão Rural","tipo":"shelter","mun":"Pelotas","ibge":"4314407"}},{"type":"Feature","geometry":{"type":"Point","coordinates":[-52.03725,-28.17489]},"properties":{"nome":"Ginásio Poliesportivo Aldini Vergílio Coser","tipo":"sports_centre","mun":"Água Santa","ibge":"4300059"}},{"type":"Feature","geometry":{"type":"Point","coordinates":[-51.62933,-29.31306]},"properties":{"nome":"Salão da comunidade de São Sebastião de Castro","tipo":"shelter","mun":"Carlos Barbosa","ibge":"4304804"}},{"type":"Feature","geometry":{"type":"Point","coordinates":[-51.62908,-29.31271]},"properties":{"nome":"Escolinha Infantil municipal","tipo":"school","mun":"Carlos Barbosa","ibge":"4304804"}},{"type":"Feature","geometry":{"type":"Point","coordinates":[-51.62838,-29.31841]},"properties":{"nome":"Smai","tipo":"shelter","mun":"Carlos Barbosa","ibge":"4304804"}},{"type":"Feature","geometry":{"type":"Point","coordinates":[-52.66629,-31.39392]},"properties":{"nome":"Salão Anos Dourado","tipo":"community_centre","mun":"Canguçu","ibge":"4304507"}},{"type":"Feature","geometry":{"type":"Point","coordinates":[-52.68236,-31.40168]},"properties":{"nome":"F.A. Soccer Player","tipo":"sports_centre","mun":"Canguçu","ibge":"4304507"}},{"type":"Feature","geometry":{"type":"Point","coordinates":[-52.67073,-31.40118]},"properties":{"nome":"Soccer Mania Grama Sintética","tipo":"sports_centre","mun":"Canguçu","ibge":"4304507"}},{"type":"Feature","geometry":{"type":"Point","coordinates":[-52.94908,-29.73619]},"properties":{"nome":"Escola Estadual Rui Barbosa","tipo":"school","mun":"Novo Cabrais","ibge":"4313391"}},{"type":"Feature","geometry":{"type":"Point","coordinates":[-50.49621,-30.20942]},"properties":{"nome":"Escola Antonio Moreno","tipo":"school","mun":"Capivari do Sul","ibge":"4304671"}},{"type":"Feature","geometry":{"type":"Point","coordinates":[-53.93633,-27.92233]},"properties":{"nome":"Escola Estadual Anchieta","tipo":"school","mun":"Chiapetta","ibge":"4305405"}},{"type":"Feature","geometry":{"type":"Point","coordinates":[-51.09132,-29.99647]},"properties":{"nome":"Associação Comunitária da Nova Gleba","tipo":"sports_centre","mun":"Porto Alegre","ibge":"4314902"}},{"type":"Feature","geometry":{"type":"Point","coordinates":[-51.17974,-29.15807]},"properties":{"nome":"Clube Juvenil","tipo":"sports_centre","mun":"Caxias do Sul","ibge":"4305108"}},{"type":"Feature","geometry":{"type":"Point","coordinates":[-53.2774,-27.62825]},"properties":{"nome":"Ginásio Municipal de Esportes 30 de Novembro","tipo":"sports_centre","mun":"Jaboticaba","ibge":"4310850"}},{"type":"Feature","geometry":{"type":"Point","coordinates":[-53.278,-27.63221]},"properties":{"nome":"Escola Estadual Padre Francisco Goetler","tipo":"school","mun":"Jaboticaba","ibge":"4310850"}},{"type":"Feature","geometry":{"type":"Point","coordinates":[-51.45264,-29.68249]},"properties":{"nome":"Escola Estadual Cel Álvaro de Moraes","tipo":"school","mun":"Montenegro","ibge":"4312401"}},{"type":"Feature","geometry":{"type":"Point","coordinates":[-51.44024,-29.24791]},"properties":{"nome":"Desvio Blauth","tipo":"community_centre","mun":"Farroupilha","ibge":"4307906"}},{"type":"Feature","geometry":{"type":"Point","coordinates":[-52.67787,-31.3975]},"properties":{"nome":"Clube Harmonia","tipo":"community_centre","mun":"Canguçu","ibge":"4304507"}},{"type":"Feature","geometry":{"type":"Point","coordinates":[-52.91843,-30.00465]},"properties":{"nome":"EEEF Profa. Marieta Ribeiro de Almeida","tipo":"school","mun":"Cachoeira do Sul","ibge":"4303004"}},{"type":"Feature","geometry":{"type":"Point","coordinates":[-52.90876,-30.00291]},"properties":{"nome":"Salão Paroquial","tipo":"community_centre","mun":"Cachoeira do Sul","ibge":"4303004"}},{"type":"Feature","geometry":{"type":"Point","coordinates":[-51.06877,-30.08949]},"properties":{"nome":"E.M.E.I. Cisne Branco","tipo":"school","mun":"Viamão","ibge":"4323002"}},{"type":"Feature","geometry":{"type":"Point","coordinates":[-50.91023,-28.48185]},"properties":{"nome":"Parque do Rodeio Internacional de Vacaria","tipo":"sports_centre","mun":"Vacaria","ibge":"4322509"}},{"type":"Feature","geometry":{"type":"Point","coordinates":[-51.20602,-29.17174]},"properties":{"nome":"Associação Atlética Banco do Brasil - AABB","tipo":"sports_centre","mun":"Caxias do Sul","ibge":"4305108"}},{"type":"Feature","geometry":{"type":"Point","coordinates":[-50.9548,-28.49782]},"properties":{"nome":"Grêmio Esportivo Glória","tipo":"sports_centre","mun":"Vacaria","ibge":"4322509"}},{"type":"Feature","geometry":{"type":"Point","coordinates":[-51.11574,-29.11917]},"properties":{"nome":"Comunidade São Cristóvão","tipo":"community_centre","mun":"Caxias do Sul","ibge":"4305108"}},{"type":"Feature","geometry":{"type":"Point","coordinates":[-52.66645,-28.49123]},"properties":{"nome":"Centro Comunitário Santo Antônio","tipo":"community_centre","mun":"Victor Graeff","ibge":"4323200"}},{"type":"Feature","geometry":{"type":"Point","coordinates":[-52.66005,-28.48466]},"properties":{"nome":"Escola Marcílio Dias","tipo":"school","mun":"Victor Graeff","ibge":"4323200"}},{"type":"Feature","geometry":{"type":"Point","coordinates":[-52.65946,-28.48404]},"properties":{"nome":"Centro Comunitário São José","tipo":"community_centre","mun":"Victor Graeff","ibge":"4323200"}},{"type":"Feature","geometry":{"type":"Point","coordinates":[-52.15543,-29.00089]},"properties":{"nome":"Ginásio EEEM Padre Domenico Carlino","tipo":"sports_centre","mun":"Putinga","ibge":"4315206"}},{"type":"Feature","geometry":{"type":"Point","coordinates":[-52.15527,-29.00033]},"properties":{"nome":"EEEM Padre Domenico Carlino","tipo":"school","mun":"Putinga","ibge":"4315206"}},{"type":"Feature","geometry":{"type":"Point","coordinates":[-51.06619,-28.96733]},"properties":{"nome":"Pavilhão","tipo":"shelter","mun":"São Marcos","ibge":"4319000"}},{"type":"Feature","geometry":{"type":"Point","coordinates":[-50.79175,-29.57088]},"properties":{"nome":"Instituto Estadual de Educação Olivia Lahm Hirt","tipo":"school","mun":"Igrejinha","ibge":"4310108"}},{"type":"Feature","geometry":{"type":"Point","coordinates":[-54.00328,-27.40713]},"properties":{"nome":"Escola Municipal Dom João Becker","tipo":"school","mun":"Três Passos","ibge":"4321907"}},{"type":"Feature","geometry":{"type":"Point","coordinates":[-53.91299,-27.35437]},"properties":{"nome":"Escola Municipal Guia Lopes","tipo":"school","mun":"Três Passos","ibge":"4321907"}},{"type":"Feature","geometry":{"type":"Point","coordinates":[-53.95288,-27.5137]},"properties":{"nome":"Escola Municipal Wally Elisa Hartmann","tipo":"school","mun":"Três Passos","ibge":"4321907"}},{"type":"Feature","geometry":{"type":"Point","coordinates":[-53.94981,-27.42989]},"properties":{"nome":"Ginásio Coroinha Daronchi","tipo":"sports_centre","mun":"Três Passos","ibge":"4321907"}},{"type":"Feature","geometry":{"type":"Point","coordinates":[-53.95008,-27.42931]},"properties":{"nome":"Salão Comunitário Pró-morar","tipo":"community_centre","mun":"Três Passos","ibge":"4321907"}},{"type":"Feature","geometry":{"type":"Point","coordinates":[-53.93717,-27.446]},"properties":{"nome":"Escola Anexa João Padilha Nascimento","tipo":"school","mun":"Três Passos","ibge":"4321907"}},{"type":"Feature","geometry":{"type":"Point","coordinates":[-53.91848,-27.4582]},"properties":{"nome":"Salão Comunitário da Glória","tipo":"community_centre","mun":"Três Passos","ibge":"4321907"}},{"type":"Feature","geometry":{"type":"Point","coordinates":[-53.92547,-27.45247]},"properties":{"nome":"Complexo Municipal de Ensino Fundamental Professor José Luis Rhoden","tipo":"school","mun":"Três Passos","ibge":"4321907"}},{"type":"Feature","geometry":{"type":"Point","coordinates":[-51.19462,-29.99666]},"properties":{"nome":"Soccer City","tipo":"sports_centre","mun":"Porto Alegre","ibge":"4314902"}},{"type":"Feature","geometry":{"type":"Point","coordinates":[-53.48672,-30.51771]},"properties":{"nome":"ESCOLA ESTADUAL DE ENSINO FUNDAMENTAL PROFA. JANUÁRIA LEAL","tipo":"school","mun":"Caçapava do Sul","ibge":"4302808"}},{"type":"Feature","geometry":{"type":"Point","coordinates":[-53.48673,-30.51665]},"properties":{"nome":"ESCOLA ESTADUAL NOSSA SENHORA DE ASSUNÇÃO","tipo":"school","mun":"Caçapava do Sul","ibge":"4302808"}},{"type":"Feature","geometry":{"type":"Point","coordinates":[-53.4869,-30.51294]},"properties":{"nome":"Escola Estadual Prof Rosa Poglia Barbiero","tipo":"school","mun":"Caçapava do Sul","ibge":"4302808"}},{"type":"Feature","geometry":{"type":"Point","coordinates":[-53.49273,-30.51218]},"properties":{"nome":"Instituto Estadual de Educação Dinarte Ribeiro","tipo":"school","mun":"Caçapava do Sul","ibge":"4302808"}},{"type":"Feature","geometry":{"type":"Point","coordinates":[-53.49353,-30.51323]},"properties":{"nome":"Instituto Municipal de Educação","tipo":"school","mun":"Caçapava do Sul","ibge":"4302808"}},{"type":"Feature","geometry":{"type":"Point","coordinates":[-53.47997,-30.50971]},"properties":{"nome":"ESCOLA ESTADUAL CONEGO ORTIZ","tipo":"school","mun":"Caçapava do Sul","ibge":"4302808"}},{"type":"Feature","geometry":{"type":"Point","coordinates":[-53.49272,-30.50354]},"properties":{"nome":"Escola Estadual de Ensino Fundamental Prof Eliana Bassi de Melo","tipo":"school","mun":"Caçapava do Sul","ibge":"4302808"}},{"type":"Feature","geometry":{"type":"Point","coordinates":[-53.49304,-30.51634]},"properties":{"nome":"Escola Coeducar","tipo":"school","mun":"Caçapava do Sul","ibge":"4302808"}},{"type":"Feature","geometry":{"type":"Point","coordinates":[-51.48971,-29.69784]},"properties":{"nome":"Escola SESI de Ensino Médio Montenegro","tipo":"school","mun":"Montenegro","ibge":"4312401"}},{"type":"Feature","geometry":{"type":"Point","coordinates":[-51.49333,-29.72374]},"properties":{"nome":"Escola Estadual Nucleo Habitacional Pro - Morar","tipo":"school","mun":"Montenegro","ibge":"4312401"}},{"type":"Feature","geometry":{"type":"Point","coordinates":[-54.23255,-30.44989]},"properties":{"nome":"E.M.E.F. Maria do Carmo Rodrigues","tipo":"school","mun":"Santa Margarida do Sul","ibge":"4316972"}},{"type":"Feature","geometry":{"type":"Point","coordinates":[-53.43859,-29.57352]},"properties":{"nome":"Ginásio Municipal Irmão Ademar da Rocha","tipo":"sports_centre","mun":"Faxinal do Soturno","ibge":"4308003"}},{"type":"Feature","geometry":{"type":"Point","coordinates":[-53.4385,-29.57334]},"properties":{"nome":"Escola Municipal de Ensino Fundamental Castro Alves","tipo":"school","mun":"Faxinal do Soturno","ibge":"4308003"}},{"type":"Feature","geometry":{"type":"Point","coordinates":[-51.81343,-28.64965]},"properties":{"nome":"Salão comunitário Santo Isidoro","tipo":"community_centre","mun":"Paraí","ibge":"4314001"}},{"type":"Feature","geometry":{"type":"Point","coordinates":[-50.49746,-28.83033]},"properties":{"nome":"Escola Estadual Chapada","tipo":"school","mun":"Jaquirana","ibge":"4311122"}},{"type":"Feature","geometry":{"type":"Point","coordinates":[-52.89387,-30.03767]},"properties":{"nome":"Sociedade Rio Branco","tipo":"sports_centre","mun":"Cachoeira do Sul","ibge":"4303004"}},{"type":"Feature","geometry":{"type":"Point","coordinates":[-52.89392,-30.03983]},"properties":{"nome":"Colégio Sinodal Barão do Rio Branco","tipo":"school","mun":"Cachoeira do Sul","ibge":"4303004"}},{"type":"Feature","geometry":{"type":"Point","coordinates":[-54.08953,-30.51131]},"properties":{"nome":"Centro Comunitário Nossa Senhora Conquistadora","tipo":"community_centre","mun":"São Gabriel","ibge":"4318309"}},{"type":"Feature","geometry":{"type":"Point","coordinates":[-52.89286,-30.01295]},"properties":{"nome":"Sociedade União Cachoeirense SUC - Sede Campestre (FECHADO)","tipo":"sports_centre","mun":"Cachoeira do Sul","ibge":"4303004"}},{"type":"Feature","geometry":{"type":"Point","coordinates":[-51.19478,-29.26269]},"properties":{"nome":"Escola Família Agrícola da Serra Gaúcha - EFASERRA","tipo":"school","mun":"Caxias do Sul","ibge":"4305108"}},{"type":"Feature","geometry":{"type":"Point","coordinates":[-52.1529,-28.53249]},"properties":{"nome":"Escola Estadual Vila Maria","tipo":"school","mun":"Vila Maria","ibge":"4323408"}},{"type":"Feature","geometry":{"type":"Point","coordinates":[-53.87909,-30.33837]},"properties":{"nome":"Escola Estadual Eduardo L. da Rosa","tipo":"school","mun":"Vila Nova do Sul","ibge":"4323457"}},{"type":"Feature","geometry":{"type":"Point","coordinates":[-51.79528,-28.64203]},"properties":{"nome":"Salão Comunitário Santo Anjo","tipo":"community_centre","mun":"Paraí","ibge":"4314001"}},{"type":"Feature","geometry":{"type":"Point","coordinates":[-51.82674,-28.65908]},"properties":{"nome":"Salão da Barra Grande","tipo":"community_centre","mun":"Nova Araçá","ibge":"4312807"}},{"type":"Feature","geometry":{"type":"Point","coordinates":[-51.8284,-29.59207]},"properties":{"nome":"E.E.E.M. Fazenda Vilanova","tipo":"school","mun":"Fazenda Vilanova","ibge":"4308078"}},{"type":"Feature","geometry":{"type":"Point","coordinates":[-51.23962,-30.03475]},"properties":{"nome":"Assentamento Primavera","tipo":"community_centre","mun":"Porto Alegre","ibge":"4314902"}},{"type":"Feature","geometry":{"type":"Point","coordinates":[-53.96523,-27.43]},"properties":{"nome":"Escola Estadual Padre Gonzales","tipo":"school","mun":"Três Passos","ibge":"4321907"}},{"type":"Feature","geometry":{"type":"Point","coordinates":[-51.09656,-28.79417]},"properties":{"nome":"Escola José Schio Neto","tipo":"school","mun":"Campestre da Serra","ibge":"4303673"}},{"type":"Feature","geometry":{"type":"Point","coordinates":[-53.95263,-27.34363]},"properties":{"nome":"Centro de Eventos de Açoita Cavalo","tipo":"community_centre","mun":"Esperança do Sul","ibge":"4307450"}},{"type":"Feature","geometry":{"type":"Point","coordinates":[-54.04389,-27.32001]},"properties":{"nome":"Ginásio Municipal","tipo":"sports_centre","mun":"Esperança do Sul","ibge":"4307450"}},{"type":"Feature","geometry":{"type":"Point","coordinates":[-54.037,-27.32802]},"properties":{"nome":"Comunidade Nossa Senhora da Glória","tipo":"community_centre","mun":"Esperança do Sul","ibge":"4307450"}},{"type":"Feature","geometry":{"type":"Point","coordinates":[-50.14516,-30.01016]},"properties":{"nome":"EMEI Sonho de Criança","tipo":"school","mun":"Tramandaí","ibge":"4321600"}},{"type":"Feature","geometry":{"type":"Point","coordinates":[-51.23176,-30.18394]},"properties":{"nome":"AFCEEE - Sede Campestre","tipo":"sports_centre","mun":"Porto Alegre","ibge":"4314902"}},{"type":"Feature","geometry":{"type":"Point","coordinates":[-52.03228,-27.95439]},"properties":{"nome":"Escola Estadual de Ensino Médio Inglês de Sousa","tipo":"school","mun":"Charrua","ibge":"4305371"}},{"type":"Feature","geometry":{"type":"Point","coordinates":[-54.49878,-28.35999]},"properties":{"nome":"Escola Estadual Nossa Senhora do Perpétuo Socorro","tipo":"school","mun":"Vitória das Missões","ibge":"4323754"}},{"type":"Feature","geometry":{"type":"Point","coordinates":[-52.05062,-27.69842]},"properties":{"nome":"Centro de Eventos","tipo":"community_centre","mun":"Áurea","ibge":"4301552"}},{"type":"Feature","geometry":{"type":"Point","coordinates":[-52.04839,-27.69756]},"properties":{"nome":"Colégio Estadual Presidente Costa e Silva","tipo":"school","mun":"Áurea","ibge":"4301552"}},{"type":"Feature","geometry":{"type":"Point","coordinates":[-51.75855,-29.90834]},"properties":{"nome":"Escola Estadual João Canabarro","tipo":"school","mun":"General Câmara","ibge":"4308805"}},{"type":"Feature","geometry":{"type":"Point","coordinates":[-50.12284,-29.9806]},"properties":{"nome":"Escola Estadual de Ensino Fundamental Professora Suely Vacari Osório","tipo":"school","mun":"Tramandaí","ibge":"4321600"}},{"type":"Feature","geometry":{"type":"Point","coordinates":[-51.28097,-28.86241]},"properties":{"nome":"AABB Antônio Prado","tipo":"sports_centre","mun":"Antônio Prado","ibge":"4300802"}},{"type":"Feature","geometry":{"type":"Point","coordinates":[-53.80115,-29.70015]},"properties":{"nome":"EMEF Dom Luiz Victor Sartori","tipo":"school","mun":"Santa Maria","ibge":"4316907"}},{"type":"Feature","geometry":{"type":"Point","coordinates":[-52.43421,-29.70399]},"properties":{"nome":"Associação dos Funcionários da CEEE","tipo":"sports_centre","mun":"Santa Cruz do Sul","ibge":"4316808"}},{"type":"Feature","geometry":{"type":"Point","coordinates":[-55.22628,-28.51077]},"properties":{"nome":"Colegio Santo Antonio","tipo":"school","mun":"Santo Antônio das Missões","ibge":"4317707"}},{"type":"Feature","geometry":{"type":"Point","coordinates":[-55.22822,-28.51036]},"properties":{"nome":"Colegio TBG","tipo":"school","mun":"Santo Antônio das Missões","ibge":"4317707"}},{"type":"Feature","geometry":{"type":"Point","coordinates":[-51.48122,-29.27998]},"properties":{"nome":"Parque Esportivo Tramontina","tipo":"sports_centre","mun":"Carlos Barbosa","ibge":"4304804"}},{"type":"Feature","geometry":{"type":"Point","coordinates":[-50.48605,-29.63714]},"properties":{"nome":"EMEF Castro Alves","tipo":"school","mun":"Rolante","ibge":"4316006"}},{"type":"Feature","geometry":{"type":"Point","coordinates":[-50.45089,-29.64353]},"properties":{"nome":"EMEF Ulisses Guimarães","tipo":"school","mun":"Riozinho","ibge":"4315750"}},{"type":"Feature","geometry":{"type":"Point","coordinates":[-55.52801,-29.70802]},"properties":{"nome":"Ginásio de Esportes","tipo":"sports_centre","mun":"Alegrete","ibge":"4300406"}},{"type":"Feature","geometry":{"type":"Point","coordinates":[-51.50166,-29.2987]},"properties":{"nome":"Colégio Santa Rosa","tipo":"school","mun":"Carlos Barbosa","ibge":"4304804"}},{"type":"Feature","geometry":{"type":"Point","coordinates":[-53.9297,-27.45397]},"properties":{"nome":"Escola Estadual Águia de Haia","tipo":"school","mun":"Três Passos","ibge":"4321907"}},{"type":"Feature","geometry":{"type":"Point","coordinates":[-53.62207,-28.62465]},"properties":{"nome":"Ginásio","tipo":"sports_centre","mun":"Cruz Alta","ibge":"4306106"}},{"type":"Feature","geometry":{"type":"Point","coordinates":[-53.91713,-27.45513]},"properties":{"nome":"Escola Municipal de Ensino Fundamental 25 de Julho","tipo":"school","mun":"Três Passos","ibge":"4321907"}},{"type":"Feature","geometry":{"type":"Point","coordinates":[-52.32783,-31.78145]},"properties":{"nome":"Clube de Natação e Regatas Pelotense","tipo":"community_centre","mun":"Pelotas","ibge":"4314407"}},{"type":"Feature","geometry":{"type":"Point","coordinates":[-51.28814,-27.79105]},"properties":{"nome":"EEEF Paulo VI","tipo":"school","mun":"Pinhal da Serra","ibge":"4314464"}},{"type":"Feature","geometry":{"type":"Point","coordinates":[-53.12635,-29.42216]},"properties":{"nome":"Ginásio Municipal de Esportes João Lazzari","tipo":"sports_centre","mun":"Ibarama","ibge":"4309753"}},{"type":"Feature","geometry":{"type":"Point","coordinates":[-52.78343,-28.29946]},"properties":{"nome":"Peregrinos da Fraternidade 158","tipo":"community_centre","mun":"Carazinho","ibge":"4304705"}},{"type":"Feature","geometry":{"type":"Point","coordinates":[-53.92643,-27.44966]},"properties":{"nome":"EMEI Cidadão Júnior","tipo":"school","mun":"Três Passos","ibge":"4321907"}},{"type":"Feature","geometry":{"type":"Point","coordinates":[-53.92612,-27.45057]},"properties":{"nome":"EMIEF São José","tipo":"school","mun":"Três Passos","ibge":"4321907"}},{"type":"Feature","geometry":{"type":"Point","coordinates":[-50.90876,-29.58741]},"properties":{"nome":"Centro de eventos do campo concórdia","tipo":"sports_centre","mun":"Nova Hartz","ibge":"4313060"}},{"type":"Feature","geometry":{"type":"Point","coordinates":[-50.90458,-29.58606]},"properties":{"nome":"Escola Municipal de 1º Grau Pastor Wardenberg","tipo":"school","mun":"Nova Hartz","ibge":"4313060"}},{"type":"Feature","geometry":{"type":"Point","coordinates":[-50.8971,-29.58654]},"properties":{"nome":"Ginásio Municipal Emílio Pilger","tipo":"sports_centre","mun":"Nova Hartz","ibge":"4313060"}},{"type":"Feature","geometry":{"type":"Point","coordinates":[-50.89318,-29.58616]},"properties":{"nome":"Quadra de futebol Bairro Primavera","tipo":"sports_centre","mun":"Nova Hartz","ibge":"4313060"}},{"type":"Feature","geometry":{"type":"Point","coordinates":[-50.90082,-29.57765]},"properties":{"nome":"Centro comunitário Bairro das Rosas","tipo":"community_centre","mun":"Nova Hartz","ibge":"4313060"}},{"type":"Feature","geometry":{"type":"Point","coordinates":[-50.89295,-29.58636]},"properties":{"nome":"Centro Comunitário do Bairro Primavera","tipo":"community_centre","mun":"Nova Hartz","ibge":"4313060"}},{"type":"Feature","geometry":{"type":"Point","coordinates":[-49.9328,-29.36758]},"properties":{"nome":"Pista de Skate","tipo":"sports_centre","mun":"Morrinhos do Sul","ibge":"4312443"}},{"type":"Feature","geometry":{"type":"Point","coordinates":[-51.14285,-29.71788]},"properties":{"nome":"EMEF Hugo Engelman","tipo":"school","mun":"Novo Hamburgo","ibge":"4313409"}},{"type":"Feature","geometry":{"type":"Point","coordinates":[-51.14313,-29.71957]},"properties":{"nome":"EEEF Professora Luisa Teixeira Lauffer","tipo":"school","mun":"Novo Hamburgo","ibge":"4313409"}},{"type":"Feature","geometry":{"type":"Point","coordinates":[-51.93087,-28.7075]},"properties":{"nome":"Ginásio Municipal Irceu Antônio Gasparin","tipo":"community_centre","mun":"Serafina Corrêa","ibge":"4320404"}},{"type":"Feature","geometry":{"type":"Point","coordinates":[-52.28416,-27.65221]},"properties":{"nome":"Ginasio C.E.N.","tipo":"sports_centre","mun":"Erechim","ibge":"4307005"}},{"type":"Feature","geometry":{"type":"Point","coordinates":[-52.28397,-27.64733]},"properties":{"nome":"EMEI Irmã Consolata","tipo":"school","mun":"Erechim","ibge":"4307005"}},{"type":"Feature","geometry":{"type":"Point","coordinates":[-52.23748,-31.75491]},"properties":{"nome":"AABB - Associação Atlética Banco do Brasil","tipo":"sports_centre","mun":"Pelotas","ibge":"4314407"}},{"type":"Feature","geometry":{"type":"Point","coordinates":[-52.35723,-31.6876]},"properties":{"nome":"Associação dos Moradores do Sitio Floresta","tipo":"community_centre","mun":"Pelotas","ibge":"4314407"}},{"type":"Feature","geometry":{"type":"Point","coordinates":[-51.15811,-29.84106]},"properties":{"nome":"CEEM Augusto Meyer","tipo":"school","mun":"Esteio","ibge":"4307708"}},{"type":"Feature","geometry":{"type":"Point","coordinates":[-55.76551,-29.78825]},"properties":{"nome":"AABB","tipo":"sports_centre","mun":"Alegrete","ibge":"4300406"}},{"type":"Feature","geometry":{"type":"Point","coordinates":[-53.30557,-27.89714]},"properties":{"nome":"Escola Erci Campo Vargas","tipo":"school","mun":"Palmeira das Missões","ibge":"4313706"}},{"type":"Feature","geometry":{"type":"Point","coordinates":[-53.83901,-29.07891]},"properties":{"nome":"Instituto Estadual de Educação Mãe de Deus","tipo":"school","mun":"Tupanciretã","ibge":"4322202"}},{"type":"Feature","geometry":{"type":"Point","coordinates":[-53.83125,-29.08506]},"properties":{"nome":"Escola Estadual Antônio Silveira","tipo":"school","mun":"Tupanciretã","ibge":"4322202"}},{"type":"Feature","geometry":{"type":"Point","coordinates":[-53.83586,-29.08601]},"properties":{"nome":"Escola Joaquim Nabuco","tipo":"school","mun":"Tupanciretã","ibge":"4322202"}},{"type":"Feature","geometry":{"type":"Point","coordinates":[-51.30848,-29.44943]},"properties":{"nome":"Comunidade Evangélica Luterana de Feliz","tipo":"community_centre","mun":"Feliz","ibge":"4308102"}},{"type":"Feature","geometry":{"type":"Point","coordinates":[-51.41957,-30.67109]},"properties":{"nome":"Sindicato Rural","tipo":"community_centre","mun":"Tapes","ibge":"4321105"}},{"type":"Feature","geometry":{"type":"Point","coordinates":[-53.3069,-27.90529]},"properties":{"nome":"Quadra de Esportes","tipo":"sports_centre","mun":"Palmeira das Missões","ibge":"4313706"}},{"type":"Feature","geometry":{"type":"Point","coordinates":[-51.90227,-28.8491]},"properties":{"nome":"Escola Estadual Felix E. Filho","tipo":"school","mun":"Guaporé","ibge":"4309407"}},{"type":"Feature","geometry":{"type":"Point","coordinates":[-52.42958,-29.30211]},"properties":{"nome":"Escola Estadual de Ensino Médio Eugênio Franciosi","tipo":"school","mun":"Boqueirão do Leão","ibge":"4302451"}},{"type":"Feature","geometry":{"type":"Point","coordinates":[-51.73255,-30.09123]},"properties":{"nome":"Colégio Cenecista Santa Bárbara","tipo":"school","mun":"Arroio dos Ratos","ibge":"4301107"}},{"type":"Feature","geometry":{"type":"Point","coordinates":[-50.87537,-29.37931]},"properties":{"nome":"Colégio Estadual Santos Dumont","tipo":"school","mun":"Gramado","ibge":"4309100"}},{"type":"Feature","geometry":{"type":"Point","coordinates":[-53.82162,-29.71227]},"properties":{"nome":"EMEF São Carlos","tipo":"school","mun":"Santa Maria","ibge":"4316907"}},{"type":"Feature","geometry":{"type":"Point","coordinates":[-53.72788,-29.70927]},"properties":{"nome":"Associação Comunitária Fernando Ferrari","tipo":"community_centre","mun":"Santa Maria","ibge":"4316907"}},{"type":"Feature","geometry":{"type":"Point","coordinates":[-51.80899,-30.83759]},"properties":{"nome":"Escola Maratmagand","tipo":"school","mun":"Camaquã","ibge":"4303509"}},{"type":"Feature","geometry":{"type":"Point","coordinates":[-51.73371,-30.09104]},"properties":{"nome":"Ginásio Alvinegro","tipo":"sports_centre","mun":"Arroio dos Ratos","ibge":"4301107"}},{"type":"Feature","geometry":{"type":"Point","coordinates":[-51.72756,-30.08483]},"properties":{"nome":"Ginásio de Esportes Hortencia Miranda","tipo":"sports_centre","mun":"Arroio dos Ratos","ibge":"4301107"}},{"type":"Feature","geometry":{"type":"Point","coordinates":[-51.73384,-30.09091]},"properties":{"nome":"Sociedade Última Hora","tipo":"sports_centre","mun":"Arroio dos Ratos","ibge":"4301107"}},{"type":"Feature","geometry":{"type":"Point","coordinates":[-51.10463,-30.06811]},"properties":{"nome":"Cesi Júnior","tipo":"school","mun":"Viamão","ibge":"4323002"}},{"type":"Feature","geometry":{"type":"Point","coordinates":[-51.76439,-29.90891]},"properties":{"nome":"Escola Municipal Norberto Fagundes Ribeiro","tipo":"school","mun":"General Câmara","ibge":"4308805"}},{"type":"Feature","geometry":{"type":"Point","coordinates":[-54.66172,-30.9692]},"properties":{"nome":"EMEF Duque de Caxias","tipo":"school","mun":"Dom Pedrito","ibge":"4306601"}},{"type":"Feature","geometry":{"type":"Point","coordinates":[-51.34518,-29.1753]},"properties":{"nome":"EMEF Nossa Senhora de Caravaggio","tipo":"school","mun":"Farroupilha","ibge":"4307906"}},{"type":"Feature","geometry":{"type":"Point","coordinates":[-51.07966,-30.03533]},"properties":{"nome":"EMEF Herbert José de Souza","tipo":"school","mun":"Alvorada","ibge":"4300604"}},{"type":"Feature","geometry":{"type":"Point","coordinates":[-51.50069,-29.70763]},"properties":{"nome":"EMEF Ana Beatriz Lemos","tipo":"school","mun":"Montenegro","ibge":"4312401"}},{"type":"Feature","geometry":{"type":"Point","coordinates":[-52.83833,-27.62073]},"properties":{"nome":"EEM José Ferronatto","tipo":"school","mun":"Três Palmeiras","ibge":"4321857"}},{"type":"Feature","geometry":{"type":"Point","coordinates":[-52.84387,-27.61753]},"properties":{"nome":"Ginásio Municipal","tipo":"sports_centre","mun":"Três Palmeiras","ibge":"4321857"}},{"type":"Feature","geometry":{"type":"Point","coordinates":[-52.80974,-28.29807]},"properties":{"nome":"Escola Municipal de Ensino Fundamental Pedro Vargas","tipo":"school","mun":"Carazinho","ibge":"4304705"}},{"type":"Feature","geometry":{"type":"Point","coordinates":[-51.72785,-30.63437]},"properties":{"nome":"Escola Estadual de Ensino Fundamental Maria de Jesus Schumacher","tipo":"school","mun":"Cerro Grande do Sul","ibge":"4305173"}},{"type":"Feature","geometry":{"type":"Point","coordinates":[-51.75047,-30.59476]},"properties":{"nome":"Escola Estadual de Ensino Médio Mem de Sá","tipo":"school","mun":"Cerro Grande do Sul","ibge":"4305173"}},{"type":"Feature","geometry":{"type":"Point","coordinates":[-51.75279,-30.59823]},"properties":{"nome":"Escola Municipal de Ensino Fundamental Fortaleza","tipo":"school","mun":"Cerro Grande do Sul","ibge":"4305173"}},{"type":"Feature","geometry":{"type":"Point","coordinates":[-51.72731,-30.07634]},"properties":{"nome":"Escola Municipal Santa Rita de Cássia","tipo":"school","mun":"Arroio dos Ratos","ibge":"4301107"}},{"type":"Feature","geometry":{"type":"Point","coordinates":[-53.9152,-28.39032]},"properties":{"nome":"Escola adventista","tipo":"school","mun":"Ijuí","ibge":"4310207"}},{"type":"Feature","geometry":{"type":"Point","coordinates":[-53.10663,-29.55806]},"properties":{"nome":"EMEF Santo Antônio","tipo":"school","mun":"Agudo","ibge":"4300109"}},{"type":"Feature","geometry":{"type":"Point","coordinates":[-53.89582,-28.37363]},"properties":{"nome":"Escola Ensino Medio Antonio Padilha","tipo":"school","mun":"Ijuí","ibge":"4310207"}},{"type":"Feature","geometry":{"type":"Point","coordinates":[-53.36095,-33.52332]},"properties":{"nome":"Colégio Estadual Santa Vitória do Palmar","tipo":"school","mun":"Santa Vitória do Palmar","ibge":"4317301"}},{"type":"Feature","geometry":{"type":"Point","coordinates":[-53.93449,-28.3854]},"properties":{"nome":"Associação Atlética Banco do Brasil","tipo":"sports_centre","mun":"Ijuí","ibge":"4310207"}},{"type":"Feature","geometry":{"type":"Point","coordinates":[-51.93835,-28.69721]},"properties":{"nome":"EEEF Maria Costa Marocco","tipo":"school","mun":"Serafina Corrêa","ibge":"4320404"}},{"type":"Feature","geometry":{"type":"Point","coordinates":[-53.78021,-28.24444]},"properties":{"nome":"Colégio Comendador Soares de Barros","tipo":"school","mun":"Ajuricaba","ibge":"4300208"}},{"type":"Feature","geometry":{"type":"Point","coordinates":[-55.53065,-30.88956]},"properties":{"nome":"E. E. E. Rivadávia Corrêa","tipo":"school","mun":"Sant'Ana do Livramento","ibge":"4317103"}},{"type":"Feature","geometry":{"type":"Point","coordinates":[-51.14043,-29.92406]},"properties":{"nome":"E.M. E. F. Irmão Pedro","tipo":"school","mun":"Canoas","ibge":"4304606"}},{"type":"Feature","geometry":{"type":"Point","coordinates":[-51.14666,-29.92557]},"properties":{"nome":"EMEF Rondônia","tipo":"school","mun":"Canoas","ibge":"4304606"}},{"type":"Feature","geometry":{"type":"Point","coordinates":[-51.15135,-29.92949]},"properties":{"nome":"E. E. E. M. Gomes Jardim","tipo":"school","mun":"Canoas","ibge":"4304606"}},{"type":"Feature","geometry":{"type":"Point","coordinates":[-53.90718,-30.23938]},"properties":{"nome":"Comunidade Sagrado Coração de Jesus","tipo":"community_centre","mun":"Vila Nova do Sul","ibge":"4323457"}},{"type":"Feature","geometry":{"type":"Point","coordinates":[-51.33778,-30.09562]},"properties":{"nome":"Escola Aglae Kehl","tipo":"school","mun":"Guaíba","ibge":"4309308"}},{"type":"Feature","geometry":{"type":"Point","coordinates":[-52.81063,-28.28242]},"properties":{"nome":"Escola Municipal Alfredo Scherer","tipo":"school","mun":"Carazinho","ibge":"4304705"}},{"type":"Feature","geometry":{"type":"Point","coordinates":[-51.09008,-29.54822]},"properties":{"nome":"Escola Municipal Edvino Bervian","tipo":"school","mun":"Morro Reuter","ibge":"4312476"}},{"type":"Feature","geometry":{"type":"Point","coordinates":[-50.87704,-29.36709]},"properties":{"nome":"Ginásio Perinão","tipo":"sports_centre","mun":"Gramado","ibge":"4309100"}},{"type":"Feature","geometry":{"type":"Point","coordinates":[-54.44104,-27.65757]},"properties":{"nome":"Escola Estadual de Ensino Fundamental David Bortoli","tipo":"school","mun":"Tucunduva","ibge":"4322103"}},{"type":"Feature","geometry":{"type":"Point","coordinates":[-54.44154,-27.66248]},"properties":{"nome":"Escola Estadual de Ensino Médio Bento Gonçalves","tipo":"school","mun":"Tucunduva","ibge":"4322103"}},{"type":"Feature","geometry":{"type":"Point","coordinates":[-54.43606,-27.65565]},"properties":{"nome":"Escola Estadual de Ensino Fundamental Princesa Isabel","tipo":"school","mun":"Tucunduva","ibge":"4322103"}},{"type":"Feature","geometry":{"type":"Point","coordinates":[-54.40577,-27.6411]},"properties":{"nome":"Clube de Esquina Tucunduva","tipo":"community_centre","mun":"Tucunduva","ibge":"4322103"}},{"type":"Feature","geometry":{"type":"Point","coordinates":[-50.78192,-29.53033]},"properties":{"nome":"Escola E.F Marechal Cândido Rondon","tipo":"school","mun":"Três Coroas","ibge":"4321709"}},{"type":"Feature","geometry":{"type":"Point","coordinates":[-55.52811,-30.88565]},"properties":{"nome":"Escola Estadual Maurício Cardoso","tipo":"school","mun":"Sant'Ana do Livramento","ibge":"4317103"}},{"type":"Feature","geometry":{"type":"Point","coordinates":[-55.52936,-30.88821]},"properties":{"nome":"Maristão","tipo":"sports_centre","mun":"Sant'Ana do Livramento","ibge":"4317103"}},{"type":"Feature","geometry":{"type":"Point","coordinates":[-52.8196,-28.45836]},"properties":{"nome":"Salão Poliesportivo Cristo Rei","tipo":"sports_centre","mun":"Não-Me-Toque","ibge":"4312658"}},{"type":"Feature","geometry":{"type":"Point","coordinates":[-51.96841,-29.50044]},"properties":{"nome":"Salão da OASE","tipo":"community_centre","mun":"Estrela","ibge":"4307807"}},{"type":"Feature","geometry":{"type":"Point","coordinates":[-51.05089,-29.99248]},"properties":{"nome":"Instituto Cultural Kizomba","tipo":"community_centre","mun":"Alvorada","ibge":"4300604"}},{"type":"Feature","geometry":{"type":"Point","coordinates":[-51.08741,-29.11359]},"properties":{"nome":"EEEF Dona Hercília Petry","tipo":"school","mun":"Caxias do Sul","ibge":"4305108"}},{"type":"Feature","geometry":{"type":"Point","coordinates":[-53.73414,-27.61592]},"properties":{"nome":"E.M. Adelarmo Nunes","tipo":"school","mun":"Braga","ibge":"4302600"}},{"type":"Feature","geometry":{"type":"Point","coordinates":[-51.08866,-29.10838]},"properties":{"nome":"EEEM Irmão Guerini","tipo":"school","mun":"Caxias do Sul","ibge":"4305108"}},{"type":"Feature","geometry":{"type":"Point","coordinates":[-54.06414,-28.38046]},"properties":{"nome":"Escola Municipal Miguel Burnier","tipo":"school","mun":"Coronel Barros","ibge":"4305871"}},{"type":"Feature","geometry":{"type":"Point","coordinates":[-52.37849,-28.24257]},"properties":{"nome":"Morom Society","tipo":"sports_centre","mun":"Passo Fundo","ibge":"4314100"}},{"type":"Feature","geometry":{"type":"Point","coordinates":[-52.89991,-30.04263]},"properties":{"nome":"Colégio Totem","tipo":"school","mun":"Cachoeira do Sul","ibge":"4303004"}},{"type":"Feature","geometry":{"type":"Point","coordinates":[-51.94303,-29.48363]},"properties":{"nome":"EMEF Professora Ruth Markus Huber","tipo":"school","mun":"Estrela","ibge":"4307807"}},{"type":"Feature","geometry":{"type":"Point","coordinates":[-52.41659,-28.27891]},"properties":{"nome":"Ginasio EMEF Antonio Xavier","tipo":"sports_centre","mun":"Passo Fundo","ibge":"4314100"}},{"type":"Feature","geometry":{"type":"Point","coordinates":[-52.90337,-30.0053]},"properties":{"nome":"Escola Estadual de Ensino Médio Virgilino Jayme Zinn (CIEP)","tipo":"school","mun":"Cachoeira do Sul","ibge":"4303004"}},{"type":"Feature","geometry":{"type":"Point","coordinates":[-57.08871,-29.77428]},"properties":{"nome":"Instituto Estadual de Eduacação Elisa Ferrari Valls","tipo":"school","mun":"Uruguaiana","ibge":"4322400"}},{"type":"Feature","geometry":{"type":"Point","coordinates":[-57.04893,-29.77975]},"properties":{"nome":"AABB","tipo":"sports_centre","mun":"Uruguaiana","ibge":"4322400"}},{"type":"Feature","geometry":{"type":"Point","coordinates":[-53.57266,-29.69768]},"properties":{"nome":"Centro Comunitário da Linha Sete","tipo":"community_centre","mun":"Santa Maria","ibge":"4316907"}},{"type":"Feature","geometry":{"type":"Point","coordinates":[-51.11005,-30.06506]},"properties":{"nome":"Escola Adventista","tipo":"school","mun":"Viamão","ibge":"4323002"}},{"type":"Feature","geometry":{"type":"Point","coordinates":[-54.40739,-30.56683]},"properties":{"nome":"Catão Peres","tipo":"school","mun":"São Gabriel","ibge":"4318309"}},{"type":"Feature","geometry":{"type":"Point","coordinates":[-52.22084,-28.43169]},"properties":{"nome":"Ginásio de Esportes","tipo":"sports_centre","mun":"Marau","ibge":"4311809"}},{"type":"Feature","geometry":{"type":"Point","coordinates":[-52.14414,-29.59038]},"properties":{"nome":"Ginásio de esportes ASSESPE","tipo":"sports_centre","mun":"Venâncio Aires","ibge":"4322608"}},{"type":"Feature","geometry":{"type":"Point","coordinates":[-51.17468,-29.15482]},"properties":{"nome":"EEEF Abramo Randon","tipo":"school","mun":"Caxias do Sul","ibge":"4305108"}},{"type":"Feature","geometry":{"type":"Point","coordinates":[-51.10115,-29.94458]},"properties":{"nome":"Associação de Moradores da Cohab","tipo":"community_centre","mun":"Cachoeirinha","ibge":"4303103"}},{"type":"Feature","geometry":{"type":"Point","coordinates":[-52.37825,-29.99108]},"properties":{"nome":"Escola Estadual de Ensino Médio Fortaleza","tipo":"school","mun":"Rio Pardo","ibge":"4315701"}},{"type":"Feature","geometry":{"type":"Point","coordinates":[-52.09087,-29.29813]},"properties":{"nome":"UNIFE","tipo":"community_centre","mun":"Travesseiro","ibge":"4321626"}},{"type":"Feature","geometry":{"type":"Point","coordinates":[-51.08532,-30.00919]},"properties":{"nome":"Ginásio de Esportes Zanino","tipo":"sports_centre","mun":"Alvorada","ibge":"4300604"}},{"type":"Feature","geometry":{"type":"Point","coordinates":[-51.06856,-29.99244]},"properties":{"nome":"Colégio Estadual Érico Veríssimo","tipo":"school","mun":"Alvorada","ibge":"4300604"}},{"type":"Feature","geometry":{"type":"Point","coordinates":[-51.06989,-29.99387]},"properties":{"nome":"Associação de Trabalhadores da Soul","tipo":"community_centre","mun":"Alvorada","ibge":"4300604"}},{"type":"Feature","geometry":{"type":"Point","coordinates":[-51.07019,-30.02249]},"properties":{"nome":"Escola Municipal Cecilia Meirelles","tipo":"school","mun":"Alvorada","ibge":"4300604"}},{"type":"Feature","geometry":{"type":"Point","coordinates":[-51.10454,-30.06489]},"properties":{"nome":"ginasio de esportes professor osvaldo","tipo":"sports_centre","mun":"Viamão","ibge":"4323002"}},{"type":"Feature","geometry":{"type":"Point","coordinates":[-51.10369,-30.06683]},"properties":{"nome":"escola municipal alberto pasqualini","tipo":"school","mun":"Viamão","ibge":"4323002"}},{"type":"Feature","geometry":{"type":"Point","coordinates":[-51.10527,-30.06662]},"properties":{"nome":"sociedade ginastica santa izabel","tipo":"sports_centre","mun":"Viamão","ibge":"4323002"}},{"type":"Feature","geometry":{"type":"Point","coordinates":[-54.67779,-27.77913]},"properties":{"nome":"Salão da comunidade","tipo":"community_centre","mun":"Santo Cristo","ibge":"4317905"}},{"type":"Feature","geometry":{"type":"Point","coordinates":[-51.16381,-29.83808]},"properties":{"nome":"Centro Municipal de Educação Básica Edwiges Fogaça","tipo":"school","mun":"Esteio","ibge":"4307708"}},{"type":"Feature","geometry":{"type":"Point","coordinates":[-51.1701,-29.84074]},"properties":{"nome":"Centro Municipal de Educação Básica Vitorina Fabre","tipo":"school","mun":"Esteio","ibge":"4307708"}},{"type":"Feature","geometry":{"type":"Point","coordinates":[-51.16208,-29.84385]},"properties":{"nome":"Escola Estadual de Ensino Fundamental Tomé de Souza","tipo":"school","mun":"Esteio","ibge":"4307708"}},{"type":"Feature","geometry":{"type":"Point","coordinates":[-56.00237,-28.67343]},"properties":{"nome":"Escola Estadual de Ensino Médio Tricentenario","tipo":"school","mun":"São Borja","ibge":"4318002"}},{"type":"Feature","geometry":{"type":"Point","coordinates":[-51.17954,-29.16275]},"properties":{"nome":"Colégio e Faculdade Murialdo","tipo":"school","mun":"Caxias do Sul","ibge":"4305108"}},{"type":"Feature","geometry":{"type":"Point","coordinates":[-51.22672,-29.70154]},"properties":{"nome":"Quadra de BikeCross Municipal - Bicicletas e esportes radicais","tipo":"sports_centre","mun":"Portão","ibge":"4314803"}},{"type":"Feature","geometry":{"type":"Point","coordinates":[-51.25616,-29.66637]},"properties":{"nome":"Centro Esportivo Tok de Bola","tipo":"sports_centre","mun":"Portão","ibge":"4314803"}},{"type":"Feature","geometry":{"type":"Point","coordinates":[-51.25166,-29.66665]},"properties":{"nome":"S.E.R Vasquinho","tipo":"sports_centre","mun":"Portão","ibge":"4314803"}},{"type":"Feature","geometry":{"type":"Point","coordinates":[-51.1377,-29.89134]},"properties":{"nome":"Escola Municipal Carlos Drummond de Andrade","tipo":"school","mun":"Canoas","ibge":"4304606"}},{"type":"Feature","geometry":{"type":"Point","coordinates":[-51.17785,-29.80983]},"properties":{"nome":"E.M.E.F. Otaviano SIlveira","tipo":"school","mun":"Sapucaia do Sul","ibge":"4320008"}},{"type":"Feature","geometry":{"type":"Point","coordinates":[-51.17759,-29.80969]},"properties":{"nome":"Pavilhão da Escola","tipo":"sports_centre","mun":"Sapucaia do Sul","ibge":"4320008"}},{"type":"Feature","geometry":{"type":"Point","coordinates":[-49.98863,-29.68008]},"properties":{"nome":"Clube de Mães de Capão Novo","tipo":"community_centre","mun":"Capão da Canoa","ibge":"4304630"}},{"type":"Feature","geometry":{"type":"Point","coordinates":[-52.26997,-27.63689]},"properties":{"nome":"Colégio São José","tipo":"school","mun":"Erechim","ibge":"4307005"}},{"type":"Feature","geometry":{"type":"Point","coordinates":[-53.94665,-27.44949]},"properties":{"nome":"CTG  Missioneiro dos Pampas","tipo":"community_centre","mun":"Três Passos","ibge":"4321907"}},{"type":"Feature","geometry":{"type":"Point","coordinates":[-54.04378,-27.32014]},"properties":{"nome":"Escola Municipal De Ensino Fundamental Independência","tipo":"school","mun":"Esperança do Sul","ibge":"4307450"}},{"type":"Feature","geometry":{"type":"Point","coordinates":[-51.07538,-30.02305]},"properties":{"nome":"Escola Estadual de Ensino Fundamental Presidente João Belchior Marques Goulart","tipo":"school","mun":"Alvorada","ibge":"4300604"}},{"type":"Feature","geometry":{"type":"Point","coordinates":[-51.11964,-29.84103]},"properties":{"nome":"E.M.E.F. Loudes Fontoura da Silva","tipo":"school","mun":"Sapucaia do Sul","ibge":"4320008"}},{"type":"Feature","geometry":{"type":"Point","coordinates":[-51.17755,-29.05394]},"properties":{"nome":"Esporte Clube São Cristóvão","tipo":"sports_centre","mun":"Flores da Cunha","ibge":"4308201"}},{"type":"Feature","geometry":{"type":"Point","coordinates":[-54.08258,-27.6446]},"properties":{"nome":"Sociedade Recreativa Almeidense","tipo":"community_centre","mun":"Boa Vista do Buricá","ibge":"4302204"}},{"type":"Feature","geometry":{"type":"Point","coordinates":[-52.18211,-32.09621]},"properties":{"nome":"CIE - Centro de Iniciação ao Esporte ( Em Construção)","tipo":"sports_centre","mun":"Rio Grande","ibge":"4315602"}},{"type":"Feature","geometry":{"type":"Point","coordinates":[-50.06581,-29.57634]},"properties":{"nome":"Escola Municipal de Ensino Fundamental Marechal Mascarenhas de Morais","tipo":"school","mun":"Terra de Areia","ibge":"4321436"}},{"type":"Feature","geometry":{"type":"Point","coordinates":[-50.0658,-29.58107]},"properties":{"nome":"Escola Municipal de Ensino Fundamental Professor Laertsan Tavares Carvalho","tipo":"school","mun":"Terra de Areia","ibge":"4321436"}},{"type":"Feature","geometry":{"type":"Point","coordinates":[-52.34552,-31.77442]},"properties":{"nome":"Escola Castro Alves","tipo":"school","mun":"Pelotas","ibge":"4314407"}},{"type":"Feature","geometry":{"type":"Point","coordinates":[-51.20462,-29.19548]},"properties":{"nome":"Centro Comunitário Bom Pastor","tipo":"community_centre","mun":"Caxias do Sul","ibge":"4305108"}},{"type":"Feature","geometry":{"type":"Point","coordinates":[-51.19933,-29.2021]},"properties":{"nome":"Salão Comunitário Alvorada","tipo":"community_centre","mun":"Caxias do Sul","ibge":"4305108"}},{"type":"Feature","geometry":{"type":"Point","coordinates":[-51.20099,-29.20265]},"properties":{"nome":"EMEF Ramiro Pigozzi","tipo":"school","mun":"Caxias do Sul","ibge":"4305108"}},{"type":"Feature","geometry":{"type":"Point","coordinates":[-51.17432,-29.20776]},"properties":{"nome":"EMEF Santa Corona","tipo":"school","mun":"Caxias do Sul","ibge":"4305108"}},{"type":"Feature","geometry":{"type":"Point","coordinates":[-53.14891,-27.33408]},"properties":{"nome":"Escola Estadual de Ensino Fundamental de Santa Cruz","tipo":"school","mun":"Planalto","ibge":"4314704"}},{"type":"Feature","geometry":{"type":"Point","coordinates":[-53.05976,-27.33125]},"properties":{"nome":"Salão Paroquial","tipo":"community_centre","mun":"Planalto","ibge":"4314704"}},{"type":"Feature","geometry":{"type":"Point","coordinates":[-50.43267,-28.66265]},"properties":{"nome":"Esporte Clube Santa Cruz","tipo":"sports_centre","mun":"Bom Jesus","ibge":"4302303"}},{"type":"Feature","geometry":{"type":"Point","coordinates":[-51.72816,-30.08461]},"properties":{"nome":"Escola Municipal Osvaldo Cruz","tipo":"school","mun":"Arroio dos Ratos","ibge":"4301107"}},{"type":"Feature","geometry":{"type":"Point","coordinates":[-51.18106,-29.03045]},"properties":{"nome":"Salão Paroquial","tipo":"community_centre","mun":"Flores da Cunha","ibge":"4308201"}},{"type":"Feature","geometry":{"type":"Point","coordinates":[-51.79831,-30.82556]},"properties":{"nome":"EMEF Chequer Buchaim","tipo":"school","mun":"Camaquã","ibge":"4303509"}},{"type":"Feature","geometry":{"type":"Point","coordinates":[-55.25614,-28.18395]},"properties":{"nome":"Escola Padre Cristóvão de Mendonça","tipo":"school","mun":"São Nicolau","ibge":"4319208"}},{"type":"Feature","geometry":{"type":"Point","coordinates":[-55.26762,-28.18463]},"properties":{"nome":"Escola Professora Maria Seggiareo Hoffmann","tipo":"school","mun":"São Nicolau","ibge":"4319208"}},{"type":"Feature","geometry":{"type":"Point","coordinates":[-53.80502,-29.7385]},"properties":{"nome":"Escola Municipal de Ensino Fundamental Professora Rejane Garcia Gervini","tipo":"school","mun":"Santa Maria","ibge":"4316907"}},{"type":"Feature","geometry":{"type":"Point","coordinates":[-53.53572,-28.09837]},"properties":{"nome":"Quiosque Brasitália","tipo":"community_centre","mun":"Condor","ibge":"4305702"}},{"type":"Feature","geometry":{"type":"Point","coordinates":[-53.54206,-28.07308]},"properties":{"nome":"Escola Municipal de Ensino Fundamental Venceslau Pinheiro","tipo":"school","mun":"Condor","ibge":"4305702"}},{"type":"Feature","geometry":{"type":"Point","coordinates":[-53.52767,-28.13035]},"properties":{"nome":"Escola Estadual de Ensino Fundamental Getúlio Vargas","tipo":"school","mun":"Condor","ibge":"4305702"}},{"type":"Feature","geometry":{"type":"Point","coordinates":[-53.83814,-29.08479]},"properties":{"nome":"Casa da Cultura","tipo":"community_centre","mun":"Tupanciretã","ibge":"4322202"}},{"type":"Feature","geometry":{"type":"Point","coordinates":[-51.11715,-29.70238]},"properties":{"nome":"Associação De Moradores Bairro Rondônia","tipo":"community_centre","mun":"Novo Hamburgo","ibge":"4313409"}},{"type":"Feature","geometry":{"type":"Point","coordinates":[-51.11712,-29.70199]},"properties":{"nome":"EMEI João de Barro","tipo":"school","mun":"Novo Hamburgo","ibge":"4313409"}},{"type":"Feature","geometry":{"type":"Point","coordinates":[-52.4367,-29.79974]},"properties":{"nome":"Autódromo Internacional de Santa Cruz do Sul","tipo":"sports_centre","mun":"Santa Cruz do Sul","ibge":"4316808"}},{"type":"Feature","geometry":{"type":"Point","coordinates":[-50.77719,-29.51685]},"properties":{"nome":"Colégio Estadual 12 de Maio","tipo":"school","mun":"Três Coroas","ibge":"4321709"}},{"type":"Feature","geometry":{"type":"Point","coordinates":[-52.80287,-28.29248]},"properties":{"nome":"Escola de Ensino Médio Marques de Caravelas","tipo":"school","mun":"Carazinho","ibge":"4304705"}},{"type":"Feature","geometry":{"type":"Point","coordinates":[-54.3595,-28.02568]},"properties":{"nome":"APAE Giruá","tipo":"school","mun":"Giruá","ibge":"4309001"}},{"type":"Feature","geometry":{"type":"Point","coordinates":[-54.35827,-28.02562]},"properties":{"nome":"Instituto Estadual João XXIII","tipo":"school","mun":"Giruá","ibge":"4309001"}},{"type":"Feature","geometry":{"type":"Point","coordinates":[-53.08818,-28.62682]},"properties":{"nome":"Escola Infantil","tipo":"school","mun":"Ibirubá","ibge":"4310009"}},{"type":"Feature","geometry":{"type":"Point","coordinates":[-53.08717,-28.62787]},"properties":{"nome":"Escola Sinodal","tipo":"school","mun":"Ibirubá","ibge":"4310009"}},{"type":"Feature","geometry":{"type":"Point","coordinates":[-53.08617,-28.62859]},"properties":{"nome":"Escola Infantil Sinodal","tipo":"school","mun":"Ibirubá","ibge":"4310009"}},{"type":"Feature","geometry":{"type":"Point","coordinates":[-53.09058,-28.62856]},"properties":{"nome":"Escola Municipal Santa Terezinha","tipo":"school","mun":"Ibirubá","ibge":"4310009"}},{"type":"Feature","geometry":{"type":"Point","coordinates":[-53.09103,-28.62846]},"properties":{"nome":"Ginásio Esportivo","tipo":"sports_centre","mun":"Ibirubá","ibge":"4310009"}},{"type":"Feature","geometry":{"type":"Point","coordinates":[-53.09096,-28.62803]},"properties":{"nome":"Salão Paroquial da Igreja Católica","tipo":"community_centre","mun":"Ibirubá","ibge":"4310009"}},{"type":"Feature","geometry":{"type":"Point","coordinates":[-53.08618,-28.62779]},"properties":{"nome":"Salão Paroquial da Igreja Evangélica de Confissão Luterana no Brasil (IECLB)","tipo":"community_centre","mun":"Ibirubá","ibge":"4310009"}},{"type":"Feature","geometry":{"type":"Point","coordinates":[-53.09292,-28.63368]},"properties":{"nome":"Ginásio de Esportes","tipo":"sports_centre","mun":"Ibirubá","ibge":"4310009"}},{"type":"Feature","geometry":{"type":"Point","coordinates":[-53.08195,-28.62556]},"properties":{"nome":"Ginásio de esportes","tipo":"sports_centre","mun":"Ibirubá","ibge":"4310009"}},{"type":"Feature","geometry":{"type":"Point","coordinates":[-51.99706,-28.06181]},"properties":{"nome":"Colégio - São Paulo","tipo":"school","mun":"Tapejara","ibge":"4320909"}},{"type":"Feature","geometry":{"type":"Point","coordinates":[-54.73171,-28.30893]},"properties":{"nome":"Escola Municipal Nossa Senhora das Graças","tipo":"school","mun":"Caibaté","ibge":"4303301"}},{"type":"Feature","geometry":{"type":"Point","coordinates":[-54.73145,-28.30852]},"properties":{"nome":"Centro Comunitário Vista Alegre","tipo":"community_centre","mun":"Caibaté","ibge":"4303301"}},{"type":"Feature","geometry":{"type":"Point","coordinates":[-49.94651,-29.62121]},"properties":{"nome":"EMEF Prudente de Morais","tipo":"school","mun":"Capão da Canoa","ibge":"4304630"}},{"type":"Feature","geometry":{"type":"Point","coordinates":[-54.84617,-28.34315]},"properties":{"nome":"Escola João Manoel de Lima e Silva","tipo":"school","mun":"Rolador","ibge":"4315958"}},{"type":"Feature","geometry":{"type":"Point","coordinates":[-54.8324,-28.32984]},"properties":{"nome":"Escola Municipal Visconde de Mauá","tipo":"school","mun":"Rolador","ibge":"4315958"}},{"type":"Feature","geometry":{"type":"Point","coordinates":[-54.62346,-28.3764]},"properties":{"nome":"Escola Municipal São João","tipo":"school","mun":"Caibaté","ibge":"4303301"}},{"type":"Feature","geometry":{"type":"Point","coordinates":[-54.95752,-28.41167]},"properties":{"nome":"Escola Rui Barbosa","tipo":"school","mun":"São Luiz Gonzaga","ibge":"4318903"}},{"type":"Feature","geometry":{"type":"Point","coordinates":[-52.37616,-28.23786]},"properties":{"nome":"Futebol Brasil Society","tipo":"sports_centre","mun":"Passo Fundo","ibge":"4314100"}},{"type":"Feature","geometry":{"type":"Point","coordinates":[-52.36691,-28.23782]},"properties":{"nome":"CTG Fagundes dos Reis","tipo":"community_centre","mun":"Passo Fundo","ibge":"4314100"}},{"type":"Feature","geometry":{"type":"Point","coordinates":[-54.59993,-28.3751]},"properties":{"nome":"Escola Estadual Raimundo de Paula","tipo":"school","mun":"Caibaté","ibge":"4303301"}},{"type":"Feature","geometry":{"type":"Point","coordinates":[-52.82928,-28.45892]},"properties":{"nome":"Escola Municipal de Ensino Fundamental Nossa Senhora de Lourdes","tipo":"school","mun":"Não-Me-Toque","ibge":"4312658"}},{"type":"Feature","geometry":{"type":"Point","coordinates":[-52.63256,-31.58893]},"properties":{"nome":"Salão Martin Luther","tipo":"community_centre","mun":"Morro Redondo","ibge":"4312450"}},{"type":"Feature","geometry":{"type":"Point","coordinates":[-52.6319,-31.58773]},"properties":{"nome":"CETAP","tipo":"community_centre","mun":"Morro Redondo","ibge":"4312450"}},{"type":"Feature","geometry":{"type":"Point","coordinates":[-52.81838,-28.44864]},"properties":{"nome":"EMEF Santo Antônio","tipo":"school","mun":"Não-Me-Toque","ibge":"4312658"}},{"type":"Feature","geometry":{"type":"Point","coordinates":[-51.81227,-27.95158]},"properties":{"nome":"Escola Municipal Santa Teresinha","tipo":"school","mun":"Sananduva","ibge":"4316600"}},{"type":"Feature","geometry":{"type":"Point","coordinates":[-50.97806,-29.95188]},"properties":{"nome":"Colégio Estadual Antônio Gomes Corrêa","tipo":"school","mun":"Gravataí","ibge":"4309209"}},{"type":"Feature","geometry":{"type":"Point","coordinates":[-51.96658,-29.51255]},"properties":{"nome":"APAE","tipo":"school","mun":"Estrela","ibge":"4307807"}},{"type":"Feature","geometry":{"type":"Point","coordinates":[-53.75508,-27.38019]},"properties":{"nome":"Escola Estadual Ensino Médio Sepé Tiaraju","tipo":"school","mun":"Tenente Portela","ibge":"4321402"}},{"type":"Feature","geometry":{"type":"Point","coordinates":[-52.79108,-29.66945]},"properties":{"nome":"Ginasio Municipal Walter Filter","tipo":"sports_centre","mun":"Candelária","ibge":"4304200"}},{"type":"Feature","geometry":{"type":"Point","coordinates":[-52.3408,-31.70322]},"properties":{"nome":"E.M.E.F Jacob Brod","tipo":"school","mun":"Pelotas","ibge":"4314407"}},{"type":"Feature","geometry":{"type":"Point","coordinates":[-52.34044,-31.68508]},"properties":{"nome":"E.M.E.F. Jardim de Allah","tipo":"school","mun":"Pelotas","ibge":"4314407"}},{"type":"Feature","geometry":{"type":"Point","coordinates":[-52.19259,-29.61189]},"properties":{"nome":"Colégio Privado de Ensino Infantil, Fundamental e Médio Gaspar Silveira Martins","tipo":"school","mun":"Venâncio Aires","ibge":"4322608"}},{"type":"Feature","geometry":{"type":"Point","coordinates":[-52.18728,-29.52337]},"properties":{"nome":"São Luiz","tipo":"community_centre","mun":"Venâncio Aires","ibge":"4322608"}},{"type":"Feature","geometry":{"type":"Point","coordinates":[-52.20876,-29.637]},"properties":{"nome":"Vila Olímpica","tipo":"sports_centre","mun":"Venâncio Aires","ibge":"4322608"}},{"type":"Feature","geometry":{"type":"Point","coordinates":[-55.53648,-30.88988]},"properties":{"nome":"Colégio Santa Teresa de Jesus","tipo":"school","mun":"Sant'Ana do Livramento","ibge":"4317103"}},{"type":"Feature","geometry":{"type":"Point","coordinates":[-51.16974,-29.96166]},"properties":{"nome":"Escola Municipal Santos Dumont","tipo":"school","mun":"Canoas","ibge":"4304606"}},{"type":"Feature","geometry":{"type":"Point","coordinates":[-52.15684,-28.5326]},"properties":{"nome":"Campo do XV de Novembro","tipo":"sports_centre","mun":"Vila Maria","ibge":"4323408"}},{"type":"Feature","geometry":{"type":"Point","coordinates":[-53.84778,-27.45695]},"properties":{"nome":"Escola Municipal de Ensino Fundamental Bispo Pedro Fernandes Sardinha","tipo":"school","mun":"Três Passos","ibge":"4321907"}},{"type":"Feature","geometry":{"type":"Point","coordinates":[-53.79597,-27.27601]},"properties":{"nome":"Salão Comunitário Santa Fé","tipo":"community_centre","mun":"Derrubadas","ibge":"4306320"}},{"type":"Feature","geometry":{"type":"Point","coordinates":[-53.75342,-27.36836]},"properties":{"nome":"EEEF Cléia Salete","tipo":"school","mun":"Tenente Portela","ibge":"4321402"}},{"type":"Feature","geometry":{"type":"Point","coordinates":[-53.74672,-27.36769]},"properties":{"nome":"EMEF Tenente Portela","tipo":"school","mun":"Tenente Portela","ibge":"4321402"}},{"type":"Feature","geometry":{"type":"Point","coordinates":[-53.27836,-29.60585]},"properties":{"nome":"General Osório","tipo":"community_centre","mun":"Agudo","ibge":"4300109"}},{"type":"Feature","geometry":{"type":"Point","coordinates":[-52.40572,-31.64882]},"properties":{"nome":"Escola  Municipal de Ensino Fundamental João da Silva Silveira","tipo":"school","mun":"Pelotas","ibge":"4314407"}},{"type":"Feature","geometry":{"type":"Point","coordinates":[-50.07904,-29.8714]},"properties":{"nome":"Escola Municipal José Paulo da Silva","tipo":"school","mun":"Osório","ibge":"4313508"}},{"type":"Feature","geometry":{"type":"Point","coordinates":[-50.08475,-29.86774]},"properties":{"nome":"Associação de Moradores de Atlântida Sul","tipo":"community_centre","mun":"Osório","ibge":"4313508"}},{"type":"Feature","geometry":{"type":"Point","coordinates":[-52.26211,-27.66401]},"properties":{"nome":"Escola Cristo Rei","tipo":"school","mun":"Erechim","ibge":"4307005"}},{"type":"Feature","geometry":{"type":"Point","coordinates":[-52.26222,-27.63568]},"properties":{"nome":"Piscina Clube","tipo":"sports_centre","mun":"Erechim","ibge":"4307005"}},{"type":"Feature","geometry":{"type":"Point","coordinates":[-51.45591,-29.69157]},"properties":{"nome":"Colégio Sinodal Progresso","tipo":"school","mun":"Montenegro","ibge":"4312401"}},{"type":"Feature","geometry":{"type":"Point","coordinates":[-54.73183,-28.15914]},"properties":{"nome":"Centro Comunitário - Paulino Moscon","tipo":"community_centre","mun":"Cerro Largo","ibge":"4305207"}},{"type":"Feature","geometry":{"type":"Point","coordinates":[-51.1833,-29.96255]},"properties":{"nome":"E.M.E.I. Vó Pedra","tipo":"school","mun":"Canoas","ibge":"4304606"}},{"type":"Feature","geometry":{"type":"Point","coordinates":[-51.12827,-29.91938]},"properties":{"nome":"E.M.E.I Laney Langaro","tipo":"school","mun":"Canoas","ibge":"4304606"}},{"type":"Feature","geometry":{"type":"Point","coordinates":[-51.14943,-29.89622]},"properties":{"nome":"E.M.E.I Julieta Villamil Balestro","tipo":"school","mun":"Canoas","ibge":"4304606"}},{"type":"Feature","geometry":{"type":"Point","coordinates":[-51.14469,-29.9203]},"properties":{"nome":"EMEI Ulisses Machado Filho","tipo":"school","mun":"Canoas","ibge":"4304606"}},{"type":"Feature","geometry":{"type":"Point","coordinates":[-51.14538,-29.92026]},"properties":{"nome":"EMEF Engenheiro Ildo Meneghetti","tipo":"school","mun":"Canoas","ibge":"4304606"}},{"type":"Feature","geometry":{"type":"Point","coordinates":[-51.19482,-29.91982]},"properties":{"nome":"EMEI Nilton Leal","tipo":"school","mun":"Canoas","ibge":"4304606"}},{"type":"Feature","geometry":{"type":"Point","coordinates":[-54.35038,-28.02886]},"properties":{"nome":"Clube Aliança","tipo":"community_centre","mun":"Giruá","ibge":"4309001"}},{"type":"Feature","geometry":{"type":"Point","coordinates":[-54.36145,-28.03311]},"properties":{"nome":"Salão de Festas AFUCEGI","tipo":"community_centre","mun":"Giruá","ibge":"4309001"}},{"type":"Feature","geometry":{"type":"Point","coordinates":[-51.0932,-29.57017]},"properties":{"nome":"Escola Estadual Técnica Affonso Wolf","tipo":"school","mun":"Dois Irmãos","ibge":"4306403"}},{"type":"Feature","geometry":{"type":"Point","coordinates":[-51.19,-29.90891]},"properties":{"nome":"Escola Rio De Janeiro","tipo":"school","mun":"Canoas","ibge":"4304606"}},{"type":"Feature","geometry":{"type":"Point","coordinates":[-51.19848,-29.90916]},"properties":{"nome":"EMEI Irmã Schies Stefanny","tipo":"school","mun":"Canoas","ibge":"4304606"}},{"type":"Feature","geometry":{"type":"Point","coordinates":[-51.2173,-29.9017]},"properties":{"nome":"E.M.E.F Tereza Franciscutti","tipo":"school","mun":"Canoas","ibge":"4304606"}},{"type":"Feature","geometry":{"type":"Point","coordinates":[-51.16147,-29.95353]},"properties":{"nome":"E.M.E.I. Tia Maria Lucia","tipo":"school","mun":"Canoas","ibge":"4304606"}},{"type":"Feature","geometry":{"type":"Point","coordinates":[-51.15545,-29.9305]},"properties":{"nome":"Escola Municipal de Educação Infantil Pintando o Sete","tipo":"school","mun":"Canoas","ibge":"4304606"}},{"type":"Feature","geometry":{"type":"Point","coordinates":[-51.13941,-29.9144]},"properties":{"nome":"E.M.E.I. Teresinha Tergolina","tipo":"school","mun":"Canoas","ibge":"4304606"}},{"type":"Feature","geometry":{"type":"Point","coordinates":[-51.1435,-29.91175]},"properties":{"nome":"EMEF Arthur Oscar Jochims","tipo":"school","mun":"Canoas","ibge":"4304606"}},{"type":"Feature","geometry":{"type":"Point","coordinates":[-51.14614,-29.91103]},"properties":{"nome":"E.M.E.I. Tia Lourdes","tipo":"school","mun":"Canoas","ibge":"4304606"}},{"type":"Feature","geometry":{"type":"Point","coordinates":[-51.13022,-29.89945]},"properties":{"nome":"E.M.E.I. Olga Ronchetti","tipo":"school","mun":"Canoas","ibge":"4304606"}},{"type":"Feature","geometry":{"type":"Point","coordinates":[-51.17552,-29.88286]},"properties":{"nome":"Escola Municipal Miguel Lampert","tipo":"school","mun":"Canoas","ibge":"4304606"}},{"type":"Feature","geometry":{"type":"Point","coordinates":[-51.14707,-29.90766]},"properties":{"nome":"Escola Estadual de Ensino Médio Professora Margot Terezinha Noal Giacomazzi","tipo":"school","mun":"Canoas","ibge":"4304606"}},{"type":"Feature","geometry":{"type":"Point","coordinates":[-51.18407,-29.91741]},"properties":{"nome":"Colégio Maria Auxiliadora","tipo":"school","mun":"Canoas","ibge":"4304606"}},{"type":"Feature","geometry":{"type":"Point","coordinates":[-51.17553,-29.90571]},"properties":{"nome":"Escola Estadual Ensino Fundamental Padre Jaeger","tipo":"school","mun":"Canoas","ibge":"4304606"}},{"type":"Feature","geometry":{"type":"Point","coordinates":[-51.16555,-29.92862]},"properties":{"nome":"Escola Municipal Duque de Caxias","tipo":"school","mun":"Canoas","ibge":"4304606"}},{"type":"Feature","geometry":{"type":"Point","coordinates":[-51.22816,-29.90112]},"properties":{"nome":"EMEF Professor Thiago Wurth","tipo":"school","mun":"Canoas","ibge":"4304606"}},{"type":"Feature","geometry":{"type":"Point","coordinates":[-51.19686,-29.9051]},"properties":{"nome":"Colegio São João","tipo":"school","mun":"Canoas","ibge":"4304606"}},{"type":"Feature","geometry":{"type":"Point","coordinates":[-51.18553,-29.95666]},"properties":{"nome":"EMEF General Osório","tipo":"school","mun":"Canoas","ibge":"4304606"}},{"type":"Feature","geometry":{"type":"Point","coordinates":[-51.17402,-29.90089]},"properties":{"nome":"Escola Estadual Ensino Fundamental Professor Germano Witrock","tipo":"school","mun":"Canoas","ibge":"4304606"}},{"type":"Feature","geometry":{"type":"Point","coordinates":[-51.16921,-29.91865]},"properties":{"nome":"EMEF Prefeito Edgar Fontoura","tipo":"school","mun":"Canoas","ibge":"4304606"}},{"type":"Feature","geometry":{"type":"Point","coordinates":[-51.17353,-29.88587]},"properties":{"nome":"Escola Estadual Ensino Fundamental Vasco da Gama","tipo":"school","mun":"Canoas","ibge":"4304606"}},{"type":"Feature","geometry":{"type":"Point","coordinates":[-51.19173,-29.94272]},"properties":{"nome":"E.M.E.I. Carinha de Anjo","tipo":"school","mun":"Canoas","ibge":"4304606"}},{"type":"Feature","geometry":{"type":"Point","coordinates":[-51.20373,-29.90216]},"properties":{"nome":"Escola Estadual Ensino Fundamental Doutor Victor Hugo Ludwig","tipo":"school","mun":"Canoas","ibge":"4304606"}},{"type":"Feature","geometry":{"type":"Point","coordinates":[-51.1701,-29.90047]},"properties":{"nome":"Escola Estadual Ensino Fundamental Coronel Vicente Freire","tipo":"school","mun":"Canoas","ibge":"4304606"}},{"type":"Feature","geometry":{"type":"Point","coordinates":[-51.18524,-29.90752]},"properties":{"nome":"CEIA","tipo":"school","mun":"Canoas","ibge":"4304606"}},{"type":"Feature","geometry":{"type":"Point","coordinates":[-51.1734,-29.94657]},"properties":{"nome":"Instituto Estadual Educação Doutor Carlos Chagas","tipo":"school","mun":"Canoas","ibge":"4304606"}},{"type":"Feature","geometry":{"type":"Point","coordinates":[-51.21691,-29.91235]},"properties":{"nome":"EMEI Vó Picucha","tipo":"school","mun":"Canoas","ibge":"4304606"}},{"type":"Feature","geometry":{"type":"Point","coordinates":[-51.19065,-29.90228]},"properties":{"nome":"E.E.E.M Bento Gonçalves","tipo":"school","mun":"Canoas","ibge":"4304606"}},{"type":"Feature","geometry":{"type":"Point","coordinates":[-51.16856,-29.95406]},"properties":{"nome":"Colégio La Salle Niterói","tipo":"school","mun":"Canoas","ibge":"4304606"}},{"type":"Feature","geometry":{"type":"Point","coordinates":[-51.16893,-29.93681]},"properties":{"nome":"EMEF Farroupilha","tipo":"school","mun":"Canoas","ibge":"4304606"}},{"type":"Feature","geometry":{"type":"Point","coordinates":[-51.18662,-29.95398]},"properties":{"nome":"Escola Estadual Ensino Fundamental Antônio Francisco Lisboa","tipo":"school","mun":"Canoas","ibge":"4304606"}},{"type":"Feature","geometry":{"type":"Point","coordinates":[-51.16399,-29.90409]},"properties":{"nome":"E.E.E.M Érico Veríssimo","tipo":"school","mun":"Canoas","ibge":"4304606"}},{"type":"Feature","geometry":{"type":"Point","coordinates":[-51.19592,-29.91395]},"properties":{"nome":"Escola Estadual Ensino Fundamental Professora Clotilde Batista","tipo":"school","mun":"Canoas","ibge":"4304606"}},{"type":"Feature","geometry":{"type":"Point","coordinates":[-51.20692,-29.91725]},"properties":{"nome":"EMEF Arthur Pereira de Vargas","tipo":"school","mun":"Canoas","ibge":"4304606"}},{"type":"Feature","geometry":{"type":"Point","coordinates":[-51.11947,-29.91522]},"properties":{"nome":"EMEF General Neto","tipo":"school","mun":"Canoas","ibge":"4304606"}},{"type":"Feature","geometry":{"type":"Point","coordinates":[-51.22721,-29.9074]},"properties":{"nome":"Escola Luterana de Ensino Fundamental Santa Cruz","tipo":"school","mun":"Canoas","ibge":"4304606"}},{"type":"Feature","geometry":{"type":"Point","coordinates":[-51.18193,-29.94397]},"properties":{"nome":"Escola Estadual Ensino Fundamental Fátima","tipo":"school","mun":"Canoas","ibge":"4304606"}},{"type":"Feature","geometry":{"type":"Point","coordinates":[-51.18566,-29.91562]},"properties":{"nome":"Escola Estadual de Ensino Médio André Leão Puente","tipo":"school","mun":"Canoas","ibge":"4304606"}},{"type":"Feature","geometry":{"type":"Point","coordinates":[-51.16288,-29.90289]},"properties":{"nome":"EMEI Carrossel","tipo":"school","mun":"Canoas","ibge":"4304606"}},{"type":"Feature","geometry":{"type":"Point","coordinates":[-51.16575,-29.94126]},"properties":{"nome":"EMEF Theodoro Bogen","tipo":"school","mun":"Canoas","ibge":"4304606"}},{"type":"Feature","geometry":{"type":"Point","coordinates":[-51.18468,-29.94253]},"properties":{"nome":"Escola Estadual de Ensino Médio Guarani","tipo":"school","mun":"Canoas","ibge":"4304606"}},{"type":"Feature","geometry":{"type":"Point","coordinates":[-51.19629,-29.91884]},"properties":{"nome":"Escola Luterana Doutor Martinho Lutero","tipo":"school","mun":"Canoas","ibge":"4304606"}},{"type":"Feature","geometry":{"type":"Point","coordinates":[-51.22188,-29.90605]},"properties":{"nome":"EMEF David Canabarro","tipo":"school","mun":"Canoas","ibge":"4304606"}},{"type":"Feature","geometry":{"type":"Point","coordinates":[-51.17585,-29.91929]},"properties":{"nome":"Colégio Estadual Marechal Rondon","tipo":"school","mun":"Canoas","ibge":"4304606"}},{"type":"Feature","geometry":{"type":"Point","coordinates":[-51.17405,-29.93188]},"properties":{"nome":"Escola Estadual Ensino Fundamental Protásio Diogo de Jesus","tipo":"school","mun":"Canoas","ibge":"4304606"}},{"type":"Feature","geometry":{"type":"Point","coordinates":[-51.14643,-29.92734]},"properties":{"nome":"Centro Educacional Geração Vida - Unidade Estancia Velha","tipo":"school","mun":"Canoas","ibge":"4304606"}},{"type":"Feature","geometry":{"type":"Point","coordinates":[-51.20876,-29.91295]},"properties":{"nome":"Escola Estadual de Ensino Médio Guilherme de Almeida","tipo":"school","mun":"Canoas","ibge":"4304606"}},{"type":"Feature","geometry":{"type":"Point","coordinates":[-51.20744,-29.90941]},"properties":{"nome":"EMEF Joao Paulo I","tipo":"school","mun":"Canoas","ibge":"4304606"}},{"type":"Feature","geometry":{"type":"Point","coordinates":[-51.17394,-29.8834]},"properties":{"nome":"E.M.E.I. Bem me Quer","tipo":"school","mun":"Canoas","ibge":"4304606"}},{"type":"Feature","geometry":{"type":"Point","coordinates":[-51.15887,-29.94602]},"properties":{"nome":"Escola Estadual de Ensino Médio João XXIII","tipo":"school","mun":"Canoas","ibge":"4304606"}},{"type":"Feature","geometry":{"type":"Point","coordinates":[-51.1739,-29.95594]},"properties":{"nome":"Colégio Rui Barbosa","tipo":"school","mun":"Canoas","ibge":"4304606"}},{"type":"Feature","geometry":{"type":"Point","coordinates":[-51.16933,-29.92179]},"properties":{"nome":"Colégio ULBRA Cristo Redentor","tipo":"school","mun":"Canoas","ibge":"4304606"}},{"type":"Feature","geometry":{"type":"Point","coordinates":[-51.16281,-29.95459]},"properties":{"nome":"Escola Estadual Ensino Fundamental Guanabara","tipo":"school","mun":"Canoas","ibge":"4304606"}},{"type":"Feature","geometry":{"type":"Point","coordinates":[-51.21153,-29.90534]},"properties":{"nome":"E.E.E.M. São Francisco de Assis","tipo":"school","mun":"Canoas","ibge":"4304606"}},{"type":"Feature","geometry":{"type":"Point","coordinates":[-51.23381,-29.90313]},"properties":{"nome":"EMEF Professora Odette Yolanda Oliveira Freitas","tipo":"school","mun":"Canoas","ibge":"4304606"}},{"type":"Feature","geometry":{"type":"Point","coordinates":[-51.19246,-29.90983]},"properties":{"nome":"EEEM Affonso Charlier","tipo":"school","mun":"Canoas","ibge":"4304606"}},{"type":"Feature","geometry":{"type":"Point","coordinates":[-51.20113,-29.96408]},"properties":{"nome":"EMEI Gilda Schiavon","tipo":"school","mun":"Canoas","ibge":"4304606"}},{"type":"Feature","geometry":{"type":"Point","coordinates":[-51.18643,-29.95995]},"properties":{"nome":"Escola Estadual de Ensino Médio Visconde Do Rio Branco","tipo":"school","mun":"Canoas","ibge":"4304606"}},{"type":"Feature","geometry":{"type":"Point","coordinates":[-51.17286,-29.95439]},"properties":{"nome":"Escola Estadual Ensino Fundamental Augusto Severo","tipo":"school","mun":"Canoas","ibge":"4304606"}},{"type":"Feature","geometry":{"type":"Point","coordinates":[-51.19789,-29.90355]},"properties":{"nome":"EMEF Bilíngue Para Surdos Vitoria","tipo":"school","mun":"Canoas","ibge":"4304606"}},{"type":"Feature","geometry":{"type":"Point","coordinates":[-51.19892,-29.90344]},"properties":{"nome":"EMEF João Palma da Silva","tipo":"school","mun":"Canoas","ibge":"4304606"}},{"type":"Feature","geometry":{"type":"Point","coordinates":[-51.97367,-29.1138]},"properties":{"nome":"Ginásio de Esportes","tipo":"sports_centre","mun":"Doutor Ricardo","ibge":"4306759"}},{"type":"Feature","geometry":{"type":"Point","coordinates":[-51.34152,-29.22588]},"properties":{"nome":"Escola de Educação Infantil Conviver","tipo":"school","mun":"Farroupilha","ibge":"4307906"}},{"type":"Feature","geometry":{"type":"Point","coordinates":[-54.24753,-28.2993]},"properties":{"nome":"Salão Paroquial Santo Antônio","tipo":"community_centre","mun":"Santo Ângelo","ibge":"4317509"}},{"type":"Feature","geometry":{"type":"Point","coordinates":[-50.55397,-29.4393]},"properties":{"nome":"Sogipa - Sede Campestre","tipo":"sports_centre","mun":"São Francisco de Paula","ibge":"4318200"}},{"type":"Feature","geometry":{"type":"Point","coordinates":[-51.00944,-29.63606]},"properties":{"nome":"Centro Evangelico","tipo":"community_centre","mun":"Sapiranga","ibge":"4319901"}},{"type":"Feature","geometry":{"type":"Point","coordinates":[-51.61336,-28.76021]},"properties":{"nome":"EMEF Padre Josué Bardin","tipo":"school","mun":"Nova Prata","ibge":"4313300"}},{"type":"Feature","geometry":{"type":"Point","coordinates":[-51.13798,-29.76789]},"properties":{"nome":"Escola de Educação Infantil Bilíngue Corujinha","tipo":"school","mun":"São Leopoldo","ibge":"4318705"}},{"type":"Feature","geometry":{"type":"Point","coordinates":[-52.53881,-29.95283]},"properties":{"nome":"Clube dos Panta","tipo":"community_centre","mun":"Rio Pardo","ibge":"4315701"}},{"type":"Feature","geometry":{"type":"Point","coordinates":[-55.56014,-30.83887]},"properties":{"nome":"Santa Rita","tipo":"sports_centre","mun":"Sant'Ana do Livramento","ibge":"4317103"}},{"type":"Feature","geometry":{"type":"Point","coordinates":[-51.09724,-29.58624]},"properties":{"nome":"Escola Municipal de Ensino Fundamental Primavera","tipo":"school","mun":"Dois Irmãos","ibge":"4306403"}},{"type":"Feature","geometry":{"type":"Point","coordinates":[-51.10339,-29.59224]},"properties":{"nome":"Escola Municipal de Ensino Fundamental 29 de Setembro","tipo":"school","mun":"Dois Irmãos","ibge":"4306403"}},{"type":"Feature","geometry":{"type":"Point","coordinates":[-51.08593,-29.58741]},"properties":{"nome":"Escola Estadual de Ensino Médio 10 de Setembro","tipo":"school","mun":"Dois Irmãos","ibge":"4306403"}},{"type":"Feature","geometry":{"type":"Point","coordinates":[-52.3481,-31.71349]},"properties":{"nome":"Colégio Simon","tipo":"school","mun":"Pelotas","ibge":"4314407"}},{"type":"Feature","geometry":{"type":"Point","coordinates":[-51.10749,-29.57931]},"properties":{"nome":"Escola Municipal de Ensino Fundamental Felippe Alfredo Wendling","tipo":"school","mun":"Dois Irmãos","ibge":"4306403"}},{"type":"Feature","geometry":{"type":"Point","coordinates":[-51.10726,-29.58052]},"properties":{"nome":"Centro de Artes e Esportes Unificados","tipo":"community_centre","mun":"Dois Irmãos","ibge":"4306403"}},{"type":"Feature","geometry":{"type":"Point","coordinates":[-51.10478,-29.50565]},"properties":{"nome":"Escola Municipal de Ensino Fundamental Prof. Francisco Weiler","tipo":"school","mun":"Morro Reuter","ibge":"4312476"}},{"type":"Feature","geometry":{"type":"Point","coordinates":[-51.0799,-29.54041]},"properties":{"nome":"Escola Estadual de Ensino Médio João Wagner","tipo":"school","mun":"Morro Reuter","ibge":"4312476"}},{"type":"Feature","geometry":{"type":"Point","coordinates":[-51.07911,-30.03519]},"properties":{"nome":"EMEI Professora Cleonilde Souza do Nascimento","tipo":"school","mun":"Alvorada","ibge":"4300604"}},{"type":"Feature","geometry":{"type":"Point","coordinates":[-57.09109,-29.75802]},"properties":{"nome":"Núcleo Arte Uruguaiana","tipo":"sports_centre","mun":"Uruguaiana","ibge":"4322400"}},{"type":"Feature","geometry":{"type":"Point","coordinates":[-52.38388,-28.27466]},"properties":{"nome":"Escola Estadual Ensino Fundamental Jeronimo Coelho","tipo":"school","mun":"Passo Fundo","ibge":"4314100"}},{"type":"Feature","geometry":{"type":"Point","coordinates":[-54.26424,-28.29043]},"properties":{"nome":"Colégio Estadual Missoes","tipo":"school","mun":"Santo Ângelo","ibge":"4317509"}},{"type":"Feature","geometry":{"type":"Point","coordinates":[-53.89899,-27.80506]},"properties":{"nome":"Salão comunitario","tipo":"community_centre","mun":"São Valério do Sul","ibge":"4319737"}},{"type":"Feature","geometry":{"type":"Point","coordinates":[-54.2572,-28.27265]},"properties":{"nome":"Sesi - Santo Ângelo","tipo":"sports_centre","mun":"Santo Ângelo","ibge":"4317509"}},{"type":"Feature","geometry":{"type":"Point","coordinates":[-53.91643,-28.39732]},"properties":{"nome":"Escola Municipal Fundamental Soares de Barros","tipo":"school","mun":"Ijuí","ibge":"4310207"}},{"type":"Feature","geometry":{"type":"Point","coordinates":[-53.91584,-28.40127]},"properties":{"nome":"Escola de Educação Infantil Aprender e Brincar","tipo":"school","mun":"Ijuí","ibge":"4310207"}},{"type":"Feature","geometry":{"type":"Point","coordinates":[-53.91767,-28.4037]},"properties":{"nome":"Escola Estadual de Ensino Fundamental Nossa Sra da Penha","tipo":"school","mun":"Ijuí","ibge":"4310207"}},{"type":"Feature","geometry":{"type":"Point","coordinates":[-52.90517,-30.02218]},"properties":{"nome":"Colégio Estadual Diva Costa Fachin","tipo":"school","mun":"Cachoeira do Sul","ibge":"4303004"}},{"type":"Feature","geometry":{"type":"Point","coordinates":[-51.17468,-29.85083]},"properties":{"nome":"Colégio Adventista de Esteio (CAE)","tipo":"school","mun":"Esteio","ibge":"4307708"}},{"type":"Feature","geometry":{"type":"Point","coordinates":[-53.91728,-28.39716]},"properties":{"nome":"Colégio Tiradentes Ijuí","tipo":"school","mun":"Ijuí","ibge":"4310207"}},{"type":"Feature","geometry":{"type":"Point","coordinates":[-53.77982,-27.85161]},"properties":{"nome":"Centro Educacional Padre Anchieta - CEPAN","tipo":"school","mun":"Santo Augusto","ibge":"4317806"}},{"type":"Feature","geometry":{"type":"Point","coordinates":[-53.78014,-27.85005]},"properties":{"nome":"Escola Estadual Ensino Fundamental Francisco Andrighetto","tipo":"school","mun":"Santo Augusto","ibge":"4317806"}},{"type":"Feature","geometry":{"type":"Point","coordinates":[-53.7846,-27.85392]},"properties":{"nome":"Escola Estadual de Ensino Médio Santo Augusto","tipo":"school","mun":"Santo Augusto","ibge":"4317806"}},{"type":"Feature","geometry":{"type":"Point","coordinates":[-54.85211,-29.17978]},"properties":{"nome":"Instituto Estadual de Educação - Professor Isaías","tipo":"school","mun":"Santiago","ibge":"4317400"}},{"type":"Feature","geometry":{"type":"Point","coordinates":[-54.85083,-29.17768]},"properties":{"nome":"CTG - Grupo Nativista Os Tropeiros","tipo":"community_centre","mun":"Santiago","ibge":"4317400"}},{"type":"Feature","geometry":{"type":"Point","coordinates":[-51.53773,-28.93845]},"properties":{"nome":"EMEF Senador Alberto Pasqualini","tipo":"school","mun":"Veranópolis","ibge":"4322806"}},{"type":"Feature","geometry":{"type":"Point","coordinates":[-52.25037,-27.63872]},"properties":{"nome":"SESI","tipo":"sports_centre","mun":"Erechim","ibge":"4307005"}},{"type":"Feature","geometry":{"type":"Point","coordinates":[-52.25248,-27.6371]},"properties":{"nome":"EEEF Sete de Setembro","tipo":"school","mun":"Erechim","ibge":"4307005"}},{"type":"Feature","geometry":{"type":"Point","coordinates":[-52.25569,-27.64458]},"properties":{"nome":"EEEF Bela Vista","tipo":"school","mun":"Erechim","ibge":"4307005"}},{"type":"Feature","geometry":{"type":"Point","coordinates":[-51.54475,-28.94134]},"properties":{"nome":"EMEF Irmã Joana Aime","tipo":"school","mun":"Veranópolis","ibge":"4322806"}},{"type":"Feature","geometry":{"type":"Point","coordinates":[-52.35125,-29.69419]},"properties":{"nome":"Escola Estadual de Ensino Fundamental Sagrada Família","tipo":"school","mun":"Santa Cruz do Sul","ibge":"4316808"}},{"type":"Feature","geometry":{"type":"Point","coordinates":[-53.77567,-27.85696]},"properties":{"nome":"CTG Pompílio Silva","tipo":"community_centre","mun":"Santo Augusto","ibge":"4317806"}},{"type":"Feature","geometry":{"type":"Point","coordinates":[-53.77855,-27.85442]},"properties":{"nome":"Sociedade Recreativa e Cultural 7 de Setembro","tipo":"community_centre","mun":"Santo Augusto","ibge":"4317806"}},{"type":"Feature","geometry":{"type":"Point","coordinates":[-50.10813,-29.52815]},"properties":{"nome":"Escola Estadual de Ensino Fundamental Guilherme Schmitt","tipo":"school","mun":"Itati","ibge":"4310652"}},{"type":"Feature","geometry":{"type":"Point","coordinates":[-53.79737,-29.67681]},"properties":{"nome":"Escola Estadual de Ensino Fundamental Doutor Antônio Xavier da Rocha","tipo":"school","mun":"Santa Maria","ibge":"4316907"}},{"type":"Feature","geometry":{"type":"Point","coordinates":[-53.79914,-29.6744]},"properties":{"nome":"Escola Santa Catarina","tipo":"school","mun":"Santa Maria","ibge":"4316907"}},{"type":"Feature","geometry":{"type":"Point","coordinates":[-53.83006,-29.6737]},"properties":{"nome":"EMEF Tenente João Pedro Menna Barreto","tipo":"school","mun":"Santa Maria","ibge":"4316907"}},{"type":"Feature","geometry":{"type":"Point","coordinates":[-51.96046,-30.11733]},"properties":{"nome":"Escola Estadual de Ensino Médio Visconde de Mauá","tipo":"school","mun":"Butiá","ibge":"4302709"}},{"type":"Feature","geometry":{"type":"Point","coordinates":[-53.82749,-29.69216]},"properties":{"nome":"Comunidade Santa Rita","tipo":"community_centre","mun":"Santa Maria","ibge":"4316907"}},{"type":"Feature","geometry":{"type":"Point","coordinates":[-53.82762,-29.69196]},"properties":{"nome":"Escola Municipal de Ensino Fundamental Fontoura Ilha","tipo":"school","mun":"Santa Maria","ibge":"4316907"}},{"type":"Feature","geometry":{"type":"Point","coordinates":[-53.84585,-29.70067]},"properties":{"nome":"EMEF Professora Erlinda Minoggio Vinade","tipo":"school","mun":"Santa Maria","ibge":"4316907"}},{"type":"Feature","geometry":{"type":"Point","coordinates":[-53.82675,-29.67644]},"properties":{"nome":"Associação Comunitária das Vilas São João Batista e Brenner","tipo":"community_centre","mun":"Santa Maria","ibge":"4316907"}},{"type":"Feature","geometry":{"type":"Point","coordinates":[-53.8933,-29.68059]},"properties":{"nome":"Espaço Roda D'Àgua","tipo":"community_centre","mun":"Santa Maria","ibge":"4316907"}},{"type":"Feature","geometry":{"type":"Point","coordinates":[-53.93502,-27.78526]},"properties":{"nome":"Escola Municipal de Educação Infantil Descobrindo O Mundo","tipo":"school","mun":"São Valério do Sul","ibge":"4319737"}},{"type":"Feature","geometry":{"type":"Point","coordinates":[-51.04957,-30.07683]},"properties":{"nome":"E.E. Farroupilha","tipo":"school","mun":"Viamão","ibge":"4323002"}},{"type":"Feature","geometry":{"type":"Point","coordinates":[-51.30286,-29.99737]},"properties":{"nome":"Escola Luísa Maria Binfare César","tipo":"school","mun":"Eldorado do Sul","ibge":"4306767"}},{"type":"Feature","geometry":{"type":"Point","coordinates":[-54.26954,-28.29074]},"properties":{"nome":"Escola Estadual Ulysses Rodrigues","tipo":"school","mun":"Santo Ângelo","ibge":"4317509"}},{"type":"Feature","geometry":{"type":"Point","coordinates":[-54.27035,-28.29004]},"properties":{"nome":"Escola Municipal de Educação Infantil Modelo","tipo":"school","mun":"Santo Ângelo","ibge":"4317509"}},{"type":"Feature","geometry":{"type":"Point","coordinates":[-54.2637,-28.29216]},"properties":{"nome":"Salão Paroquial Sagrada Família","tipo":"community_centre","mun":"Santo Ângelo","ibge":"4317509"}},{"type":"Feature","geometry":{"type":"Point","coordinates":[-54.23801,-28.28728]},"properties":{"nome":"Escola Municipal de Ensino Fundamental José Alcebíades de Oliveira","tipo":"school","mun":"Santo Ângelo","ibge":"4317509"}},{"type":"Feature","geometry":{"type":"Point","coordinates":[-54.25299,-28.29674]},"properties":{"nome":"Escola Estadual de Ensino Médio Unírio Carrera Machado","tipo":"school","mun":"Santo Ângelo","ibge":"4317509"}},{"type":"Feature","geometry":{"type":"Point","coordinates":[-54.25962,-28.29118]},"properties":{"nome":"Escola Estadual de Ensino Fundamental Edi Tereza Flores Lippert","tipo":"school","mun":"Santo Ângelo","ibge":"4317509"}},{"type":"Feature","geometry":{"type":"Point","coordinates":[-50.99875,-29.93893]},"properties":{"nome":"Escola Josefina Becker","tipo":"school","mun":"Gravataí","ibge":"4309209"}},{"type":"Feature","geometry":{"type":"Point","coordinates":[-53.71294,-27.18955]},"properties":{"nome":"Escola João Leopoldo Vogt","tipo":"school","mun":"Barra do Guarita","ibge":"4301859"}},{"type":"Feature","geometry":{"type":"Point","coordinates":[-51.23751,-29.13198]},"properties":{"nome":"Recreio Cruzeiro - Sede Campestre","tipo":"sports_centre","mun":"Caxias do Sul","ibge":"4305108"}},{"type":"Feature","geometry":{"type":"Point","coordinates":[-50.93764,-28.48611]},"properties":{"nome":"Escola Técnica Estadual Bernardina Rodrigues Padilha","tipo":"school","mun":"Vacaria","ibge":"4322509"}},{"type":"Feature","geometry":{"type":"Point","coordinates":[-52.2128,-28.44529]},"properties":{"nome":"Colégio Gabriel Taborin","tipo":"school","mun":"Marau","ibge":"4311809"}},{"type":"Feature","geometry":{"type":"Point","coordinates":[-54.74914,-28.15092]},"properties":{"nome":"Associação Atlética Banco do Brasil","tipo":"sports_centre","mun":"Cerro Largo","ibge":"4305207"}},{"type":"Feature","geometry":{"type":"Point","coordinates":[-54.93317,-30.25756]},"properties":{"nome":"Escola Municipal de Ensino Fundamental Barão do Rio Branco","tipo":"school","mun":"Rosário do Sul","ibge":"4316402"}},{"type":"Feature","geometry":{"type":"Point","coordinates":[-50.92445,-29.61448]},"properties":{"nome":"Salão de Eventos da Paróquia Nossa Senhora da Conceição","tipo":"community_centre","mun":"Araricá","ibge":"4300877"}},{"type":"Feature","geometry":{"type":"Point","coordinates":[-50.93113,-29.61575]},"properties":{"nome":"Salão de Eventos da IECLB Araricá","tipo":"community_centre","mun":"Araricá","ibge":"4300877"}},{"type":"Feature","geometry":{"type":"Point","coordinates":[-54.40162,-28.30055]},"properties":{"nome":"Pavilhão de Festas da Comunidade Evangélica de Buriti","tipo":"community_centre","mun":"Santo Ângelo","ibge":"4317509"}},{"type":"Feature","geometry":{"type":"Point","coordinates":[-54.38952,-28.29801]},"properties":{"nome":"Clube Flor de Maio","tipo":"community_centre","mun":"Santo Ângelo","ibge":"4317509"}},{"type":"Feature","geometry":{"type":"Point","coordinates":[-54.39301,-28.30176]},"properties":{"nome":"Salão da Comunidade Evangélica Luterana Concórdia","tipo":"community_centre","mun":"Santo Ângelo","ibge":"4317509"}},{"type":"Feature","geometry":{"type":"Point","coordinates":[-54.4011,-28.29838]},"properties":{"nome":"Antigo Salão de Festas","tipo":"community_centre","mun":"Santo Ângelo","ibge":"4317509"}},{"type":"Feature","geometry":{"type":"Point","coordinates":[-54.41798,-28.28368]},"properties":{"nome":"Comunidade São José","tipo":"community_centre","mun":"Santo Ângelo","ibge":"4317509"}},{"type":"Feature","geometry":{"type":"Point","coordinates":[-54.06874,-31.29749]},"properties":{"nome":"EMEF Creusa Brito Giorgis","tipo":"school","mun":"Bagé","ibge":"4301602"}},{"type":"Feature","geometry":{"type":"Point","coordinates":[-54.07897,-31.30174]},"properties":{"nome":"EMEF Peri Coronel","tipo":"school","mun":"Bagé","ibge":"4301602"}},{"type":"Feature","geometry":{"type":"Point","coordinates":[-54.09187,-31.32257]},"properties":{"nome":"EMEF São Pedro","tipo":"school","mun":"Bagé","ibge":"4301602"}},{"type":"Feature","geometry":{"type":"Point","coordinates":[-53.68199,-30.99042]},"properties":{"nome":"EMREF Simões Pires","tipo":"school","mun":"Bagé","ibge":"4301602"}},{"type":"Feature","geometry":{"type":"Point","coordinates":[-50.93387,-29.62226]},"properties":{"nome":"Comunidade Católica Santa Paulina","tipo":"community_centre","mun":"Araricá","ibge":"4300877"}},{"type":"Feature","geometry":{"type":"Point","coordinates":[-53.82731,-29.69839]},"properties":{"nome":"Escola Estadual de Educação Especial Doutor Reinaldo Fernando Cóser","tipo":"school","mun":"Santa Maria","ibge":"4316907"}},{"type":"Feature","geometry":{"type":"Point","coordinates":[-51.62446,-29.96237]},"properties":{"nome":"EMEI Maria do Carmo Fanfa Florisbal","tipo":"school","mun":"Charqueadas","ibge":"4305355"}},{"type":"Feature","geometry":{"type":"Point","coordinates":[-54.84122,-27.99284]},"properties":{"nome":"EEEB João XXIII","tipo":"school","mun":"Campina das Missões","ibge":"4303707"}},{"type":"Feature","geometry":{"type":"Point","coordinates":[-51.19083,-30.00065]},"properties":{"nome":"EEEF Brasília","tipo":"school","mun":"Porto Alegre","ibge":"4314902"}},{"type":"Feature","geometry":{"type":"Point","coordinates":[-56.00777,-28.66241]},"properties":{"nome":"Escola Municipal Candida Vargas","tipo":"school","mun":"São Borja","ibge":"4318002"}},{"type":"Feature","geometry":{"type":"Point","coordinates":[-53.83052,-28.33815]},"properties":{"nome":"Escola Vila Floresta","tipo":"school","mun":"Ijuí","ibge":"4310207"}},{"type":"Feature","geometry":{"type":"Point","coordinates":[-51.79779,-27.95677]},"properties":{"nome":"Escola Municipal","tipo":"school","mun":"Sananduva","ibge":"4316600"}},{"type":"Feature","geometry":{"type":"Point","coordinates":[-54.84645,-27.99209]},"properties":{"nome":"Centro dos Idosos","tipo":"community_centre","mun":"Campina das Missões","ibge":"4303707"}},{"type":"Feature","geometry":{"type":"Point","coordinates":[-50.9437,-29.76466]},"properties":{"nome":"Comunidade Católica São João Batista","tipo":"community_centre","mun":"Novo Hamburgo","ibge":"4313409"}},{"type":"Feature","geometry":{"type":"Point","coordinates":[-51.30753,-29.99629]},"properties":{"nome":"Centro de Educação e Cultura Cecília Meireles","tipo":"school","mun":"Eldorado do Sul","ibge":"4306767"}},{"type":"Feature","geometry":{"type":"Point","coordinates":[-51.30851,-29.99761]},"properties":{"nome":"Escola Municipal de Educação Infantil Arco-Íris","tipo":"school","mun":"Eldorado do Sul","ibge":"4306767"}},{"type":"Feature","geometry":{"type":"Point","coordinates":[-56.55467,-29.13368]},"properties":{"nome":"Planeta Bola","tipo":"sports_centre","mun":"Itaqui","ibge":"4310603"}},{"type":"Feature","geometry":{"type":"Point","coordinates":[-54.69561,-29.50143]},"properties":{"nome":"Centro Municipal Poliesportivo Guarany","tipo":"sports_centre","mun":"Jaguari","ibge":"4311106"}},{"type":"Feature","geometry":{"type":"Point","coordinates":[-54.69067,-29.49804]},"properties":{"nome":"Salão Paroquial","tipo":"community_centre","mun":"Jaguari","ibge":"4311106"}},{"type":"Feature","geometry":{"type":"Point","coordinates":[-51.16408,-29.5952]},"properties":{"nome":"Escola Estadual de Educação Básica prof. Mathias Schütz","tipo":"school","mun":"Ivoti","ibge":"4310801"}},{"type":"Feature","geometry":{"type":"Point","coordinates":[-53.86222,-27.55389]},"properties":{"nome":"E.M.E.F. Professor Oniro Solano Bones","tipo":"school","mun":"Bom Progresso","ibge":"4302378"}},{"type":"Feature","geometry":{"type":"Point","coordinates":[-52.79071,-29.66906]},"properties":{"nome":"Escola Estadua de Ensino Medio Guia Lopes","tipo":"school","mun":"Candelária","ibge":"4304200"}},{"type":"Feature","geometry":{"type":"Point","coordinates":[-54.851,-27.98872]},"properties":{"nome":"Associacao Cultural e Recreativa Oriental","tipo":"community_centre","mun":"Campina das Missões","ibge":"4303707"}},{"type":"Feature","geometry":{"type":"Point","coordinates":[-52.33029,-31.73209]},"properties":{"nome":"Escola Municipal de Ensino Fundamental Nossa Senhora das Dores","tipo":"school","mun":"Pelotas","ibge":"4314407"}},{"type":"Feature","geometry":{"type":"Point","coordinates":[-52.35831,-31.76347]},"properties":{"nome":"Escola Freinet","tipo":"school","mun":"Pelotas","ibge":"4314407"}},{"type":"Feature","geometry":{"type":"Point","coordinates":[-51.40518,-30.67659]},"properties":{"nome":"Escola Cívico Militar José Divino Barbosa Pereira","tipo":"school","mun":"Tapes","ibge":"4321105"}},{"type":"Feature","geometry":{"type":"Point","coordinates":[-51.15779,-29.22857]},"properties":{"nome":"EEEF Ismael Chaves Barcellos","tipo":"school","mun":"Caxias do Sul","ibge":"4305108"}},{"type":"Feature","geometry":{"type":"Point","coordinates":[-55.90727,-30.95715]},"properties":{"nome":"Escola Municipal Joaquim de Abreu Fialho","tipo":"school","mun":"Sant'Ana do Livramento","ibge":"4317103"}},{"type":"Feature","geometry":{"type":"Point","coordinates":[-51.08547,-30.03737]},"properties":{"nome":"E.M.E.F. Vaguenir Manoel de Fraga","tipo":"school","mun":"Alvorada","ibge":"4300604"}},{"type":"Feature","geometry":{"type":"Point","coordinates":[-50.66263,-29.66895]},"properties":{"nome":"Escola Adventista Ensino Fundamental Pastor Ivo Souza","tipo":"school","mun":"Rolante","ibge":"4316006"}},{"type":"Feature","geometry":{"type":"Point","coordinates":[-50.93163,-29.80314]},"properties":{"nome":"Palavra da Vida Sul","tipo":"sports_centre","mun":"Gravataí","ibge":"4309209"}},{"type":"Feature","geometry":{"type":"Point","coordinates":[-51.20786,-30.06855]},"properties":{"nome":"Centro da Juventude Cruzeiro","tipo":"community_centre","mun":"Porto Alegre","ibge":"4314902"}},{"type":"Feature","geometry":{"type":"Point","coordinates":[-54.10514,-31.3382]},"properties":{"nome":"Colégio São Benedito","tipo":"school","mun":"Bagé","ibge":"4301602"}},{"type":"Feature","geometry":{"type":"Point","coordinates":[-51.3968,-30.68276]},"properties":{"nome":"Escola Estadual Miguel Nunes Rebello","tipo":"school","mun":"Tapes","ibge":"4321105"}},{"type":"Feature","geometry":{"type":"Point","coordinates":[-50.57719,-29.43961]},"properties":{"nome":"EMEF Gloria Elizário da Silva","tipo":"school","mun":"São Francisco de Paula","ibge":"4318200"}},{"type":"Feature","geometry":{"type":"Point","coordinates":[-51.16923,-29.8547]},"properties":{"nome":"Colégio Estadual José Loureiro da Silva","tipo":"school","mun":"Esteio","ibge":"4307708"}},{"type":"Feature","geometry":{"type":"Point","coordinates":[-51.16937,-29.85354]},"properties":{"nome":"Escola Estadual de Ensino Médio Caetano Goncalves da Silva","tipo":"school","mun":"Esteio","ibge":"4307708"}},{"type":"Feature","geometry":{"type":"Point","coordinates":[-51.64069,-29.98339]},"properties":{"nome":"Escola Municipal de Ensino Fundamental São Miguel","tipo":"school","mun":"Charqueadas","ibge":"4305355"}},{"type":"Feature","geometry":{"type":"Point","coordinates":[-51.63577,-29.95729]},"properties":{"nome":"Escola Municipal de Ensino Fundamental Octávio Lázaro","tipo":"school","mun":"Charqueadas","ibge":"4305355"}},{"type":"Feature","geometry":{"type":"Point","coordinates":[-51.63436,-29.9729]},"properties":{"nome":"Escola Municipal de Ensino Fundamental Octávio Reis","tipo":"school","mun":"Charqueadas","ibge":"4305355"}},{"type":"Feature","geometry":{"type":"Point","coordinates":[-51.63165,-29.97962]},"properties":{"nome":"EMEI Ivone de Souza Guerreiro","tipo":"school","mun":"Charqueadas","ibge":"4305355"}},{"type":"Feature","geometry":{"type":"Point","coordinates":[-54.701,-29.49588]},"properties":{"nome":"Escola Municipal de Ensino Fundamental São José","tipo":"school","mun":"Jaguari","ibge":"4311106"}},{"type":"Feature","geometry":{"type":"Point","coordinates":[-54.70091,-29.49529]},"properties":{"nome":"Escola Municipal de Ensino Infantil Doce Encanto","tipo":"school","mun":"Jaguari","ibge":"4311106"}},{"type":"Feature","geometry":{"type":"Point","coordinates":[-53.02678,-29.41991]},"properties":{"nome":"Ginásio Castelão","tipo":"sports_centre","mun":"Sobradinho","ibge":"4320701"}},{"type":"Feature","geometry":{"type":"Point","coordinates":[-53.03069,-29.41195]},"properties":{"nome":"Escola Estadual de Ensino Fundamental Lindolfo Silva","tipo":"school","mun":"Sobradinho","ibge":"4320701"}},{"type":"Feature","geometry":{"type":"Point","coordinates":[-52.9964,-29.40524]},"properties":{"nome":"Escola Municipal de Educação Básica Geralcino Dornelles","tipo":"school","mun":"Sobradinho","ibge":"4320701"}},{"type":"Feature","geometry":{"type":"Point","coordinates":[-53.02757,-29.42834]},"properties":{"nome":"Escola Municipal de Educação Básica Espírito Santo","tipo":"school","mun":"Sobradinho","ibge":"4320701"}},{"type":"Feature","geometry":{"type":"Point","coordinates":[-53.02396,-29.42366]},"properties":{"nome":"Escola Municipal de Educação Básica Doutor Adolpho Sebastiany","tipo":"school","mun":"Sobradinho","ibge":"4320701"}},{"type":"Feature","geometry":{"type":"Point","coordinates":[-53.46581,-33.69142]},"properties":{"nome":"Colegio SESC","tipo":"school","mun":"Chuí","ibge":"4305439"}},{"type":"Feature","geometry":{"type":"Point","coordinates":[-50.78021,-29.65151]},"properties":{"nome":"Centro Sinodal de Ensino Medio Dorothea Schäfke","tipo":"school","mun":"Taquara","ibge":"4321204"}},{"type":"Feature","geometry":{"type":"Point","coordinates":[-51.17715,-29.14455]},"properties":{"nome":"EEEM Rachel Calliari Grazziotin","tipo":"school","mun":"Caxias do Sul","ibge":"4305108"}},{"type":"Feature","geometry":{"type":"Point","coordinates":[-51.54887,-28.93684]},"properties":{"nome":"AVAEC Unidades Educacionais","tipo":"school","mun":"Veranópolis","ibge":"4322806"}},{"type":"Feature","geometry":{"type":"Point","coordinates":[-52.30852,-29.24296]},"properties":{"nome":"Escola Estadual de Educação Básica São Francisco","tipo":"school","mun":"Progresso","ibge":"4315156"}},{"type":"Feature","geometry":{"type":"Point","coordinates":[-51.79952,-29.43967]},"properties":{"nome":"Associação Atlética Certel","tipo":"sports_centre","mun":"Teutônia","ibge":"4321451"}},{"type":"Feature","geometry":{"type":"Point","coordinates":[-51.20834,-30.08181]},"properties":{"nome":"Teresópolis tênis Clube","tipo":"sports_centre","mun":"Porto Alegre","ibge":"4314902"}},{"type":"Feature","geometry":{"type":"Point","coordinates":[-50.79396,-29.56815]},"properties":{"nome":"Sociedade 10 de Novembro","tipo":"community_centre","mun":"Igrejinha","ibge":"4310108"}},{"type":"Feature","geometry":{"type":"Point","coordinates":[-52.90613,-30.01441]},"properties":{"nome":"Escola Municipal de Ensino Fundamental Manoel Carvalho Portela","tipo":"school","mun":"Cachoeira do Sul","ibge":"4303004"}},{"type":"Feature","geometry":{"type":"Point","coordinates":[-51.81584,-29.49708]},"properties":{"nome":"Escola Guilherme Sommer","tipo":"school","mun":"Teutônia","ibge":"4321451"}},{"type":"Feature","geometry":{"type":"Point","coordinates":[-52.42037,-29.76251]},"properties":{"nome":"Escola Estadual de Ensino Médio José Mânica","tipo":"school","mun":"Santa Cruz do Sul","ibge":"4316808"}},{"type":"Feature","geometry":{"type":"Point","coordinates":[-52.31786,-29.32504]},"properties":{"nome":"Salão Comunitário de Alto Irerê","tipo":"community_centre","mun":"Boqueirão do Leão","ibge":"4302451"}},{"type":"Feature","geometry":{"type":"Point","coordinates":[-54.10459,-31.34059]},"properties":{"nome":"Escola Particular Dr. Vasco da Gama e Silva","tipo":"school","mun":"Bagé","ibge":"4301602"}},{"type":"Feature","geometry":{"type":"Point","coordinates":[-50.37288,-29.47666]},"properties":{"nome":"EMEIEF GASTAO ENGLERT","tipo":"school","mun":"São Francisco de Paula","ibge":"4318200"}},{"type":"Feature","geometry":{"type":"Point","coordinates":[-50.54412,-29.43582]},"properties":{"nome":"EMEIEF PROF URSULINA PAGLIOLI DE LUCENA","tipo":"school","mun":"São Francisco de Paula","ibge":"4318200"}},{"type":"Feature","geometry":{"type":"Point","coordinates":[-50.65366,-28.92968]},"properties":{"nome":"EEEF PADRE RITTER","tipo":"school","mun":"São Francisco de Paula","ibge":"4318200"}},{"type":"Feature","geometry":{"type":"Point","coordinates":[-50.63391,-29.10297]},"properties":{"nome":"E.M.E.I.E.F. D. Pedro I","tipo":"school","mun":"São Francisco de Paula","ibge":"4318200"}},{"type":"Feature","geometry":{"type":"Point","coordinates":[-50.21918,-29.30702]},"properties":{"nome":"E.M.E.I.E.F. Gal. Daltro Filho","tipo":"school","mun":"São Francisco de Paula","ibge":"4318200"}},{"type":"Feature","geometry":{"type":"Point","coordinates":[-50.66121,-29.47137]},"properties":{"nome":"E.E.E.F. Prof. Sebastião Amoretti","tipo":"school","mun":"São Francisco de Paula","ibge":"4318200"}},{"type":"Feature","geometry":{"type":"Point","coordinates":[-50.8045,-29.15546]},"properties":{"nome":"EMEIEF BENTO EGIDIO RODRIGUES","tipo":"school","mun":"São Francisco de Paula","ibge":"4318200"}},{"type":"Feature","geometry":{"type":"Point","coordinates":[-51.6145,-29.96338]},"properties":{"nome":"Escola Estadual de Ensino Fundamental Piratini","tipo":"school","mun":"Charqueadas","ibge":"4305355"}},{"type":"Feature","geometry":{"type":"Point","coordinates":[-51.61499,-29.9668]},"properties":{"nome":"Escola Estadual Assis Chateaubriand","tipo":"school","mun":"Charqueadas","ibge":"4305355"}},{"type":"Feature","geometry":{"type":"Point","coordinates":[-51.16366,-30.05164]},"properties":{"nome":"Centro Esportivo e Cultural Bom Jesus","tipo":"community_centre","mun":"Porto Alegre","ibge":"4314902"}},{"type":"Feature","geometry":{"type":"Point","coordinates":[-51.82938,-27.8204]},"properties":{"nome":"ESCOLA MUNICIPAL LUIZ BIASI","tipo":"school","mun":"São João da Urtiga","ibge":"4318424"}},{"type":"Feature","geometry":{"type":"Point","coordinates":[-51.17129,-30.05472]},"properties":{"nome":"Parque Esportivo PUCRS","tipo":"sports_centre","mun":"Porto Alegre","ibge":"4314902"}},{"type":"Feature","geometry":{"type":"Point","coordinates":[-54.10578,-31.34978]},"properties":{"nome":"complexo militão","tipo":"sports_centre","mun":"Bagé","ibge":"4301602"}},{"type":"Feature","geometry":{"type":"Point","coordinates":[-51.16711,-29.92679]},"properties":{"nome":"My Box Fire RS","tipo":"sports_centre","mun":"Canoas","ibge":"4304606"}},{"type":"Feature","geometry":{"type":"Point","coordinates":[-51.07417,-29.98904]},"properties":{"nome":"Escola Municipal de Ensino Fundamental Idalina de Freitas Lima","tipo":"school","mun":"Alvorada","ibge":"4300604"}},{"type":"Feature","geometry":{"type":"Point","coordinates":[-52.18077,-29.33588]},"properties":{"nome":"Salão Comunitário de Baixo Canudos","tipo":"community_centre","mun":"Canudos do Vale","ibge":"4304614"}},{"type":"Feature","geometry":{"type":"Point","coordinates":[-52.43195,-29.73577]},"properties":{"nome":"Escola Estadual de Ensino Médio Willy Carlos Fröhlich - POLIVALENTE","tipo":"school","mun":"Santa Cruz do Sul","ibge":"4316808"}},{"type":"Feature","geometry":{"type":"Point","coordinates":[-52.42101,-29.76362]},"properties":{"nome":"Salão Comunitário Apóstolo Pedro","tipo":"community_centre","mun":"Santa Cruz do Sul","ibge":"4316808"}},{"type":"Feature","geometry":{"type":"Point","coordinates":[-52.41866,-29.76314]},"properties":{"nome":"Salão Comunitário Nossa Senhora Aparecida","tipo":"community_centre","mun":"Santa Cruz do Sul","ibge":"4316808"}},{"type":"Feature","geometry":{"type":"Point","coordinates":[-52.40978,-29.76477]},"properties":{"nome":"Comunidade Santa Clara","tipo":"community_centre","mun":"Santa Cruz do Sul","ibge":"4316808"}},{"type":"Feature","geometry":{"type":"Point","coordinates":[-52.41706,-29.77356]},"properties":{"nome":"Escola Municipal de Ensino Fundamental Dr. Guilherme Hildebrand","tipo":"school","mun":"Santa Cruz do Sul","ibge":"4316808"}},{"type":"Feature","geometry":{"type":"Point","coordinates":[-52.02746,-29.43313]},"properties":{"nome":"EMEF Vida Nova","tipo":"school","mun":"Lajeado","ibge":"4311403"}},{"type":"Feature","geometry":{"type":"Point","coordinates":[-52.03219,-29.43071]},"properties":{"nome":"Colégio Sinodal Conventos","tipo":"school","mun":"Lajeado","ibge":"4311403"}},{"type":"Feature","geometry":{"type":"Point","coordinates":[-52.3855,-31.73573]},"properties":{"nome":"E.M.E.I. João Guimaraes Rosa","tipo":"school","mun":"Pelotas","ibge":"4314407"}},{"type":"Feature","geometry":{"type":"Point","coordinates":[-52.40574,-31.72869]},"properties":{"nome":"E.M.E.F. Antônio Joaquim Dias","tipo":"school","mun":"Pelotas","ibge":"4314407"}},{"type":"Feature","geometry":{"type":"Point","coordinates":[-49.85343,-29.5011]},"properties":{"nome":"Ginásio","tipo":"sports_centre","mun":"Arroio do Sal","ibge":"4301057"}},{"type":"Feature","geometry":{"type":"Point","coordinates":[-53.80398,-31.59047]},"properties":{"nome":"escola municipal de ensino fundamental santa izabel","tipo":"school","mun":"Candiota","ibge":"4304358"}},{"type":"Feature","geometry":{"type":"Point","coordinates":[-52.05503,-29.42636]},"properties":{"nome":"EMEF São José de Conventos","tipo":"school","mun":"Lajeado","ibge":"4311403"}},{"type":"Feature","geometry":{"type":"Point","coordinates":[-55.4813,-29.58274]},"properties":{"nome":"Escola Estadual de Educação Básica Manoel Viana","tipo":"school","mun":"Manoel Viana","ibge":"4311759"}},{"type":"Feature","geometry":{"type":"Point","coordinates":[-53.81949,-31.67256]},"properties":{"nome":"escola estadual de ensino medio 8 de agosto","tipo":"school","mun":"Candiota","ibge":"4304358"}},{"type":"Feature","geometry":{"type":"Point","coordinates":[-54.0368,-31.80854]},"properties":{"nome":"EMEF Pioneira","tipo":"school","mun":"Aceguá","ibge":"4300034"}},{"type":"Feature","geometry":{"type":"Point","coordinates":[-52.4468,-29.75288]},"properties":{"nome":"Escola Municipal de Ensino Fundamental Harmonia","tipo":"school","mun":"Santa Cruz do Sul","ibge":"4316808"}},{"type":"Feature","geometry":{"type":"Point","coordinates":[-52.44953,-29.76636]},"properties":{"nome":"Escola Municipal de Ensino Fundamental São Canísio","tipo":"school","mun":"Santa Cruz do Sul","ibge":"4316808"}},{"type":"Feature","geometry":{"type":"Point","coordinates":[-54.12822,-31.31102]},"properties":{"nome":"Escola Professor Manoel arideu de Monteiro","tipo":"school","mun":"Bagé","ibge":"4301602"}},{"type":"Feature","geometry":{"type":"Point","coordinates":[-54.81095,-29.49387]},"properties":{"nome":"Escola Estadual de Ensino Fundamental Ironita Witt Marques","tipo":"school","mun":"Nova Esperança do Sul","ibge":"4313037"}},{"type":"Feature","geometry":{"type":"Point","coordinates":[-51.71977,-29.96803]},"properties":{"nome":"Escola Estadual Doutor José Athanásio","tipo":"school","mun":"São Jerônimo","ibge":"4318408"}},{"type":"Feature","geometry":{"type":"Point","coordinates":[-55.48402,-29.59044]},"properties":{"nome":"Escola Estadual de Ensino Fundamental Salgado Filho","tipo":"school","mun":"Manoel Viana","ibge":"4311759"}},{"type":"Feature","geometry":{"type":"Point","coordinates":[-53.7156,-31.54615]},"properties":{"nome":"clube de mães","tipo":"community_centre","mun":"Candiota","ibge":"4304358"}},{"type":"Feature","geometry":{"type":"Point","coordinates":[-51.72435,-29.95899]},"properties":{"nome":"Escola Estadual Castro Alves","tipo":"school","mun":"São Jerônimo","ibge":"4318408"}},{"type":"Feature","geometry":{"type":"Point","coordinates":[-51.71328,-29.97128]},"properties":{"nome":"Ginásio de Esportes","tipo":"sports_centre","mun":"São Jerônimo","ibge":"4318408"}},{"type":"Feature","geometry":{"type":"Point","coordinates":[-51.71564,-29.97046]},"properties":{"nome":"Escola Municipal de Educação Infantil Jorge Luiz Vieira Rolim","tipo":"school","mun":"São Jerônimo","ibge":"4318408"}},{"type":"Feature","geometry":{"type":"Point","coordinates":[-51.72672,-29.9637]},"properties":{"nome":"Escola de Educação Infantil Casa da Criança","tipo":"school","mun":"São Jerônimo","ibge":"4318408"}},{"type":"Feature","geometry":{"type":"Point","coordinates":[-52.08764,-29.47055]},"properties":{"nome":"Escola Estadual de Ensino Médio Santa Clara","tipo":"school","mun":"Santa Clara do Sul","ibge":"4316758"}},{"type":"Feature","geometry":{"type":"Point","coordinates":[-52.0862,-29.46958]},"properties":{"nome":"Escola Municipal de Ensino Fundamental Professor Sereno Afonso Heisler","tipo":"school","mun":"Santa Clara do Sul","ibge":"4316758"}},{"type":"Feature","geometry":{"type":"Point","coordinates":[-54.12151,-29.99402]},"properties":{"nome":"EMCEF Mascarenhas de Moraes","tipo":"school","mun":"São Gabriel","ibge":"4318309"}},{"type":"Feature","geometry":{"type":"Point","coordinates":[-52.2376,-29.32399]},"properties":{"nome":"Escola Municipal de Ensino Fundamental Frei Vicente Kunrath","tipo":"school","mun":"Canudos do Vale","ibge":"4304614"}},{"type":"Feature","geometry":{"type":"Point","coordinates":[-52.23813,-29.32366]},"properties":{"nome":"Escola Estadual de Ensino Médio Hugo Oscar Spohr","tipo":"school","mun":"Canudos do Vale","ibge":"4304614"}},{"type":"Feature","geometry":{"type":"Point","coordinates":[-51.72611,-29.96419]},"properties":{"nome":"Associação Atlética Banco do Brasil","tipo":"sports_centre","mun":"São Jerônimo","ibge":"4318408"}},{"type":"Feature","geometry":{"type":"Point","coordinates":[-52.36873,-28.23669]},"properties":{"nome":"clube 1 de maio","tipo":"community_centre","mun":"Passo Fundo","ibge":"4314100"}},{"type":"Feature","geometry":{"type":"Point","coordinates":[-54.33877,-29.96816]},"properties":{"nome":"EMCEF Jerônimo Machado","tipo":"school","mun":"São Gabriel","ibge":"4318309"}},{"type":"Feature","geometry":{"type":"Point","coordinates":[-51.72405,-29.95761]},"properties":{"nome":"Clube do Comércio de São Jerônimo","tipo":"sports_centre","mun":"São Jerônimo","ibge":"4318408"}},{"type":"Feature","geometry":{"type":"Point","coordinates":[-52.43887,-29.7353]},"properties":{"nome":"Associação Educacional Edeltraud Eggle Frantz","tipo":"school","mun":"Santa Cruz do Sul","ibge":"4316808"}},{"type":"Feature","geometry":{"type":"Point","coordinates":[-52.44621,-29.73853]},"properties":{"nome":"Escola Municipal de Ensino Fundamental Santuário","tipo":"school","mun":"Santa Cruz do Sul","ibge":"4316808"}},{"type":"Feature","geometry":{"type":"Point","coordinates":[-51.72615,-29.96054]},"properties":{"nome":"Casa de Cultura Ivone Rosa","tipo":"community_centre","mun":"São Jerônimo","ibge":"4318408"}},{"type":"Feature","geometry":{"type":"Point","coordinates":[-51.13458,-29.67777]},"properties":{"nome":"Clube de Tiro M16","tipo":"sports_centre","mun":"Novo Hamburgo","ibge":"4313409"}},{"type":"Feature","geometry":{"type":"Point","coordinates":[-55.79413,-29.7879]},"properties":{"nome":"Escola Demétrio Ribeiro","tipo":"school","mun":"Alegrete","ibge":"4300406"}},{"type":"Feature","geometry":{"type":"Point","coordinates":[-52.41684,-28.27883]},"properties":{"nome":"EMEF Antonino Xavier","tipo":"school","mun":"Passo Fundo","ibge":"4314100"}},{"type":"Feature","geometry":{"type":"Point","coordinates":[-52.43622,-28.28748]},"properties":{"nome":"EMEF Adolfo Camargo","tipo":"school","mun":"Passo Fundo","ibge":"4314100"}},{"type":"Feature","geometry":{"type":"Point","coordinates":[-52.48903,-28.33489]},"properties":{"nome":"EMEF Leão Nunes de Castro","tipo":"school","mun":"Passo Fundo","ibge":"4314100"}},{"type":"Feature","geometry":{"type":"Point","coordinates":[-52.44485,-28.23939]},"properties":{"nome":"EMEF Coronel Sebastião Rocha","tipo":"school","mun":"Passo Fundo","ibge":"4314100"}},{"type":"Feature","geometry":{"type":"Point","coordinates":[-55.77001,-29.78831]},"properties":{"nome":"Escola Gaspar Martins","tipo":"school","mun":"Alegrete","ibge":"4300406"}},{"type":"Feature","geometry":{"type":"Point","coordinates":[-55.76677,-29.78812]},"properties":{"nome":"Escola Doutor Lauro Dornelles","tipo":"school","mun":"Alegrete","ibge":"4300406"}},{"type":"Feature","geometry":{"type":"Point","coordinates":[-52.11265,-29.44898]},"properties":{"nome":"EMEF Frei Henrique de Coimbra","tipo":"school","mun":"Santa Clara do Sul","ibge":"4316758"}},{"type":"Feature","geometry":{"type":"Point","coordinates":[-56.93492,-29.72003]},"properties":{"nome":"Escola Municipal ee Educacao Básica Patricio Lopes","tipo":"school","mun":"Uruguaiana","ibge":"4322400"}},{"type":"Feature","geometry":{"type":"Point","coordinates":[-56.68414,-29.47407]},"properties":{"nome":"EMEF Alceu Wamosy","tipo":"school","mun":"Uruguaiana","ibge":"4322400"}},{"type":"Feature","geometry":{"type":"Point","coordinates":[-56.81088,-29.54274]},"properties":{"nome":"Instituto Estadual Leda Maria Pereira da Silva","tipo":"school","mun":"Uruguaiana","ibge":"4322400"}},{"type":"Feature","geometry":{"type":"Point","coordinates":[-57.11704,-29.88709]},"properties":{"nome":"Escola Municipal de Educação Básica Doutor Crespo de Oliveira","tipo":"school","mun":"Uruguaiana","ibge":"4322400"}},{"type":"Feature","geometry":{"type":"Point","coordinates":[-57.54984,-30.20524]},"properties":{"nome":"EEEM Nilza Corrêa Pereira","tipo":"school","mun":"Barra do Quaraí","ibge":"4301875"}},{"type":"Feature","geometry":{"type":"Point","coordinates":[-57.54793,-30.21083]},"properties":{"nome":"EMEF 22 De Outubro","tipo":"school","mun":"Barra do Quaraí","ibge":"4301875"}},{"type":"Feature","geometry":{"type":"Point","coordinates":[-55.51074,-28.25707]},"properties":{"nome":"EEF José Rodrigues","tipo":"school","mun":"Garruchos","ibge":"4308656"}},{"type":"Feature","geometry":{"type":"Point","coordinates":[-55.63751,-28.19134]},"properties":{"nome":"EEEB Evaristo Afonso de Castro","tipo":"school","mun":"Garruchos","ibge":"4308656"}},{"type":"Feature","geometry":{"type":"Point","coordinates":[-55.78555,-29.77159]},"properties":{"nome":"Escola Osvaldo Dornelles","tipo":"school","mun":"Alegrete","ibge":"4300406"}},{"type":"Feature","geometry":{"type":"Point","coordinates":[-55.78581,-29.77065]},"properties":{"nome":"Escola de Ensino Infantil Agape","tipo":"school","mun":"Alegrete","ibge":"4300406"}},{"type":"Feature","geometry":{"type":"Point","coordinates":[-55.77993,-29.78463]},"properties":{"nome":"EEEF Dr Alexandre Lisboa","tipo":"school","mun":"Alegrete","ibge":"4300406"}},{"type":"Feature","geometry":{"type":"Point","coordinates":[-55.79129,-29.7823]},"properties":{"nome":"Colégio Divino Coração","tipo":"school","mun":"Alegrete","ibge":"4300406"}},{"type":"Feature","geometry":{"type":"Point","coordinates":[-51.98588,-29.44335]},"properties":{"nome":"EEEF Pedro Scherer","tipo":"school","mun":"Lajeado","ibge":"4311403"}},{"type":"Feature","geometry":{"type":"Point","coordinates":[-52.02529,-29.45624]},"properties":{"nome":"EMEF São Bento","tipo":"school","mun":"Lajeado","ibge":"4311403"}},{"type":"Feature","geometry":{"type":"Point","coordinates":[-52.14912,-29.4577]},"properties":{"nome":"EMEF Gustavo Seidel","tipo":"school","mun":"Santa Clara do Sul","ibge":"4316758"}},{"type":"Feature","geometry":{"type":"Point","coordinates":[-55.85355,-28.42177]},"properties":{"nome":"EMEF São Judas Tadeu","tipo":"school","mun":"São Borja","ibge":"4318002"}},{"type":"Feature","geometry":{"type":"Point","coordinates":[-51.8303,-27.81334]},"properties":{"nome":"EMEI Lar Doce Lar Professora Diva B. Domingues","tipo":"school","mun":"São João da Urtiga","ibge":"4318424"}},{"type":"Feature","geometry":{"type":"Point","coordinates":[-50.96986,-28.00145]},"properties":{"nome":"EMEF João Becker da Silveira","tipo":"school","mun":"Vacaria","ibge":"4322509"}},{"type":"Feature","geometry":{"type":"Point","coordinates":[-51.50155,-28.25068]},"properties":{"nome":"Escola Estadual Agropecuária Desidério Finamor - EEADF","tipo":"school","mun":"Lagoa Vermelha","ibge":"4311304"}},{"type":"Feature","geometry":{"type":"Point","coordinates":[-53.01269,-28.63784]},"properties":{"nome":"Escola Municipal de Ensino Fundamental Anibal Magni","tipo":"school","mun":"Selbach","ibge":"4320305"}},{"type":"Feature","geometry":{"type":"Point","coordinates":[-52.56193,-28.71985]},"properties":{"nome":"Escola Municipal Ensino Fundamental Joaquim Floriano Pinto","tipo":"school","mun":"Soledade","ibge":"4320800"}},{"type":"Feature","geometry":{"type":"Point","coordinates":[-51.02843,-28.96537]},"properties":{"nome":"EMEF Antônio Pessini","tipo":"school","mun":"São Marcos","ibge":"4319000"}},{"type":"Feature","geometry":{"type":"Point","coordinates":[-51.18315,-28.98603]},"properties":{"nome":"Escola Municipal Ensino Fundamental Benjamin Constant","tipo":"school","mun":"Flores da Cunha","ibge":"4308201"}},{"type":"Feature","geometry":{"type":"Point","coordinates":[-52.42668,-29.71944]},"properties":{"nome":"Dom Alberto - Escola e Faculdade","tipo":"school","mun":"Santa Cruz do Sul","ibge":"4316808"}},{"type":"Feature","geometry":{"type":"Point","coordinates":[-52.82621,-28.45437]},"properties":{"nome":"ECMEF Iraldo Borghetti","tipo":"school","mun":"Não-Me-Toque","ibge":"4312658"}},{"type":"Feature","geometry":{"type":"Point","coordinates":[-55.24665,-29.04177]},"properties":{"nome":"Escola Municipal Nova Ação","tipo":"school","mun":"Unistalda","ibge":"4322376"}},{"type":"Feature","geometry":{"type":"Point","coordinates":[-55.83978,-29.81953]},"properties":{"nome":"Escola Doutor Arthur Hormain","tipo":"school","mun":"Alegrete","ibge":"4300406"}},{"type":"Feature","geometry":{"type":"Point","coordinates":[-51.1855,-29.14893]},"properties":{"nome":"Escola Estadual de Ensino Médio Evaristo de Antôni","tipo":"school","mun":"Caxias do Sul","ibge":"4305108"}},{"type":"Feature","geometry":{"type":"Point","coordinates":[-50.42784,-29.78459]},"properties":{"nome":"CTG Sentinela dos Sinos","tipo":"community_centre","mun":"Caraá","ibge":"4304713"}},{"type":"Feature","geometry":{"type":"Point","coordinates":[-50.27272,-29.89759]},"properties":{"nome":"Escola Adventista de Osório","tipo":"school","mun":"Osório","ibge":"4313508"}},{"type":"Feature","geometry":{"type":"Point","coordinates":[-50.4028,-29.76249]},"properties":{"nome":"EMEF José Cardoso Ramos","tipo":"school","mun":"Caraá","ibge":"4304713"}},{"type":"Feature","geometry":{"type":"Point","coordinates":[-52.41369,-29.74865]},"properties":{"nome":"EMEF Leonel de Moura Brizola","tipo":"school","mun":"Santa Cruz do Sul","ibge":"4316808"}},{"type":"Feature","geometry":{"type":"Point","coordinates":[-55.23458,-28.79519]},"properties":{"nome":"EEEM Vicente Goulart","tipo":"school","mun":"Itacurubi","ibge":"4310553"}},{"type":"Feature","geometry":{"type":"Point","coordinates":[-53.25227,-28.37306]},"properties":{"nome":"EMEF Egydio Véscia","tipo":"school","mun":"Santa Bárbara do Sul","ibge":"4316709"}},{"type":"Feature","geometry":{"type":"Point","coordinates":[-53.2479,-28.37477]},"properties":{"nome":"Ginásio Municipal de Esportes Mário Brum","tipo":"sports_centre","mun":"Santa Bárbara do Sul","ibge":"4316709"}},{"type":"Feature","geometry":{"type":"Point","coordinates":[-53.11714,-27.90777]},"properties":{"nome":"Ginásio Municipal de Esportes Romeu Rheinheimer","tipo":"sports_centre","mun":"Novo Barreiro","ibge":"4313490"}},{"type":"Feature","geometry":{"type":"Point","coordinates":[-52.93102,-27.9316]},"properties":{"nome":"EMEF Albina Capoani Pazini","tipo":"school","mun":"Sarandi","ibge":"4320107"}},{"type":"Feature","geometry":{"type":"Point","coordinates":[-52.90425,-28.04903]},"properties":{"nome":"EMEF Raimundo Lopes da Cunha","tipo":"school","mun":"Sarandi","ibge":"4320107"}},{"type":"Feature","geometry":{"type":"Point","coordinates":[-52.91105,-27.94289]},"properties":{"nome":"Centro Municipal de Educação Integral Andressa Piuco","tipo":"school","mun":"Sarandi","ibge":"4320107"}},{"type":"Feature","geometry":{"type":"Point","coordinates":[-52.9101,-27.94364]},"properties":{"nome":"EMEF Maria Fortunata Armanini","tipo":"school","mun":"Sarandi","ibge":"4320107"}},{"type":"Feature","geometry":{"type":"Point","coordinates":[-52.12836,-29.52465]},"properties":{"nome":"Colégio Estadual Poncho Verde","tipo":"school","mun":"Mato Leitão","ibge":"4312153"}},{"type":"Feature","geometry":{"type":"Point","coordinates":[-52.12682,-29.52934]},"properties":{"nome":"EMEF Ireno Bohn","tipo":"school","mun":"Mato Leitão","ibge":"4312153"}},{"type":"Feature","geometry":{"type":"Point","coordinates":[-52.12688,-29.52113]},"properties":{"nome":"Sociedade Esportiva União Boa Vista","tipo":"sports_centre","mun":"Mato Leitão","ibge":"4312153"}},{"type":"Feature","geometry":{"type":"Point","coordinates":[-53.50402,-28.30897]},"properties":{"nome":"Centro de Tradições Gaúchas Tropeiro Velho","tipo":"community_centre","mun":"Panambi","ibge":"4313904"}},{"type":"Feature","geometry":{"type":"Point","coordinates":[-51.15817,-29.23205]},"properties":{"nome":"Escola Estadual de Ensino Médio Galópolis","tipo":"school","mun":"Caxias do Sul","ibge":"4305108"}},{"type":"Feature","geometry":{"type":"Point","coordinates":[-51.15804,-29.23202]},"properties":{"nome":"Edifício Escolar","tipo":"school","mun":"Caxias do Sul","ibge":"4305108"}},{"type":"Feature","geometry":{"type":"Point","coordinates":[-54.16168,-31.8684]},"properties":{"nome":"EMEF Nossa Senhora das Graças","tipo":"school","mun":"Aceguá","ibge":"4300034"}},{"type":"Feature","geometry":{"type":"Point","coordinates":[-54.16782,-31.86524]},"properties":{"nome":"EEEM Barão de Aceguá","tipo":"school","mun":"Aceguá","ibge":"4300034"}},{"type":"Feature","geometry":{"type":"Point","coordinates":[-53.95737,-31.7695]},"properties":{"nome":"EEEM Conquista do Jaguarão","tipo":"school","mun":"Aceguá","ibge":"4300034"}},{"type":"Feature","geometry":{"type":"Point","coordinates":[-54.08784,-31.90562]},"properties":{"nome":"EEIEM Vera Xapya","tipo":"school","mun":"Aceguá","ibge":"4300034"}},{"type":"Feature","geometry":{"type":"Point","coordinates":[-52.02913,-28.17045]},"properties":{"nome":"Módulo Esportivo","tipo":"sports_centre","mun":"Água Santa","ibge":"4300059"}},{"type":"Feature","geometry":{"type":"Point","coordinates":[-52.02926,-28.16954]},"properties":{"nome":"Parque de Rodeios","tipo":"sports_centre","mun":"Água Santa","ibge":"4300059"}},{"type":"Feature","geometry":{"type":"Point","coordinates":[-52.03031,-28.17448]},"properties":{"nome":"EMEI Antônio Alfredo de Souza","tipo":"school","mun":"Água Santa","ibge":"4300059"}},{"type":"Feature","geometry":{"type":"Point","coordinates":[-52.03414,-28.17604]},"properties":{"nome":"EMEF Padre Raimundo Damin","tipo":"school","mun":"Água Santa","ibge":"4300059"}},{"type":"Feature","geometry":{"type":"Point","coordinates":[-52.03388,-28.17688]},"properties":{"nome":"EEEM Cláudio Antônio Benvegnu","tipo":"school","mun":"Água Santa","ibge":"4300059"}},{"type":"Feature","geometry":{"type":"Point","coordinates":[-53.24953,-29.64197]},"properties":{"nome":"Centro Desportivo Prefeito Lauro Reinoldo Reetz","tipo":"sports_centre","mun":"Agudo","ibge":"4300109"}},{"type":"Feature","geometry":{"type":"Point","coordinates":[-50.78234,-29.51481]},"properties":{"nome":"Ginásio Municipal de Esportes","tipo":"sports_centre","mun":"Três Coroas","ibge":"4321709"}},{"type":"Feature","geometry":{"type":"Point","coordinates":[-50.86265,-29.36809]},"properties":{"nome":"EMEF Presidente Vargas","tipo":"school","mun":"Gramado","ibge":"4309100"}},{"type":"Feature","geometry":{"type":"Point","coordinates":[-50.8641,-29.36475]},"properties":{"nome":"AABB","tipo":"sports_centre","mun":"Gramado","ibge":"4309100"}},{"type":"Feature","geometry":{"type":"Point","coordinates":[-49.73091,-29.33388]},"properties":{"nome":"Escola Municipal João XXIII","tipo":"school","mun":"Torres","ibge":"4321501"}},{"type":"Feature","geometry":{"type":"Point","coordinates":[-50.8771,-29.36731]},"properties":{"nome":"Centro Municipal de Esportes Prefeito José Francisco Perini","tipo":"sports_centre","mun":"Gramado","ibge":"4309100"}},{"type":"Feature","geometry":{"type":"Point","coordinates":[-51.87237,-29.16706]},"properties":{"nome":"Escola Souza Doca","tipo":"school","mun":"Muçum","ibge":"4312609"}},{"type":"Feature","geometry":{"type":"Point","coordinates":[-51.92379,-28.72441]},"properties":{"nome":"Escola João Corso","tipo":"school","mun":"Serafina Corrêa","ibge":"4320404"}},{"type":"Feature","geometry":{"type":"Point","coordinates":[-51.8721,-29.28828]},"properties":{"nome":"Escola Padre Fernando","tipo":"school","mun":"Roca Sales","ibge":"4315800"}},{"type":"Feature","geometry":{"type":"Point","coordinates":[-51.90446,-29.2946]},"properties":{"nome":"Salão Paroquial de Palmas","tipo":"community_centre","mun":"Encantado","ibge":"4306809"}},{"type":"Feature","geometry":{"type":"Point","coordinates":[-51.72018,-27.85817]},"properties":{"nome":"Escola Mun. de Ens. Fund. Belmiro José Granzotto","tipo":"school","mun":"Cacique Doble","ibge":"4303202"}},{"type":"Feature","geometry":{"type":"Point","coordinates":[-51.71486,-27.84647]},"properties":{"nome":"Ass. Esp. Rec. Cult. Asa Branca","tipo":"community_centre","mun":"Cacique Doble","ibge":"4303202"}},{"type":"Feature","geometry":{"type":"Point","coordinates":[-51.92495,-29.39245]},"properties":{"nome":"Escola Municipal João Beda Korbes","tipo":"school","mun":"Arroio do Meio","ibge":"4301008"}},{"type":"Feature","geometry":{"type":"Point","coordinates":[-51.39478,-30.68688]},"properties":{"nome":"AABB","tipo":"sports_centre","mun":"Tapes","ibge":"4321105"}},{"type":"Feature","geometry":{"type":"Point","coordinates":[-53.76992,-28.23899]},"properties":{"nome":"Escola Professora Nelci Tobias Oedmann","tipo":"school","mun":"Ajuricaba","ibge":"4300208"}},{"type":"Feature","geometry":{"type":"Point","coordinates":[-50.26376,-29.89875]},"properties":{"nome":"Escola Municipal Osvaldo Amaral","tipo":"school","mun":"Osório","ibge":"4313508"}},{"type":"Feature","geometry":{"type":"Point","coordinates":[-51.70326,-29.96132]},"properties":{"nome":"Associação de Pais e Amigos dos Excepcionais de São Jerônimo","tipo":"school","mun":"São Jerônimo","ibge":"4318408"}},{"type":"Feature","geometry":{"type":"Point","coordinates":[-53.69583,-28.2332]},"properties":{"nome":"Escola Medianeira","tipo":"school","mun":"Ajuricaba","ibge":"4300208"}},{"type":"Feature","geometry":{"type":"Point","coordinates":[-53.76285,-28.23652]},"properties":{"nome":"Escola João Carlini","tipo":"school","mun":"Ajuricaba","ibge":"4300208"}},{"type":"Feature","geometry":{"type":"Point","coordinates":[-53.76735,-28.23974]},"properties":{"nome":"APAE Ajuricaba","tipo":"school","mun":"Ajuricaba","ibge":"4300208"}},{"type":"Feature","geometry":{"type":"Point","coordinates":[-54.81897,-27.67333]},"properties":{"nome":"Escola São José","tipo":"school","mun":"Alecrim","ibge":"4300307"}},{"type":"Feature","geometry":{"type":"Point","coordinates":[-55.78468,-29.78505]},"properties":{"nome":"Escola Freitas Valle","tipo":"school","mun":"Alegrete","ibge":"4300406"}},{"type":"Feature","geometry":{"type":"Point","coordinates":[-51.79793,-30.85324]},"properties":{"nome":"APAE","tipo":"school","mun":"Camaquã","ibge":"4303509"}},{"type":"Feature","geometry":{"type":"Point","coordinates":[-51.39937,-30.68126]},"properties":{"nome":"AIAPT - Associação dos Idosos, Aposentados e Pensionistas de Tapes","tipo":"community_centre","mun":"Tapes","ibge":"4321105"}},{"type":"Feature","geometry":{"type":"Point","coordinates":[-52.02621,-29.54532]},"properties":{"nome":"Escola São Felipe","tipo":"school","mun":"Cruzeiro do Sul","ibge":"4306205"}},{"type":"Feature","geometry":{"type":"Point","coordinates":[-51.87278,-27.95654]},"properties":{"nome":"SalãoComunitário de São Domingos","tipo":"community_centre","mun":"Sananduva","ibge":"4316600"}},{"type":"Feature","geometry":{"type":"Point","coordinates":[-55.80563,-29.78802]},"properties":{"nome":"Escola Doutor Romário Araújo de Oliveira","tipo":"school","mun":"Alegrete","ibge":"4300406"}},{"type":"Feature","geometry":{"type":"Point","coordinates":[-55.78007,-29.78552]},"properties":{"nome":"CASS","tipo":"sports_centre","mun":"Alegrete","ibge":"4300406"}},{"type":"Feature","geometry":{"type":"Point","coordinates":[-55.76846,-29.79594]},"properties":{"nome":"Escola Honório Lemes","tipo":"school","mun":"Alegrete","ibge":"4300406"}},{"type":"Feature","geometry":{"type":"Point","coordinates":[-55.7613,-29.80908]},"properties":{"nome":"União Complexo Esportivo","tipo":"sports_centre","mun":"Alegrete","ibge":"4300406"}},{"type":"Feature","geometry":{"type":"Point","coordinates":[-55.74408,-29.80133]},"properties":{"nome":"Escola Antônio Saint Pastous de Freitas","tipo":"school","mun":"Alegrete","ibge":"4300406"}},{"type":"Feature","geometry":{"type":"Point","coordinates":[-53.49003,-30.50544]},"properties":{"nome":"Ginásio de Esportes Dr. Ciro Carlos de Melo","tipo":"sports_centre","mun":"Caçapava do Sul","ibge":"4302808"}},{"type":"Feature","geometry":{"type":"Point","coordinates":[-55.80845,-29.8086]},"properties":{"nome":"Escola José Bonifácio","tipo":"school","mun":"Alegrete","ibge":"4300406"}},{"type":"Feature","geometry":{"type":"Point","coordinates":[-55.75988,-29.79993]},"properties":{"nome":"Alegrete Tênis Clube","tipo":"sports_centre","mun":"Alegrete","ibge":"4300406"}},{"type":"Feature","geometry":{"type":"Point","coordinates":[-49.89823,-29.54432]},"properties":{"nome":"Esporte Clube Arroio do Sal","tipo":"sports_centre","mun":"Arroio do Sal","ibge":"4301057"}},{"type":"Feature","geometry":{"type":"Point","coordinates":[-55.80734,-29.7913]},"properties":{"nome":"Escola Faroupilha","tipo":"school","mun":"Alegrete","ibge":"4300406"}},{"type":"Feature","geometry":{"type":"Point","coordinates":[-55.80527,-29.79447]},"properties":{"nome":"Colégio Emílio Zuñeda","tipo":"school","mun":"Alegrete","ibge":"4300406"}},{"type":"Feature","geometry":{"type":"Point","coordinates":[-55.75674,-29.80214]},"properties":{"nome":"Escola Luiza de Freitas Valle Aranha","tipo":"school","mun":"Alegrete","ibge":"4300406"}},{"type":"Feature","geometry":{"type":"Point","coordinates":[-55.80516,-29.81442]},"properties":{"nome":"Escola José Antônio Vilaverde Moura","tipo":"school","mun":"Alegrete","ibge":"4300406"}},{"type":"Feature","geometry":{"type":"Point","coordinates":[-55.81699,-29.80094]},"properties":{"nome":"Escola Ecilda Alves Paim","tipo":"school","mun":"Alegrete","ibge":"4300406"}},{"type":"Feature","geometry":{"type":"Point","coordinates":[-51.15468,-29.77672]},"properties":{"nome":"Escola Estadual Doutor Caldre e Fião","tipo":"school","mun":"São Leopoldo","ibge":"4318705"}},{"type":"Feature","geometry":{"type":"Point","coordinates":[-55.77738,-29.78621]},"properties":{"nome":"APAE Escola Especial Paul Harris","tipo":"school","mun":"Alegrete","ibge":"4300406"}},{"type":"Feature","geometry":{"type":"Point","coordinates":[-55.80221,-29.80086]},"properties":{"nome":"Escola Salgado Filho","tipo":"school","mun":"Alegrete","ibge":"4300406"}},{"type":"Feature","geometry":{"type":"Point","coordinates":[-55.75533,-29.79751]},"properties":{"nome":"Escola Fernando Ferrari","tipo":"school","mun":"Alegrete","ibge":"4300406"}},{"type":"Feature","geometry":{"type":"Point","coordinates":[-55.81021,-29.8057]},"properties":{"nome":"Escola Lions Clube","tipo":"school","mun":"Alegrete","ibge":"4300406"}},{"type":"Feature","geometry":{"type":"Point","coordinates":[-55.80336,-29.78502]},"properties":{"nome":"Escola Princesa Isabel","tipo":"school","mun":"Alegrete","ibge":"4300406"}},{"type":"Feature","geometry":{"type":"Point","coordinates":[-55.79483,-29.78589]},"properties":{"nome":"Escola Marquês de Alegrete","tipo":"school","mun":"Alegrete","ibge":"4300406"}},{"type":"Feature","geometry":{"type":"Point","coordinates":[-55.75918,-29.85785]},"properties":{"nome":"Escola Francisco Mafaldo","tipo":"school","mun":"Alegrete","ibge":"4300406"}},{"type":"Feature","geometry":{"type":"Point","coordinates":[-55.76758,-29.80261]},"properties":{"nome":"Escola Marcelo de Freitas Faraco","tipo":"school","mun":"Alegrete","ibge":"4300406"}},{"type":"Feature","geometry":{"type":"Point","coordinates":[-55.78867,-29.77574]},"properties":{"nome":"Escola Francisco Carlos","tipo":"school","mun":"Alegrete","ibge":"4300406"}},{"type":"Feature","geometry":{"type":"Point","coordinates":[-55.9421,-29.72354]},"properties":{"nome":"EMEB Constantino de Souza Nunes","tipo":"school","mun":"Alegrete","ibge":"4300406"}},{"type":"Feature","geometry":{"type":"Point","coordinates":[-56.42855,-30.04001]},"properties":{"nome":"EMEF Vertentes","tipo":"school","mun":"Uruguaiana","ibge":"4322400"}},{"type":"Feature","geometry":{"type":"Point","coordinates":[-56.17584,-29.68934]},"properties":{"nome":"Escola Murillo Nunes de Oliveira","tipo":"school","mun":"Alegrete","ibge":"4300406"}},{"type":"Feature","geometry":{"type":"Point","coordinates":[-55.81681,-29.81761]},"properties":{"nome":"Escola Alcy Vargas Cheuiche","tipo":"school","mun":"Alegrete","ibge":"4300406"}},{"type":"Feature","geometry":{"type":"Point","coordinates":[-55.79599,-29.80203]},"properties":{"nome":"Escola Tancredo de Almeida Neves","tipo":"school","mun":"Alegrete","ibge":"4300406"}},{"type":"Feature","geometry":{"type":"Point","coordinates":[-56.13363,-29.4731]},"properties":{"nome":"Escola João Cadore","tipo":"school","mun":"Alegrete","ibge":"4300406"}},{"type":"Feature","geometry":{"type":"Point","coordinates":[-52.68357,-31.39908]},"properties":{"nome":"Associação Atlética Banco do Brasil - AABB Canguçu","tipo":"sports_centre","mun":"Canguçu","ibge":"4304507"}},{"type":"Feature","geometry":{"type":"Point","coordinates":[-51.31137,-29.66496]},"properties":{"nome":"Escola Municipal de Educação Infantil Primeiros Passos","tipo":"school","mun":"Capela de Santana","ibge":"4304689"}},{"type":"Feature","geometry":{"type":"Point","coordinates":[-51.31284,-29.68752]},"properties":{"nome":"Escola Municipal de Ensino Fundamental Victor Adalberto Kessler","tipo":"school","mun":"Capela de Santana","ibge":"4304689"}},{"type":"Feature","geometry":{"type":"Point","coordinates":[-53.49882,-28.29291]},"properties":{"nome":"Escola Estadual de Ensino Médio Pindorama","tipo":"school","mun":"Panambi","ibge":"4313904"}},{"type":"Feature","geometry":{"type":"Point","coordinates":[-55.79806,-29.78428]},"properties":{"nome":"Escola Eurípedes Brasil Milano","tipo":"school","mun":"Alegrete","ibge":"4300406"}},{"type":"Feature","geometry":{"type":"Point","coordinates":[-55.77308,-29.57918]},"properties":{"nome":"Escola Alfredo Soares Leaes","tipo":"school","mun":"Alegrete","ibge":"4300406"}},{"type":"Feature","geometry":{"type":"Point","coordinates":[-55.5235,-29.92794]},"properties":{"nome":"Escola João André Figueira","tipo":"school","mun":"Alegrete","ibge":"4300406"}},{"type":"Feature","geometry":{"type":"Point","coordinates":[-55.73417,-30.13538]},"properties":{"nome":"Escola Silvestre Gonçalves","tipo":"school","mun":"Alegrete","ibge":"4300406"}},{"type":"Feature","geometry":{"type":"Point","coordinates":[-55.33306,-29.80293]},"properties":{"nome":"Escola Costa Leite","tipo":"school","mun":"Alegrete","ibge":"4300406"}},{"type":"Feature","geometry":{"type":"Point","coordinates":[-55.79878,-29.79295]},"properties":{"nome":"Escola Eduardo Vargas","tipo":"school","mun":"Alegrete","ibge":"4300406"}},{"type":"Feature","geometry":{"type":"Point","coordinates":[-55.54331,-29.67954]},"properties":{"nome":"Escola Barros Cassal","tipo":"school","mun":"Alegrete","ibge":"4300406"}},{"type":"Feature","geometry":{"type":"Point","coordinates":[-51.11578,-29.6766]},"properties":{"nome":"Colegio Santa Catarina","tipo":"school","mun":"Novo Hamburgo","ibge":"4313409"}},{"type":"Feature","geometry":{"type":"Point","coordinates":[-51.16336,-29.85888]},"properties":{"nome":"Escola pasqualini","tipo":"school","mun":"Esteio","ibge":"4307708"}},{"type":"Feature","geometry":{"type":"Point","coordinates":[-51.15744,-29.85657]},"properties":{"nome":"Escola Érico Veríssimo","tipo":"school","mun":"Esteio","ibge":"4307708"}},{"type":"Feature","geometry":{"type":"Point","coordinates":[-51.14993,-29.86315]},"properties":{"nome":"EMEB Vila Olímpica","tipo":"school","mun":"Esteio","ibge":"4307708"}},{"type":"Feature","geometry":{"type":"Point","coordinates":[-51.14755,-29.86222]},"properties":{"nome":"EEEM Dyonélio Machado","tipo":"school","mun":"Esteio","ibge":"4307708"}},{"type":"Feature","geometry":{"type":"Point","coordinates":[-51.13991,-29.85419]},"properties":{"nome":"EMEF Santo Inácio","tipo":"school","mun":"Esteio","ibge":"4307708"}},{"type":"Feature","geometry":{"type":"Point","coordinates":[-51.15733,-29.83821]},"properties":{"nome":"EMEF Clodovino Soares","tipo":"school","mun":"Esteio","ibge":"4307708"}},{"type":"Feature","geometry":{"type":"Point","coordinates":[-51.16001,-29.83682]},"properties":{"nome":"Colorindo o aprender","tipo":"school","mun":"Esteio","ibge":"4307708"}},{"type":"Feature","geometry":{"type":"Point","coordinates":[-51.17422,-29.84792]},"properties":{"nome":"Escola Bernardo","tipo":"school","mun":"Esteio","ibge":"4307708"}},{"type":"Feature","geometry":{"type":"Point","coordinates":[-51.10599,-29.8673]},"properties":{"nome":"Maria Cordélia Simon Marques","tipo":"school","mun":"Esteio","ibge":"4307708"}},{"type":"Feature","geometry":{"type":"Point","coordinates":[-51.10183,-29.85468]},"properties":{"nome":"EMEF Professor AurialiciaChaxim","tipo":"school","mun":"Sapucaia do Sul","ibge":"4320008"}},{"type":"Feature","geometry":{"type":"Point","coordinates":[-51.10183,-29.8466]},"properties":{"nome":"EEF Antonia Ramires da Silveira","tipo":"school","mun":"Sapucaia do Sul","ibge":"4320008"}},{"type":"Feature","geometry":{"type":"Point","coordinates":[-51.1807,-29.80047]},"properties":{"nome":"EEEF Olaria Daut","tipo":"school","mun":"Sapucaia do Sul","ibge":"4320008"}},{"type":"Feature","geometry":{"type":"Point","coordinates":[-51.13965,-29.8289]},"properties":{"nome":"EMEF Prefeito João Freitas Filho","tipo":"school","mun":"Sapucaia do Sul","ibge":"4320008"}},{"type":"Feature","geometry":{"type":"Point","coordinates":[-50.21458,-30.18668]},"properties":{"nome":"Raul Pilla","tipo":"school","mun":"Cidreira","ibge":"4305454"}},{"type":"Feature","geometry":{"type":"Point","coordinates":[-50.21668,-30.20868]},"properties":{"nome":"Ildo Meneguetti","tipo":"school","mun":"Cidreira","ibge":"4305454"}},{"type":"Feature","geometry":{"type":"Point","coordinates":[-52.94473,-30.00775]},"properties":{"nome":"Ucasp","tipo":"sports_centre","mun":"Cachoeira do Sul","ibge":"4303004"}},{"type":"Feature","geometry":{"type":"Point","coordinates":[-51.97955,-30.75557]},"properties":{"nome":"EEEM Profa. Alaídes Schumacher Pinheiro","tipo":"school","mun":"Chuvisca","ibge":"4305447"}},{"type":"Feature","geometry":{"type":"Point","coordinates":[-54.47228,-27.86952]},"properties":{"nome":"Colégio Salesiano Dom Bosco","tipo":"school","mun":"Santa Rosa","ibge":"4317202"}},{"type":"Feature","geometry":{"type":"Point","coordinates":[-54.64518,-28.28736]},"properties":{"nome":"Escola Municipal São Carlos","tipo":"school","mun":"Caibaté","ibge":"4303301"}},{"type":"Feature","geometry":{"type":"Point","coordinates":[-54.64015,-28.2878]},"properties":{"nome":"Escola Estadual José Adolfo Meister","tipo":"school","mun":"Caibaté","ibge":"4303301"}},{"type":"Feature","geometry":{"type":"Point","coordinates":[-54.63929,-28.28565]},"properties":{"nome":"Ginásio de Esportes José Adolfo Meister","tipo":"sports_centre","mun":"Caibaté","ibge":"4303301"}},{"type":"Feature","geometry":{"type":"Point","coordinates":[-54.63682,-28.29055]},"properties":{"nome":"Associação Escolar Santa Lúcia","tipo":"school","mun":"Caibaté","ibge":"4303301"}},{"type":"Feature","geometry":{"type":"Point","coordinates":[-52.24166,-27.64439]},"properties":{"nome":"ESCOLA INFANTIL","tipo":"school","mun":"Erechim","ibge":"4307005"}},{"type":"Feature","geometry":{"type":"Point","coordinates":[-51.24453,-30.08776]},"properties":{"nome":"Hipódromo do Cristal","tipo":"sports_centre","mun":"Porto Alegre","ibge":"4314902"}},{"type":"Feature","geometry":{"type":"Point","coordinates":[-51.31316,-30.10341]},"properties":{"nome":"Escola de Ensino Fundamental Aprender","tipo":"school","mun":"Guaíba","ibge":"4309308"}},{"type":"Feature","geometry":{"type":"Point","coordinates":[-51.71981,-29.95549]},"properties":{"nome":"Escola Municipal Padre Luiz de Nadal","tipo":"school","mun":"São Jerônimo","ibge":"4318408"}},{"type":"Feature","geometry":{"type":"Point","coordinates":[-51.71971,-29.9607]},"properties":{"nome":"Clube de Tiro Águia e Armas","tipo":"sports_centre","mun":"São Jerônimo","ibge":"4318408"}},{"type":"Feature","geometry":{"type":"Point","coordinates":[-50.50502,-29.55588]},"properties":{"nome":"Paróquia Nossa Senhora do Caravaggio","tipo":"community_centre","mun":"Rolante","ibge":"4316006"}},{"type":"Feature","geometry":{"type":"Point","coordinates":[-50.38121,-29.3927]},"properties":{"nome":"Retomada Xokleng Konglui","tipo":"community_centre","mun":"São Francisco de Paula","ibge":"4318200"}},{"type":"Feature","geometry":{"type":"Point","coordinates":[-51.86865,-29.16569]},"properties":{"nome":"Salão Comunitário Paroquial","tipo":"community_centre","mun":"Muçum","ibge":"4312609"}},{"type":"Feature","geometry":{"type":"Point","coordinates":[-52.15989,-29.5727]},"properties":{"nome":"Associação Esportiva e Recreativa São José - Linha Travessa","tipo":"community_centre","mun":"Venâncio Aires","ibge":"4322608"}},{"type":"Feature","geometry":{"type":"Point","coordinates":[-53.38326,-27.34892]},"properties":{"nome":"escola irma odila lehnen","tipo":"school","mun":"Frederico Westphalen","ibge":"4308508"}},{"type":"Feature","geometry":{"type":"Point","coordinates":[-53.38273,-27.34935]},"properties":{"nome":"creche, mãe de deus","tipo":"school","mun":"Frederico Westphalen","ibge":"4308508"}},{"type":"Feature","geometry":{"type":"Point","coordinates":[-52.05329,-29.41193]},"properties":{"nome":"Arena Sítio","tipo":"sports_centre","mun":"Forquetinha","ibge":"4308433"}},{"type":"Feature","geometry":{"type":"Point","coordinates":[-51.7347,-30.09102]},"properties":{"nome":"Instituto Estadual Couto de Magalhães","tipo":"school","mun":"Arroio dos Ratos","ibge":"4301107"}},{"type":"Feature","geometry":{"type":"Point","coordinates":[-51.65586,-29.96209]},"properties":{"nome":"Quadra do Chato","tipo":"sports_centre","mun":"São Jerônimo","ibge":"4318408"}},{"type":"Feature","geometry":{"type":"Point","coordinates":[-51.96294,-29.49362]},"properties":{"nome":"EMEI São João","tipo":"school","mun":"Estrela","ibge":"4307807"}},{"type":"Feature","geometry":{"type":"Point","coordinates":[-51.30925,-29.99746]},"properties":{"nome":"Escola Nossa Senhora Medianeira","tipo":"school","mun":"Eldorado do Sul","ibge":"4306767"}},{"type":"Feature","geometry":{"type":"Point","coordinates":[-51.3132,-29.99628]},"properties":{"nome":"Escola David Riegel Neto","tipo":"school","mun":"Eldorado do Sul","ibge":"4306767"}},{"type":"Feature","geometry":{"type":"Point","coordinates":[-51.94766,-29.40169]},"properties":{"nome":"Colégio São Miguel","tipo":"school","mun":"Arroio do Meio","ibge":"4301008"}},{"type":"Feature","geometry":{"type":"Point","coordinates":[-53.29577,-27.90291]},"properties":{"nome":"ciep palmeira das missoes","tipo":"school","mun":"Palmeira das Missões","ibge":"4313706"}},{"type":"Feature","geometry":{"type":"Point","coordinates":[-53.30339,-27.90437]},"properties":{"nome":"escola carimela bastos","tipo":"school","mun":"Palmeira das Missões","ibge":"4313706"}},{"type":"Feature","geometry":{"type":"Point","coordinates":[-51.30972,-29.98627]},"properties":{"nome":"Escola Cônego Eugênio Mees","tipo":"school","mun":"Eldorado do Sul","ibge":"4306767"}},{"type":"Feature","geometry":{"type":"Point","coordinates":[-52.99993,-27.72916]},"properties":{"nome":"CTG Taquaruçu","tipo":"community_centre","mun":"Constantina","ibge":"4305801"}},{"type":"Feature","geometry":{"type":"Point","coordinates":[-51.12203,-29.92116]},"properties":{"nome":"EEEF Planalto Canoense","tipo":"school","mun":"Canoas","ibge":"4304606"}},{"type":"Feature","geometry":{"type":"Point","coordinates":[-51.93799,-29.60539]},"properties":{"nome":"Escola Municipal Isabel L. Bittencourt","tipo":"school","mun":"Bom Retiro do Sul","ibge":"4302402"}},{"type":"Feature","geometry":{"type":"Point","coordinates":[-51.32444,-29.99586]},"properties":{"nome":"Escola Municipal de Ensino Fundamental Getúlio Vargas","tipo":"school","mun":"Eldorado do Sul","ibge":"4306767"}},{"type":"Feature","geometry":{"type":"Point","coordinates":[-51.32583,-29.99529]},"properties":{"nome":"Centro Comunitário - Centro Novo","tipo":"community_centre","mun":"Eldorado do Sul","ibge":"4306767"}},{"type":"Feature","geometry":{"type":"Point","coordinates":[-51.93269,-29.59948]},"properties":{"nome":"CTG Querência da Amizade","tipo":"community_centre","mun":"Bom Retiro do Sul","ibge":"4302402"}},{"type":"Feature","geometry":{"type":"Point","coordinates":[-54.30431,-27.74558]},"properties":{"nome":"Estadual de Ensino Fundamental Alberto Pasqualini","tipo":"school","mun":"Três de Maio","ibge":"4321808"}},{"type":"Feature","geometry":{"type":"Point","coordinates":[-51.71598,-29.9615]},"properties":{"nome":"Instituto Estadual de Educação São Jerônimo","tipo":"school","mun":"São Jerônimo","ibge":"4318408"}},{"type":"Feature","geometry":{"type":"Point","coordinates":[-55.50433,-30.76583]},"properties":{"nome":"Escola Municipal Augusto Har (desativada)","tipo":"school","mun":"Sant'Ana do Livramento","ibge":"4317103"}},{"type":"Feature","geometry":{"type":"Point","coordinates":[-51.20339,-29.15779]},"properties":{"nome":"Centro Municipal de Esporte e Lazer Joel Bastos de Souza","tipo":"sports_centre","mun":"Caxias do Sul","ibge":"4305108"}},{"type":"Feature","geometry":{"type":"Point","coordinates":[-51.7338,-29.6889]},"properties":{"nome":"Escola Estadual de Ensino Médio Pedro Rosa","tipo":"school","mun":"Tabaí","ibge":"4320859"}},{"type":"Feature","geometry":{"type":"Point","coordinates":[-51.7201,-29.69022]},"properties":{"nome":"EMEF Rangel Brandão","tipo":"school","mun":"Tabaí","ibge":"4320859"}},{"type":"Feature","geometry":{"type":"Point","coordinates":[-52.10296,-29.57987]},"properties":{"nome":"Salão Comunitário de Vila Palanque","tipo":"community_centre","mun":"Venâncio Aires","ibge":"4322608"}},{"type":"Feature","geometry":{"type":"Point","coordinates":[-52.12991,-29.57185]},"properties":{"nome":"escola general osorio;Escola General Osório","tipo":"school","mun":"Venâncio Aires","ibge":"4322608"}},{"type":"Feature","geometry":{"type":"Point","coordinates":[-51.13852,-29.66769]},"properties":{"nome":"Escola Estadual Vila Becker","tipo":"school","mun":"Novo Hamburgo","ibge":"4313409"}},{"type":"Feature","geometry":{"type":"Point","coordinates":[-52.33382,-29.35857]},"properties":{"nome":"Escola Thomas Battisti","tipo":"school","mun":"Boqueirão do Leão","ibge":"4302451"}},{"type":"Feature","geometry":{"type":"Point","coordinates":[-52.42698,-29.2874]},"properties":{"nome":"Ginásio de Esportes Mário Pozzebon","tipo":"sports_centre","mun":"Boqueirão do Leão","ibge":"4302451"}},{"type":"Feature","geometry":{"type":"Point","coordinates":[-52.42673,-29.28751]},"properties":{"nome":"Escola Martino da Silva Gravina","tipo":"school","mun":"Boqueirão do Leão","ibge":"4302451"}},{"type":"Feature","geometry":{"type":"Point","coordinates":[-52.4653,-29.34156]},"properties":{"nome":"Escola Angelo Martini","tipo":"school","mun":"Boqueirão do Leão","ibge":"4302451"}},{"type":"Feature","geometry":{"type":"Point","coordinates":[-52.49633,-29.31665]},"properties":{"nome":"Escola Serafim Schmidt","tipo":"school","mun":"Boqueirão do Leão","ibge":"4302451"}},{"type":"Feature","geometry":{"type":"Point","coordinates":[-52.37953,-29.26342]},"properties":{"nome":"Escola Policarpo Pozzebon","tipo":"school","mun":"Boqueirão do Leão","ibge":"4302451"}},{"type":"Feature","geometry":{"type":"Point","coordinates":[-52.41039,-29.27571]},"properties":{"nome":"Escola Professora Addes","tipo":"school","mun":"Boqueirão do Leão","ibge":"4302451"}},{"type":"Feature","geometry":{"type":"Point","coordinates":[-52.34457,-29.336]},"properties":{"nome":"Escola Adolfo Manica","tipo":"school","mun":"Boqueirão do Leão","ibge":"4302451"}},{"type":"Feature","geometry":{"type":"Point","coordinates":[-52.31723,-29.28238]},"properties":{"nome":"EMEF João Leonardo Goergen (Cessada)","tipo":"school","mun":"Boqueirão do Leão","ibge":"4302451"}},{"type":"Feature","geometry":{"type":"Point","coordinates":[-52.391,-29.29671]},"properties":{"nome":"Escola Pedro Antônio Fauri","tipo":"school","mun":"Boqueirão do Leão","ibge":"4302451"}},{"type":"Feature","geometry":{"type":"Point","coordinates":[-52.44753,-29.27691]},"properties":{"nome":"Escola Ilse Puls Felten","tipo":"school","mun":"Boqueirão do Leão","ibge":"4302451"}},{"type":"Feature","geometry":{"type":"Point","coordinates":[-52.41205,-29.31088]},"properties":{"nome":"Escola Jacob Gregório Marchi","tipo":"school","mun":"Boqueirão do Leão","ibge":"4302451"}},{"type":"Feature","geometry":{"type":"Point","coordinates":[-52.36543,-29.27315]},"properties":{"nome":"Escola Luiz Ferla","tipo":"school","mun":"Boqueirão do Leão","ibge":"4302451"}},{"type":"Feature","geometry":{"type":"Point","coordinates":[-52.4976,-29.34058]},"properties":{"nome":"Escola Pedro Helfer","tipo":"school","mun":"Boqueirão do Leão","ibge":"4302451"}},{"type":"Feature","geometry":{"type":"Point","coordinates":[-52.38693,-29.34813]},"properties":{"nome":"Escola Abrahão Augusto Kniphoff","tipo":"school","mun":"Boqueirão do Leão","ibge":"4302451"}},{"type":"Feature","geometry":{"type":"Point","coordinates":[-52.34811,-29.29241]},"properties":{"nome":"Escola Aprender","tipo":"school","mun":"Boqueirão do Leão","ibge":"4302451"}},{"type":"Feature","geometry":{"type":"Point","coordinates":[-53.22086,-27.51097]},"properties":{"nome":"E.M.E.I.E.F Reinaldo Galera","tipo":"school","mun":"Pinhal","ibge":"4314456"}},{"type":"Feature","geometry":{"type":"Point","coordinates":[-51.69255,-29.91722]},"properties":{"nome":"EMEI Otávio Francisco de Quadros","tipo":"school","mun":"Triunfo","ibge":"4322004"}},{"type":"Feature","geometry":{"type":"Point","coordinates":[-51.19066,-29.13734]},"properties":{"nome":"Escola Estadual de Ensino Fundamental Comendador Kalil Sehbe","tipo":"school","mun":"Caxias do Sul","ibge":"4305108"}},{"type":"Feature","geometry":{"type":"Point","coordinates":[-52.89837,-30.043]},"properties":{"nome":"ESCOLA PROJETO V","tipo":"school","mun":"Cachoeira do Sul","ibge":"4303004"}},{"type":"Feature","geometry":{"type":"Point","coordinates":[-51.96418,-29.4261]},"properties":{"nome":"Associação Galpão dos Patrões","tipo":"community_centre","mun":"Lajeado","ibge":"4311403"}},{"type":"Feature","geometry":{"type":"Point","coordinates":[-53.38705,-32.56458]},"properties":{"nome":"Sociedade Clube Jaguarense","tipo":"sports_centre","mun":"Jaguarão","ibge":"4311007"}},{"type":"Feature","geometry":{"type":"Point","coordinates":[-53.77323,-27.85168]},"properties":{"nome":"Escola Municipal de Ensino Fundamental Sol Nascente","tipo":"school","mun":"Santo Augusto","ibge":"4317806"}},{"type":"Feature","geometry":{"type":"Point","coordinates":[-53.77955,-27.8603]},"properties":{"nome":"Escola Municipal de Educação Infantil Pequeno Paraíso","tipo":"school","mun":"Santo Augusto","ibge":"4317806"}},{"type":"Feature","geometry":{"type":"Point","coordinates":[-53.78052,-27.85329]},"properties":{"nome":"Escola Municipal de Educação Infantil Vovó Amália","tipo":"school","mun":"Santo Augusto","ibge":"4317806"}},{"type":"Feature","geometry":{"type":"Point","coordinates":[-53.78331,-27.86677]},"properties":{"nome":"CTG Carreteiro dos Pampas","tipo":"community_centre","mun":"Santo Augusto","ibge":"4317806"}},{"type":"Feature","geometry":{"type":"Point","coordinates":[-52.11511,-32.04061]},"properties":{"nome":"EMEF Clemente Pinto","tipo":"school","mun":"Rio Grande","ibge":"4315602"}},{"type":"Feature","geometry":{"type":"Point","coordinates":[-52.12584,-32.04718]},"properties":{"nome":"E.E.E.F 13 de Maio","tipo":"school","mun":"Rio Grande","ibge":"4315602"}},{"type":"Feature","geometry":{"type":"Point","coordinates":[-52.25926,-32.07424]},"properties":{"nome":"Escola Estadual de Ensino Médio Lília Neves","tipo":"school","mun":"Rio Grande","ibge":"4315602"}},{"type":"Feature","geometry":{"type":"Point","coordinates":[-52.09461,-32.0391]},"properties":{"nome":"Escola Alternativo","tipo":"school","mun":"Rio Grande","ibge":"4315602"}},{"type":"Feature","geometry":{"type":"Point","coordinates":[-55.62385,-30.80496]},"properties":{"nome":"Escola Nascente do Ibirapuitã","tipo":"school","mun":"Sant'Ana do Livramento","ibge":"4317103"}},{"type":"Feature","geometry":{"type":"Point","coordinates":[-53.35843,-33.52712]},"properties":{"nome":"Escola Prof. Abílio Azambuja","tipo":"school","mun":"Santa Vitória do Palmar","ibge":"4317301"}},{"type":"Feature","geometry":{"type":"Point","coordinates":[-53.36771,-33.51642]},"properties":{"nome":"Colégio São Carlos","tipo":"school","mun":"Santa Vitória do Palmar","ibge":"4317301"}},{"type":"Feature","geometry":{"type":"Point","coordinates":[-53.76131,-29.61002]},"properties":{"nome":"Associacao dos Ex-Funcionarios do Banco Meridional","tipo":"sports_centre","mun":"Itaara","ibge":"4310538"}},{"type":"Feature","geometry":{"type":"Point","coordinates":[-50.01416,-29.76116]},"properties":{"nome":"Alma Beach","tipo":"sports_centre","mun":"Capão da Canoa","ibge":"4304630"}},{"type":"Feature","geometry":{"type":"Point","coordinates":[-51.59448,-28.80756]},"properties":{"nome":"Kartódromo de Nova Prata","tipo":"sports_centre","mun":"Nova Prata","ibge":"4313300"}},{"type":"Feature","geometry":{"type":"Point","coordinates":[-50.18686,-29.34849]},"properties":{"nome":"EMEIEF GAL DALTRO FILHO","tipo":"school","mun":"São Francisco de Paula","ibge":"4318200"}},{"type":"Feature","geometry":{"type":"Point","coordinates":[-52.02209,-27.56664]},"properties":{"nome":"Escola de Ensino Fundamental Viadutos","tipo":"school","mun":"Viadutos","ibge":"4322905"}},{"type":"Feature","geometry":{"type":"Point","coordinates":[-51.6004,-29.14128]},"properties":{"nome":"Salão Vale Aurora","tipo":"community_centre","mun":"Bento Gonçalves","ibge":"4302105"}},{"type":"Feature","geometry":{"type":"Point","coordinates":[-52.40842,-28.27197]},"properties":{"nome":"Escola Estadual de Ensino Fundamental Gomercindo Dos Reis","tipo":"school","mun":"Passo Fundo","ibge":"4314100"}},{"type":"Feature","geometry":{"type":"Point","coordinates":[-52.52362,-29.71383]},"properties":{"nome":"EMEF ELEMAR GUILHERME KROTH","tipo":"school","mun":"Vera Cruz","ibge":"4322707"}},{"type":"Feature","geometry":{"type":"Point","coordinates":[-50.51663,-30.1416]},"properties":{"nome":"EMEF Capivari","tipo":"school","mun":"Capivari do Sul","ibge":"4304671"}},{"type":"Feature","geometry":{"type":"Point","coordinates":[-50.02449,-29.74764]},"properties":{"nome":"EMEF Ana Maria Bauer Felicio","tipo":"school","mun":"Capão da Canoa","ibge":"4304630"}},{"type":"Feature","geometry":{"type":"Point","coordinates":[-50.02707,-29.74947]},"properties":{"nome":"EMEI Carrossel","tipo":"school","mun":"Capão da Canoa","ibge":"4304630"}},{"type":"Feature","geometry":{"type":"Point","coordinates":[-50.02527,-29.75036]},"properties":{"nome":"Associação Comunitária dos Moradores do Bairro São Jorge","tipo":"community_centre","mun":"Capão da Canoa","ibge":"4304630"}},{"type":"Feature","geometry":{"type":"Point","coordinates":[-50.0249,-29.74997]},"properties":{"nome":"Associação Comunitária Anjos da Caridade - ACOMAC","tipo":"community_centre","mun":"Capão da Canoa","ibge":"4304630"}},{"type":"Feature","geometry":{"type":"Point","coordinates":[-53.70623,-27.71887]},"properties":{"nome":"E.E.E.M Cecília Meireles","tipo":"school","mun":"Coronel Bicaco","ibge":"4305900"}},{"type":"Feature","geometry":{"type":"Point","coordinates":[-52.89417,-30.04884]},"properties":{"nome":"Colégio Marista Roque","tipo":"school","mun":"Cachoeira do Sul","ibge":"4303004"}},{"type":"Feature","geometry":{"type":"Point","coordinates":[-52.86758,-30.03844]},"properties":{"nome":"Centro Esportivo Municipal","tipo":"sports_centre","mun":"Cachoeira do Sul","ibge":"4303004"}},{"type":"Feature","geometry":{"type":"Point","coordinates":[-52.06077,-29.29019]},"properties":{"nome":"CTG Travessia Crioula","tipo":"community_centre","mun":"Travesseiro","ibge":"4321626"}},{"type":"Feature","geometry":{"type":"Point","coordinates":[-50.23976,-29.89495]},"properties":{"nome":"E.M.E.F. Osmani Martins Veras","tipo":"school","mun":"Osório","ibge":"4313508"}},{"type":"Feature","geometry":{"type":"Point","coordinates":[-49.92311,-29.42922]},"properties":{"nome":"Salão Sesquicentenário","tipo":"community_centre","mun":"Três Cachoeiras","ibge":"4321667"}},{"type":"Feature","geometry":{"type":"Point","coordinates":[-50.59428,-28.64562]},"properties":{"nome":"Escola Joaquim Marques Acauam","tipo":"school","mun":"Bom Jesus","ibge":"4302303"}},{"type":"Feature","geometry":{"type":"Point","coordinates":[-51.13746,-29.67417]},"properties":{"nome":"Salão de Eventos do Residencial Ibiza","tipo":"community_centre","mun":"Novo Hamburgo","ibge":"4313409"}},{"type":"Feature","geometry":{"type":"Point","coordinates":[-51.17437,-29.14261]},"properties":{"nome":"Escola de Educação Infantil Nossa Senhora de Fátima","tipo":"school","mun":"Caxias do Sul","ibge":"4305108"}},{"type":"Feature","geometry":{"type":"Point","coordinates":[-51.17572,-29.14252]},"properties":{"nome":"EMEF Presidente Castelo Branco","tipo":"school","mun":"Caxias do Sul","ibge":"4305108"}},{"type":"Feature","geometry":{"type":"Point","coordinates":[-52.34278,-29.57583]},"properties":{"nome":"Salão Comunitário São José de Linha Monte Alverne","tipo":"community_centre","mun":"Santa Cruz do Sul","ibge":"4316808"}},{"type":"Feature","geometry":{"type":"Point","coordinates":[-52.44103,-29.7225]},"properties":{"nome":"Salão Comunitário São José","tipo":"community_centre","mun":"Santa Cruz do Sul","ibge":"4316808"}},{"type":"Feature","geometry":{"type":"Point","coordinates":[-50.45913,-28.86369]},"properties":{"nome":"Salão Paroquial Firma Tainhas","tipo":"community_centre","mun":"Jaquirana","ibge":"4311122"}},{"type":"Feature","geometry":{"type":"Point","coordinates":[-51.32801,-30.0943]},"properties":{"nome":"Escola Municipal de Ensino Fundamental Santa Rita de Cássia","tipo":"school","mun":"Guaíba","ibge":"4309308"}},{"type":"Feature","geometry":{"type":"Point","coordinates":[-51.34464,-30.1186]},"properties":{"nome":"Padre José Eichelberger","tipo":"school","mun":"Guaíba","ibge":"4309308"}},{"type":"Feature","geometry":{"type":"Point","coordinates":[-55.50284,-30.87028]},"properties":{"nome":"Dr. Silvio Ribeiro (CAIC)","tipo":"school","mun":"Sant'Ana do Livramento","ibge":"4317103"}},{"type":"Feature","geometry":{"type":"Point","coordinates":[-55.50255,-30.86974]},"properties":{"nome":"E.M.E.I. Carrossel","tipo":"school","mun":"Sant'Ana do Livramento","ibge":"4317103"}},{"type":"Feature","geometry":{"type":"Point","coordinates":[-52.21525,-28.4489]},"properties":{"nome":"EMEF Elpídio Fialho","tipo":"school","mun":"Marau","ibge":"4311809"}},{"type":"Feature","geometry":{"type":"Point","coordinates":[-56.5503,-29.156]},"properties":{"nome":"Universidade Federal do Pampa","tipo":"school","mun":"Itaqui","ibge":"4310603"}},{"type":"Feature","geometry":{"type":"Point","coordinates":[-51.25688,-30.09607]},"properties":{"nome":"Veleiros do Sul","tipo":"community_centre","mun":"Lagoa dos Patos","ibge":"4300002"}},{"type":"Feature","geometry":{"type":"Point","coordinates":[-51.00034,-29.91593]},"properties":{"nome":"Estância Província de São Pedro","tipo":"community_centre","mun":"Gravataí","ibge":"4309209"}},{"type":"Feature","geometry":{"type":"Point","coordinates":[-51.11866,-29.3779]},"properties":{"nome":"Colégio Cenecista Frederico Michaelsen","tipo":"school","mun":"Nova Petrópolis","ibge":"4313201"}},{"type":"Feature","geometry":{"type":"Point","coordinates":[-49.79556,-29.35099]},"properties":{"nome":"Escola Municipal Fundamental Professor Manoel Ferreira Porto","tipo":"school","mun":"Torres","ibge":"4321501"}},{"type":"Feature","geometry":{"type":"Point","coordinates":[-49.79439,-29.35187]},"properties":{"nome":"E.M.E.I. Professora Joaquina Matilde Santos dos Santos","tipo":"school","mun":"Torres","ibge":"4321501"}},{"type":"Feature","geometry":{"type":"Point","coordinates":[-51.71611,-29.97654]},"properties":{"nome":"Jockey Club Jeronimense","tipo":"sports_centre","mun":"São Jerônimo","ibge":"4318408"}},{"type":"Feature","geometry":{"type":"Point","coordinates":[-51.62605,-29.95249]},"properties":{"nome":"Salão Paroquial","tipo":"community_centre","mun":"Charqueadas","ibge":"4305355"}},{"type":"Feature","geometry":{"type":"Point","coordinates":[-52.10687,-32.1419]},"properties":{"nome":"EMEEF Saldanha da Gama","tipo":"school","mun":"Rio Grande","ibge":"4315602"}},{"type":"Feature","geometry":{"type":"Point","coordinates":[-51.03395,-30.25492]},"properties":{"nome":"Escola Padre Schneider","tipo":"school","mun":"Viamão","ibge":"4323002"}},{"type":"Feature","geometry":{"type":"Point","coordinates":[-52.33315,-31.755]},"properties":{"nome":"Casa de Santo Antônio do Menor","tipo":"school","mun":"Pelotas","ibge":"4314407"}},{"type":"Feature","geometry":{"type":"Point","coordinates":[-52.04917,-27.69761]},"properties":{"nome":"Casa da Cultura - Instituto Memorial do Imigrante Polonês São Zygmunt Felinski","tipo":"community_centre","mun":"Áurea","ibge":"4301552"}},{"type":"Feature","geometry":{"type":"Point","coordinates":[-52.14408,-32.05044]},"properties":{"nome":"CEU Lagoa dos Patos","tipo":"community_centre","mun":"Rio Grande","ibge":"4315602"}},{"type":"Feature","geometry":{"type":"Point","coordinates":[-51.5741,-30.62044]},"properties":{"nome":"Escola E. M. F. Olavo Bilac","tipo":"school","mun":"Sentinela do Sul","ibge":"4320354"}},{"type":"Feature","geometry":{"type":"Point","coordinates":[-51.63627,-30.66933]},"properties":{"nome":"Escola M. E. F. Manoel José Soares","tipo":"school","mun":"Sentinela do Sul","ibge":"4320354"}},{"type":"Feature","geometry":{"type":"Point","coordinates":[-51.17852,-29.73264]},"properties":{"nome":"Escola Tancredo Neves","tipo":"school","mun":"São Leopoldo","ibge":"4318705"}},{"type":"Feature","geometry":{"type":"Point","coordinates":[-50.79369,-29.34061]},"properties":{"nome":"Escola Municipal de Educação Infantil e Fundamental Severino Travi","tipo":"school","mun":"Canela","ibge":"4304408"}},{"type":"Feature","geometry":{"type":"Point","coordinates":[-51.02923,-30.08566]},"properties":{"nome":"Escola Municipal Marechal Humberto de Alencar Castelo Branco","tipo":"school","mun":"Viamão","ibge":"4323002"}},{"type":"Feature","geometry":{"type":"Point","coordinates":[-51.0344,-30.08617]},"properties":{"nome":"Escola Municipal de Ensino Fundamental Frederico Dihl","tipo":"school","mun":"Viamão","ibge":"4323002"}},{"type":"Feature","geometry":{"type":"Point","coordinates":[-51.08015,-30.08027]},"properties":{"nome":"E.M.E.I. Padre Réus","tipo":"school","mun":"Viamão","ibge":"4323002"}},{"type":"Feature","geometry":{"type":"Point","coordinates":[-51.07868,-30.08145]},"properties":{"nome":"E.M.E.F. Paulo Freire","tipo":"school","mun":"Viamão","ibge":"4323002"}},{"type":"Feature","geometry":{"type":"Point","coordinates":[-51.08862,-30.08518]},"properties":{"nome":"Escola Municipal de Ensino Fundamental Sao Jorge","tipo":"school","mun":"Viamão","ibge":"4323002"}},{"type":"Feature","geometry":{"type":"Point","coordinates":[-51.01663,-30.07229]},"properties":{"nome":"E.M.E.I. Possidônio da Cunha","tipo":"school","mun":"Viamão","ibge":"4323002"}},{"type":"Feature","geometry":{"type":"Point","coordinates":[-51.03322,-30.07795]},"properties":{"nome":"Escola Estadual Cecília Meireles","tipo":"school","mun":"Viamão","ibge":"4323002"}},{"type":"Feature","geometry":{"type":"Point","coordinates":[-51.11349,-30.06948]},"properties":{"nome":"E. M. E. F. Anita Garibaldi","tipo":"school","mun":"Viamão","ibge":"4323002"}},{"type":"Feature","geometry":{"type":"Point","coordinates":[-51.02198,-30.05628]},"properties":{"nome":"E.M.E.F. Jardim Viamar","tipo":"school","mun":"Viamão","ibge":"4323002"}},{"type":"Feature","geometry":{"type":"Point","coordinates":[-51.01597,-30.09342]},"properties":{"nome":"E.M.E.F. Professor Barreto Viana","tipo":"school","mun":"Viamão","ibge":"4323002"}},{"type":"Feature","geometry":{"type":"Point","coordinates":[-51.02287,-30.01652]},"properties":{"nome":"E.M.E.I. Vila Elsa","tipo":"school","mun":"Viamão","ibge":"4323002"}},{"type":"Feature","geometry":{"type":"Point","coordinates":[-51.00561,-30.08514]},"properties":{"nome":"E. M. E. I. Maria da Graça Araújo da Costa","tipo":"school","mun":"Viamão","ibge":"4323002"}},{"type":"Feature","geometry":{"type":"Point","coordinates":[-51.00263,-30.08026]},"properties":{"nome":"E.E.E.F. Antônio de Souza Neto","tipo":"school","mun":"Viamão","ibge":"4323002"}},{"type":"Feature","geometry":{"type":"Point","coordinates":[-51.0562,-30.09891]},"properties":{"nome":"E.M.E.F. Recanto da Lagoa","tipo":"school","mun":"Viamão","ibge":"4323002"}},{"type":"Feature","geometry":{"type":"Point","coordinates":[-51.05545,-30.09905]},"properties":{"nome":"E.M.E.I. Lagoinha","tipo":"school","mun":"Viamão","ibge":"4323002"}},{"type":"Feature","geometry":{"type":"Point","coordinates":[-51.04877,-30.09379]},"properties":{"nome":"E.M.E.F. Residencial Figueira","tipo":"school","mun":"Viamão","ibge":"4323002"}},{"type":"Feature","geometry":{"type":"Point","coordinates":[-51.05818,-30.09618]},"properties":{"nome":"E.M.E.F. Santa Maria","tipo":"school","mun":"Viamão","ibge":"4323002"}},{"type":"Feature","geometry":{"type":"Point","coordinates":[-51.01686,-30.10589]},"properties":{"nome":"Escola Nova Geração - Lápis de Cor","tipo":"school","mun":"Viamão","ibge":"4323002"}},{"type":"Feature","geometry":{"type":"Point","coordinates":[-51.02671,-30.093]},"properties":{"nome":"Acositio","tipo":"community_centre","mun":"Viamão","ibge":"4323002"}},{"type":"Feature","geometry":{"type":"Point","coordinates":[-51.01754,-30.07236]},"properties":{"nome":"E.M.E.I. Maria Regina Frota de Oliveira","tipo":"school","mun":"Viamão","ibge":"4323002"}},{"type":"Feature","geometry":{"type":"Point","coordinates":[-51.01547,-30.07573]},"properties":{"nome":"E.E. Professora Célia Flores Lavra Pinto","tipo":"school","mun":"Viamão","ibge":"4323002"}},{"type":"Feature","geometry":{"type":"Point","coordinates":[-50.06516,-29.53515]},"properties":{"nome":"E.M.E.I. Rubem Brehm Justo","tipo":"school","mun":"Três Forquilhas","ibge":"4321832"}},{"type":"Feature","geometry":{"type":"Point","coordinates":[-51.02603,-30.01909]},"properties":{"nome":"EMEI Stela Virginia Konrad","tipo":"school","mun":"Viamão","ibge":"4323002"}},{"type":"Feature","geometry":{"type":"Point","coordinates":[-51.03239,-30.00876]},"properties":{"nome":"EMEF MONTEIRO LOBATO","tipo":"school","mun":"Viamão","ibge":"4323002"}},{"type":"Feature","geometry":{"type":"Point","coordinates":[-50.96253,-29.99115]},"properties":{"nome":"EMEF CORACY PRATES DA VEIGA","tipo":"school","mun":"Viamão","ibge":"4323002"}},{"type":"Feature","geometry":{"type":"Point","coordinates":[-51.03963,-30.0845]},"properties":{"nome":"Escola Estadual de Ensino Médio Açorianos","tipo":"school","mun":"Viamão","ibge":"4323002"}},{"type":"Feature","geometry":{"type":"Point","coordinates":[-51.06702,-30.08442]},"properties":{"nome":"E.M.E.F. Dr. Glênio Peres","tipo":"school","mun":"Viamão","ibge":"4323002"}},{"type":"Feature","geometry":{"type":"Point","coordinates":[-50.99342,-30.18413]},"properties":{"nome":"E.M.E.F. Jerônimo Porto","tipo":"school","mun":"Viamão","ibge":"4323002"}},{"type":"Feature","geometry":{"type":"Point","coordinates":[-50.99857,-30.20608]},"properties":{"nome":"E.E.E.F. Dr. Liberato Salzano Vieira da Cunha","tipo":"school","mun":"Viamão","ibge":"4323002"}},{"type":"Feature","geometry":{"type":"Point","coordinates":[-51.03393,-30.25495]},"properties":{"nome":"E.M.E.F. Padre Schneider","tipo":"school","mun":"Viamão","ibge":"4323002"}},{"type":"Feature","geometry":{"type":"Point","coordinates":[-51.09426,-30.0606]},"properties":{"nome":"Escola Municipal de Educação Infantil Santa Cecília","tipo":"school","mun":"Viamão","ibge":"4323002"}},{"type":"Feature","geometry":{"type":"Point","coordinates":[-50.93881,-30.11293]},"properties":{"nome":"E.M.E.F. Nossa Senhora de Fátima","tipo":"school","mun":"Viamão","ibge":"4323002"}},{"type":"Feature","geometry":{"type":"Point","coordinates":[-50.92754,-30.11084]},"properties":{"nome":"Instituto de Educação Josué de Castro","tipo":"school","mun":"Viamão","ibge":"4323002"}},{"type":"Feature","geometry":{"type":"Point","coordinates":[-53.93075,-28.38839]},"properties":{"nome":"São Geraldo","tipo":"school","mun":"Ijuí","ibge":"4310207"}},{"type":"Feature","geometry":{"type":"Point","coordinates":[-50.87341,-30.14394]},"properties":{"nome":"E.M.E.I. Águas Claras","tipo":"school","mun":"Viamão","ibge":"4323002"}},{"type":"Feature","geometry":{"type":"Point","coordinates":[-52.23723,-27.64172]},"properties":{"nome":"E.M. Luiz Badalotti","tipo":"school","mun":"Erechim","ibge":"4307005"}},{"type":"Feature","geometry":{"type":"Point","coordinates":[-50.2757,-29.87099]},"properties":{"nome":"E.M.E.I. Pedrolina José Firme","tipo":"school","mun":"Osório","ibge":"4313508"}},{"type":"Feature","geometry":{"type":"Point","coordinates":[-50.29326,-29.85364]},"properties":{"nome":"E.M.E.F. Ângelo Gamba","tipo":"school","mun":"Osório","ibge":"4313508"}},{"type":"Feature","geometry":{"type":"Point","coordinates":[-50.20235,-29.97847]},"properties":{"nome":"E.M.E.I. Santa Luzia","tipo":"school","mun":"Osório","ibge":"4313508"}},{"type":"Feature","geometry":{"type":"Point","coordinates":[-50.23324,-29.95216]},"properties":{"nome":"E.M.E.F. Ângelo Gabriel Boff Guasselli","tipo":"school","mun":"Osório","ibge":"4313508"}},{"type":"Feature","geometry":{"type":"Point","coordinates":[-50.58539,-29.4563]},"properties":{"nome":"EMEIEF ENGENHEIRO JOAO MAGALHAES FILHO","tipo":"school","mun":"São Francisco de Paula","ibge":"4318200"}},{"type":"Feature","geometry":{"type":"Point","coordinates":[-50.58514,-29.45618]},"properties":{"nome":"EMEI MAGDA DOS SANTOS PEIXOTO","tipo":"school","mun":"São Francisco de Paula","ibge":"4318200"}},{"type":"Feature","geometry":{"type":"Point","coordinates":[-50.66346,-29.47063]},"properties":{"nome":"EEEF PROFESSOR SEBASTIAO AMORETTI","tipo":"school","mun":"São Francisco de Paula","ibge":"4318200"}},{"type":"Feature","geometry":{"type":"Point","coordinates":[-54.10645,-27.61217]},"properties":{"nome":"Pavilhões da Schweinfest","tipo":"community_centre","mun":"Nova Candelária","ibge":"4313011"}},{"type":"Feature","geometry":{"type":"Point","coordinates":[-51.9475,-29.50391]},"properties":{"nome":"EMEF Odilo Afonso Thomé","tipo":"school","mun":"Estrela","ibge":"4307807"}}]}