{"type":"FeatureCollection", "features": [
{"type":"Feature","geometry":{"type":"Polygon","coordinates":[[[-51.177,-29.89296],[-51.17673,-29.89304],[-51.1716,-29.89266],[-51.16632,-29.89278],[-51.16167,-29.89295],[-51.15293,-29.89319],[-51.1426,-29.89378],[-51.14086,-29.88858],[-51.14047,-29.88746],[-51.14261,-29.88735],[-51.1426,-29.88705],[-51.14069,-29.88718],[-51.14063,-29.88656],[-51.1421,-29.8865],[-51.14252,-29.88621],[-51.14275,-29.88577],[-51.1427,-29.88431],[-51.14255,-29.88395],[-51.14177,-29.88357],[-51.14102,-29.8836],[-51.14189,-29.88318],[-51.14216,-29.88275],[-51.1422,-29.88219],[-51.14203,-29.88008],[-51.14446,-29.88013],[-51.15503,-29.87934],[-51.1605,-29.87898],[-51.16642,-29.87854],[-51.1805,-29.8779],[-51.18052,-29.88304],[-51.18039,-29.88425],[-51.18015,-29.88524],[-51.17773,-29.89127],[-51.177,-29.89296]]]},"properties":{"CD_MUN":"4304606","NM_MUN":"Canoas","CD_BAIRRO":"4304606004","NM_BAIRRO":"São José","pessoas":"16837","domicilios":"9057","dom_ocupados":"7079","media_moradores":"2,4","area_km2":5.676787613072896,"dens_hab_km2":2965.9}},
{"type":"Feature","geometry":{"type":"Polygon","coordinates":[[[-51.19309,-29.92297],[-51.1955,-29.92216],[-51.19559,-29.92193],[-51.20081,-29.92014],[-51.21176,-29.91647],[-51.21267,-29.91614],[-51.21585,-29.91513],[-51.22086,-29.91345],[-51.22151,-29.9135],[-51.22415,-29.91259],[-51.22434,-29.91256],[-51.23691,-29.9116],[-51.23747,-29.91163],[-51.23801,-29.91187],[-51.23837,-29.91139],[-51.23927,-29.91051],[-51.24216,-29.9087],[-51.24011,-29.90783],[-51.24029,-29.90737],[-51.24157,-29.90758],[-51.24166,-29.90704],[-51.24303,-29.90703],[-51.24528,-29.9073],[-51.24804,-29.90788],[-51.24612,-29.91158],[-51.24068,-29.91638],[-51.24057,-29.91823],[-51.24426,-29.92193],[-51.24409,-29.92306],[-51.23899,-29.9278],[-51.23541,-29.93443],[-51.2335,-29.93874],[-51.23119,-29.94112],[-51.2303,-29.9407],[-51.22811,-29.94132],[-51.2253,-29.94251],[-51.2221,-29.94457],[-51.22069,-29.94636],[-51.21934,-29.94785],[-51.21715,-29.94898],[-51.21446,-29.95054],[-51.21325,-29.95142],[-51.21086,-29.95289],[-51.20882,-29.95375],[-51.20593,-29.9547],[-51.20433,-29.9556],[-51.2035,-29.95674],[-51.20346,-29.95768],[-51.20211,-29.95746],[-51.2021,-29.95662],[-51.20238,-29.95454],[-51.20441,-29.9442],[-51.20474,-29.94229],[-51.20455,-29.94161],[-51.20391,-29.94072],[-51.20349,-29.94042],[-51.20081,-29.93892],[-51.19984,-29.93853],[-51.19576,-29.93751],[-51.19587,-29.93677],[-51.19487,-29.93655],[-51.19413,-29.93615],[-51.19364,-29.93574],[-51.19273,-29.93461],[-51.19156,-29.93302],[-51.18887,-29.9297],[-51.18776,-29.92869],[-51.18656,-29.92819],[-51.1853,-29.92796],[-51.1836,-29.92779],[-51.18252,-29.92774],[-51.18168,-29.92757],[-51.18077,-29.92693],[-51.17947,-29.92802],[-51.179,-29.92897],[-51.17912,-29.92813],[-51.1796,-29.92633],[-51.18097,-29.92655],[-51.18168,-29.92634],[-51.18197,-29.92662],[-51.18594,-29.9252],[-51.19003,-29.92381],[-51.19015,-29.9239],[-51.19309,-29.92297]]]},"properties":{"CD_MUN":"4304606","NM_MUN":"Canoas","CD_BAIRRO":"4304606013","NM_BAIRRO":"Mato Grande","pessoas":"16377","domicilios":"7480","dom_ocupados":"6318","media_moradores":"2,6","area_km2":15.287393622439014,"dens_hab_km2":1071.3}},
{"type":"Feature","geometry":{"type":"Polygon","coordinates":[[[-51.24838,-29.88171],[-51.2474,-29.88158],[-51.2447,-29.88175],[-51.24094,-29.88195],[-51.23883,-29.88212],[-51.23864,-29.88189],[-51.23879,-29.8814],[-51.23928,-29.88072],[-51.23777,-29.88142],[-51.23714,-29.88163],[-51.2339,-29.88254],[-51.23021,-29.88354],[-51.22972,-29.88331],[-51.22941,-29.88269],[-51.22916,-29.88264],[-51.22432,-29.88293],[-51.22143,-29.88307],[-51.20868,-29.88379],[-51.20111,-29.8842],[-51.18949,-29.88486],[-51.18614,-29.88503],[-51.18292,-29.88524],[-51.18066,-29.88535],[-51.18015,-29.88524],[-51.18039,-29.88425],[-51.18052,-29.88304],[-51.1805,-29.8779],[-51.18039,-29.87682],[-51.18017,-29.87591],[-51.17961,-29.87406],[-51.17943,-29.87318],[-51.17947,-29.87214],[-51.18029,-29.86925],[-51.18055,-29.86644],[-51.18072,-29.86641],[-51.1855,-29.86602],[-51.19325,-29.8626],[-51.20382,-29.86278],[-51.23161,-29.86231],[-51.23386,-29.86614],[-51.23481,-29.87249],[-51.23965,-29.87607],[-51.24591,-29.87914],[-51.24819,-29.88134],[-51.24838,-29.88171]]]},"properties":{"CD_MUN":"4304606","NM_MUN":"Canoas","CD_BAIRRO":"4304606001","NM_BAIRRO":"Industrial","pessoas":"32","domicilios":"19","dom_ocupados":"13","media_moradores":"2,5","area_km2":12.725114893703529,"dens_hab_km2":2.5}},
{"type":"Feature","geometry":{"type":"Polygon","coordinates":[[[-51.12594,-29.93333],[-51.12597,-29.93306],[-51.12063,-29.92786],[-51.11755,-29.92215],[-51.1146,-29.91922],[-51.11377,-29.91603],[-51.11321,-29.91549],[-51.12953,-29.90723],[-51.12982,-29.90643],[-51.13126,-29.90636],[-51.13215,-29.90845],[-51.13216,-29.90957],[-51.13226,-29.91009],[-51.13334,-29.91258],[-51.13345,-29.9131],[-51.13302,-29.91455],[-51.13186,-29.91784],[-51.1317,-29.91838],[-51.13167,-29.91926],[-51.1317,-29.92111],[-51.13116,-29.92217],[-51.13128,-29.92254],[-51.13223,-29.92362],[-51.13316,-29.92528],[-51.13397,-29.92741],[-51.13441,-29.92829],[-51.13143,-29.93003],[-51.12931,-29.93121],[-51.12897,-29.93152],[-51.12846,-29.93241],[-51.12802,-29.93296],[-51.12694,-29.93351],[-51.12594,-29.93333]]]},"properties":{"CD_MUN":"4304606","NM_MUN":"Canoas","CD_BAIRRO":"4304606012","NM_BAIRRO":"Olaria","pessoas":"16264","domicilios":"7531","dom_ocupados":"6299","media_moradores":"2,6","area_km2":3.4953878769918316,"dens_hab_km2":4653}},
{"type":"Feature","geometry":{"type":"Polygon","coordinates":[[[-51.17665,-29.95051],[-51.17679,-29.94669],[-51.17725,-29.9369],[-51.17745,-29.93302],[-51.17747,-29.93167],[-51.17773,-29.93166],[-51.17796,-29.93076],[-51.17817,-29.93078],[-51.179,-29.92897],[-51.17947,-29.92802],[-51.18077,-29.92693],[-51.18168,-29.92757],[-51.18252,-29.92774],[-51.1836,-29.92779],[-51.1853,-29.92796],[-51.18656,-29.92819],[-51.18776,-29.92869],[-51.18887,-29.9297],[-51.19156,-29.93302],[-51.19273,-29.93461],[-51.19364,-29.93574],[-51.19413,-29.93615],[-51.19487,-29.93655],[-51.19587,-29.93677],[-51.19576,-29.93751],[-51.19984,-29.93853],[-51.20081,-29.93892],[-51.20349,-29.94042],[-51.20391,-29.94072],[-51.20455,-29.94161],[-51.20474,-29.94229],[-51.20441,-29.9442],[-51.20238,-29.95454],[-51.2021,-29.95662],[-51.20211,-29.95746],[-51.2006,-29.95698],[-51.19674,-29.95602],[-51.19172,-29.95465],[-51.19042,-29.95405],[-51.18921,-29.95377],[-51.17665,-29.95051]]]},"properties":{"CD_MUN":"4304606","NM_MUN":"Canoas","CD_BAIRRO":"4304606014","NM_BAIRRO":"Fátima","pessoas":"19393","domicilios":"8885","dom_ocupados":"7701","media_moradores":"2,5","area_km2":6.025807218989819,"dens_hab_km2":3218.3}},
{"type":"Feature","geometry":{"type":"Polygon","coordinates":[[[-51.19309,-29.92297],[-51.19015,-29.9239],[-51.19003,-29.92381],[-51.18594,-29.9252],[-51.18197,-29.92662],[-51.18168,-29.92634],[-51.18097,-29.92655],[-51.1796,-29.92633],[-51.17912,-29.92813],[-51.179,-29.92897],[-51.17817,-29.93078],[-51.17796,-29.93076],[-51.17773,-29.93166],[-51.17747,-29.93167],[-51.17737,-29.93167],[-51.17749,-29.92926],[-51.17771,-29.92592],[-51.17793,-29.92039],[-51.17793,-29.91967],[-51.17767,-29.91612],[-51.17716,-29.91054],[-51.17704,-29.90817],[-51.17686,-29.90651],[-51.17668,-29.90386],[-51.17644,-29.90174],[-51.176,-29.89669],[-51.1763,-29.89666],[-51.17706,-29.89898],[-51.17786,-29.90123],[-51.17922,-29.90488],[-51.18034,-29.90799],[-51.18173,-29.90789],[-51.18471,-29.90776],[-51.19129,-29.90739],[-51.19171,-29.90991],[-51.19192,-29.91136],[-51.19222,-29.9152],[-51.19254,-29.91884],[-51.19273,-29.92039],[-51.19286,-29.92249],[-51.19309,-29.92297]]]},"properties":{"CD_MUN":"4304606","NM_MUN":"Canoas","CD_BAIRRO":"4304606009","NM_BAIRRO":"Centro","pessoas":"15698","domicilios":"8708","dom_ocupados":"6844","media_moradores":"2,2","area_km2":3.045436001747304,"dens_hab_km2":5154.6}},
{"type":"Feature","geometry":{"type":"Polygon","coordinates":[[[-51.13441,-29.92829],[-51.13397,-29.92741],[-51.13316,-29.92528],[-51.13223,-29.92362],[-51.13128,-29.92254],[-51.13116,-29.92217],[-51.1317,-29.92111],[-51.13167,-29.91926],[-51.1317,-29.91838],[-51.13186,-29.91784],[-51.13302,-29.91455],[-51.13345,-29.9131],[-51.13334,-29.91258],[-51.13226,-29.91009],[-51.13216,-29.90957],[-51.13215,-29.90845],[-51.13126,-29.90636],[-51.1337,-29.90618],[-51.14169,-29.9057],[-51.14218,-29.90559],[-51.14301,-29.90569],[-51.14633,-29.90552],[-51.14825,-29.9054],[-51.14896,-29.90542],[-51.15038,-29.9056],[-51.15339,-29.90543],[-51.15355,-29.90629],[-51.15385,-29.91148],[-51.15394,-29.91255],[-51.15427,-29.91497],[-51.15443,-29.91515],[-51.15468,-29.91717],[-51.15541,-29.92224],[-51.15593,-29.92622],[-51.15593,-29.92772],[-51.15475,-29.92816],[-51.1528,-29.92869],[-51.15192,-29.92859],[-51.15042,-29.92829],[-51.14836,-29.92764],[-51.14697,-29.92712],[-51.14567,-29.92652],[-51.14389,-29.9255],[-51.14302,-29.92508],[-51.14084,-29.92451],[-51.14002,-29.92455],[-51.1389,-29.92495],[-51.13441,-29.92829]]]},"properties":{"CD_MUN":"4304606","NM_MUN":"Canoas","CD_BAIRRO":"4304606011","NM_BAIRRO":"Estância Velha","pessoas":"30519","domicilios":"13783","dom_ocupados":"11623","media_moradores":"2,6","area_km2":5.0279285535612095,"dens_hab_km2":6069.9}},
{"type":"Feature","geometry":{"type":"Polygon","coordinates":[[[-51.12848,-29.95589],[-51.13032,-29.95766],[-51.13085,-29.95766],[-51.13163,-29.95724],[-51.13634,-29.95498],[-51.1367,-29.95487],[-51.14459,-29.95779],[-51.15065,-29.94887],[-51.15147,-29.94829],[-51.15244,-29.94802],[-51.15372,-29.94754],[-51.15377,-29.9454],[-51.16176,-29.94571],[-51.16354,-29.94576],[-51.16373,-29.94198],[-51.16362,-29.94094],[-51.16344,-29.93639],[-51.1645,-29.93637],[-51.16451,-29.93654],[-51.16801,-29.93671],[-51.16801,-29.93651],[-51.17062,-29.93659],[-51.17711,-29.93686],[-51.17725,-29.9369],[-51.17679,-29.94669],[-51.17665,-29.95051],[-51.17646,-29.95483],[-51.17647,-29.95545],[-51.17617,-29.96107],[-51.17625,-29.96209],[-51.17661,-29.96423],[-51.17657,-29.96774],[-51.1744,-29.96749],[-51.17342,-29.96732],[-51.17146,-29.96741],[-51.16984,-29.9672],[-51.16867,-29.96689],[-51.16781,-29.96695],[-51.16686,-29.96728],[-51.1664,-29.96726],[-51.16515,-29.96583],[-51.16458,-29.9656],[-51.16389,-29.96566],[-51.16323,-29.96588],[-51.16247,-29.96631],[-51.16131,-29.96712],[-51.16027,-29.96711],[-51.15975,-29.96679],[-51.15934,-29.96631],[-51.15883,-29.96516],[-51.15839,-29.96483],[-51.15625,-29.96445],[-51.1557,-29.96471],[-51.15548,-29.9661],[-51.15512,-29.96682],[-51.15441,-29.96704],[-51.15348,-29.96685],[-51.15245,-29.96625],[-51.15111,-29.96583],[-51.15059,-29.96544],[-51.15022,-29.96494],[-51.15008,-29.96439],[-51.15023,-29.96306],[-51.15017,-29.96234],[-51.14979,-29.96177],[-51.14852,-29.96081],[-51.14773,-29.95982],[-51.14668,-29.95965],[-51.14584,-29.95977],[-51.14386,-29.96056],[-51.14315,-29.96064],[-51.14232,-29.95981],[-51.14145,-29.95851],[-51.14099,-29.95758],[-51.14068,-29.9574],[-51.14011,-29.95744],[-51.13805,-29.95801],[-51.1375,-29.95831],[-51.13584,-29.96011],[-51.135,-29.96077],[-51.13405,-29.96089],[-51.13338,-29.96038],[-51.13242,-29.95913],[-51.1312,-29.95844],[-51.1299,-29.95798],[-51.12919,-29.9576],[-51.1287,-29.95702],[-51.1285,-29.95651],[-51.12848,-29.95589]]]},"properties":{"CD_MUN":"4304606","NM_MUN":"Canoas","CD_BAIRRO":"4304606016","NM_BAIRRO":"Niterói","pessoas":"32630","domicilios":"14799","dom_ocupados":"12414","media_moradores":"2,6","area_km2":7.947768032607465,"dens_hab_km2":4105.6}},
{"type":"Feature","geometry":{"type":"Polygon","coordinates":[[[-51.24029,-29.90737],[-51.24011,-29.90783],[-51.24216,-29.9087],[-51.23927,-29.91051],[-51.23837,-29.91139],[-51.23801,-29.91187],[-51.23747,-29.91163],[-51.23691,-29.9116],[-51.22434,-29.91256],[-51.22415,-29.91259],[-51.22151,-29.9135],[-51.22086,-29.91345],[-51.21585,-29.91513],[-51.21267,-29.91614],[-51.21176,-29.91647],[-51.20081,-29.92014],[-51.19559,-29.92193],[-51.1955,-29.92216],[-51.19309,-29.92297],[-51.19286,-29.92249],[-51.19273,-29.92039],[-51.19254,-29.91884],[-51.19222,-29.9152],[-51.19192,-29.91136],[-51.19171,-29.90991],[-51.19129,-29.90739],[-51.20105,-29.90685],[-51.20202,-29.90683],[-51.20477,-29.90665],[-51.2072,-29.90653],[-51.21088,-29.90631],[-51.21575,-29.90605],[-51.22768,-29.90537],[-51.23119,-29.90515],[-51.23951,-29.90467],[-51.23978,-29.90576],[-51.24023,-29.90603],[-51.23948,-29.90698],[-51.24041,-29.90679],[-51.24029,-29.90737]]]},"properties":{"CD_MUN":"4304606","NM_MUN":"Canoas","CD_BAIRRO":"4304606008","NM_BAIRRO":"Harmonia","pessoas":"34740","domicilios":"13491","dom_ocupados":"12388","media_moradores":"2,8","area_km2":5.0327305575997885,"dens_hab_km2":6902.8}},
{"type":"Feature","geometry":{"type":"Polygon","coordinates":[[[-51.177,-29.89296],[-51.17773,-29.89127],[-51.18015,-29.88524],[-51.18066,-29.88535],[-51.18292,-29.88524],[-51.18614,-29.88503],[-51.18949,-29.88486],[-51.20111,-29.8842],[-51.20868,-29.88379],[-51.22143,-29.88307],[-51.22432,-29.88293],[-51.22916,-29.88264],[-51.22941,-29.88269],[-51.22972,-29.88331],[-51.23021,-29.88354],[-51.2339,-29.88254],[-51.23714,-29.88163],[-51.23777,-29.88142],[-51.23928,-29.88072],[-51.23879,-29.8814],[-51.23864,-29.88189],[-51.23883,-29.88212],[-51.24094,-29.88195],[-51.2447,-29.88175],[-51.2474,-29.88158],[-51.24838,-29.88171],[-51.24958,-29.8841],[-51.24931,-29.88999],[-51.24799,-29.89355],[-51.24858,-29.89909],[-51.24745,-29.90269],[-51.2487,-29.90661],[-51.24804,-29.90788],[-51.24528,-29.9073],[-51.24303,-29.90703],[-51.24166,-29.90704],[-51.24157,-29.90758],[-51.24029,-29.90737],[-51.24041,-29.90679],[-51.23948,-29.90698],[-51.24023,-29.90603],[-51.24053,-29.90518],[-51.24096,-29.90507],[-51.24035,-29.9037],[-51.23996,-29.90221],[-51.23963,-29.90036],[-51.23844,-29.89662],[-51.23782,-29.89566],[-51.23629,-29.8959],[-51.23538,-29.8958],[-51.23263,-29.89598],[-51.22831,-29.89615],[-51.21874,-29.89674],[-51.21388,-29.89697],[-51.2114,-29.89706],[-51.20166,-29.89766],[-51.19672,-29.89794],[-51.19217,-29.89817],[-51.18794,-29.89842],[-51.18421,-29.89861],[-51.18376,-29.89859],[-51.17945,-29.89882],[-51.17706,-29.89898],[-51.1763,-29.89666],[-51.176,-29.89669],[-51.17596,-29.89622],[-51.17614,-29.89512],[-51.177,-29.89296]]]},"properties":{"CD_MUN":"4304606","NM_MUN":"Canoas","CD_BAIRRO":"4304606003","NM_BAIRRO":"São Luís","pessoas":"4407","domicilios":"1879","dom_ocupados":"1673","media_moradores":"2,6","area_km2":11.4033807035797,"dens_hab_km2":386.5}},
{"type":"Feature","geometry":{"type":"Polygon","coordinates":[[[-51.20346,-29.95768],[-51.2035,-29.95674],[-51.20433,-29.9556],[-51.20593,-29.9547],[-51.20882,-29.95375],[-51.21086,-29.95289],[-51.21325,-29.95142],[-51.21446,-29.95054],[-51.21715,-29.94898],[-51.21934,-29.94785],[-51.22069,-29.94636],[-51.2221,-29.94457],[-51.2253,-29.94251],[-51.22811,-29.94132],[-51.2303,-29.9407],[-51.23119,-29.94112],[-51.22998,-29.9438],[-51.22891,-29.94717],[-51.22794,-29.95282],[-51.22758,-29.95648],[-51.22509,-29.96014],[-51.22283,-29.96361],[-51.22114,-29.96612],[-51.22014,-29.96676],[-51.21863,-29.96675],[-51.21357,-29.96509],[-51.21177,-29.96452],[-51.20915,-29.96436],[-51.20823,-29.96438],[-51.20704,-29.96359],[-51.20542,-29.9622],[-51.20461,-29.96101],[-51.20394,-29.95971],[-51.20356,-29.95847],[-51.20346,-29.95768]]]},"properties":{"CD_MUN":"4304606","NM_MUN":"Canoas","CD_BAIRRO":"4304606018","NM_BAIRRO":"Ilha das Graças","pessoas":".","domicilios":".","dom_ocupados":".","media_moradores":".","area_km2":3.9093361205648134,"dens_hab_km2":null}},
{"type":"Feature","geometry":{"type":"Polygon","coordinates":[[[-51.13126,-29.90636],[-51.12982,-29.90643],[-51.12953,-29.90723],[-51.11321,-29.91549],[-51.10964,-29.91199],[-51.10951,-29.90923],[-51.10645,-29.90813],[-51.10747,-29.9057],[-51.10601,-29.90245],[-51.11819,-29.87675],[-51.12027,-29.87973],[-51.13267,-29.87971],[-51.1323,-29.88334],[-51.13724,-29.88351],[-51.14,-29.88365],[-51.14102,-29.8836],[-51.14177,-29.88357],[-51.14255,-29.88395],[-51.1427,-29.88431],[-51.14275,-29.88577],[-51.14252,-29.88621],[-51.1421,-29.8865],[-51.14063,-29.88656],[-51.14069,-29.88718],[-51.1426,-29.88705],[-51.14261,-29.88735],[-51.14047,-29.88746],[-51.14086,-29.88858],[-51.1426,-29.89378],[-51.1433,-29.89609],[-51.14478,-29.90053],[-51.14584,-29.90384],[-51.14633,-29.90552],[-51.14301,-29.90569],[-51.14218,-29.90559],[-51.14169,-29.9057],[-51.1337,-29.90618],[-51.13126,-29.90636]]]},"properties":{"CD_MUN":"4304606","NM_MUN":"Canoas","CD_BAIRRO":"4304606006","NM_BAIRRO":"Guajuviras","pessoas":"41282","domicilios":"15627","dom_ocupados":"13964","media_moradores":"2,8","area_km2":10.086612314228327,"dens_hab_km2":4092.8}},
{"type":"Feature","geometry":{"type":"Polygon","coordinates":[[[-51.24023,-29.90603],[-51.23978,-29.90576],[-51.23951,-29.90467],[-51.23119,-29.90515],[-51.22768,-29.90537],[-51.21575,-29.90605],[-51.21088,-29.90631],[-51.2072,-29.90653],[-51.20477,-29.90665],[-51.20202,-29.90683],[-51.20105,-29.90685],[-51.19129,-29.90739],[-51.18471,-29.90776],[-51.18173,-29.90789],[-51.18034,-29.90799],[-51.17922,-29.90488],[-51.17786,-29.90123],[-51.17706,-29.89898],[-51.17945,-29.89882],[-51.18376,-29.89859],[-51.18421,-29.89861],[-51.18794,-29.89842],[-51.19217,-29.89817],[-51.19672,-29.89794],[-51.20166,-29.89766],[-51.2114,-29.89706],[-51.21388,-29.89697],[-51.21874,-29.89674],[-51.22831,-29.89615],[-51.23263,-29.89598],[-51.23538,-29.8958],[-51.23629,-29.8959],[-51.23782,-29.89566],[-51.23844,-29.89662],[-51.23963,-29.90036],[-51.23996,-29.90221],[-51.24035,-29.9037],[-51.24096,-29.90507],[-51.24053,-29.90518],[-51.24023,-29.90603]]]},"properties":{"CD_MUN":"4304606","NM_MUN":"Canoas","CD_BAIRRO":"4304606007","NM_BAIRRO":"Mathias Velho","pessoas":"43325","domicilios":"17653","dom_ocupados":"15894","media_moradores":"2,7","area_km2":5.977247677783597,"dens_hab_km2":7248.3}},
{"type":"Feature","geometry":{"type":"Polygon","coordinates":[[[-51.17657,-29.96774],[-51.17661,-29.96423],[-51.17625,-29.96209],[-51.17617,-29.96107],[-51.17647,-29.95545],[-51.17646,-29.95483],[-51.17665,-29.95051],[-51.18921,-29.95377],[-51.19042,-29.95405],[-51.19172,-29.95465],[-51.19674,-29.95602],[-51.2006,-29.95698],[-51.20211,-29.95746],[-51.20346,-29.95768],[-51.20356,-29.95847],[-51.20394,-29.95971],[-51.20461,-29.96101],[-51.20542,-29.9622],[-51.20704,-29.96359],[-51.20823,-29.96438],[-51.20643,-29.96566],[-51.20522,-29.9667],[-51.20462,-29.96745],[-51.2038,-29.96903],[-51.20256,-29.97014],[-51.2009,-29.97149],[-51.19994,-29.97125],[-51.19855,-29.97033],[-51.19702,-29.96959],[-51.19512,-29.96912],[-51.18951,-29.96841],[-51.18757,-29.9682],[-51.18337,-29.96893],[-51.17732,-29.96781],[-51.17657,-29.96774]]]},"properties":{"CD_MUN":"4304606","NM_MUN":"Canoas","CD_BAIRRO":"4304606017","NM_BAIRRO":"Rio Branco","pessoas":"24578","domicilios":"10737","dom_ocupados":"9381","media_moradores":"2,6","area_km2":4.5431083034903414,"dens_hab_km2":5410}},
{"type":"Feature","geometry":{"type":"Polygon","coordinates":[[[-51.14633,-29.90552],[-51.14584,-29.90384],[-51.14478,-29.90053],[-51.1433,-29.89609],[-51.1426,-29.89378],[-51.15293,-29.89319],[-51.16167,-29.89295],[-51.16632,-29.89278],[-51.1716,-29.89266],[-51.17673,-29.89304],[-51.177,-29.89296],[-51.17614,-29.89512],[-51.17596,-29.89622],[-51.176,-29.89669],[-51.17644,-29.90174],[-51.17668,-29.90386],[-51.17381,-29.90402],[-51.16453,-29.90466],[-51.16181,-29.90487],[-51.15638,-29.90525],[-51.15339,-29.90543],[-51.15038,-29.9056],[-51.14896,-29.90542],[-51.14825,-29.9054],[-51.14633,-29.90552]]]},"properties":{"CD_MUN":"4304606","NM_MUN":"Canoas","CD_BAIRRO":"4304606005","NM_BAIRRO":"Igara","pessoas":"20213","domicilios":"9735","dom_ocupados":"8365","media_moradores":"2,4","area_km2":4.042988697173663,"dens_hab_km2":4999.5}},
{"type":"Feature","geometry":{"type":"Polygon","coordinates":[[[-51.17725,-29.9369],[-51.17711,-29.93686],[-51.17062,-29.93659],[-51.16801,-29.93651],[-51.16801,-29.93671],[-51.16451,-29.93654],[-51.1645,-29.93637],[-51.16344,-29.93639],[-51.16362,-29.94094],[-51.16373,-29.94198],[-51.16354,-29.94576],[-51.16176,-29.94571],[-51.15377,-29.9454],[-51.15372,-29.94754],[-51.15244,-29.94802],[-51.15147,-29.94829],[-51.15065,-29.94887],[-51.14459,-29.95779],[-51.1367,-29.95487],[-51.13634,-29.95498],[-51.13163,-29.95724],[-51.13085,-29.95766],[-51.13032,-29.95766],[-51.12848,-29.95589],[-51.12835,-29.95533],[-51.12797,-29.95489],[-51.12735,-29.95446],[-51.12623,-29.95266],[-51.1277,-29.94773],[-51.12665,-29.945],[-51.12652,-29.94129],[-51.12511,-29.93925],[-51.12594,-29.93333],[-51.12694,-29.93351],[-51.12802,-29.93296],[-51.12846,-29.93241],[-51.12897,-29.93152],[-51.12931,-29.93121],[-51.13143,-29.93003],[-51.13441,-29.92829],[-51.1389,-29.92495],[-51.14002,-29.92455],[-51.14084,-29.92451],[-51.14302,-29.92508],[-51.14389,-29.9255],[-51.14567,-29.92652],[-51.14697,-29.92712],[-51.14836,-29.92764],[-51.15042,-29.92829],[-51.15192,-29.92859],[-51.1528,-29.92869],[-51.15475,-29.92816],[-51.15593,-29.92772],[-51.15659,-29.92768],[-51.1583,-29.92821],[-51.15909,-29.92832],[-51.16058,-29.92815],[-51.16118,-29.92802],[-51.16265,-29.9272],[-51.16458,-29.9252],[-51.16496,-29.925],[-51.16835,-29.9244],[-51.17375,-29.92316],[-51.17429,-29.92401],[-51.17465,-29.92435],[-51.17663,-29.92575],[-51.17748,-29.92601],[-51.17771,-29.92592],[-51.17749,-29.92926],[-51.17737,-29.93167],[-51.17747,-29.93167],[-51.17745,-29.93302],[-51.17725,-29.9369]]]},"properties":{"CD_MUN":"4304606","NM_MUN":"Canoas","CD_BAIRRO":"4304606015","NM_BAIRRO":"Nossa Senhora das Graças","pessoas":"14968","domicilios":"7351","dom_ocupados":"6069","media_moradores":"2,5","area_km2":11.513429212154556,"dens_hab_km2":1300}},
{"type":"Feature","geometry":{"type":"Polygon","coordinates":[[[-51.1805,-29.8779],[-51.16642,-29.87854],[-51.1605,-29.87898],[-51.15503,-29.87934],[-51.14446,-29.88013],[-51.14203,-29.88008],[-51.1422,-29.88219],[-51.14216,-29.88275],[-51.14189,-29.88318],[-51.14102,-29.8836],[-51.14,-29.88365],[-51.13724,-29.88351],[-51.1323,-29.88334],[-51.13267,-29.87971],[-51.12027,-29.87973],[-51.11819,-29.87675],[-51.1231,-29.86639],[-51.12621,-29.868],[-51.1293,-29.86709],[-51.12955,-29.86411],[-51.13239,-29.86506],[-51.13984,-29.86412],[-51.14338,-29.86527],[-51.1501,-29.86462],[-51.15198,-29.86381],[-51.15502,-29.864],[-51.16121,-29.86205],[-51.16568,-29.85925],[-51.17755,-29.86667],[-51.18072,-29.86641],[-51.18055,-29.86644],[-51.18029,-29.86925],[-51.17947,-29.87214],[-51.17943,-29.87318],[-51.17961,-29.87406],[-51.18017,-29.87591],[-51.18039,-29.87682],[-51.1805,-29.8779]]]},"properties":{"CD_MUN":"4304606","NM_MUN":"Canoas","CD_BAIRRO":"4304606002","NM_BAIRRO":"Brigadeira","pessoas":"1143","domicilios":"453","dom_ocupados":"413","media_moradores":"2,8","area_km2":9.980118365783223,"dens_hab_km2":114.5}},
{"type":"Feature","geometry":{"type":"Polygon","coordinates":[[[-51.17771,-29.92592],[-51.17748,-29.92601],[-51.17663,-29.92575],[-51.17465,-29.92435],[-51.17429,-29.92401],[-51.17375,-29.92316],[-51.16835,-29.9244],[-51.16496,-29.925],[-51.16458,-29.9252],[-51.16265,-29.9272],[-51.16118,-29.92802],[-51.16058,-29.92815],[-51.15909,-29.92832],[-51.1583,-29.92821],[-51.15659,-29.92768],[-51.15593,-29.92772],[-51.15593,-29.92622],[-51.15541,-29.92224],[-51.15468,-29.91717],[-51.15443,-29.91515],[-51.15427,-29.91497],[-51.15394,-29.91255],[-51.15385,-29.91148],[-51.15355,-29.90629],[-51.15339,-29.90543],[-51.15638,-29.90525],[-51.16181,-29.90487],[-51.16453,-29.90466],[-51.17381,-29.90402],[-51.17668,-29.90386],[-51.17686,-29.90651],[-51.17704,-29.90817],[-51.17716,-29.91054],[-51.17767,-29.91612],[-51.17793,-29.91967],[-51.17793,-29.92039],[-51.17771,-29.92592]]]},"properties":{"CD_MUN":"4304606","NM_MUN":"Canoas","CD_BAIRRO":"4304606010","NM_BAIRRO":"Marechal Rondon","pessoas":"15251","domicilios":"8290","dom_ocupados":"6414","media_moradores":"2,4","area_km2":5.187427941507753,"dens_hab_km2":2940}},
{"type":"Feature","geometry":{"type":"Polygon","coordinates":[[[-54.68132,-30.98582],[-54.6829,-30.98556],[-54.6911,-30.98367],[-54.69071,-30.9842],[-54.68969,-30.98443],[-54.68883,-30.98502],[-54.68803,-30.98544],[-54.68788,-30.98653],[-54.68839,-30.98714],[-54.68893,-30.98731],[-54.69025,-30.98753],[-54.69078,-30.98785],[-54.6911,-30.98839],[-54.69126,-30.98983],[-54.6911,-30.99089],[-54.69072,-30.99176],[-54.69041,-30.99215],[-54.68999,-30.99224],[-54.68946,-30.99209],[-54.68881,-30.99159],[-54.68798,-30.99175],[-54.68727,-30.9929],[-54.68637,-30.99451],[-54.68555,-30.99559],[-54.68511,-30.99572],[-54.6837,-30.9956],[-54.68286,-30.99584],[-54.68201,-30.99794],[-54.68135,-30.99877],[-54.68126,-30.99935],[-54.68148,-31.00027],[-54.6788,-31.00002],[-54.67919,-30.99566],[-54.67854,-30.99129],[-54.67765,-30.98766],[-54.67735,-30.98653],[-54.68132,-30.98582]]]},"properties":{"CD_MUN":"4306601","NM_MUN":"Dom Pedrito","CD_BAIRRO":"4306601008","NM_BAIRRO":"Sagrada Face","pessoas":"530","domicilios":"225","dom_ocupados":"193","media_moradores":"2,7","area_km2":1.2994566554937461,"dens_hab_km2":407.9}},
{"type":"Feature","geometry":{"type":"Polygon","coordinates":[[[-54.65365,-30.97224],[-54.654,-30.97233],[-54.65521,-30.97175],[-54.65544,-30.97192],[-54.65576,-30.97411],[-54.65601,-30.97466],[-54.65727,-30.97534],[-54.65935,-30.97638],[-54.65799,-30.9768],[-54.65692,-30.97851],[-54.65681,-30.9788],[-54.65727,-30.98114],[-54.65332,-30.98153],[-54.65177,-30.98172],[-54.64912,-30.98201],[-54.64635,-30.98225],[-54.64535,-30.98243],[-54.64308,-30.98286],[-54.6383,-30.98434],[-54.63996,-30.98279],[-54.64401,-30.9789],[-54.64577,-30.97724],[-54.64796,-30.97537],[-54.64969,-30.97424],[-54.65365,-30.97224]]]},"properties":{"CD_MUN":"4306601","NM_MUN":"Dom Pedrito","CD_BAIRRO":"4306601009","NM_BAIRRO":"Ataliba Coutinho da Rocha","pessoas":"674","domicilios":"278","dom_ocupados":"255","media_moradores":"2,6","area_km2":1.1386348451691262,"dens_hab_km2":591.9}},
{"type":"Feature","geometry":{"type":"Polygon","coordinates":[[[-54.66871,-30.99045],[-54.6661,-30.99094],[-54.66476,-30.99115],[-54.66209,-30.99167],[-54.66118,-30.99011],[-54.66094,-30.98951],[-54.65967,-30.98686],[-54.65858,-30.98407],[-54.65761,-30.98197],[-54.66096,-30.98132],[-54.6662,-30.98036],[-54.66732,-30.98484],[-54.66841,-30.98933],[-54.66871,-30.99045]]]},"properties":{"CD_MUN":"4306601","NM_MUN":"Dom Pedrito","CD_BAIRRO":"4306601005","NM_BAIRRO":"Santa Terezinha","pessoas":"3234","domicilios":"1434","dom_ocupados":"1297","media_moradores":"2,5","area_km2":0.8583982261426675,"dens_hab_km2":3767.5}},
{"type":"Feature","geometry":{"type":"Polygon","coordinates":[[[-54.66871,-30.99045],[-54.66912,-30.99215],[-54.66902,-30.99365],[-54.66864,-30.99367],[-54.66865,-30.99507],[-54.66812,-30.9964],[-54.66704,-30.99591],[-54.66509,-30.99505],[-54.66474,-30.995],[-54.66234,-30.99616],[-54.66147,-30.99594],[-54.66083,-30.99484],[-54.66094,-30.99306],[-54.65967,-30.99071],[-54.66118,-30.99011],[-54.66209,-30.99167],[-54.66476,-30.99115],[-54.6661,-30.99094],[-54.66871,-30.99045]]]},"properties":{"CD_MUN":"4306601","NM_MUN":"Dom Pedrito","CD_BAIRRO":"4306601006","NM_BAIRRO":"Oscar Vicente e Silva","pessoas":"1288","domicilios":"497","dom_ocupados":"442","media_moradores":"2,9","area_km2":0.4139462067812923,"dens_hab_km2":3111.5}},
{"type":"Feature","geometry":{"type":"Polygon","coordinates":[[[-54.68132,-30.98582],[-54.68066,-30.98327],[-54.67963,-30.97907],[-54.67826,-30.97345],[-54.6756,-30.97394],[-54.67543,-30.97323],[-54.68068,-30.97232],[-54.68319,-30.97224],[-54.68352,-30.97218],[-54.6844,-30.97235],[-54.68584,-30.97301],[-54.68601,-30.9732],[-54.6886,-30.97446],[-54.68824,-30.97486],[-54.68806,-30.97541],[-54.68849,-30.97649],[-54.68832,-30.97742],[-54.68798,-30.97827],[-54.68797,-30.97897],[-54.68847,-30.97978],[-54.68888,-30.97996],[-54.68984,-30.97995],[-54.69156,-30.97883],[-54.69208,-30.97872],[-54.69306,-30.97903],[-54.69352,-30.97983],[-54.69337,-30.98106],[-54.693,-30.98158],[-54.69189,-30.98233],[-54.69153,-30.98274],[-54.6911,-30.98367],[-54.6829,-30.98556],[-54.68132,-30.98582]]]},"properties":{"CD_MUN":"4306601","NM_MUN":"Dom Pedrito","CD_BAIRRO":"4306601002","NM_BAIRRO":"Santa Maria","pessoas":"2601","domicilios":"1106","dom_ocupados":"986","media_moradores":"2,6","area_km2":1.3633347025843359,"dens_hab_km2":1907.8}},
{"type":"Feature","geometry":{"type":"Polygon","coordinates":[[[-54.66704,-30.99591],[-54.66812,-30.9964],[-54.66865,-30.99507],[-54.66864,-30.99367],[-54.66902,-30.99365],[-54.66912,-30.99215],[-54.66871,-30.99045],[-54.66841,-30.98933],[-54.67765,-30.98766],[-54.67854,-30.99129],[-54.67919,-30.99566],[-54.6788,-31.00002],[-54.67232,-30.99969],[-54.67262,-30.99859],[-54.6723,-30.99827],[-54.6684,-30.99652],[-54.66809,-30.99807],[-54.66665,-30.9979],[-54.66704,-30.99591]]]},"properties":{"CD_MUN":"4306601","NM_MUN":"Dom Pedrito","CD_BAIRRO":"4306601007","NM_BAIRRO":"São Gregório","pessoas":"2681","domicilios":"1091","dom_ocupados":"957","media_moradores":"2,6","area_km2":1.1439766232822306,"dens_hab_km2":2343.6}},
{"type":"Feature","geometry":{"type":"Polygon","coordinates":[[[-54.67765,-30.98766],[-54.66841,-30.98933],[-54.66732,-30.98484],[-54.6662,-30.98036],[-54.66492,-30.97521],[-54.67543,-30.97323],[-54.6756,-30.97394],[-54.67826,-30.97345],[-54.67963,-30.97907],[-54.68066,-30.98327],[-54.68132,-30.98582],[-54.67735,-30.98653],[-54.67765,-30.98766]]]},"properties":{"CD_MUN":"4306601","NM_MUN":"Dom Pedrito","CD_BAIRRO":"4306601001","NM_BAIRRO":"Centro","pessoas":"7007","domicilios":"3430","dom_ocupados":"3058","media_moradores":"2,3","area_km2":1.993907948578046,"dens_hab_km2":3514.2}},
{"type":"Feature","geometry":{"type":"Polygon","coordinates":[[[-54.65177,-30.98172],[-54.65158,-30.98362],[-54.65159,-30.98433],[-54.65109,-30.9857],[-54.65037,-30.98641],[-54.65446,-30.99273],[-54.64857,-30.995],[-54.64695,-30.98894],[-54.64638,-30.98837],[-54.64535,-30.98243],[-54.64635,-30.98225],[-54.64912,-30.98201],[-54.65177,-30.98172]]]},"properties":{"CD_MUN":"4306601","NM_MUN":"Dom Pedrito","CD_BAIRRO":"4306601010","NM_BAIRRO":"Dr. Moacyr Dias","pessoas":"943","domicilios":"377","dom_ocupados":"352","media_moradores":"2,7","area_km2":0.7053124692399579,"dens_hab_km2":1337}},
{"type":"Feature","geometry":{"type":"Polygon","coordinates":[[[-54.6662,-30.98036],[-54.66096,-30.98132],[-54.65761,-30.98197],[-54.65727,-30.98114],[-54.65681,-30.9788],[-54.65692,-30.97851],[-54.65799,-30.9768],[-54.65935,-30.97638],[-54.65727,-30.97534],[-54.65601,-30.97466],[-54.65576,-30.97411],[-54.65544,-30.97192],[-54.65521,-30.97175],[-54.654,-30.97233],[-54.65365,-30.97224],[-54.66302,-30.96768],[-54.66492,-30.97521],[-54.6662,-30.98036]]]},"properties":{"CD_MUN":"4306601","NM_MUN":"Dom Pedrito","CD_BAIRRO":"4306601004","NM_BAIRRO":"José Tude de Godoy","pessoas":"3043","domicilios":"1216","dom_ocupados":"1132","media_moradores":"2,7","area_km2":1.0410109458288992,"dens_hab_km2":2923.1}},
{"type":"Feature","geometry":{"type":"Polygon","coordinates":[[[-54.6886,-30.97446],[-54.68601,-30.9732],[-54.68584,-30.97301],[-54.6844,-30.97235],[-54.68352,-30.97218],[-54.68319,-30.97224],[-54.68068,-30.97232],[-54.67543,-30.97323],[-54.66492,-30.97521],[-54.66302,-30.96768],[-54.66251,-30.96548],[-54.6627,-30.96437],[-54.66255,-30.96408],[-54.66092,-30.96338],[-54.65876,-30.96165],[-54.65807,-30.96096],[-54.65691,-30.95939],[-54.6594,-30.95741],[-54.66467,-30.96197],[-54.66776,-30.95864],[-54.67086,-30.95556],[-54.67661,-30.94928],[-54.6802,-30.95131],[-54.69063,-30.95615],[-54.70421,-30.96157],[-54.70108,-30.96833],[-54.69835,-30.97008],[-54.6967,-30.97071],[-54.6949,-30.97083],[-54.69248,-30.97154],[-54.69025,-30.97316],[-54.6886,-30.97446]]]},"properties":{"CD_MUN":"4306601","NM_MUN":"Dom Pedrito","CD_BAIRRO":"4306601003","NM_BAIRRO":"Getúlio Vargas","pessoas":"10308","domicilios":"4189","dom_ocupados":"3760","media_moradores":"2,7","area_km2":7.2391398105123805,"dens_hab_km2":1423.9}},
{"type":"Feature","geometry":{"type":"Polygon","coordinates":[[[-54.65177,-30.98172],[-54.65332,-30.98153],[-54.65727,-30.98114],[-54.65761,-30.98197],[-54.65858,-30.98407],[-54.65967,-30.98686],[-54.66094,-30.98951],[-54.66118,-30.99011],[-54.65967,-30.99071],[-54.65446,-30.99273],[-54.65037,-30.98641],[-54.65109,-30.9857],[-54.65159,-30.98433],[-54.65158,-30.98362],[-54.65177,-30.98172]]]},"properties":{"CD_MUN":"4306601","NM_MUN":"Dom Pedrito","CD_BAIRRO":"4306601011","NM_BAIRRO":"Dr. Valmir Gomes Sanches","pessoas":"893","domicilios":"344","dom_ocupados":"329","media_moradores":"2,7","area_km2":0.833390926043932,"dens_hab_km2":1071.5}},
{"type":"Feature","geometry":{"type":"Polygon","coordinates":[[[-54.64796,-30.97537],[-54.64686,-30.97397],[-54.64635,-30.97368],[-54.64456,-30.97171],[-54.64386,-30.97078],[-54.64434,-30.96961],[-54.64521,-30.96847],[-54.64577,-30.96729],[-54.64589,-30.96631],[-54.64654,-30.96541],[-54.64659,-30.96497],[-54.64624,-30.96427],[-54.64619,-30.96369],[-54.64703,-30.96313],[-54.64757,-30.96254],[-54.64802,-30.96174],[-54.64897,-30.9603],[-54.6496,-30.9598],[-54.64993,-30.9589],[-54.65109,-30.95879],[-54.6521,-30.95815],[-54.65237,-30.95867],[-54.65314,-30.95873],[-54.65423,-30.95857],[-54.65493,-30.95882],[-54.65595,-30.95952],[-54.65691,-30.95939],[-54.65807,-30.96096],[-54.65876,-30.96165],[-54.66092,-30.96338],[-54.66255,-30.96408],[-54.6627,-30.96437],[-54.66251,-30.96548],[-54.66302,-30.96768],[-54.65365,-30.97224],[-54.64969,-30.97424],[-54.64796,-30.97537]]]},"properties":{"CD_MUN":"4306601","NM_MUN":"Dom Pedrito","CD_BAIRRO":"4306601012","NM_BAIRRO":"Padre Bastos","pessoas":"363","domicilios":"150","dom_ocupados":"130","media_moradores":"2,8","area_km2":2.023828411631159,"dens_hab_km2":179.4}},
{"type":"Feature","geometry":{"type":"Polygon","coordinates":[[[-51.96774,-29.50449],[-51.96689,-29.50439],[-51.9643,-29.5039],[-51.96434,-29.50419],[-51.96287,-29.50501],[-51.96148,-29.50315],[-51.9628,-29.50295],[-51.96331,-29.5025],[-51.96324,-29.50216],[-51.96266,-29.50132],[-51.96113,-29.50151],[-51.96064,-29.50134],[-51.95995,-29.50067],[-51.95864,-29.50052],[-51.95792,-29.50026],[-51.95756,-29.49986],[-51.95758,-29.49952],[-51.95819,-29.49916],[-51.95884,-29.49886],[-51.95977,-29.49818],[-51.9614,-29.4964],[-51.96211,-29.4958],[-51.96257,-29.49575],[-51.9631,-29.49594],[-51.96512,-29.49755],[-51.9661,-29.49801],[-51.96991,-29.49866],[-51.97044,-29.49979],[-51.97092,-29.50132],[-51.97195,-29.50258],[-51.97329,-29.50368],[-51.97206,-29.50415],[-51.97109,-29.50416],[-51.96933,-29.5043],[-51.96774,-29.50449]]]},"properties":{"CD_MUN":"4307807","NM_MUN":"Estrela","CD_BAIRRO":"4307807001","NM_BAIRRO":"Centro","pessoas":"2585","domicilios":"1555","dom_ocupados":"1246","media_moradores":"2,1","area_km2":0.7875456623477952,"dens_hab_km2":3282.3}},
{"type":"Feature","geometry":{"type":"Polygon","coordinates":[[[-51.96492,-29.48395],[-51.96046,-29.48526],[-51.95708,-29.48619],[-51.95756,-29.48691],[-51.95551,-29.48529],[-51.95479,-29.48481],[-51.95471,-29.48388],[-51.95372,-29.47982],[-51.95344,-29.47829],[-51.953,-29.47538],[-51.95377,-29.47489],[-51.95461,-29.47344],[-51.9556,-29.47215],[-51.95684,-29.47063],[-51.95657,-29.47055],[-51.96087,-29.47186],[-51.96434,-29.4725],[-51.96764,-29.47329],[-51.96883,-29.47372],[-51.9696,-29.47415],[-51.96979,-29.47426],[-51.9715,-29.47586],[-51.973,-29.47698],[-51.97395,-29.47787],[-51.97487,-29.4793],[-51.97491,-29.4794],[-51.9667,-29.48167],[-51.96802,-29.48305],[-51.96492,-29.48395]]]},"properties":{"CD_MUN":"4307807","NM_MUN":"Estrela","CD_BAIRRO":"4307807004","NM_BAIRRO":"Indústrias","pessoas":"3646","domicilios":"1470","dom_ocupados":"1376","media_moradores":"2,6","area_km2":2.246950063230868,"dens_hab_km2":1622.6}},
{"type":"Feature","geometry":{"type":"Polygon","coordinates":[[[-51.95499,-29.51815],[-51.95602,-29.51759],[-51.96021,-29.51518],[-51.96066,-29.51455],[-51.96164,-29.51429],[-51.96199,-29.51482],[-51.9631,-29.51607],[-51.96376,-29.51764],[-51.9641,-29.51871],[-51.96426,-29.51981],[-51.96415,-29.52122],[-51.96427,-29.52183],[-51.96493,-29.52312],[-51.96136,-29.5251],[-51.95662,-29.52781],[-51.95165,-29.51996],[-51.95499,-29.51815]]]},"properties":{"CD_MUN":"4307807","NM_MUN":"Estrela","CD_BAIRRO":"4307807011","NM_BAIRRO":"Auxiliadora","pessoas":"1114","domicilios":"465","dom_ocupados":"423","media_moradores":"2,6","area_km2":1.0857087226945343,"dens_hab_km2":1026.1}},
{"type":"Feature","geometry":{"type":"Polygon","coordinates":[[[-51.97329,-29.50368],[-51.975,-29.50507],[-51.97742,-29.50722],[-51.97941,-29.5093],[-51.98067,-29.51055],[-51.98175,-29.51174],[-51.98208,-29.51231],[-51.98213,-29.51294],[-51.98196,-29.51357],[-51.98158,-29.51434],[-51.98102,-29.51517],[-51.97803,-29.51692],[-51.97818,-29.5159],[-51.97788,-29.5143],[-51.97691,-29.5148],[-51.97309,-29.50958],[-51.97128,-29.50715],[-51.96933,-29.5043],[-51.97109,-29.50416],[-51.97206,-29.50415],[-51.97329,-29.50368]]]},"properties":{"CD_MUN":"4307807","NM_MUN":"Estrela","CD_BAIRRO":"4307807013","NM_BAIRRO":"Chacrinha","pessoas":"188","domicilios":"71","dom_ocupados":"62","media_moradores":"3,0","area_km2":0.7369361026700919,"dens_hab_km2":255.1}},
{"type":"Feature","geometry":{"type":"Polygon","coordinates":[[[-51.95285,-29.48905],[-51.95222,-29.49024],[-51.95198,-29.49096],[-51.95095,-29.49484],[-51.95078,-29.49577],[-51.95053,-29.49802],[-51.95037,-29.49871],[-51.94988,-29.49977],[-51.9493,-29.50058],[-51.94862,-29.50127],[-51.94791,-29.50178],[-51.94628,-29.50269],[-51.94545,-29.5034],[-51.94471,-29.50426],[-51.94278,-29.5071],[-51.94229,-29.50811],[-51.94118,-29.51145],[-51.94091,-29.51241],[-51.94014,-29.51158],[-51.9391,-29.5086],[-51.9398,-29.5084],[-51.93406,-29.49182],[-51.94604,-29.48859],[-51.94875,-29.48794],[-51.95092,-29.48747],[-51.95111,-29.48738],[-51.95285,-29.48905]]]},"properties":{"CD_MUN":"4307807","NM_MUN":"Estrela","CD_BAIRRO":"4307807008","NM_BAIRRO":"Pinheiros","pessoas":"2307","domicilios":"920","dom_ocupados":"845","media_moradores":"2,7","area_km2":2.519884249111737,"dens_hab_km2":915.5}},
{"type":"Feature","geometry":{"type":"Polygon","coordinates":[[[-51.96148,-29.50315],[-51.96062,-29.50312],[-51.95871,-29.50284],[-51.95749,-29.50287],[-51.95693,-29.50329],[-51.95672,-29.50366],[-51.95674,-29.50431],[-51.95715,-29.50498],[-51.95802,-29.50562],[-51.95798,-29.50596],[-51.95714,-29.50641],[-51.95693,-29.50684],[-51.95699,-29.50804],[-51.95671,-29.50838],[-51.9535,-29.51007],[-51.95295,-29.51021],[-51.95185,-29.51019],[-51.95142,-29.51045],[-51.95152,-29.51076],[-51.95267,-29.51164],[-51.95502,-29.51373],[-51.95536,-29.5142],[-51.95541,-29.51475],[-51.95467,-29.51533],[-51.95386,-29.51543],[-51.95329,-29.51568],[-51.95284,-29.51616],[-51.95147,-29.51827],[-51.95122,-29.51852],[-51.95068,-29.51857],[-51.95049,-29.51792],[-51.95109,-29.51746],[-51.95095,-29.51703],[-51.94899,-29.51497],[-51.94783,-29.51432],[-51.94735,-29.51354],[-51.94718,-29.51255],[-51.94648,-29.51226],[-51.94591,-29.51107],[-51.94512,-29.5111],[-51.94468,-29.51137],[-51.9434,-29.51147],[-51.94265,-29.51213],[-51.94181,-29.51255],[-51.94091,-29.51241],[-51.94118,-29.51145],[-51.94229,-29.50811],[-51.94278,-29.5071],[-51.94471,-29.50426],[-51.94545,-29.5034],[-51.94628,-29.50269],[-51.94791,-29.50178],[-51.94862,-29.50127],[-51.9493,-29.50058],[-51.94988,-29.49977],[-51.95037,-29.49871],[-51.95053,-29.49802],[-51.95078,-29.49577],[-51.95095,-29.49484],[-51.95198,-29.49096],[-51.95222,-29.49024],[-51.95285,-29.48905],[-51.9531,-29.4895],[-51.95366,-29.49136],[-51.95399,-29.49192],[-51.95531,-29.4938],[-51.95565,-29.4942],[-51.95591,-29.49472],[-51.95608,-29.49582],[-51.95679,-29.49686],[-51.95806,-29.4982],[-51.95819,-29.49916],[-51.95758,-29.49952],[-51.95756,-29.49986],[-51.95792,-29.50026],[-51.95864,-29.50052],[-51.95995,-29.50067],[-51.96064,-29.50134],[-51.96113,-29.50151],[-51.96266,-29.50132],[-51.96324,-29.50216],[-51.96331,-29.5025],[-51.9628,-29.50295],[-51.96148,-29.50315]]]},"properties":{"CD_MUN":"4307807","NM_MUN":"Estrela","CD_BAIRRO":"4307807009","NM_BAIRRO":"Imigrantes","pessoas":"2435","domicilios":"1089","dom_ocupados":"922","media_moradores":"2,6","area_km2":2.482171098698576,"dens_hab_km2":981}},
{"type":"Feature","geometry":{"type":"Polygon","coordinates":[[[-51.9775,-29.48555],[-51.97804,-29.48709],[-51.97813,-29.48818],[-51.97764,-29.48946],[-51.97688,-29.49051],[-51.97473,-29.49224],[-51.97232,-29.49409],[-51.97143,-29.49508],[-51.96959,-29.49643],[-51.96931,-29.49674],[-51.96914,-29.49717],[-51.96919,-29.49702],[-51.96721,-29.49644],[-51.96674,-29.49607],[-51.96663,-29.49519],[-51.96685,-29.49313],[-51.96686,-29.49132],[-51.96692,-29.49068],[-51.96737,-29.48973],[-51.96731,-29.48927],[-51.96679,-29.4887],[-51.96666,-29.48786],[-51.96633,-29.48711],[-51.9656,-29.48603],[-51.96534,-29.48503],[-51.96492,-29.48395],[-51.96802,-29.48305],[-51.9667,-29.48167],[-51.97491,-29.4794],[-51.97487,-29.4793],[-51.97582,-29.48133],[-51.97663,-29.48376],[-51.9775,-29.48555]]]},"properties":{"CD_MUN":"4307807","NM_MUN":"Estrela","CD_BAIRRO":"4307807003","NM_BAIRRO":"Moinhos","pessoas":"1739","domicilios":"652","dom_ocupados":"580","media_moradores":"3,0","area_km2":1.561661437317706,"dens_hab_km2":1113.6}},
{"type":"Feature","geometry":{"type":"Polygon","coordinates":[[[-51.94753,-29.47178],[-51.9473,-29.47119],[-51.94717,-29.46986],[-51.94693,-29.4695],[-51.94889,-29.46727],[-51.94812,-29.46668],[-51.9496,-29.46782],[-51.95128,-29.4688],[-51.95564,-29.47024],[-51.95657,-29.47055],[-51.95684,-29.47063],[-51.9556,-29.47215],[-51.95461,-29.47344],[-51.95377,-29.47489],[-51.953,-29.47538],[-51.95233,-29.47537],[-51.95218,-29.47515],[-51.95209,-29.47393],[-51.95157,-29.47305],[-51.95073,-29.47237],[-51.94969,-29.47187],[-51.94848,-29.47158],[-51.94753,-29.47178]]]},"properties":{"CD_MUN":"4307807","NM_MUN":"Estrela","CD_BAIRRO":"4307807005","NM_BAIRRO":"São José","pessoas":"198","domicilios":"84","dom_ocupados":"75","media_moradores":"2,6","area_km2":0.3898943390982929,"dens_hab_km2":507.8}},
{"type":"Feature","geometry":{"type":"Polygon","coordinates":[[[-51.95756,-29.48691],[-51.95907,-29.48813],[-51.95946,-29.48882],[-51.95987,-29.49032],[-51.96035,-29.4918],[-51.96092,-29.49283],[-51.95991,-29.49302],[-51.95565,-29.4942],[-51.95531,-29.4938],[-51.95399,-29.49192],[-51.95366,-29.49136],[-51.9531,-29.4895],[-51.95285,-29.48905],[-51.95412,-29.48714],[-51.9545,-29.48637],[-51.95479,-29.48481],[-51.95551,-29.48529],[-51.95756,-29.48691]]]},"properties":{"CD_MUN":"4307807","NM_MUN":"Estrela","CD_BAIRRO":"4307807007","NM_BAIRRO":"dos Estados","pessoas":"1016","domicilios":"463","dom_ocupados":"407","media_moradores":"2,5","area_km2":0.46488897285588543,"dens_hab_km2":2185.5}},
{"type":"Feature","geometry":{"type":"Polygon","coordinates":[[[-51.96774,-29.50449],[-51.96819,-29.50782],[-51.96665,-29.50817],[-51.9656,-29.50863],[-51.96456,-29.50945],[-51.96635,-29.51178],[-51.96299,-29.5137],[-51.96164,-29.51429],[-51.96066,-29.51455],[-51.96021,-29.51518],[-51.95602,-29.51759],[-51.95499,-29.51815],[-51.95386,-29.51543],[-51.95467,-29.51533],[-51.95541,-29.51475],[-51.95536,-29.5142],[-51.95502,-29.51373],[-51.95267,-29.51164],[-51.95152,-29.51076],[-51.95142,-29.51045],[-51.95185,-29.51019],[-51.95295,-29.51021],[-51.9535,-29.51007],[-51.95671,-29.50838],[-51.95699,-29.50804],[-51.95693,-29.50684],[-51.95714,-29.50641],[-51.95798,-29.50596],[-51.95802,-29.50562],[-51.95715,-29.50498],[-51.95674,-29.50431],[-51.95672,-29.50366],[-51.95693,-29.50329],[-51.95749,-29.50287],[-51.95871,-29.50284],[-51.96062,-29.50312],[-51.96148,-29.50315],[-51.96287,-29.50501],[-51.96434,-29.50419],[-51.9643,-29.5039],[-51.96689,-29.50439],[-51.96774,-29.50449]]]},"properties":{"CD_MUN":"4307807","NM_MUN":"Estrela","CD_BAIRRO":"4307807010","NM_BAIRRO":"Alto do Bronze","pessoas":"1259","domicilios":"599","dom_ocupados":"490","media_moradores":"2,5","area_km2":1.3864416080138753,"dens_hab_km2":908.1}},
{"type":"Feature","geometry":{"type":"Polygon","coordinates":[[[-51.96991,-29.49866],[-51.9661,-29.49801],[-51.96512,-29.49755],[-51.9631,-29.49594],[-51.96257,-29.49575],[-51.96211,-29.4958],[-51.9614,-29.4964],[-51.95977,-29.49818],[-51.95884,-29.49886],[-51.95819,-29.49916],[-51.95806,-29.4982],[-51.95679,-29.49686],[-51.95608,-29.49582],[-51.95591,-29.49472],[-51.95565,-29.4942],[-51.95991,-29.49302],[-51.96092,-29.49283],[-51.96035,-29.4918],[-51.95987,-29.49032],[-51.95946,-29.48882],[-51.95907,-29.48813],[-51.95756,-29.48691],[-51.95708,-29.48619],[-51.96046,-29.48526],[-51.96492,-29.48395],[-51.96534,-29.48503],[-51.9656,-29.48603],[-51.96633,-29.48711],[-51.96666,-29.48786],[-51.96679,-29.4887],[-51.96731,-29.48927],[-51.96737,-29.48973],[-51.96692,-29.49068],[-51.96686,-29.49132],[-51.96685,-29.49313],[-51.96663,-29.49519],[-51.96674,-29.49607],[-51.96721,-29.49644],[-51.96919,-29.49702],[-51.96914,-29.49717],[-51.96939,-29.49788],[-51.96991,-29.49866]]]},"properties":{"CD_MUN":"4307807","NM_MUN":"Estrela","CD_BAIRRO":"4307807002","NM_BAIRRO":"Oriental","pessoas":"2644","domicilios":"1254","dom_ocupados":"1082","media_moradores":"2,4","area_km2":1.1577175878877581,"dens_hab_km2":2283.8}},
{"type":"Feature","geometry":{"type":"Polygon","coordinates":[[[-51.95285,-29.48905],[-51.95111,-29.48738],[-51.95092,-29.48747],[-51.94875,-29.48794],[-51.94604,-29.48859],[-51.93406,-29.49182],[-51.93286,-29.48836],[-51.93519,-29.48774],[-51.93501,-29.48726],[-51.941,-29.4856],[-51.94093,-29.48477],[-51.94065,-29.48412],[-51.93988,-29.4829],[-51.93954,-29.48217],[-51.93956,-29.48149],[-51.94012,-29.47927],[-51.94004,-29.47789],[-51.94065,-29.47782],[-51.94118,-29.47755],[-51.94253,-29.47636],[-51.94391,-29.47522],[-51.94434,-29.47461],[-51.94483,-29.47368],[-51.94533,-29.473],[-51.94653,-29.47219],[-51.94753,-29.47178],[-51.94848,-29.47158],[-51.94969,-29.47187],[-51.95073,-29.47237],[-51.95157,-29.47305],[-51.95209,-29.47393],[-51.95218,-29.47515],[-51.95233,-29.47537],[-51.953,-29.47538],[-51.95344,-29.47829],[-51.95372,-29.47982],[-51.95471,-29.48388],[-51.95479,-29.48481],[-51.9545,-29.48637],[-51.95412,-29.48714],[-51.95285,-29.48905]]]},"properties":{"CD_MUN":"4307807","NM_MUN":"Estrela","CD_BAIRRO":"4307807006","NM_BAIRRO":"Boa União","pessoas":"4060","domicilios":"1723","dom_ocupados":"1577","media_moradores":"2,6","area_km2":2.4723186726605206,"dens_hab_km2":1642.2}},
{"type":"Feature","geometry":{"type":"Polygon","coordinates":[[[-51.96164,-29.51429],[-51.96299,-29.5137],[-51.96635,-29.51178],[-51.96456,-29.50945],[-51.9656,-29.50863],[-51.96665,-29.50817],[-51.96819,-29.50782],[-51.96774,-29.50449],[-51.96933,-29.5043],[-51.97128,-29.50715],[-51.97309,-29.50958],[-51.97691,-29.5148],[-51.97788,-29.5143],[-51.97818,-29.5159],[-51.97803,-29.51692],[-51.96804,-29.52235],[-51.96795,-29.52145],[-51.96493,-29.52312],[-51.96427,-29.52183],[-51.96415,-29.52122],[-51.96426,-29.51981],[-51.9641,-29.51871],[-51.96376,-29.51764],[-51.9631,-29.51607],[-51.96199,-29.51482],[-51.96164,-29.51429]]]},"properties":{"CD_MUN":"4307807","NM_MUN":"Estrela","CD_BAIRRO":"4307807012","NM_BAIRRO":"Cristo Rei","pessoas":"1903","domicilios":"769","dom_ocupados":"710","media_moradores":"2,6","area_km2":1.6849118914360155,"dens_hab_km2":1129.4}},
{"type":"Feature","geometry":{"type":"Polygon","coordinates":[[[-51.97119,-29.473],[-51.97127,-29.4723],[-51.97157,-29.47163],[-51.97121,-29.47091],[-51.97076,-29.47057],[-51.97069,-29.47023],[-51.97105,-29.46907],[-51.97056,-29.46818],[-51.96975,-29.46755],[-51.96875,-29.46714],[-51.96863,-29.46682],[-51.96893,-29.46618],[-51.96975,-29.46579],[-51.9701,-29.46478],[-51.97081,-29.46435],[-51.97114,-29.46398],[-51.97282,-29.46323],[-51.97228,-29.45876],[-51.97962,-29.4581],[-51.97892,-29.45177],[-51.97956,-29.45151],[-51.98064,-29.45233],[-51.98343,-29.45514],[-51.98481,-29.45633],[-51.98566,-29.45694],[-51.98966,-29.46002],[-51.99053,-29.46077],[-51.99162,-29.46189],[-51.99349,-29.464],[-51.99218,-29.46457],[-51.99129,-29.46514],[-51.9908,-29.46614],[-51.99083,-29.46666],[-51.98996,-29.4674],[-51.98967,-29.46736],[-51.98901,-29.46658],[-51.98691,-29.46651],[-51.98675,-29.46693],[-51.98763,-29.4684],[-51.98773,-29.46927],[-51.98751,-29.46966],[-51.98715,-29.46976],[-51.98646,-29.46909],[-51.986,-29.46903],[-51.98528,-29.46928],[-51.98492,-29.46915],[-51.98448,-29.46862],[-51.98395,-29.46694],[-51.9834,-29.46616],[-51.9827,-29.46611],[-51.98159,-29.46685],[-51.9816,-29.46799],[-51.9814,-29.46905],[-51.98098,-29.4695],[-51.98039,-29.46982],[-51.97973,-29.46944],[-51.9794,-29.46882],[-51.97896,-29.46844],[-51.97856,-29.46837],[-51.9775,-29.46873],[-51.97703,-29.4691],[-51.97688,-29.47022],[-51.9769,-29.47182],[-51.97622,-29.47236],[-51.97583,-29.47315],[-51.97551,-29.47353],[-51.97461,-29.47371],[-51.9733,-29.47343],[-51.97204,-29.47327],[-51.97119,-29.473]]]},"properties":{"CD_MUN":"4311403","NM_MUN":"Lajeado","CD_BAIRRO":"4311403003","NM_BAIRRO":"Moinhos","pessoas":"6080","domicilios":"3034","dom_ocupados":"2605","media_moradores":"2,3","area_km2":2.6684119580422054,"dens_hab_km2":2278.5}},
{"type":"Feature","geometry":{"type":"Polygon","coordinates":[[[-51.96825,-29.45067],[-51.96734,-29.45119],[-51.96374,-29.45283],[-51.96127,-29.45401],[-51.96038,-29.4526],[-51.9597,-29.45293],[-51.95759,-29.44967],[-51.95666,-29.44814],[-51.95631,-29.448],[-51.95319,-29.44719],[-51.95609,-29.44577],[-51.95667,-29.44592],[-51.96055,-29.44404],[-51.95975,-29.44356],[-51.95956,-29.44319],[-51.95941,-29.44209],[-51.95924,-29.44166],[-51.95839,-29.44006],[-51.95818,-29.43893],[-51.96256,-29.43844],[-51.96985,-29.43763],[-51.97082,-29.44188],[-51.97102,-29.44284],[-51.97138,-29.44401],[-51.97176,-29.44471],[-51.97298,-29.44626],[-51.97389,-29.44725],[-51.97243,-29.44807],[-51.96976,-29.44977],[-51.96825,-29.45067]]]},"properties":{"CD_MUN":"4311403","NM_MUN":"Lajeado","CD_BAIRRO":"4311403002","NM_BAIRRO":"São Cristóvão","pessoas":"6734","domicilios":"3571","dom_ocupados":"2983","media_moradores":"2,2","area_km2":1.975762554048392,"dens_hab_km2":3408.3}},
{"type":"Feature","geometry":{"type":"Polygon","coordinates":[[[-51.98496,-29.41204],[-51.98561,-29.41422],[-51.98589,-29.41533],[-51.98618,-29.41565],[-51.98686,-29.41594],[-51.98682,-29.41664],[-51.98705,-29.41783],[-51.98699,-29.41831],[-51.98657,-29.41935],[-51.98651,-29.41999],[-51.98688,-29.42129],[-51.98761,-29.42592],[-51.9884,-29.43109],[-51.98917,-29.43593],[-51.98433,-29.43638],[-51.98251,-29.43651],[-51.98181,-29.43618],[-51.98059,-29.43616],[-51.9802,-29.43605],[-51.97991,-29.43541],[-51.97938,-29.43513],[-51.97803,-29.42327],[-51.97906,-29.42315],[-51.98421,-29.42077],[-51.984,-29.4202],[-51.9846,-29.41922],[-51.98568,-29.41795],[-51.98575,-29.41752],[-51.98544,-29.41683],[-51.98429,-29.41548],[-51.98238,-29.41436],[-51.9807,-29.41354],[-51.97965,-29.41324],[-51.97919,-29.41259],[-51.97924,-29.41165],[-51.97981,-29.41107],[-51.98115,-29.41083],[-51.98277,-29.41119],[-51.98402,-29.41181],[-51.98496,-29.41204]]]},"properties":{"CD_MUN":"4311403","NM_MUN":"Lajeado","CD_BAIRRO":"4311403025","NM_BAIRRO":"Planalto","pessoas":"1635","domicilios":"668","dom_ocupados":"571","media_moradores":"2,9","area_km2":1.7647509469642615,"dens_hab_km2":926.5}},
{"type":"Feature","geometry":{"type":"Polygon","coordinates":[[[-52.00589,-29.4625],[-52.00521,-29.46181],[-52.00457,-29.46159],[-52.00441,-29.46133],[-52.00433,-29.46059],[-52.00472,-29.45959],[-52.00503,-29.45916],[-52.00559,-29.45899],[-52.00659,-29.45905],[-52.00787,-29.45861],[-52.00845,-29.45874],[-52.00968,-29.45989],[-52.01032,-29.46002],[-52.01149,-29.45969],[-52.01184,-29.4597],[-52.0127,-29.46014],[-52.01317,-29.45998],[-52.01317,-29.45921],[-52.01261,-29.45853],[-52.01206,-29.45816],[-52.01195,-29.45746],[-52.01242,-29.45692],[-52.01275,-29.45678],[-52.01421,-29.45672],[-52.01442,-29.45696],[-52.01487,-29.45814],[-52.01536,-29.45822],[-52.01524,-29.45732],[-52.01532,-29.45649],[-52.01656,-29.45488],[-52.01712,-29.4548],[-52.01814,-29.45558],[-52.01845,-29.45552],[-52.01849,-29.4543],[-52.0186,-29.45384],[-52.01908,-29.45288],[-52.01944,-29.45251],[-52.01962,-29.45197],[-52.02015,-29.45189],[-52.02062,-29.45234],[-52.02108,-29.45251],[-52.02186,-29.45246],[-52.02256,-29.45272],[-52.02395,-29.4539],[-52.02434,-29.45402],[-52.02474,-29.45381],[-52.02481,-29.45326],[-52.02514,-29.45286],[-52.02485,-29.45221],[-52.02484,-29.45162],[-52.02505,-29.45127],[-52.02566,-29.45114],[-52.02593,-29.45083],[-52.02556,-29.4504],[-52.02534,-29.44935],[-52.02517,-29.44904],[-52.0243,-29.44871],[-52.02395,-29.44815],[-52.0239,-29.44724],[-52.02725,-29.44686],[-52.03341,-29.44609],[-52.0375,-29.44564],[-52.04172,-29.4452],[-52.04187,-29.45127],[-52.04284,-29.45201],[-52.04314,-29.45333],[-52.04328,-29.45474],[-52.04409,-29.4555],[-52.04424,-29.45689],[-52.04417,-29.45906],[-52.04434,-29.45998],[-52.04463,-29.46084],[-52.04486,-29.46208],[-52.04487,-29.46311],[-52.04548,-29.46384],[-52.0456,-29.46442],[-52.04606,-29.46555],[-52.04668,-29.46657],[-52.04717,-29.46835],[-52.04786,-29.46934],[-52.04296,-29.47065],[-52.03391,-29.47299],[-52.03127,-29.47368],[-52.02595,-29.475],[-52.02532,-29.47481],[-52.02491,-29.47504],[-52.02441,-29.47502],[-52.02331,-29.47477],[-52.02302,-29.47449],[-52.02305,-29.47393],[-52.02187,-29.47279],[-52.02084,-29.47232],[-52.02034,-29.47166],[-52.01984,-29.47061],[-52.0196,-29.47038],[-52.01796,-29.4693],[-52.01659,-29.46867],[-52.01589,-29.46801],[-52.01535,-29.46713],[-52.01445,-29.46608],[-52.01403,-29.46608],[-52.01363,-29.46578],[-52.01279,-29.46462],[-52.01195,-29.46453],[-52.0113,-29.46401],[-52.01072,-29.46387],[-52.00985,-29.46425],[-52.00948,-29.46417],[-52.00827,-29.4624],[-52.00799,-29.46212],[-52.00728,-29.46203],[-52.00589,-29.4625]]]},"properties":{"CD_MUN":"4311403","NM_MUN":"Lajeado","CD_BAIRRO":"4311403015","NM_BAIRRO":"São Bento","pessoas":"3415","domicilios":"1438","dom_ocupados":"1287","media_moradores":"2,7","area_km2":7.938281642692066,"dens_hab_km2":430.2}},
{"type":"Feature","geometry":{"type":"Polygon","coordinates":[[[-51.96985,-29.43763],[-51.96256,-29.43844],[-51.95818,-29.43893],[-51.95839,-29.44006],[-51.95924,-29.44166],[-51.95941,-29.44209],[-51.95956,-29.44319],[-51.95975,-29.44356],[-51.96055,-29.44404],[-51.95667,-29.44592],[-51.95609,-29.44577],[-51.95319,-29.44719],[-51.95167,-29.44793],[-51.94938,-29.4442],[-51.94612,-29.43874],[-51.94638,-29.4381],[-51.94618,-29.43743],[-51.94648,-29.43678],[-51.94677,-29.43562],[-51.94715,-29.43528],[-51.94849,-29.43488],[-51.95049,-29.43419],[-51.94976,-29.42717],[-51.95239,-29.42566],[-51.95384,-29.42473],[-51.95515,-29.42341],[-51.95571,-29.42159],[-51.95719,-29.42122],[-51.95887,-29.42097],[-51.96058,-29.42061],[-51.96218,-29.42061],[-51.96411,-29.42102],[-51.96603,-29.42151],[-51.96708,-29.42548],[-51.96792,-29.42908],[-51.96985,-29.43763]]]},"properties":{"CD_MUN":"4311403","NM_MUN":"Lajeado","CD_BAIRRO":"4311403005","NM_BAIRRO":"Universitário","pessoas":"6724","domicilios":"3770","dom_ocupados":"2813","media_moradores":"2,4","area_km2":4.150027264788897,"dens_hab_km2":1620.2}},
{"type":"Feature","geometry":{"type":"Polygon","coordinates":[[[-51.99816,-29.48557],[-51.99875,-29.48663],[-51.99964,-29.4894],[-52.00053,-29.49057],[-52.00086,-29.49126],[-51.99722,-29.49212],[-51.99101,-29.49362],[-51.98978,-29.49336],[-51.98896,-29.49328],[-51.9879,-29.49352],[-51.98721,-29.49357],[-51.98678,-29.4929],[-51.98711,-29.49239],[-51.98696,-29.49149],[-51.98709,-29.49133],[-51.98896,-29.49081],[-51.99031,-29.49117],[-51.9914,-29.49079],[-51.99203,-29.48917],[-51.99292,-29.48798],[-51.99378,-29.48728],[-51.99684,-29.48659],[-51.99732,-29.48641],[-51.99816,-29.48557]]]},"properties":{"CD_MUN":"4311403","NM_MUN":"Lajeado","CD_BAIRRO":"4311403027","NM_BAIRRO":"das Nações","pessoas":"595","domicilios":"231","dom_ocupados":"207","media_moradores":"2,9","area_km2":0.588731577739813,"dens_hab_km2":1010.6}},
{"type":"Feature","geometry":{"type":"Polygon","coordinates":[[[-51.96298,-29.45997],[-51.96415,-29.46078],[-51.96483,-29.45964],[-51.96514,-29.45974],[-51.96589,-29.45891],[-51.96663,-29.45853],[-51.96745,-29.45849],[-51.96738,-29.45781],[-51.96951,-29.45765],[-51.96992,-29.45763],[-51.97088,-29.45785],[-51.97201,-29.45832],[-51.97228,-29.45876],[-51.97282,-29.46323],[-51.97114,-29.46398],[-51.97081,-29.46435],[-51.9701,-29.46478],[-51.96975,-29.46579],[-51.96893,-29.46618],[-51.96863,-29.46682],[-51.96875,-29.46714],[-51.96975,-29.46755],[-51.97056,-29.46818],[-51.97105,-29.46907],[-51.97069,-29.47023],[-51.97076,-29.47057],[-51.97121,-29.47091],[-51.97157,-29.47163],[-51.97127,-29.4723],[-51.97119,-29.473],[-51.9696,-29.47415],[-51.96883,-29.47372],[-51.96764,-29.47329],[-51.96434,-29.4725],[-51.96087,-29.47186],[-51.95657,-29.47055],[-51.95564,-29.47024],[-51.95693,-29.46927],[-51.95836,-29.4685],[-51.95964,-29.46765],[-51.96006,-29.4672],[-51.96165,-29.46359],[-51.96165,-29.46295],[-51.96117,-29.46178],[-51.9613,-29.46146],[-51.96244,-29.46077],[-51.96298,-29.45997]]]},"properties":{"CD_MUN":"4311403","NM_MUN":"Lajeado","CD_BAIRRO":"4311403001","NM_BAIRRO":"Centro","pessoas":"6380","domicilios":"4134","dom_ocupados":"3185","media_moradores":"2,0","area_km2":1.661292028785611,"dens_hab_km2":3840.4}},
{"type":"Feature","geometry":{"type":"Polygon","coordinates":[[[-52.02595,-29.475],[-52.02091,-29.47633],[-52.01743,-29.4772],[-52.01317,-29.4783],[-51.99805,-29.48195],[-51.99699,-29.47921],[-51.99651,-29.47936],[-51.99629,-29.47876],[-51.99607,-29.47756],[-51.99612,-29.47626],[-51.9966,-29.47334],[-51.99642,-29.47207],[-51.99556,-29.4704],[-51.99534,-29.4692],[-51.99526,-29.46751],[-51.99499,-29.46628],[-51.99422,-29.46484],[-51.99349,-29.464],[-51.99475,-29.46426],[-51.99578,-29.46422],[-51.99808,-29.46379],[-51.99897,-29.46388],[-52.00022,-29.46476],[-52.00142,-29.46537],[-52.00296,-29.4654],[-52.00364,-29.46508],[-52.00403,-29.46429],[-52.0047,-29.46391],[-52.00508,-29.46347],[-52.00518,-29.46301],[-52.00589,-29.4625],[-52.00728,-29.46203],[-52.00799,-29.46212],[-52.00827,-29.4624],[-52.00948,-29.46417],[-52.00985,-29.46425],[-52.01072,-29.46387],[-52.0113,-29.46401],[-52.01195,-29.46453],[-52.01279,-29.46462],[-52.01363,-29.46578],[-52.01403,-29.46608],[-52.01445,-29.46608],[-52.01535,-29.46713],[-52.01589,-29.46801],[-52.01659,-29.46867],[-52.01796,-29.4693],[-52.0196,-29.47038],[-52.01984,-29.47061],[-52.02034,-29.47166],[-52.02084,-29.47232],[-52.02187,-29.47279],[-52.02305,-29.47393],[-52.02302,-29.47449],[-52.02331,-29.47477],[-52.02441,-29.47502],[-52.02491,-29.47504],[-52.02532,-29.47481],[-52.02595,-29.475]]]},"properties":{"CD_MUN":"4311403","NM_MUN":"Lajeado","CD_BAIRRO":"4311403016","NM_BAIRRO":"Floresta","pessoas":"1544","domicilios":"700","dom_ocupados":"640","media_moradores":"2,4","area_km2":3.8316205473177796,"dens_hab_km2":403}},
{"type":"Feature","geometry":{"type":"Polygon","coordinates":[[[-51.98678,-29.4929],[-51.98516,-29.49283],[-51.98218,-29.4936],[-51.97313,-29.49573],[-51.96931,-29.49674],[-51.96959,-29.49643],[-51.97143,-29.49508],[-51.97232,-29.49409],[-51.97473,-29.49224],[-51.97688,-29.49051],[-51.97764,-29.48946],[-51.97813,-29.48818],[-51.98429,-29.48827],[-51.98493,-29.48856],[-51.98522,-29.4891],[-51.98586,-29.48965],[-51.9878,-29.49009],[-51.98896,-29.49081],[-51.98709,-29.49133],[-51.98696,-29.49149],[-51.98711,-29.49239],[-51.98678,-29.4929]]]},"properties":{"CD_MUN":"4311403","NM_MUN":"Lajeado","CD_BAIRRO":"4311403018","NM_BAIRRO":"Morro Vinte e Cinco","pessoas":"1123","domicilios":"444","dom_ocupados":"394","media_moradores":"2,8","area_km2":0.7410154123488707,"dens_hab_km2":1515.5}},
{"type":"Feature","geometry":{"type":"Polygon","coordinates":[[[-51.96951,-29.45765],[-51.96892,-29.45187],[-51.96881,-29.45118],[-51.96825,-29.45067],[-51.96976,-29.44977],[-51.97243,-29.44807],[-51.97389,-29.44725],[-51.97511,-29.44866],[-51.97626,-29.44965],[-51.97684,-29.45006],[-51.97956,-29.45151],[-51.97892,-29.45177],[-51.97962,-29.4581],[-51.97228,-29.45876],[-51.97201,-29.45832],[-51.97088,-29.45785],[-51.96992,-29.45763],[-51.96951,-29.45765]]]},"properties":{"CD_MUN":"4311403","NM_MUN":"Lajeado","CD_BAIRRO":"4311403007","NM_BAIRRO":"Florestal","pessoas":"5595","domicilios":"3016","dom_ocupados":"2553","media_moradores":"2,1","area_km2":0.9915016441500928,"dens_hab_km2":5643}},
{"type":"Feature","geometry":{"type":"Polygon","coordinates":[[[-51.99651,-29.47936],[-51.99367,-29.48019],[-51.99407,-29.4812],[-51.98283,-29.48415],[-51.98086,-29.47893],[-51.98267,-29.47839],[-51.9821,-29.47794],[-51.97856,-29.46837],[-51.97896,-29.46844],[-51.9794,-29.46882],[-51.97973,-29.46944],[-51.98039,-29.46982],[-51.98098,-29.4695],[-51.9814,-29.46905],[-51.9816,-29.46799],[-51.98159,-29.46685],[-51.9827,-29.46611],[-51.9834,-29.46616],[-51.98395,-29.46694],[-51.98448,-29.46862],[-51.98492,-29.46915],[-51.98528,-29.46928],[-51.986,-29.46903],[-51.98646,-29.46909],[-51.98715,-29.46976],[-51.98751,-29.46966],[-51.98773,-29.46927],[-51.98763,-29.4684],[-51.98675,-29.46693],[-51.98691,-29.46651],[-51.98901,-29.46658],[-51.98967,-29.46736],[-51.98996,-29.4674],[-51.99083,-29.46666],[-51.9908,-29.46614],[-51.99129,-29.46514],[-51.99218,-29.46457],[-51.99349,-29.464],[-51.99422,-29.46484],[-51.99499,-29.46628],[-51.99526,-29.46751],[-51.99534,-29.4692],[-51.99556,-29.4704],[-51.99642,-29.47207],[-51.9966,-29.47334],[-51.99612,-29.47626],[-51.99607,-29.47756],[-51.99629,-29.47876],[-51.99651,-29.47936]]]},"properties":{"CD_MUN":"4311403","NM_MUN":"Lajeado","CD_BAIRRO":"4311403009","NM_BAIRRO":"Jardim do Cedro","pessoas":"7013","domicilios":"2825","dom_ocupados":"2599","media_moradores":"2,7","area_km2":2.5218486963853763,"dens_hab_km2":2780.9}},
{"type":"Feature","geometry":{"type":"Polygon","coordinates":[[[-52.04172,-29.4452],[-52.0375,-29.44564],[-52.03341,-29.44609],[-52.02725,-29.44686],[-52.0239,-29.44724],[-52.02239,-29.44741],[-52.01813,-29.44777],[-52.01375,-29.44809],[-52.01339,-29.44536],[-52.01314,-29.4445],[-52.01247,-29.43929],[-52.01168,-29.4336],[-52.01143,-29.43196],[-52.01295,-29.43118],[-52.01405,-29.43054],[-52.01664,-29.42881],[-52.01743,-29.4282],[-52.01873,-29.42706],[-52.0194,-29.42636],[-52.02026,-29.42525],[-52.02122,-29.42354],[-52.02245,-29.42091],[-52.02428,-29.41758],[-52.02468,-29.41668],[-52.02517,-29.41485],[-52.02551,-29.41389],[-52.02623,-29.41277],[-52.02793,-29.41125],[-52.02859,-29.4116],[-52.02914,-29.41172],[-52.03012,-29.41155],[-52.03096,-29.41071],[-52.03153,-29.40997],[-52.03217,-29.40933],[-52.03367,-29.40943],[-52.03469,-29.40964],[-52.03574,-29.40931],[-52.03688,-29.40875],[-52.03801,-29.40871],[-52.039,-29.40903],[-52.03944,-29.40931],[-52.04067,-29.41055],[-52.04162,-29.41173],[-52.04208,-29.41196],[-52.04431,-29.41206],[-52.04451,-29.41302],[-52.04441,-29.41329],[-52.04387,-29.41347],[-52.04433,-29.41404],[-52.0444,-29.41453],[-52.04507,-29.41493],[-52.04855,-29.41464],[-52.05219,-29.41422],[-52.0543,-29.41395],[-52.05667,-29.41373],[-52.05701,-29.4166],[-52.05747,-29.41928],[-52.0576,-29.42033],[-52.05804,-29.42294],[-52.05812,-29.42372],[-52.05804,-29.42486],[-52.05835,-29.42587],[-52.06022,-29.42614],[-52.06154,-29.42623],[-52.06245,-29.42614],[-52.06261,-29.42625],[-52.06229,-29.42692],[-52.06135,-29.42761],[-52.06118,-29.42854],[-52.06043,-29.42979],[-52.06038,-29.43054],[-52.06188,-29.43076],[-52.06291,-29.43044],[-52.06363,-29.43095],[-52.06364,-29.43152],[-52.06329,-29.43291],[-52.06342,-29.43318],[-52.06448,-29.43379],[-52.06634,-29.4358],[-52.06675,-29.43581],[-52.06723,-29.43553],[-52.06754,-29.43458],[-52.0682,-29.43403],[-52.06872,-29.43326],[-52.06848,-29.43288],[-52.06804,-29.43274],[-52.06746,-29.43285],[-52.0673,-29.43239],[-52.06748,-29.43215],[-52.06852,-29.43206],[-52.06865,-29.43191],[-52.07005,-29.44193],[-52.04172,-29.4452]]]},"properties":{"CD_MUN":"4311403","NM_MUN":"Lajeado","CD_BAIRRO":"4311403021","NM_BAIRRO":"Conventos","pessoas":"7542","domicilios":"3315","dom_ocupados":"2907","media_moradores":"2,6","area_km2":16.02172329119856,"dens_hab_km2":470.7}},
{"type":"Feature","geometry":{"type":"Polygon","coordinates":[[[-51.96951,-29.45765],[-51.96738,-29.45781],[-51.96745,-29.45849],[-51.96663,-29.45853],[-51.96589,-29.45891],[-51.96514,-29.45974],[-51.96483,-29.45964],[-51.96415,-29.46078],[-51.96298,-29.45997],[-51.96307,-29.45964],[-51.96234,-29.45896],[-51.96203,-29.45792],[-51.96177,-29.45747],[-51.96122,-29.45698],[-51.96113,-29.45618],[-51.9604,-29.45539],[-51.96049,-29.45437],[-51.96127,-29.45401],[-51.96374,-29.45283],[-51.96734,-29.45119],[-51.96825,-29.45067],[-51.96881,-29.45118],[-51.96892,-29.45187],[-51.96951,-29.45765]]]},"properties":{"CD_MUN":"4311403","NM_MUN":"Lajeado","CD_BAIRRO":"4311403006","NM_BAIRRO":"Americano","pessoas":"2840","domicilios":"1601","dom_ocupados":"1309","media_moradores":"2,2","area_km2":0.5817709128035848,"dens_hab_km2":4881.6}},
{"type":"Feature","geometry":{"type":"Polygon","coordinates":[[[-51.94981,-29.45682],[-51.94721,-29.4526],[-51.95034,-29.45111],[-51.94913,-29.44916],[-51.9517,-29.44798],[-51.95167,-29.44793],[-51.95319,-29.44719],[-51.95631,-29.448],[-51.95666,-29.44814],[-51.95759,-29.44967],[-51.9597,-29.45293],[-51.96038,-29.4526],[-51.96127,-29.45401],[-51.96049,-29.45437],[-51.95915,-29.45504],[-51.95835,-29.45565],[-51.95762,-29.45646],[-51.95692,-29.45783],[-51.95617,-29.46018],[-51.95299,-29.45532],[-51.94981,-29.45682]]]},"properties":{"CD_MUN":"4311403","NM_MUN":"Lajeado","CD_BAIRRO":"4311403012","NM_BAIRRO":"Alto do Parque","pessoas":"1488","domicilios":"602","dom_ocupados":"551","media_moradores":"2,7","area_km2":0.9622539430390353,"dens_hab_km2":1546.4}},
{"type":"Feature","geometry":{"type":"Polygon","coordinates":[[[-51.95167,-29.44793],[-51.9517,-29.44798],[-51.94913,-29.44916],[-51.95034,-29.45111],[-51.94721,-29.4526],[-51.94981,-29.45682],[-51.94481,-29.45915],[-51.94346,-29.45982],[-51.94138,-29.45709],[-51.93965,-29.4546],[-51.93887,-29.45286],[-51.93797,-29.45104],[-51.93643,-29.44942],[-51.93475,-29.44865],[-51.93353,-29.44865],[-51.93147,-29.4492],[-51.92962,-29.44994],[-51.92805,-29.45083],[-51.9254,-29.45339],[-51.92376,-29.45397],[-51.92235,-29.45393],[-51.91994,-29.45321],[-51.91917,-29.45245],[-51.91879,-29.45125],[-51.91904,-29.45017],[-51.92016,-29.44696],[-51.92155,-29.44346],[-51.92225,-29.44093],[-51.92326,-29.43932],[-51.92441,-29.43786],[-51.92588,-29.43651],[-51.92913,-29.43475],[-51.93407,-29.4321],[-51.93782,-29.43033],[-51.94093,-29.4295],[-51.94301,-29.42872],[-51.94585,-29.42815],[-51.94802,-29.42789],[-51.94976,-29.42717],[-51.95049,-29.43419],[-51.94849,-29.43488],[-51.94715,-29.43528],[-51.94677,-29.43562],[-51.94648,-29.43678],[-51.94618,-29.43743],[-51.94638,-29.4381],[-51.94612,-29.43874],[-51.94938,-29.4442],[-51.95167,-29.44793]]]},"properties":{"CD_MUN":"4311403","NM_MUN":"Lajeado","CD_BAIRRO":"4311403004","NM_BAIRRO":"Carneiros","pessoas":"1964","domicilios":"812","dom_ocupados":"732","media_moradores":"2,7","area_km2":6.377197014869383,"dens_hab_km2":308}},
{"type":"Feature","geometry":{"type":"Polygon","coordinates":[[[-51.97856,-29.46837],[-51.9821,-29.47794],[-51.98267,-29.47839],[-51.98086,-29.47893],[-51.98283,-29.48415],[-51.9775,-29.48555],[-51.97663,-29.48376],[-51.97582,-29.48133],[-51.97487,-29.4793],[-51.97395,-29.47787],[-51.973,-29.47698],[-51.9715,-29.47586],[-51.96979,-29.47426],[-51.9696,-29.47415],[-51.97119,-29.473],[-51.97204,-29.47327],[-51.9733,-29.47343],[-51.97461,-29.47371],[-51.97551,-29.47353],[-51.97583,-29.47315],[-51.97622,-29.47236],[-51.9769,-29.47182],[-51.97688,-29.47022],[-51.97703,-29.4691],[-51.9775,-29.46873],[-51.97856,-29.46837]]]},"properties":{"CD_MUN":"4311403","NM_MUN":"Lajeado","CD_BAIRRO":"4311403008","NM_BAIRRO":"Conservas","pessoas":"1885","domicilios":"800","dom_ocupados":"693","media_moradores":"2,7","area_km2":1.0857276511995255,"dens_hab_km2":1736.2}},
{"type":"Feature","geometry":{"type":"Polygon","coordinates":[[[-51.99181,-29.44002],[-51.98938,-29.4408],[-51.98684,-29.44213],[-51.98592,-29.4425],[-51.98353,-29.44334],[-51.97924,-29.44489],[-51.97699,-29.44581],[-51.97633,-29.44187],[-51.97599,-29.43949],[-51.97564,-29.4371],[-51.97957,-29.43677],[-51.97938,-29.43513],[-51.97991,-29.43541],[-51.9802,-29.43605],[-51.98059,-29.43616],[-51.98181,-29.43618],[-51.98251,-29.43651],[-51.98433,-29.43638],[-51.98917,-29.43593],[-51.9884,-29.43109],[-51.99605,-29.4301],[-51.99637,-29.43198],[-51.99628,-29.43204],[-51.99683,-29.4352],[-51.99783,-29.43509],[-51.99915,-29.43509],[-52.00054,-29.43481],[-52.00356,-29.4345],[-52.00429,-29.43457],[-52.00235,-29.43487],[-51.99901,-29.43544],[-51.99842,-29.43562],[-51.99698,-29.43638],[-51.99616,-29.43704],[-51.99471,-29.43858],[-51.99424,-29.43895],[-51.99317,-29.43957],[-51.99181,-29.44002]]]},"properties":{"CD_MUN":"4311403","NM_MUN":"Lajeado","CD_BAIRRO":"4311403010","NM_BAIRRO":"Olarias","pessoas":"2915","domicilios":"1346","dom_ocupados":"1168","media_moradores":"2,5","area_km2":1.7561523123003484,"dens_hab_km2":1659.9}},
{"type":"Feature","geometry":{"type":"Polygon","coordinates":[[[-52.0239,-29.44724],[-52.02395,-29.44815],[-52.0243,-29.44871],[-52.02517,-29.44904],[-52.02534,-29.44935],[-52.02556,-29.4504],[-52.02593,-29.45083],[-52.02566,-29.45114],[-52.02505,-29.45127],[-52.02484,-29.45162],[-52.02485,-29.45221],[-52.02514,-29.45286],[-52.02481,-29.45326],[-52.02474,-29.45381],[-52.02434,-29.45402],[-52.02395,-29.4539],[-52.02256,-29.45272],[-52.02186,-29.45246],[-52.02108,-29.45251],[-52.02062,-29.45234],[-52.02015,-29.45189],[-52.01962,-29.45197],[-52.01944,-29.45251],[-52.01908,-29.45288],[-52.0186,-29.45384],[-52.01849,-29.4543],[-52.01845,-29.45552],[-52.01814,-29.45558],[-52.01712,-29.4548],[-52.01656,-29.45488],[-52.01532,-29.45649],[-52.01524,-29.45732],[-52.01536,-29.45822],[-52.01487,-29.45814],[-52.01442,-29.45696],[-52.01421,-29.45672],[-52.01275,-29.45678],[-52.01242,-29.45692],[-52.01195,-29.45746],[-52.01206,-29.45816],[-52.01261,-29.45853],[-52.01317,-29.45921],[-52.01317,-29.45998],[-52.0127,-29.46014],[-52.01184,-29.4597],[-52.01149,-29.45969],[-52.01032,-29.46002],[-52.00968,-29.45989],[-52.00845,-29.45874],[-52.00787,-29.45861],[-52.00659,-29.45905],[-52.00559,-29.45899],[-52.00503,-29.45916],[-52.00472,-29.45959],[-52.00433,-29.46059],[-52.00441,-29.46133],[-52.00457,-29.46159],[-52.00521,-29.46181],[-52.00589,-29.4625],[-52.00518,-29.46301],[-52.00508,-29.46347],[-52.0047,-29.46391],[-52.00403,-29.46429],[-52.00364,-29.46508],[-52.00296,-29.4654],[-52.00142,-29.46537],[-52.00022,-29.46476],[-51.99897,-29.46388],[-51.99808,-29.46379],[-51.99578,-29.46422],[-51.99475,-29.46426],[-51.99349,-29.464],[-51.99162,-29.46189],[-51.99053,-29.46077],[-51.98966,-29.46002],[-51.98566,-29.45694],[-51.98729,-29.45654],[-51.9872,-29.45588],[-51.99328,-29.45525],[-51.99254,-29.44999],[-51.99323,-29.44992],[-51.99881,-29.44936],[-52.00263,-29.44903],[-52.0056,-29.44874],[-52.01375,-29.44809],[-52.01813,-29.44777],[-52.02239,-29.44741],[-52.0239,-29.44724]]]},"properties":{"CD_MUN":"4311403","NM_MUN":"Lajeado","CD_BAIRRO":"4311403019","NM_BAIRRO":"Moinhos D'Água","pessoas":"5110","domicilios":"2278","dom_ocupados":"2017","media_moradores":"2,5","area_km2":4.0486973861384365,"dens_hab_km2":1262.1}},
{"type":"Feature","geometry":{"type":"Polygon","coordinates":[[[-51.98896,-29.49081],[-51.9878,-29.49009],[-51.98586,-29.48965],[-51.98522,-29.4891],[-51.98493,-29.48856],[-51.98429,-29.48827],[-51.97813,-29.48818],[-51.97804,-29.48709],[-51.9775,-29.48555],[-51.98283,-29.48415],[-51.99407,-29.4812],[-51.99367,-29.48019],[-51.99651,-29.47936],[-51.99699,-29.47921],[-51.99805,-29.48195],[-51.99756,-29.48206],[-51.99793,-29.48307],[-51.99818,-29.48413],[-51.99816,-29.48557],[-51.99732,-29.48641],[-51.99684,-29.48659],[-51.99378,-29.48728],[-51.99292,-29.48798],[-51.99203,-29.48917],[-51.9914,-29.49079],[-51.99031,-29.49117],[-51.98896,-29.49081]]]},"properties":{"CD_MUN":"4311403","NM_MUN":"Lajeado","CD_BAIRRO":"4311403017","NM_BAIRRO":"Santo Antônio","pessoas":"4388","domicilios":"1749","dom_ocupados":"1531","media_moradores":"2,9","area_km2":1.2991933735152512,"dens_hab_km2":3377.5}},
{"type":"Feature","geometry":{"type":"Polygon","coordinates":[[[-51.99323,-29.44992],[-51.99254,-29.44999],[-51.99328,-29.45525],[-51.9872,-29.45588],[-51.98729,-29.45654],[-51.98566,-29.45694],[-51.98481,-29.45633],[-51.98343,-29.45514],[-51.98064,-29.45233],[-51.97956,-29.45151],[-51.97684,-29.45006],[-51.97626,-29.44965],[-51.97511,-29.44866],[-51.97389,-29.44725],[-51.97593,-29.44623],[-51.97699,-29.44581],[-51.97924,-29.44489],[-51.98353,-29.44334],[-51.98592,-29.4425],[-51.98684,-29.44213],[-51.98938,-29.4408],[-51.99181,-29.44002],[-51.99323,-29.44992]]]},"properties":{"CD_MUN":"4311403","NM_MUN":"Lajeado","CD_BAIRRO":"4311403013","NM_BAIRRO":"Montanha","pessoas":"4374","domicilios":"1913","dom_ocupados":"1703","media_moradores":"2,6","area_km2":2.0403962514293714,"dens_hab_km2":2143.7}},
{"type":"Feature","geometry":{"type":"Polygon","coordinates":[[[-51.96298,-29.45997],[-51.96244,-29.46077],[-51.9613,-29.46146],[-51.96117,-29.46178],[-51.96165,-29.46295],[-51.96165,-29.46359],[-51.96006,-29.4672],[-51.95964,-29.46765],[-51.95836,-29.4685],[-51.95693,-29.46927],[-51.95564,-29.47024],[-51.95128,-29.4688],[-51.9496,-29.46782],[-51.94812,-29.46668],[-51.94719,-29.46534],[-51.94627,-29.46419],[-51.94464,-29.46148],[-51.94346,-29.45982],[-51.94481,-29.45915],[-51.94981,-29.45682],[-51.95299,-29.45532],[-51.95617,-29.46018],[-51.95692,-29.45783],[-51.95762,-29.45646],[-51.95835,-29.45565],[-51.95915,-29.45504],[-51.96049,-29.45437],[-51.9604,-29.45539],[-51.96113,-29.45618],[-51.96122,-29.45698],[-51.96177,-29.45747],[-51.96203,-29.45792],[-51.96234,-29.45896],[-51.96307,-29.45964],[-51.96298,-29.45997]]]},"properties":{"CD_MUN":"4311403","NM_MUN":"Lajeado","CD_BAIRRO":"4311403014","NM_BAIRRO":"Hidráulica","pessoas":"2131","domicilios":"1111","dom_ocupados":"915","media_moradores":"2,3","area_km2":1.9618910199750887,"dens_hab_km2":1086.2}},
{"type":"Feature","geometry":{"type":"Polygon","coordinates":[[[-52.00429,-29.43457],[-52.00356,-29.4345],[-52.00054,-29.43481],[-51.99915,-29.43509],[-51.99783,-29.43509],[-51.99683,-29.4352],[-51.99628,-29.43204],[-51.99637,-29.43198],[-51.99605,-29.4301],[-51.99539,-29.42628],[-52.0058,-29.42493],[-52.00718,-29.43392],[-52.00564,-29.43435],[-52.00429,-29.43457]]]},"properties":{"CD_MUN":"4311403","NM_MUN":"Lajeado","CD_BAIRRO":"4311403024","NM_BAIRRO":"Centenário","pessoas":"2090","domicilios":"900","dom_ocupados":"800","media_moradores":"2,6","area_km2":1.0331388310765266,"dens_hab_km2":2023}},
{"type":"Feature","geometry":{"type":"Polygon","coordinates":[[[-52.02793,-29.41125],[-52.02623,-29.41277],[-52.02551,-29.41389],[-52.02517,-29.41485],[-52.02468,-29.41668],[-52.02428,-29.41758],[-52.02245,-29.42091],[-52.02122,-29.42354],[-52.02026,-29.42525],[-52.0194,-29.42636],[-52.01873,-29.42706],[-52.01743,-29.4282],[-52.01664,-29.42881],[-52.01405,-29.43054],[-52.01295,-29.43118],[-52.01143,-29.43196],[-52.00919,-29.43309],[-52.00718,-29.43392],[-52.0058,-29.42493],[-51.99539,-29.42628],[-51.99278,-29.41117],[-51.99412,-29.41086],[-51.99484,-29.41038],[-51.99518,-29.4093],[-51.99574,-29.4084],[-51.99648,-29.40771],[-51.99746,-29.4073],[-51.99864,-29.40715],[-51.99953,-29.40731],[-52.00037,-29.40769],[-52.00166,-29.4078],[-52.00293,-29.40756],[-52.00418,-29.40755],[-52.00624,-29.40766],[-52.00783,-29.40796],[-52.00956,-29.40816],[-52.01368,-29.40794],[-52.01531,-29.40804],[-52.01692,-29.40788],[-52.01855,-29.40741],[-52.02045,-29.40699],[-52.02146,-29.40687],[-52.02258,-29.40698],[-52.0233,-29.40669],[-52.02383,-29.40628],[-52.02437,-29.40549],[-52.02526,-29.40461],[-52.02593,-29.40413],[-52.02687,-29.4038],[-52.02786,-29.40362],[-52.03,-29.40364],[-52.03104,-29.40371],[-52.03273,-29.40354],[-52.03357,-29.40321],[-52.03432,-29.40228],[-52.03486,-29.40121],[-52.04019,-29.40071],[-52.03964,-29.40155],[-52.03881,-29.40238],[-52.03496,-29.40526],[-52.03396,-29.40603],[-52.02793,-29.41125]]]},"properties":{"CD_MUN":"4311403","NM_MUN":"Lajeado","CD_BAIRRO":"4311403022","NM_BAIRRO":"Imigrante","pessoas":"755","domicilios":"343","dom_ocupados":"287","media_moradores":"2,6","area_km2":7.234985670898061,"dens_hab_km2":104.4}},
{"type":"Feature","geometry":{"type":"Polygon","coordinates":[[[-51.97599,-29.43949],[-51.97633,-29.44187],[-51.97699,-29.44581],[-51.97593,-29.44623],[-51.97389,-29.44725],[-51.97298,-29.44626],[-51.97176,-29.44471],[-51.97138,-29.44401],[-51.97102,-29.44284],[-51.97082,-29.44188],[-51.97599,-29.43949]]]},"properties":{"CD_MUN":"4311403","NM_MUN":"Lajeado","CD_BAIRRO":"4311403026","NM_BAIRRO":"Santo André","pessoas":"1474","domicilios":"684","dom_ocupados":"593","media_moradores":"2,5","area_km2":0.32375332368392,"dens_hab_km2":4552.8}},
{"type":"Feature","geometry":{"type":"Polygon","coordinates":[[[-51.97938,-29.43513],[-51.97957,-29.43677],[-51.97564,-29.4371],[-51.97599,-29.43949],[-51.97082,-29.44188],[-51.96985,-29.43763],[-51.96792,-29.42908],[-51.96708,-29.42548],[-51.96603,-29.42151],[-51.97145,-29.42279],[-51.97416,-29.42326],[-51.97736,-29.42281],[-51.97742,-29.42334],[-51.97803,-29.42327],[-51.97938,-29.43513]]]},"properties":{"CD_MUN":"4311403","NM_MUN":"Lajeado","CD_BAIRRO":"4311403011","NM_BAIRRO":"Campestre","pessoas":"2922","domicilios":"1265","dom_ocupados":"1122","media_moradores":"2,6","area_km2":1.8790389872575861,"dens_hab_km2":1555.1}},
{"type":"Feature","geometry":{"type":"Polygon","coordinates":[[[-52.01375,-29.44809],[-52.0056,-29.44874],[-52.00263,-29.44903],[-51.99881,-29.44936],[-51.99323,-29.44992],[-51.99181,-29.44002],[-51.99317,-29.43957],[-51.99424,-29.43895],[-51.99471,-29.43858],[-51.99616,-29.43704],[-51.99698,-29.43638],[-51.99842,-29.43562],[-51.99901,-29.43544],[-52.00235,-29.43487],[-52.00429,-29.43457],[-52.00564,-29.43435],[-52.00718,-29.43392],[-52.00919,-29.43309],[-52.01143,-29.43196],[-52.01168,-29.4336],[-52.01247,-29.43929],[-52.01314,-29.4445],[-52.01339,-29.44536],[-52.01375,-29.44809]]]},"properties":{"CD_MUN":"4311403","NM_MUN":"Lajeado","CD_BAIRRO":"4311403020","NM_BAIRRO":"Bom Pastor","pessoas":"2549","domicilios":"1071","dom_ocupados":"966","media_moradores":"2,6","area_km2":3.005040280359467,"dens_hab_km2":848.2}},
{"type":"Feature","geometry":{"type":"Polygon","coordinates":[[[-51.98496,-29.41204],[-51.98545,-29.41217],[-51.98621,-29.41198],[-51.98684,-29.41106],[-51.98731,-29.41069],[-51.98875,-29.41059],[-51.98987,-29.41106],[-51.99031,-29.41153],[-51.9913,-29.41172],[-51.99227,-29.41116],[-51.99278,-29.41117],[-51.99539,-29.42628],[-51.99605,-29.4301],[-51.9884,-29.43109],[-51.98761,-29.42592],[-51.98688,-29.42129],[-51.98651,-29.41999],[-51.98657,-29.41935],[-51.98699,-29.41831],[-51.98705,-29.41783],[-51.98682,-29.41664],[-51.98686,-29.41594],[-51.98618,-29.41565],[-51.98589,-29.41533],[-51.98561,-29.41422],[-51.98496,-29.41204]]]},"properties":{"CD_MUN":"4311403","NM_MUN":"Lajeado","CD_BAIRRO":"4311403023","NM_BAIRRO":"Igrejinha","pessoas":"1364","domicilios":"514","dom_ocupados":"471","media_moradores":"2,9","area_km2":1.5796886749532337,"dens_hab_km2":863.5}},
{"type":"Feature","geometry":{"type":"Polygon","coordinates":[[[-52.42452,-29.77393],[-52.42492,-29.77425],[-52.42603,-29.77435],[-52.42651,-29.7739],[-52.42647,-29.77328],[-52.42717,-29.77345],[-52.42705,-29.77284],[-52.42724,-29.77251],[-52.42818,-29.77244],[-52.42841,-29.77192],[-52.42887,-29.77135],[-52.42986,-29.77124],[-52.43021,-29.77132],[-52.43058,-29.77173],[-52.43106,-29.77185],[-52.4313,-29.7723],[-52.43176,-29.77195],[-52.43207,-29.77228],[-52.43292,-29.77271],[-52.43409,-29.77292],[-52.43435,-29.77411],[-52.4348,-29.7757],[-52.43621,-29.77598],[-52.43703,-29.77559],[-52.43768,-29.77552],[-52.43865,-29.77587],[-52.43959,-29.77563],[-52.44011,-29.77583],[-52.44059,-29.77567],[-52.4417,-29.77606],[-52.44225,-29.77613],[-52.44284,-29.77656],[-52.44357,-29.77679],[-52.44438,-29.77683],[-52.44529,-29.77658],[-52.44726,-29.7769],[-52.44806,-29.77634],[-52.44882,-29.77653],[-52.4496,-29.77632],[-52.45,-29.77689],[-52.45047,-29.77684],[-52.45047,-29.77737],[-52.45117,-29.77767],[-52.45175,-29.77841],[-52.45184,-29.77886],[-52.45118,-29.77943],[-52.45426,-29.77948],[-52.45663,-29.77964],[-52.45772,-29.77967],[-52.45842,-29.78018],[-52.45866,-29.78086],[-52.45904,-29.78118],[-52.46119,-29.78242],[-52.46225,-29.78364],[-52.46274,-29.78443],[-52.46302,-29.78467],[-52.46407,-29.78516],[-52.46358,-29.7857],[-52.46233,-29.78686],[-52.46045,-29.78829],[-52.45832,-29.78957],[-52.4561,-29.79101],[-52.45431,-29.79236],[-52.45218,-29.7942],[-52.45027,-29.79607],[-52.44834,-29.79802],[-52.44652,-29.79975],[-52.44506,-29.80086],[-52.44313,-29.80217],[-52.441,-29.80354],[-52.43926,-29.80475],[-52.43671,-29.80627],[-52.43558,-29.8068],[-52.43365,-29.80746],[-52.43222,-29.8078],[-52.42678,-29.80858],[-52.42557,-29.80881],[-52.42394,-29.80924],[-52.42179,-29.81002],[-52.41973,-29.81101],[-52.41257,-29.81507],[-52.41152,-29.81558],[-52.40974,-29.81625],[-52.40785,-29.81674],[-52.40673,-29.81689],[-52.40343,-29.81716],[-52.40721,-29.79969],[-52.40857,-29.79334],[-52.4095,-29.78888],[-52.40989,-29.78769],[-52.41036,-29.78678],[-52.41458,-29.78078],[-52.41614,-29.77849],[-52.41896,-29.77447],[-52.41964,-29.7746],[-52.42015,-29.77432],[-52.4206,-29.77429],[-52.4214,-29.77338],[-52.42208,-29.77345],[-52.42286,-29.77375],[-52.42452,-29.77393]]]},"properties":{"CD_MUN":"4316808","NM_MUN":"Santa Cruz do Sul","CD_BAIRRO":"4316808047","NM_BAIRRO":"Do Parque","pessoas":"93","domicilios":"40","dom_ocupados":"31","media_moradores":"3,0","area_km2":16.056737952235128,"dens_hab_km2":5.8}},
{"type":"Feature","geometry":{"type":"Polygon","coordinates":[[[-52.41687,-29.76579],[-52.4167,-29.76589],[-52.40631,-29.76699],[-52.39933,-29.76812],[-52.39916,-29.76756],[-52.39856,-29.76672],[-52.3979,-29.76551],[-52.39708,-29.76466],[-52.39496,-29.76193],[-52.39368,-29.76065],[-52.39289,-29.76019],[-52.39217,-29.75992],[-52.39157,-29.75987],[-52.38989,-29.75932],[-52.38834,-29.75845],[-52.38835,-29.7578],[-52.38879,-29.75801],[-52.39012,-29.75805],[-52.39097,-29.75793],[-52.39199,-29.75764],[-52.39274,-29.75668],[-52.39306,-29.75648],[-52.39422,-29.75627],[-52.39537,-29.75618],[-52.39769,-29.75609],[-52.40232,-29.75569],[-52.40722,-29.7554],[-52.41156,-29.75549],[-52.41349,-29.75542],[-52.41358,-29.75374],[-52.41419,-29.7537],[-52.41802,-29.75342],[-52.41803,-29.75461],[-52.41852,-29.75574],[-52.41885,-29.75666],[-52.41869,-29.75774],[-52.41823,-29.75868],[-52.41773,-29.76118],[-52.41953,-29.76157],[-52.42132,-29.76218],[-52.42427,-29.76283],[-52.4235,-29.7651],[-52.41741,-29.76607],[-52.41687,-29.76579]]]},"properties":{"CD_MUN":"4316808","NM_MUN":"Santa Cruz do Sul","CD_BAIRRO":"4316808036","NM_BAIRRO":"Esmeralda","pessoas":"5367","domicilios":"2334","dom_ocupados":"2128","media_moradores":"2,5","area_km2":3.183364435951996,"dens_hab_km2":1686}},
{"type":"Feature","geometry":{"type":"Polygon","coordinates":[[[-52.44281,-29.70143],[-52.44312,-29.7011],[-52.44323,-29.70055],[-52.44309,-29.70021],[-52.44251,-29.69966],[-52.4422,-29.69891],[-52.4421,-29.69828],[-52.44237,-29.69571],[-52.44255,-29.69513],[-52.44436,-29.69285],[-52.43567,-29.69288],[-52.43656,-29.69214],[-52.4426,-29.69211],[-52.44478,-29.69204],[-52.44473,-29.6923],[-52.44952,-29.69232],[-52.44926,-29.69338],[-52.44627,-29.69994],[-52.44592,-29.70142],[-52.44281,-29.70143]]]},"properties":{"CD_MUN":"4316808","NM_MUN":"Santa Cruz do Sul","CD_BAIRRO":"4316808024","NM_BAIRRO":"Independência","pessoas":"2605","domicilios":"1394","dom_ocupados":"1211","media_moradores":"2,1","area_km2":0.5419537178847639,"dens_hab_km2":4806.7}},
{"type":"Feature","geometry":{"type":"Polygon","coordinates":[[[-52.40029,-29.71563],[-52.40065,-29.71414],[-52.40132,-29.71456],[-52.40327,-29.71454],[-52.4052,-29.71489],[-52.40491,-29.71749],[-52.4074,-29.71771],[-52.40869,-29.71853],[-52.41009,-29.71908],[-52.41325,-29.71913],[-52.41325,-29.72003],[-52.41658,-29.72009],[-52.41897,-29.71985],[-52.41785,-29.72019],[-52.41555,-29.72062],[-52.41499,-29.72087],[-52.41363,-29.72111],[-52.41237,-29.72158],[-52.41141,-29.72141],[-52.41059,-29.7214],[-52.40827,-29.7217],[-52.40624,-29.7218],[-52.40471,-29.7217],[-52.40391,-29.72141],[-52.40392,-29.72056],[-52.40262,-29.71887],[-52.40068,-29.71705],[-52.40029,-29.71563]]]},"properties":{"CD_MUN":"4316808","NM_MUN":"Santa Cruz do Sul","CD_BAIRRO":"4316808014","NM_BAIRRO":"Belvedere","pessoas":"1295","domicilios":"490","dom_ocupados":"451","media_moradores":"2,9","area_km2":0.5426003972639963,"dens_hab_km2":2386.7}},
{"type":"Feature","geometry":{"type":"Polygon","coordinates":[[[-52.42654,-29.74323],[-52.42679,-29.74426],[-52.42682,-29.74535],[-52.42518,-29.74539],[-52.42515,-29.74862],[-52.42678,-29.74861],[-52.42673,-29.75144],[-52.42658,-29.75424],[-52.42632,-29.75424],[-52.4253,-29.75377],[-52.4189,-29.75547],[-52.41852,-29.75574],[-52.41803,-29.75461],[-52.41802,-29.75342],[-52.41827,-29.75131],[-52.41846,-29.75031],[-52.42054,-29.74637],[-52.42081,-29.74597],[-52.42188,-29.74475],[-52.42222,-29.74392],[-52.42215,-29.74283],[-52.42348,-29.74232],[-52.42391,-29.74178],[-52.42496,-29.74227],[-52.42581,-29.74329],[-52.42654,-29.74323]]]},"properties":{"CD_MUN":"4316808","NM_MUN":"Santa Cruz do Sul","CD_BAIRRO":"4316808046","NM_BAIRRO":"Castelo Branco","pessoas":"2256","domicilios":"939","dom_ocupados":"894","media_moradores":"2,5","area_km2":0.8462995597035724,"dens_hab_km2":2665.7}},
{"type":"Feature","geometry":{"type":"Polygon","coordinates":[[[-52.42607,-29.6842],[-52.42383,-29.68586],[-52.42245,-29.68659],[-52.42176,-29.68684],[-52.41777,-29.68759],[-52.41645,-29.6879],[-52.4124,-29.68949],[-52.41104,-29.68983],[-52.41004,-29.68992],[-52.40216,-29.68986],[-52.40111,-29.69001],[-52.40018,-29.69049],[-52.39944,-29.69087],[-52.39798,-29.69127],[-52.39419,-29.69176],[-52.38954,-29.6918],[-52.38638,-29.69204],[-52.38264,-29.6916],[-52.3806,-29.69128],[-52.37968,-29.69161],[-52.37887,-29.69259],[-52.37812,-29.69298],[-52.37753,-29.693],[-52.37729,-29.69274],[-52.37767,-29.69238],[-52.37735,-29.69195],[-52.37738,-29.69149],[-52.37872,-29.69127],[-52.37887,-29.69095],[-52.37853,-29.69047],[-52.37875,-29.6901],[-52.3802,-29.68983],[-52.38182,-29.689],[-52.38219,-29.68847],[-52.38236,-29.6874],[-52.38282,-29.68667],[-52.38349,-29.68526],[-52.38402,-29.68445],[-52.38441,-29.68345],[-52.38512,-29.68284],[-52.38514,-29.68148],[-52.38609,-29.67825],[-52.38611,-29.67792],[-52.38653,-29.6766],[-52.38765,-29.67357],[-52.38871,-29.67108],[-52.38837,-29.67015],[-52.38768,-29.66909],[-52.38702,-29.66746],[-52.38607,-29.66486],[-52.3858,-29.66431],[-52.3839,-29.66242],[-52.38346,-29.66222],[-52.38129,-29.66179],[-52.38203,-29.66114],[-52.38226,-29.66034],[-52.38205,-29.6593],[-52.38205,-29.65819],[-52.38191,-29.65788],[-52.38165,-29.65579],[-52.3817,-29.65458],[-52.38463,-29.65457],[-52.38591,-29.65426],[-52.38706,-29.65387],[-52.38729,-29.6537],[-52.38779,-29.65273],[-52.38935,-29.65278],[-52.39039,-29.65296],[-52.39124,-29.65348],[-52.39267,-29.65394],[-52.39424,-29.65511],[-52.3953,-29.65553],[-52.39663,-29.65616],[-52.39772,-29.65621],[-52.39846,-29.65644],[-52.3997,-29.65702],[-52.3997,-29.65874],[-52.39986,-29.65951],[-52.41738,-29.65954],[-52.42459,-29.65965],[-52.42403,-29.66072],[-52.42427,-29.66104],[-52.4256,-29.66125],[-52.42601,-29.66169],[-52.42602,-29.66282],[-52.42589,-29.66356],[-52.42555,-29.66415],[-52.42503,-29.66458],[-52.42601,-29.6664],[-52.42612,-29.66714],[-52.42597,-29.66729],[-52.42639,-29.66848],[-52.42615,-29.66874],[-52.42625,-29.66935],[-52.42631,-29.67132],[-52.42645,-29.67172],[-52.42679,-29.67179],[-52.42734,-29.6725],[-52.42926,-29.67303],[-52.42959,-29.67352],[-52.42993,-29.67452],[-52.42979,-29.67503],[-52.43051,-29.67516],[-52.43053,-29.67596],[-52.43033,-29.6763],[-52.42984,-29.67665],[-52.42968,-29.67739],[-52.42909,-29.67859],[-52.43004,-29.67903],[-52.43178,-29.68031],[-52.43199,-29.68105],[-52.43166,-29.68143],[-52.43109,-29.68129],[-52.42996,-29.6813],[-52.42878,-29.68187],[-52.42703,-29.68331],[-52.42607,-29.6842]]]},"properties":{"CD_MUN":"4316808","NM_MUN":"Santa Cruz do Sul","CD_BAIRRO":"4316808028","NM_BAIRRO":"Linha Santa Cruz","pessoas":"4744","domicilios":"1991","dom_ocupados":"1817","media_moradores":"2,6","area_km2":14.657580343645623,"dens_hab_km2":323.7}},
{"type":"Feature","geometry":{"type":"Polygon","coordinates":[[[-52.43166,-29.68143],[-52.43292,-29.68182],[-52.43541,-29.68276],[-52.43668,-29.68347],[-52.43782,-29.68448],[-52.43859,-29.68487],[-52.43925,-29.68498],[-52.44115,-29.68468],[-52.44231,-29.68458],[-52.44316,-29.68478],[-52.44399,-29.68519],[-52.44593,-29.68675],[-52.44807,-29.6884],[-52.44884,-29.68926],[-52.44909,-29.68973],[-52.4495,-29.69105],[-52.44952,-29.69232],[-52.44473,-29.6923],[-52.44478,-29.69204],[-52.4426,-29.69211],[-52.43656,-29.69214],[-52.43654,-29.69011],[-52.43449,-29.69008],[-52.43442,-29.68845],[-52.43161,-29.68595],[-52.43005,-29.68598],[-52.42996,-29.6813],[-52.43109,-29.68129],[-52.43166,-29.68143]]]},"properties":{"CD_MUN":"4316808","NM_MUN":"Santa Cruz do Sul","CD_BAIRRO":"4316808025","NM_BAIRRO":"Renascença","pessoas":"2003","domicilios":"824","dom_ocupados":"771","media_moradores":"2,6","area_km2":1.2878939405561451,"dens_hab_km2":1555.3}},
{"type":"Feature","geometry":{"type":"Polygon","coordinates":[[[-52.44281,-29.70143],[-52.44117,-29.70279],[-52.43887,-29.70326],[-52.43757,-29.70516],[-52.4362,-29.7059],[-52.43617,-29.7063],[-52.43572,-29.70779],[-52.43549,-29.70803],[-52.43526,-29.70783],[-52.43367,-29.70783],[-52.43079,-29.7074],[-52.43201,-29.70649],[-52.43278,-29.70573],[-52.43273,-29.70072],[-52.4326,-29.69675],[-52.43087,-29.69674],[-52.43088,-29.69551],[-52.42807,-29.69552],[-52.42809,-29.69395],[-52.43234,-29.694],[-52.43432,-29.69358],[-52.43539,-29.69311],[-52.43567,-29.69288],[-52.44436,-29.69285],[-52.44255,-29.69513],[-52.44237,-29.69571],[-52.4421,-29.69828],[-52.4422,-29.69891],[-52.44251,-29.69966],[-52.44309,-29.70021],[-52.44323,-29.70055],[-52.44312,-29.7011],[-52.44281,-29.70143]]]},"properties":{"CD_MUN":"4316808","NM_MUN":"Santa Cruz do Sul","CD_BAIRRO":"4316808011","NM_BAIRRO":"Universitário","pessoas":"4536","domicilios":"2710","dom_ocupados":"2277","media_moradores":"1,9","area_km2":1.4030393010465108,"dens_hab_km2":3233}},
{"type":"Feature","geometry":{"type":"Polygon","coordinates":[[[-52.44681,-29.71955],[-52.44148,-29.7195],[-52.44146,-29.72018],[-52.43578,-29.72012],[-52.43578,-29.71827],[-52.43571,-29.71313],[-52.43569,-29.70934],[-52.4384,-29.70934],[-52.44347,-29.70937],[-52.44535,-29.70936],[-52.44522,-29.71103],[-52.44504,-29.71182],[-52.44436,-29.71338],[-52.44417,-29.71441],[-52.44424,-29.71519],[-52.44453,-29.71604],[-52.44617,-29.71862],[-52.44681,-29.71955]]]},"properties":{"CD_MUN":"4316808","NM_MUN":"Santa Cruz do Sul","CD_BAIRRO":"4316808009","NM_BAIRRO":"Goiás","pessoas":"3253","domicilios":"1638","dom_ocupados":"1445","media_moradores":"2,2","area_km2":1.0544171576617845,"dens_hab_km2":3085.1}},
{"type":"Feature","geometry":{"type":"Polygon","coordinates":[[[-52.41452,-29.7433],[-52.41427,-29.75207],[-52.41419,-29.7537],[-52.41358,-29.75374],[-52.41349,-29.75542],[-52.41156,-29.75549],[-52.40722,-29.7554],[-52.40232,-29.75569],[-52.40254,-29.75001],[-52.40313,-29.75],[-52.40312,-29.74649],[-52.40322,-29.74288],[-52.40421,-29.74281],[-52.40476,-29.74304],[-52.40548,-29.74386],[-52.40611,-29.74436],[-52.40727,-29.74505],[-52.40831,-29.74521],[-52.41124,-29.74452],[-52.41235,-29.74406],[-52.41452,-29.7433]]]},"properties":{"CD_MUN":"4316808","NM_MUN":"Santa Cruz do Sul","CD_BAIRRO":"4316808032","NM_BAIRRO":"São João","pessoas":"3951","domicilios":"1622","dom_ocupados":"1540","media_moradores":"2,6","area_km2":1.3860321742541695,"dens_hab_km2":2850.6}},
{"type":"Feature","geometry":{"type":"Polygon","coordinates":[[[-52.42215,-29.74283],[-52.42222,-29.74392],[-52.42188,-29.74475],[-52.42081,-29.74597],[-52.42054,-29.74637],[-52.41846,-29.75031],[-52.41827,-29.75131],[-52.41802,-29.75342],[-52.41419,-29.7537],[-52.41427,-29.75207],[-52.41452,-29.7433],[-52.41485,-29.7432],[-52.41737,-29.74296],[-52.41964,-29.74289],[-52.42118,-29.74298],[-52.42215,-29.74283]]]},"properties":{"CD_MUN":"4316808","NM_MUN":"Santa Cruz do Sul","CD_BAIRRO":"4316808034","NM_BAIRRO":"Santo Antônio","pessoas":"1869","domicilios":"774","dom_ocupados":"727","media_moradores":"2,6","area_km2":0.6156792361942408,"dens_hab_km2":3035.7}},
{"type":"Feature","geometry":{"type":"Polygon","coordinates":[[[-52.41725,-29.73428],[-52.41796,-29.73065],[-52.41855,-29.72929],[-52.41933,-29.72923],[-52.41968,-29.72666],[-52.42107,-29.7269],[-52.42161,-29.72661],[-52.42228,-29.72482],[-52.42402,-29.72488],[-52.42598,-29.72489],[-52.42602,-29.72514],[-52.42727,-29.72518],[-52.42777,-29.72594],[-52.42921,-29.72761],[-52.4294,-29.7282],[-52.42733,-29.72995],[-52.42712,-29.73046],[-52.42698,-29.73151],[-52.42629,-29.73271],[-52.42562,-29.73484],[-52.42545,-29.73511],[-52.42472,-29.73464],[-52.41954,-29.73411],[-52.41949,-29.73454],[-52.41725,-29.73428]]]},"properties":{"CD_MUN":"4316808","NM_MUN":"Santa Cruz do Sul","CD_BAIRRO":"4316808004","NM_BAIRRO":"Bonfim","pessoas":"3028","domicilios":"1533","dom_ocupados":"1363","media_moradores":"2,2","area_km2":0.8630740056405249,"dens_hab_km2":3508.4}},
{"type":"Feature","geometry":{"type":"Polygon","coordinates":[[[-52.40065,-29.71414],[-52.40029,-29.71563],[-52.39926,-29.71535],[-52.39632,-29.71513],[-52.39473,-29.71497],[-52.39288,-29.71478],[-52.39168,-29.71495],[-52.39032,-29.71557],[-52.39002,-29.71578],[-52.38903,-29.71705],[-52.38797,-29.71753],[-52.38463,-29.71815],[-52.38303,-29.71849],[-52.38391,-29.71511],[-52.38421,-29.71476],[-52.38546,-29.71542],[-52.38573,-29.71531],[-52.38605,-29.71389],[-52.38569,-29.71317],[-52.38409,-29.71124],[-52.38361,-29.71058],[-52.3825,-29.70934],[-52.38136,-29.70847],[-52.38073,-29.70779],[-52.38088,-29.70448],[-52.38083,-29.70346],[-52.38004,-29.70215],[-52.37975,-29.70104],[-52.37999,-29.69948],[-52.38018,-29.6978],[-52.38015,-29.69696],[-52.38042,-29.69576],[-52.38049,-29.69498],[-52.38043,-29.69406],[-52.37887,-29.69259],[-52.37968,-29.69161],[-52.3806,-29.69128],[-52.38264,-29.6916],[-52.38638,-29.69204],[-52.38954,-29.6918],[-52.39419,-29.69176],[-52.39798,-29.69127],[-52.39944,-29.69087],[-52.40018,-29.69049],[-52.40171,-29.69164],[-52.40222,-29.69185],[-52.40388,-29.69223],[-52.40486,-29.69266],[-52.40585,-29.69379],[-52.40792,-29.69632],[-52.40803,-29.69694],[-52.40786,-29.69742],[-52.40821,-29.69804],[-52.40975,-29.69917],[-52.4111,-29.70007],[-52.41187,-29.7007],[-52.41116,-29.70343],[-52.40971,-29.70285],[-52.4094,-29.70822],[-52.40099,-29.708],[-52.40065,-29.71414]]]},"properties":{"CD_MUN":"4316808","NM_MUN":"Santa Cruz do Sul","CD_BAIRRO":"4316808030","NM_BAIRRO":"Country","pessoas":"1776","domicilios":"675","dom_ocupados":"607","media_moradores":"2,9","area_km2":6.461865528753236,"dens_hab_km2":274.8}},
{"type":"Feature","geometry":{"type":"Polygon","coordinates":[[[-52.41687,-29.76579],[-52.41645,-29.76651],[-52.41619,-29.76726],[-52.41585,-29.76871],[-52.41419,-29.77013],[-52.41251,-29.77165],[-52.40942,-29.77425],[-52.40815,-29.77498],[-52.40505,-29.77652],[-52.40469,-29.77662],[-52.4012,-29.77639],[-52.40082,-29.77664],[-52.40077,-29.77736],[-52.4008,-29.77934],[-52.40058,-29.77987],[-52.39811,-29.77992],[-52.39528,-29.78114],[-52.39311,-29.78182],[-52.39159,-29.78209],[-52.38972,-29.78409],[-52.38862,-29.78484],[-52.38825,-29.78472],[-52.38751,-29.78476],[-52.38696,-29.78404],[-52.38695,-29.78296],[-52.38664,-29.7819],[-52.38653,-29.78059],[-52.38651,-29.77912],[-52.38616,-29.77833],[-52.38576,-29.77779],[-52.38515,-29.77723],[-52.38445,-29.77608],[-52.38323,-29.77558],[-52.38245,-29.77538],[-52.38153,-29.77501],[-52.3792,-29.77366],[-52.3787,-29.77224],[-52.37871,-29.7718],[-52.37945,-29.77118],[-52.37966,-29.77052],[-52.38021,-29.77013],[-52.38139,-29.7709],[-52.38212,-29.77121],[-52.38268,-29.77128],[-52.38311,-29.77111],[-52.38379,-29.77052],[-52.38478,-29.77025],[-52.38642,-29.77011],[-52.38689,-29.76985],[-52.38702,-29.76943],[-52.38678,-29.76859],[-52.38714,-29.76737],[-52.3867,-29.76668],[-52.38718,-29.76561],[-52.38766,-29.76507],[-52.38848,-29.76478],[-52.3905,-29.76436],[-52.39184,-29.76427],[-52.39312,-29.76429],[-52.39429,-29.76454],[-52.39486,-29.76494],[-52.39468,-29.76534],[-52.39274,-29.76664],[-52.39345,-29.76737],[-52.3949,-29.76799],[-52.39662,-29.76952],[-52.39816,-29.77074],[-52.39859,-29.77084],[-52.39954,-29.77044],[-52.3996,-29.7696],[-52.39933,-29.76812],[-52.40631,-29.76699],[-52.4167,-29.76589],[-52.41687,-29.76579]]]},"properties":{"CD_MUN":"4316808","NM_MUN":"Santa Cruz do Sul","CD_BAIRRO":"4316808051","NM_BAIRRO":"Progresso","pessoas":"276","domicilios":"120","dom_ocupados":"102","media_moradores":"2,7","area_km2":3.870051374747943,"dens_hab_km2":71.3}},
{"type":"Feature","geometry":{"type":"Polygon","coordinates":[[[-52.42397,-29.70594],[-52.42321,-29.71184],[-52.42277,-29.71428],[-52.42242,-29.71679],[-52.42207,-29.7203],[-52.42082,-29.71984],[-52.41933,-29.71972],[-52.41897,-29.71985],[-52.41868,-29.71929],[-52.41859,-29.71855],[-52.4185,-29.71684],[-52.41887,-29.71527],[-52.41899,-29.71511],[-52.41698,-29.71487],[-52.41653,-29.71541],[-52.41557,-29.71482],[-52.4146,-29.71602],[-52.41359,-29.71541],[-52.41252,-29.71676],[-52.41186,-29.71733],[-52.41094,-29.71675],[-52.41293,-29.71501],[-52.41202,-29.71438],[-52.41241,-29.71223],[-52.41328,-29.7112],[-52.4147,-29.70847],[-52.41482,-29.70794],[-52.41528,-29.70498],[-52.4167,-29.70516],[-52.42185,-29.70569],[-52.42397,-29.70594]]]},"properties":{"CD_MUN":"4316808","NM_MUN":"Santa Cruz do Sul","CD_BAIRRO":"4316808002","NM_BAIRRO":"Higienópolis","pessoas":"2413","domicilios":"1072","dom_ocupados":"946","media_moradores":"2,5","area_km2":1.230797507664464,"dens_hab_km2":1960.5}},
{"type":"Feature","geometry":{"type":"Polygon","coordinates":[[[-52.41968,-29.72666],[-52.41703,-29.72639],[-52.41708,-29.72601],[-52.41496,-29.72571],[-52.41453,-29.72582],[-52.41386,-29.72724],[-52.40804,-29.72703],[-52.40827,-29.7217],[-52.41059,-29.7214],[-52.41141,-29.72141],[-52.41237,-29.72158],[-52.41363,-29.72111],[-52.41499,-29.72087],[-52.41555,-29.72062],[-52.41785,-29.72019],[-52.41897,-29.71985],[-52.41933,-29.71972],[-52.42082,-29.71984],[-52.42207,-29.7203],[-52.42191,-29.72134],[-52.42163,-29.72232],[-52.42143,-29.72385],[-52.42243,-29.72408],[-52.42228,-29.72482],[-52.42161,-29.72661],[-52.42107,-29.7269],[-52.41968,-29.72666]]]},"properties":{"CD_MUN":"4316808","NM_MUN":"Santa Cruz do Sul","CD_BAIRRO":"4316808003","NM_BAIRRO":"Margarida","pessoas":"2533","domicilios":"1098","dom_ocupados":"989","media_moradores":"2,5","area_km2":0.8723479266985256,"dens_hab_km2":2903.7}},
{"type":"Feature","geometry":{"type":"Polygon","coordinates":[[[-52.43553,-29.73704],[-52.4347,-29.73682],[-52.43485,-29.73605],[-52.43305,-29.73549],[-52.43312,-29.73456],[-52.43213,-29.73449],[-52.43045,-29.73482],[-52.43065,-29.73569],[-52.43105,-29.73621],[-52.43175,-29.73669],[-52.43252,-29.7374],[-52.43302,-29.73827],[-52.43053,-29.73949],[-52.43067,-29.74037],[-52.43061,-29.74123],[-52.43124,-29.74208],[-52.43028,-29.74264],[-52.4289,-29.74323],[-52.42773,-29.74315],[-52.42654,-29.74323],[-52.42581,-29.74329],[-52.42496,-29.74227],[-52.42391,-29.74178],[-52.42393,-29.741],[-52.42355,-29.74007],[-52.42364,-29.73947],[-52.42389,-29.73904],[-52.42469,-29.73841],[-52.42491,-29.73752],[-52.42506,-29.73652],[-52.42503,-29.73587],[-52.42545,-29.73511],[-52.42562,-29.73484],[-52.42629,-29.73271],[-52.42698,-29.73151],[-52.42712,-29.73046],[-52.42733,-29.72995],[-52.4294,-29.7282],[-52.42973,-29.72885],[-52.43081,-29.72849],[-52.43222,-29.72788],[-52.43254,-29.72857],[-52.43261,-29.7289],[-52.43491,-29.73089],[-52.4354,-29.73197],[-52.43654,-29.73304],[-52.43695,-29.73373],[-52.43737,-29.73385],[-52.43782,-29.73425],[-52.43799,-29.73495],[-52.43834,-29.73537],[-52.4363,-29.73689],[-52.43553,-29.73704]]]},"properties":{"CD_MUN":"4316808","NM_MUN":"Santa Cruz do Sul","CD_BAIRRO":"4316808017","NM_BAIRRO":"Ana Nery","pessoas":"3872","domicilios":"1809","dom_ocupados":"1626","media_moradores":"2,4","area_km2":1.241548004425646,"dens_hab_km2":3118.7}},
{"type":"Feature","geometry":{"type":"Polygon","coordinates":[[[-52.43598,-29.7513],[-52.43661,-29.75111],[-52.43763,-29.75096],[-52.43766,-29.7519],[-52.43951,-29.75186],[-52.43953,-29.75034],[-52.43927,-29.74949],[-52.44057,-29.74916],[-52.44308,-29.74842],[-52.44426,-29.74801],[-52.44561,-29.74734],[-52.44625,-29.74688],[-52.44859,-29.74688],[-52.4508,-29.74722],[-52.45092,-29.7476],[-52.4508,-29.75237],[-52.45072,-29.75464],[-52.4457,-29.75439],[-52.44038,-29.75367],[-52.43955,-29.75365],[-52.43792,-29.75348],[-52.43728,-29.75322],[-52.4372,-29.75288],[-52.43598,-29.7513]]]},"properties":{"CD_MUN":"4316808","NM_MUN":"Santa Cruz do Sul","CD_BAIRRO":"4316808052","NM_BAIRRO":"Santa Vitória","pessoas":"3376","domicilios":"1304","dom_ocupados":"1242","media_moradores":"2,7","area_km2":0.8344893035714208,"dens_hab_km2":4045.6}},
{"type":"Feature","geometry":{"type":"Polygon","coordinates":[[[-52.43927,-29.74949],[-52.43681,-29.75018],[-52.4355,-29.75069],[-52.43528,-29.75013],[-52.43377,-29.74784],[-52.43293,-29.74617],[-52.43223,-29.74516],[-52.43219,-29.74462],[-52.43154,-29.74387],[-52.43117,-29.74359],[-52.43043,-29.74341],[-52.4289,-29.74323],[-52.43028,-29.74264],[-52.43124,-29.74208],[-52.43061,-29.74123],[-52.43067,-29.74037],[-52.43053,-29.73949],[-52.43302,-29.73827],[-52.43252,-29.7374],[-52.43175,-29.73669],[-52.43105,-29.73621],[-52.43065,-29.73569],[-52.43045,-29.73482],[-52.43213,-29.73449],[-52.43312,-29.73456],[-52.43305,-29.73549],[-52.43485,-29.73605],[-52.4347,-29.73682],[-52.43553,-29.73704],[-52.43663,-29.74002],[-52.43716,-29.74019],[-52.43781,-29.73885],[-52.43856,-29.74008],[-52.44784,-29.74481],[-52.44807,-29.74494],[-52.4471,-29.74614],[-52.44625,-29.74688],[-52.44561,-29.74734],[-52.44426,-29.74801],[-52.44308,-29.74842],[-52.44057,-29.74916],[-52.43927,-29.74949]]]},"properties":{"CD_MUN":"4316808","NM_MUN":"Santa Cruz do Sul","CD_BAIRRO":"4316808048","NM_BAIRRO":"Faxinal Menino de Deus","pessoas":"5189","domicilios":"1973","dom_ocupados":"1836","media_moradores":"2,7","area_km2":1.4639680356492426,"dens_hab_km2":3544.5}},
{"type":"Feature","geometry":{"type":"Polygon","coordinates":[[[-52.40018,-29.69049],[-52.40111,-29.69001],[-52.40216,-29.68986],[-52.41004,-29.68992],[-52.41104,-29.68983],[-52.4124,-29.68949],[-52.41645,-29.6879],[-52.41777,-29.68759],[-52.42176,-29.68684],[-52.42245,-29.68659],[-52.42383,-29.68586],[-52.42607,-29.6842],[-52.426,-29.68858],[-52.43238,-29.68863],[-52.43243,-29.69145],[-52.43374,-29.69148],[-52.43373,-29.69327],[-52.43234,-29.69354],[-52.42824,-29.6935],[-52.42757,-29.69292],[-52.42303,-29.69296],[-52.42244,-29.6936],[-52.42218,-29.69509],[-52.42124,-29.6966],[-52.42009,-29.70023],[-52.41464,-29.69987],[-52.41421,-29.70136],[-52.41187,-29.7007],[-52.4111,-29.70007],[-52.40975,-29.69917],[-52.40821,-29.69804],[-52.40786,-29.69742],[-52.40803,-29.69694],[-52.40792,-29.69632],[-52.40585,-29.69379],[-52.40486,-29.69266],[-52.40388,-29.69223],[-52.40222,-29.69185],[-52.40171,-29.69164],[-52.40018,-29.69049]]]},"properties":{"CD_MUN":"4316808","NM_MUN":"Santa Cruz do Sul","CD_BAIRRO":"4316808029","NM_BAIRRO":"Jardim Europa","pessoas":"1514","domicilios":"655","dom_ocupados":"553","media_moradores":"2,7","area_km2":2.6019940647670703,"dens_hab_km2":581.9}},
{"type":"Feature","geometry":{"type":"Polygon","coordinates":[[[-52.41452,-29.7433],[-52.41235,-29.74406],[-52.41124,-29.74452],[-52.40831,-29.74521],[-52.40727,-29.74505],[-52.40611,-29.74436],[-52.40548,-29.74386],[-52.40476,-29.74304],[-52.40421,-29.74281],[-52.40322,-29.74288],[-52.40196,-29.74293],[-52.402,-29.74128],[-52.4022,-29.73704],[-52.40277,-29.73599],[-52.4058,-29.73593],[-52.4079,-29.73443],[-52.41354,-29.73449],[-52.41388,-29.7346],[-52.41654,-29.7349],[-52.41672,-29.73425],[-52.41725,-29.73428],[-52.41949,-29.73454],[-52.41954,-29.73411],[-52.42472,-29.73464],[-52.42545,-29.73511],[-52.42503,-29.73587],[-52.42506,-29.73652],[-52.42491,-29.73752],[-52.42469,-29.73841],[-52.42389,-29.73904],[-52.42364,-29.73947],[-52.42355,-29.74007],[-52.42393,-29.741],[-52.42391,-29.74178],[-52.42348,-29.74232],[-52.42215,-29.74283],[-52.42118,-29.74298],[-52.41964,-29.74289],[-52.41737,-29.74296],[-52.41485,-29.7432],[-52.41452,-29.7433]]]},"properties":{"CD_MUN":"4316808","NM_MUN":"Santa Cruz do Sul","CD_BAIRRO":"4316808016","NM_BAIRRO":"Arroio Grande","pessoas":"7008","domicilios":"3143","dom_ocupados":"2880","media_moradores":"2,4","area_km2":2.094394602074465,"dens_hab_km2":3346.1}},
{"type":"Feature","geometry":{"type":"Polygon","coordinates":[[[-52.45489,-29.73013],[-52.4541,-29.73279],[-52.45296,-29.7368],[-52.45763,-29.73759],[-52.45707,-29.74138],[-52.45673,-29.74191],[-52.45664,-29.74252],[-52.45288,-29.74172],[-52.45144,-29.74542],[-52.45096,-29.74544],[-52.4509,-29.74696],[-52.4508,-29.74722],[-52.44859,-29.74688],[-52.44625,-29.74688],[-52.4471,-29.74614],[-52.44807,-29.74494],[-52.44926,-29.74331],[-52.44969,-29.7425],[-52.44993,-29.74178],[-52.45013,-29.74051],[-52.45006,-29.73781],[-52.45009,-29.73738],[-52.45019,-29.73656],[-52.45043,-29.73558],[-52.45181,-29.73238],[-52.45209,-29.73134],[-52.4522,-29.73047],[-52.45217,-29.7294],[-52.45489,-29.73013]]]},"properties":{"CD_MUN":"4316808","NM_MUN":"Santa Cruz do Sul","CD_BAIRRO":"4316808020","NM_BAIRRO":"Santuário","pessoas":"2247","domicilios":"732","dom_ocupados":"717","media_moradores":"3,1","area_km2":0.7702358266774362,"dens_hab_km2":2917.3}},
{"type":"Feature","geometry":{"type":"Polygon","coordinates":[[[-52.44146,-29.72018],[-52.44148,-29.7195],[-52.44681,-29.71955],[-52.45111,-29.72619],[-52.45171,-29.72739],[-52.452,-29.7283],[-52.45217,-29.7294],[-52.4504,-29.72899],[-52.44905,-29.72806],[-52.44824,-29.72726],[-52.44722,-29.72645],[-52.44685,-29.72627],[-52.44319,-29.72619],[-52.44245,-29.72601],[-52.44147,-29.72539],[-52.44146,-29.72018]]]},"properties":{"CD_MUN":"4316808","NM_MUN":"Santa Cruz do Sul","CD_BAIRRO":"4316808022","NM_BAIRRO":"Schulz","pessoas":"2686","domicilios":"1234","dom_ocupados":"1116","media_moradores":"2,4","area_km2":0.6299119164294029,"dens_hab_km2":4264.1}},
{"type":"Feature","geometry":{"type":"Polygon","coordinates":[[[-52.40804,-29.72703],[-52.41386,-29.72724],[-52.41453,-29.72582],[-52.41496,-29.72571],[-52.41708,-29.72601],[-52.41703,-29.72639],[-52.41968,-29.72666],[-52.41933,-29.72923],[-52.41855,-29.72929],[-52.41796,-29.73065],[-52.41725,-29.73428],[-52.41672,-29.73425],[-52.41654,-29.7349],[-52.41388,-29.7346],[-52.41354,-29.73449],[-52.41346,-29.73392],[-52.41391,-29.7327],[-52.40789,-29.73258],[-52.40804,-29.72703]]]},"properties":{"CD_MUN":"4316808","NM_MUN":"Santa Cruz do Sul","CD_BAIRRO":"4316808015","NM_BAIRRO":"Monte Verde","pessoas":"947","domicilios":"394","dom_ocupados":"373","media_moradores":"2,5","area_km2":0.763538008803244,"dens_hab_km2":1240.3}},
{"type":"Feature","geometry":{"type":"Polygon","coordinates":[[[-52.44565,-29.70494],[-52.44535,-29.70936],[-52.44347,-29.70937],[-52.4384,-29.70934],[-52.43569,-29.70934],[-52.43569,-29.70802],[-52.43549,-29.70803],[-52.43572,-29.70779],[-52.43617,-29.7063],[-52.4362,-29.7059],[-52.43757,-29.70516],[-52.43887,-29.70326],[-52.44117,-29.70279],[-52.44281,-29.70143],[-52.44592,-29.70142],[-52.44565,-29.70494]]]},"properties":{"CD_MUN":"4316808","NM_MUN":"Santa Cruz do Sul","CD_BAIRRO":"4316808010","NM_BAIRRO":"Avenida","pessoas":"2331","domicilios":"1269","dom_ocupados":"1060","media_moradores":"2,2","area_km2":0.6628159813660577,"dens_hab_km2":3516.8}},
{"type":"Feature","geometry":{"type":"Polygon","coordinates":[[[-52.41528,-29.70498],[-52.41471,-29.70486],[-52.41172,-29.70372],[-52.41245,-29.70129],[-52.41455,-29.70193],[-52.415,-29.70026],[-52.42057,-29.70073],[-52.42175,-29.69693],[-52.42278,-29.69526],[-52.42296,-29.69401],[-52.42349,-29.69347],[-52.42754,-29.69347],[-52.42809,-29.69395],[-52.42807,-29.69552],[-52.43088,-29.69551],[-52.43087,-29.69674],[-52.4326,-29.69675],[-52.43273,-29.70072],[-52.43278,-29.70573],[-52.43201,-29.70649],[-52.43079,-29.7074],[-52.42851,-29.70588],[-52.42699,-29.70534],[-52.42414,-29.70463],[-52.42397,-29.70594],[-52.42185,-29.70569],[-52.4167,-29.70516],[-52.41528,-29.70498]]]},"properties":{"CD_MUN":"4316808","NM_MUN":"Santa Cruz do Sul","CD_BAIRRO":"4316808013","NM_BAIRRO":"Santo Inácio","pessoas":"5813","domicilios":"3030","dom_ocupados":"2626","media_moradores":"2,2","area_km2":1.7620298725489176,"dens_hab_km2":3299}},
{"type":"Feature","geometry":{"type":"Polygon","coordinates":[[[-52.42459,-29.65965],[-52.43097,-29.65975],[-52.43233,-29.65851],[-52.43397,-29.65771],[-52.4354,-29.65759],[-52.43677,-29.65763],[-52.43813,-29.65809],[-52.43922,-29.6588],[-52.43991,-29.65936],[-52.44742,-29.65935],[-52.45774,-29.65945],[-52.45771,-29.66221],[-52.45775,-29.67012],[-52.45774,-29.67588],[-52.45783,-29.68051],[-52.45801,-29.68114],[-52.45839,-29.68163],[-52.45937,-29.68231],[-52.45978,-29.68284],[-52.45981,-29.68332],[-52.45949,-29.68454],[-52.45912,-29.68494],[-52.45808,-29.6854],[-52.45748,-29.68547],[-52.45563,-29.68529],[-52.45491,-29.68562],[-52.45416,-29.68674],[-52.45336,-29.68704],[-52.45245,-29.68676],[-52.45168,-29.68629],[-52.45048,-29.68607],[-52.44958,-29.68613],[-52.44847,-29.68637],[-52.44745,-29.68636],[-52.44593,-29.68675],[-52.44399,-29.68519],[-52.44316,-29.68478],[-52.44231,-29.68458],[-52.44115,-29.68468],[-52.43925,-29.68498],[-52.43859,-29.68487],[-52.43782,-29.68448],[-52.43668,-29.68347],[-52.43541,-29.68276],[-52.43292,-29.68182],[-52.43166,-29.68143],[-52.43199,-29.68105],[-52.43178,-29.68031],[-52.43004,-29.67903],[-52.42909,-29.67859],[-52.42968,-29.67739],[-52.42984,-29.67665],[-52.43033,-29.6763],[-52.43053,-29.67596],[-52.43051,-29.67516],[-52.42979,-29.67503],[-52.42993,-29.67452],[-52.42959,-29.67352],[-52.42926,-29.67303],[-52.42734,-29.6725],[-52.42679,-29.67179],[-52.42645,-29.67172],[-52.42631,-29.67132],[-52.42625,-29.66935],[-52.42615,-29.66874],[-52.42639,-29.66848],[-52.42597,-29.66729],[-52.42612,-29.66714],[-52.42601,-29.6664],[-52.42503,-29.66458],[-52.42555,-29.66415],[-52.42589,-29.66356],[-52.42602,-29.66282],[-52.42601,-29.66169],[-52.4256,-29.66125],[-52.42427,-29.66104],[-52.42403,-29.66072],[-52.42459,-29.65965]]]},"properties":{"CD_MUN":"4316808","NM_MUN":"Santa Cruz do Sul","CD_BAIRRO":"4316808049","NM_BAIRRO":"Germânia","pessoas":"513","domicilios":"271","dom_ocupados":"201","media_moradores":"2,5","area_km2":8.302925049050527,"dens_hab_km2":61.8}},
{"type":"Feature","geometry":{"type":"Polygon","coordinates":[[[-52.45217,-29.7294],[-52.4522,-29.73047],[-52.45209,-29.73134],[-52.45181,-29.73238],[-52.45043,-29.73558],[-52.45019,-29.73656],[-52.45009,-29.73738],[-52.44855,-29.73704],[-52.44914,-29.73522],[-52.44358,-29.7337],[-52.44215,-29.73494],[-52.44154,-29.73479],[-52.44032,-29.73406],[-52.44028,-29.73334],[-52.44046,-29.73183],[-52.44143,-29.72768],[-52.44137,-29.72554],[-52.44147,-29.72539],[-52.44245,-29.72601],[-52.44319,-29.72619],[-52.44685,-29.72627],[-52.44722,-29.72645],[-52.44824,-29.72726],[-52.44905,-29.72806],[-52.4504,-29.72899],[-52.45217,-29.7294]]]},"properties":{"CD_MUN":"4316808","NM_MUN":"Santa Cruz do Sul","CD_BAIRRO":"4316808021","NM_BAIRRO":"Bom Jesus","pessoas":"4798","domicilios":"1868","dom_ocupados":"1714","media_moradores":"2,7","area_km2":0.9242164488169664,"dens_hab_km2":5191.4}},
{"type":"Feature","geometry":{"type":"Polygon","coordinates":[[[-52.40232,-29.75569],[-52.39769,-29.75609],[-52.39537,-29.75618],[-52.39422,-29.75627],[-52.39306,-29.75648],[-52.39274,-29.75668],[-52.39199,-29.75764],[-52.39097,-29.75793],[-52.39012,-29.75805],[-52.38879,-29.75801],[-52.38835,-29.7578],[-52.38662,-29.75711],[-52.38538,-29.75708],[-52.37912,-29.75763],[-52.37709,-29.75679],[-52.37629,-29.75665],[-52.37597,-29.75622],[-52.37363,-29.75547],[-52.37102,-29.75426],[-52.37275,-29.7534],[-52.3741,-29.7526],[-52.3764,-29.75259],[-52.37687,-29.75231],[-52.37783,-29.75134],[-52.37827,-29.74973],[-52.37844,-29.74941],[-52.37958,-29.74866],[-52.38008,-29.74813],[-52.38034,-29.74762],[-52.38094,-29.7459],[-52.38172,-29.74432],[-52.38178,-29.74384],[-52.38171,-29.74255],[-52.38209,-29.74209],[-52.38244,-29.742],[-52.38362,-29.74201],[-52.38471,-29.74154],[-52.38386,-29.74092],[-52.3831,-29.74063],[-52.38218,-29.73999],[-52.38227,-29.73949],[-52.38211,-29.73868],[-52.38213,-29.73798],[-52.38249,-29.73655],[-52.38977,-29.73674],[-52.4022,-29.73704],[-52.402,-29.74128],[-52.40196,-29.74293],[-52.40322,-29.74288],[-52.40312,-29.74649],[-52.40313,-29.75],[-52.40254,-29.75001],[-52.40232,-29.75569]]]},"properties":{"CD_MUN":"4316808","NM_MUN":"Santa Cruz do Sul","CD_BAIRRO":"4316808031","NM_BAIRRO":"Aliança","pessoas":"3143","domicilios":"1332","dom_ocupados":"1241","media_moradores":"2,5","area_km2":5.024074378817533,"dens_hab_km2":625.6}},
{"type":"Feature","geometry":{"type":"Polygon","coordinates":[[[-52.38977,-29.73674],[-52.38249,-29.73655],[-52.38213,-29.73798],[-52.38211,-29.73868],[-52.38227,-29.73949],[-52.38218,-29.73999],[-52.3831,-29.74063],[-52.38386,-29.74092],[-52.38471,-29.74154],[-52.38362,-29.74201],[-52.38244,-29.742],[-52.38209,-29.74209],[-52.38171,-29.74255],[-52.38178,-29.74384],[-52.38172,-29.74432],[-52.38094,-29.7459],[-52.38034,-29.74762],[-52.38008,-29.74813],[-52.37958,-29.74866],[-52.37844,-29.74941],[-52.37827,-29.74973],[-52.37783,-29.75134],[-52.37687,-29.75231],[-52.3764,-29.75259],[-52.3741,-29.7526],[-52.37275,-29.7534],[-52.37102,-29.75426],[-52.3691,-29.75331],[-52.36573,-29.75144],[-52.36153,-29.74899],[-52.35765,-29.74691],[-52.35673,-29.74649],[-52.35511,-29.74615],[-52.35371,-29.74594],[-52.35289,-29.74618],[-52.35235,-29.74746],[-52.35114,-29.74804],[-52.35045,-29.74795],[-52.34221,-29.74641],[-52.34091,-29.74681],[-52.34013,-29.74689],[-52.3391,-29.74715],[-52.33807,-29.74752],[-52.33679,-29.7485],[-52.33529,-29.74991],[-52.33483,-29.75018],[-52.33326,-29.74997],[-52.33261,-29.74925],[-52.33118,-29.74871],[-52.33069,-29.74864],[-52.3293,-29.74925],[-52.32766,-29.74952],[-52.3257,-29.74971],[-52.32542,-29.74908],[-52.32391,-29.74854],[-52.32326,-29.74786],[-52.3308,-29.74015],[-52.33165,-29.73904],[-52.33204,-29.73888],[-52.33276,-29.73821],[-52.33357,-29.73699],[-52.33387,-29.73605],[-52.33443,-29.73516],[-52.33446,-29.73456],[-52.33395,-29.7335],[-52.33379,-29.73248],[-52.3339,-29.73191],[-52.33422,-29.7313],[-52.33489,-29.73053],[-52.33499,-29.72974],[-52.33539,-29.72911],[-52.33508,-29.72853],[-52.33516,-29.72787],[-52.33474,-29.72668],[-52.33434,-29.72592],[-52.33437,-29.72454],[-52.33396,-29.72393],[-52.33323,-29.72328],[-52.33269,-29.72305],[-52.33233,-29.72211],[-52.33183,-29.72159],[-52.33155,-29.72095],[-52.33143,-29.72015],[-52.33146,-29.71923],[-52.33162,-29.71853],[-52.33145,-29.71817],[-52.3308,-29.71753],[-52.32995,-29.7175],[-52.32936,-29.71706],[-52.32847,-29.71668],[-52.32817,-29.71615],[-52.32753,-29.71566],[-52.32662,-29.71419],[-52.32727,-29.71408],[-52.32821,-29.71431],[-52.3295,-29.71539],[-52.32988,-29.71588],[-52.33046,-29.71625],[-52.33146,-29.71579],[-52.33192,-29.71524],[-52.33402,-29.71411],[-52.33448,-29.71348],[-52.33529,-29.71327],[-52.33715,-29.71401],[-52.33779,-29.71503],[-52.3385,-29.71546],[-52.33939,-29.71548],[-52.34006,-29.715],[-52.34073,-29.71257],[-52.34104,-29.7126],[-52.34163,-29.71316],[-52.34256,-29.71337],[-52.3431,-29.71327],[-52.34434,-29.7126],[-52.34481,-29.71217],[-52.3455,-29.71208],[-52.3463,-29.71219],[-52.34677,-29.71245],[-52.34693,-29.71325],[-52.34727,-29.71349],[-52.34909,-29.71378],[-52.35193,-29.71432],[-52.35402,-29.7144],[-52.35456,-29.71428],[-52.35518,-29.71386],[-52.35572,-29.71366],[-52.3561,-29.71418],[-52.35605,-29.71464],[-52.35663,-29.71549],[-52.35619,-29.71655],[-52.35665,-29.71727],[-52.35703,-29.71743],[-52.35777,-29.71741],[-52.36255,-29.71992],[-52.36395,-29.72061],[-52.36521,-29.72133],[-52.37094,-29.72435],[-52.37181,-29.72472],[-52.37254,-29.7246],[-52.37405,-29.72459],[-52.37454,-29.72434],[-52.37663,-29.72178],[-52.37723,-29.72094],[-52.37849,-29.72021],[-52.38072,-29.7193],[-52.38303,-29.71849],[-52.38463,-29.71815],[-52.38797,-29.71753],[-52.38903,-29.71705],[-52.39002,-29.71578],[-52.39032,-29.71557],[-52.39168,-29.71495],[-52.39288,-29.71478],[-52.39473,-29.71497],[-52.39378,-29.72209],[-52.39355,-29.72366],[-52.39266,-29.72347],[-52.39226,-29.72356],[-52.39166,-29.72797],[-52.39263,-29.72811],[-52.39224,-29.73074],[-52.39075,-29.73062],[-52.39027,-29.73319],[-52.38977,-29.73674]]]},"properties":{"CD_MUN":"4316808","NM_MUN":"Santa Cruz do Sul","CD_BAIRRO":"4316808050","NM_BAIRRO":"João Alves","pessoas":"3274","domicilios":"1497","dom_ocupados":"1323","media_moradores":"2,5","area_km2":19.373664550712334,"dens_hab_km2":169}},
{"type":"Feature","geometry":{"type":"Polygon","coordinates":[[[-52.44565,-29.70494],[-52.45204,-29.70494],[-52.46489,-29.70493],[-52.46488,-29.70388],[-52.46688,-29.70388],[-52.46636,-29.7051],[-52.46838,-29.70623],[-52.46848,-29.70647],[-52.46854,-29.70797],[-52.46633,-29.70966],[-52.46479,-29.70965],[-52.46483,-29.70785],[-52.45193,-29.70766],[-52.45181,-29.70916],[-52.4517,-29.71352],[-52.45158,-29.71959],[-52.45446,-29.72417],[-52.45556,-29.72587],[-52.45587,-29.72666],[-52.45572,-29.72762],[-52.45489,-29.73013],[-52.45217,-29.7294],[-52.452,-29.7283],[-52.45171,-29.72739],[-52.45111,-29.72619],[-52.44681,-29.71955],[-52.44617,-29.71862],[-52.44453,-29.71604],[-52.44424,-29.71519],[-52.44417,-29.71441],[-52.44436,-29.71338],[-52.44504,-29.71182],[-52.44522,-29.71103],[-52.44535,-29.70936],[-52.44565,-29.70494]]]},"properties":{"CD_MUN":"4316808","NM_MUN":"Santa Cruz do Sul","CD_BAIRRO":"4316808023","NM_BAIRRO":"Várzea","pessoas":"1691","domicilios":"715","dom_ocupados":"644","media_moradores":"2,6","area_km2":2.0659386562520945,"dens_hab_km2":818.5}},
{"type":"Feature","geometry":{"type":"Polygon","coordinates":[[[-52.42427,-29.76283],[-52.42472,-29.7631],[-52.42725,-29.76386],[-52.42863,-29.76408],[-52.43017,-29.76453],[-52.4325,-29.76527],[-52.43235,-29.76833],[-52.43292,-29.77271],[-52.43207,-29.77228],[-52.43176,-29.77195],[-52.4313,-29.7723],[-52.43106,-29.77185],[-52.43058,-29.77173],[-52.43021,-29.77132],[-52.42986,-29.77124],[-52.42887,-29.77135],[-52.42841,-29.77192],[-52.42818,-29.77244],[-52.42724,-29.77251],[-52.42705,-29.77284],[-52.42717,-29.77345],[-52.42647,-29.77328],[-52.42651,-29.7739],[-52.42603,-29.77435],[-52.42492,-29.77425],[-52.42452,-29.77393],[-52.42475,-29.76996],[-52.42523,-29.76997],[-52.42558,-29.76887],[-52.42591,-29.76874],[-52.42606,-29.76833],[-52.42604,-29.76582],[-52.4235,-29.7651],[-52.42427,-29.76283]]]},"properties":{"CD_MUN":"4316808","NM_MUN":"Santa Cruz do Sul","CD_BAIRRO":"4316808039","NM_BAIRRO":"Rauber","pessoas":"1350","domicilios":"503","dom_ocupados":"472","media_moradores":"2,8","area_km2":0.6767495397674389,"dens_hab_km2":1994.8}},
{"type":"Feature","geometry":{"type":"Polygon","coordinates":[[[-52.43598,-29.7513],[-52.4372,-29.75288],[-52.43728,-29.75322],[-52.43792,-29.75348],[-52.43955,-29.75365],[-52.44038,-29.75367],[-52.4457,-29.75439],[-52.45072,-29.75464],[-52.45163,-29.75469],[-52.45242,-29.75522],[-52.45396,-29.75672],[-52.45462,-29.7576],[-52.45541,-29.75933],[-52.45559,-29.75996],[-52.45634,-29.7616],[-52.45652,-29.76233],[-52.45689,-29.76283],[-52.45743,-29.76315],[-52.45781,-29.76361],[-52.45764,-29.76405],[-52.45766,-29.76588],[-52.45733,-29.76713],[-52.45739,-29.76856],[-52.45705,-29.76949],[-52.4571,-29.7706],[-52.45797,-29.7733],[-52.45943,-29.77441],[-52.45953,-29.77511],[-52.45918,-29.77628],[-52.4583,-29.77864],[-52.45842,-29.78018],[-52.45772,-29.77967],[-52.45663,-29.77964],[-52.45426,-29.77948],[-52.45118,-29.77943],[-52.45184,-29.77886],[-52.45175,-29.77841],[-52.45117,-29.77767],[-52.45047,-29.77737],[-52.45047,-29.77684],[-52.45,-29.77689],[-52.4496,-29.77632],[-52.44882,-29.77653],[-52.44806,-29.77634],[-52.44726,-29.7769],[-52.44529,-29.77658],[-52.44438,-29.77683],[-52.44357,-29.77679],[-52.44284,-29.77656],[-52.44225,-29.77613],[-52.4417,-29.77606],[-52.44059,-29.77567],[-52.44011,-29.77583],[-52.43959,-29.77563],[-52.43865,-29.77587],[-52.43768,-29.77552],[-52.43703,-29.77559],[-52.43621,-29.77598],[-52.43618,-29.77445],[-52.43624,-29.76581],[-52.4355,-29.75069],[-52.43598,-29.7513]]]},"properties":{"CD_MUN":"4316808","NM_MUN":"Santa Cruz do Sul","CD_BAIRRO":"4316808044","NM_BAIRRO":"Dona Carlota","pessoas":"5120","domicilios":"1829","dom_ocupados":"1762","media_moradores":"2,9","area_km2":5.169573094993297,"dens_hab_km2":990.4}},
{"type":"Feature","geometry":{"type":"Polygon","coordinates":[[[-52.43222,-29.72788],[-52.4327,-29.72764],[-52.43305,-29.7272],[-52.43457,-29.72631],[-52.43542,-29.72541],[-52.43603,-29.72428],[-52.43571,-29.72396],[-52.43579,-29.72156],[-52.43578,-29.72012],[-52.44146,-29.72018],[-52.44147,-29.72539],[-52.44137,-29.72554],[-52.44143,-29.72768],[-52.44046,-29.73183],[-52.43837,-29.73168],[-52.43857,-29.73058],[-52.43882,-29.72977],[-52.43644,-29.72915],[-52.43617,-29.72962],[-52.43254,-29.72857],[-52.43222,-29.72788]]]},"properties":{"CD_MUN":"4316808","NM_MUN":"Santa Cruz do Sul","CD_BAIRRO":"4316808008","NM_BAIRRO":"Senai","pessoas":"3314","domicilios":"1668","dom_ocupados":"1401","media_moradores":"2,3","area_km2":0.7056219560708619,"dens_hab_km2":4696.6}},
{"type":"Feature","geometry":{"type":"Polygon","coordinates":[[[-52.45009,-29.73738],[-52.45006,-29.73781],[-52.45013,-29.74051],[-52.44993,-29.74178],[-52.44969,-29.7425],[-52.44926,-29.74331],[-52.44807,-29.74494],[-52.44784,-29.74481],[-52.43856,-29.74008],[-52.43781,-29.73885],[-52.43716,-29.74019],[-52.43663,-29.74002],[-52.43553,-29.73704],[-52.4363,-29.73689],[-52.43834,-29.73537],[-52.43799,-29.73495],[-52.43782,-29.73425],[-52.43737,-29.73385],[-52.43695,-29.73373],[-52.43654,-29.73304],[-52.4354,-29.73197],[-52.43491,-29.73089],[-52.43261,-29.7289],[-52.43254,-29.72857],[-52.43617,-29.72962],[-52.43644,-29.72915],[-52.43882,-29.72977],[-52.43857,-29.73058],[-52.43837,-29.73168],[-52.44046,-29.73183],[-52.44028,-29.73334],[-52.44032,-29.73406],[-52.44154,-29.73479],[-52.44215,-29.73494],[-52.44358,-29.7337],[-52.44914,-29.73522],[-52.44855,-29.73704],[-52.45009,-29.73738]]]},"properties":{"CD_MUN":"4316808","NM_MUN":"Santa Cruz do Sul","CD_BAIRRO":"4316808007","NM_BAIRRO":"Pedreira","pessoas":"3710","domicilios":"1511","dom_ocupados":"1373","media_moradores":"2,7","area_km2":1.3046723062309509,"dens_hab_km2":2843.6}},
{"type":"Feature","geometry":{"type":"Polygon","coordinates":[[[-52.42207,-29.7203],[-52.42242,-29.71679],[-52.42277,-29.71428],[-52.42321,-29.71184],[-52.42397,-29.70594],[-52.42414,-29.70463],[-52.42699,-29.70534],[-52.42851,-29.70588],[-52.43079,-29.7074],[-52.43367,-29.70783],[-52.43526,-29.70783],[-52.43549,-29.70803],[-52.43569,-29.70802],[-52.43569,-29.70934],[-52.43571,-29.71313],[-52.43578,-29.71827],[-52.43578,-29.72012],[-52.43579,-29.72156],[-52.43571,-29.72396],[-52.43603,-29.72428],[-52.43542,-29.72541],[-52.43457,-29.72631],[-52.43305,-29.7272],[-52.4327,-29.72764],[-52.43222,-29.72788],[-52.43081,-29.72849],[-52.42973,-29.72885],[-52.4294,-29.7282],[-52.42921,-29.72761],[-52.42777,-29.72594],[-52.42727,-29.72518],[-52.42602,-29.72514],[-52.42598,-29.72489],[-52.42402,-29.72488],[-52.42228,-29.72482],[-52.42243,-29.72408],[-52.42143,-29.72385],[-52.42163,-29.72232],[-52.42191,-29.72134],[-52.42207,-29.7203]]]},"properties":{"CD_MUN":"4316808","NM_MUN":"Santa Cruz do Sul","CD_BAIRRO":"4316808001","NM_BAIRRO":"Centro","pessoas":"8915","domicilios":"5633","dom_ocupados":"4413","media_moradores":"2,0","area_km2":2.787400764146589,"dens_hab_km2":3198.3}}
]}