{"type":"FeatureCollection", "features": [
{"type":"Feature","geometry":{"type":"Polygon","coordinates":[[[-52.62094,-32.63792],[-52.60907,-32.6123],[-52.60198,-32.58213],[-52.58761,-32.53775],[-52.58595,-32.50858],[-52.60233,-32.46064],[-52.61595,-32.4321],[-52.63549,-32.40119],[-52.63901,-32.39303],[-52.66012,-32.36302],[-52.68018,-32.33068],[-52.68841,-32.31953],[-52.69232,-32.30689],[-52.69069,-32.29663],[-52.68305,-32.27283],[-52.66228,-32.22582],[-52.65622,-32.20898],[-52.64791,-32.19147],[-52.62789,-32.15918],[-52.62933,-32.15202],[-52.62288,-32.14557],[-52.63365,-32.14667],[-52.64588,-32.15227],[-52.65882,-32.15358],[-52.67495,-32.16404],[-52.6809,-32.16356],[-52.70116,-32.15527],[-52.71889,-32.15416],[-52.7322,-32.15966],[-52.73285,-32.16512],[-52.74101,-32.17411],[-52.74117,-32.1814],[-52.73417,-32.18727],[-52.73828,-32.19244],[-52.74921,-32.1922],[-52.76283,-32.19894],[-52.76293,-32.20849],[-52.755,-32.21167],[-52.76695,-32.22424],[-52.77676,-32.2306],[-52.77915,-32.23753],[-52.77843,-32.25217],[-52.78302,-32.25837],[-52.78414,-32.26945],[-52.79303,-32.26839],[-52.79746,-32.2761],[-52.79349,-32.28363],[-52.80766,-32.31951],[-52.81866,-32.32744],[-52.82108,-32.33411],[-52.81695,-32.34728],[-52.80634,-32.35391],[-52.80004,-32.35238],[-52.79086,-32.34348],[-52.78575,-32.35566],[-52.79808,-32.35519],[-52.80324,-32.35976],[-52.79011,-32.37882],[-52.77256,-32.36784],[-52.77471,-32.35573],[-52.77168,-32.35264],[-52.7497,-32.36235],[-52.72419,-32.37001],[-52.72356,-32.38162],[-52.73778,-32.39892],[-52.76639,-32.42622],[-52.78594,-32.43975],[-52.80239,-32.44702],[-52.83454,-32.45388],[-52.89244,-32.46108],[-52.9196,-32.46762],[-52.93995,-32.47485],[-52.96796,-32.49048],[-52.98333,-32.50424],[-52.98775,-32.51063],[-52.98421,-32.51513],[-52.98859,-32.53768],[-52.99187,-32.54523],[-52.99415,-32.57514],[-52.99744,-32.59125],[-53.00929,-32.6077],[-53.0201,-32.61307],[-53.04307,-32.61357],[-53.063,-32.61806],[-53.07697,-32.62782],[-53.08083,-32.63749],[-53.08041,-32.64696],[-53.08365,-32.65673],[-53.10853,-32.64301],[-53.12838,-32.63846],[-53.14671,-32.64061],[-53.16672,-32.64859],[-53.17641,-32.65846],[-53.07558,-32.74088],[-53.07929,-32.77003],[-53.0858,-32.78835],[-53.11299,-32.78741],[-53.13845,-32.7893],[-53.14968,-32.79454],[-53.15496,-32.80034],[-53.15044,-32.80587],[-53.15258,-32.81165],[-53.16594,-32.83104],[-53.18496,-32.85043],[-53.29458,-32.8993],[-53.31016,-32.91876],[-53.24471,-32.93488],[-53.44441,-33.05295],[-53.51825,-33.15335],[-53.52174,-33.26515],[-53.50792,-33.35314],[-53.5112,-33.4595],[-53.52526,-33.52632],[-53.52363,-33.59348],[-53.53194,-33.60099],[-53.53014,-33.61521],[-53.52031,-33.61493],[-53.5125,-33.6026],[-53.51555,-33.58479],[-53.51104,-33.56727],[-53.51463,-33.55408],[-53.51098,-33.54405],[-53.50114,-33.54342],[-53.4823,-33.54698],[-53.48625,-33.55512],[-53.48017,-33.563],[-53.47198,-33.56338],[-53.46563,-33.55797],[-53.45225,-33.53259],[-53.45234,-33.51938],[-53.43807,-33.51638],[-53.43272,-33.4907],[-53.43176,-33.47022],[-53.42891,-33.46652],[-53.42477,-33.43761],[-53.42865,-33.41525],[-53.437,-33.39288],[-53.44084,-33.37528],[-53.44918,-33.34903],[-53.45293,-33.32997],[-53.46261,-33.29422],[-53.46763,-33.27965],[-53.46916,-33.25536],[-53.46369,-33.23863],[-53.45204,-33.22078],[-53.4447,-33.19601],[-53.43852,-33.18322],[-53.4322,-33.1621],[-53.4371,-33.16213],[-53.42836,-33.14129],[-53.426,-33.14074],[-53.41761,-33.11694],[-53.41412,-33.11734],[-53.42265,-33.1354],[-53.42031,-33.14656],[-53.42197,-33.15633],[-53.41668,-33.16101],[-53.40271,-33.15827],[-53.38812,-33.14328],[-53.38645,-33.13681],[-53.36824,-33.12276],[-53.35764,-33.10899],[-53.3507,-33.10351],[-53.33716,-33.08259],[-53.32691,-33.08297],[-53.31356,-33.09563],[-53.27737,-33.10936],[-53.26016,-33.10741],[-53.24864,-33.09251],[-53.24119,-33.07613],[-53.2257,-33.05995],[-53.20749,-33.04503],[-53.18609,-33.01955],[-53.17444,-33.00351],[-53.16357,-32.98391],[-53.15462,-32.95383],[-53.15824,-32.92913],[-53.15919,-32.90503],[-53.15712,-32.87944],[-53.15873,-32.87297],[-53.15677,-32.85918],[-53.14731,-32.81881],[-53.14137,-32.80726],[-53.12391,-32.79384],[-53.11054,-32.80458],[-53.11481,-32.80662],[-53.10128,-32.82199],[-53.0854,-32.83156],[-53.07009,-32.83381],[-53.05247,-32.81888],[-53.04224,-32.80384],[-53.02538,-32.78934],[-53.00237,-32.76502],[-53.00416,-32.78192],[-53.00158,-32.79751],[-52.98587,-32.81767],[-52.96301,-32.84216],[-52.94846,-32.85488],[-52.92778,-32.86857],[-52.90779,-32.88769],[-52.8832,-32.90393],[-52.86742,-32.90988],[-52.8468,-32.91397],[-52.83223,-32.91504],[-52.80778,-32.91058],[-52.79053,-32.90375],[-52.77014,-32.89313],[-52.76126,-32.88583],[-52.74382,-32.86376],[-52.74066,-32.85537],[-52.73035,-32.8474],[-52.73127,-32.84236],[-52.72343,-32.83385],[-52.71577,-32.8164],[-52.70838,-32.8047],[-52.70993,-32.80165],[-52.6885,-32.75777],[-52.66298,-32.71357],[-52.64678,-32.68166],[-52.62094,-32.63792]]]},"properties":{"CD_MUN":"4300001","NM_MUN":"Lagoa Mirim","AREA_KM2":2884.34}},
{"type":"Feature","geometry":{"type":"Polygon","coordinates":[[[-52.0972,-32.16167],[-52.08304,-32.16017],[-52.07908,-32.14769],[-52.07881,-32.13784],[-52.0851,-32.12703],[-52.07404,-32.10812],[-52.06054,-32.08973],[-52.0583,-32.08024],[-52.04969,-32.07721],[-52.04504,-32.04898],[-52.04116,-32.04461],[-52.03905,-32.03002],[-52.04533,-32.01397],[-52.04387,-32.00687],[-52.05383,-31.98493],[-52.05323,-31.97933],[-52.04048,-31.97311],[-52.01525,-31.96671],[-52.00544,-31.95153],[-52.00614,-31.93902],[-52.01521,-31.92242],[-52.03201,-31.90698],[-52.04406,-31.90189],[-52.04852,-31.88955],[-52.07874,-31.86882],[-52.08719,-31.85927],[-52.08957,-31.84614],[-52.09812,-31.83591],[-52.07927,-31.82624],[-52.06663,-31.8176],[-52.04912,-31.81425],[-52.0303,-31.81501],[-52.00813,-31.81818],[-51.98649,-31.82724],[-51.96574,-31.8405],[-51.95667,-31.84413],[-51.92305,-31.8634],[-51.90278,-31.8705],[-51.87871,-31.87308],[-51.86041,-31.87018],[-51.84369,-31.86276],[-51.81123,-31.84465],[-51.80295,-31.83275],[-51.80478,-31.81475],[-51.81343,-31.8083],[-51.83176,-31.80039],[-51.81837,-31.79723],[-51.8023,-31.78846],[-51.77344,-31.78646],[-51.73459,-31.78869],[-51.7255,-31.78564],[-51.70865,-31.78484],[-51.68963,-31.78134],[-51.68179,-31.77569],[-51.65873,-31.76688],[-51.63192,-31.74339],[-51.61326,-31.72941],[-51.58335,-31.69626],[-51.56148,-31.67005],[-51.54713,-31.65058],[-51.53039,-31.62304],[-51.49841,-31.58316],[-51.47515,-31.56596],[-51.47427,-31.57895],[-51.46976,-31.5897],[-51.43668,-31.61413],[-51.45054,-31.59496],[-51.45865,-31.57836],[-51.46216,-31.56705],[-51.46079,-31.5563],[-51.45572,-31.54637],[-51.44677,-31.53617],[-51.44644,-31.53093],[-51.45512,-31.52885],[-51.44059,-31.50668],[-51.42818,-31.492],[-51.41634,-31.50956],[-51.39931,-31.52041],[-51.38311,-31.52697],[-51.36111,-31.53203],[-51.34321,-31.52791],[-51.33645,-31.52309],[-51.31064,-31.51285],[-51.28241,-31.49693],[-51.26434,-31.48279],[-51.23754,-31.45744],[-51.22504,-31.44225],[-51.21538,-31.42757],[-51.20388,-31.41364],[-51.19477,-31.39817],[-51.17911,-31.36498],[-51.16679,-31.3248],[-51.1606,-31.30171],[-51.15748,-31.28471],[-51.15647,-31.26421],[-51.15768,-31.23777],[-51.16331,-31.19732],[-51.1688,-31.17455],[-51.17859,-31.14502],[-51.17899,-31.1342],[-51.18084,-31.12539],[-51.18013,-31.10329],[-51.17689,-31.07977],[-51.16643,-31.06833],[-51.16033,-31.07839],[-51.14912,-31.0875],[-51.12465,-31.09817],[-51.10362,-31.09938],[-51.09121,-31.09354],[-51.08482,-31.08758],[-51.04853,-31.06159],[-51.0237,-31.05154],[-50.99495,-31.0481],[-50.97807,-31.03884],[-50.97239,-31.03293],[-50.96447,-31.01606],[-50.95458,-31.00319],[-50.95598,-30.99312],[-50.95251,-30.98208],[-50.95144,-30.95955],[-50.96121,-30.92437],[-50.96645,-30.90886],[-50.96809,-30.89782],[-50.94153,-30.90398],[-50.91964,-30.90639],[-50.90459,-30.90404],[-50.88234,-30.89159],[-50.87226,-30.87932],[-50.85693,-30.86541],[-50.84634,-30.85892],[-50.8256,-30.85349],[-50.82275,-30.84547],[-50.81649,-30.8412],[-50.79048,-30.8294],[-50.77524,-30.82733],[-50.75378,-30.81894],[-50.74446,-30.81229],[-50.74083,-30.80538],[-50.72077,-30.77975],[-50.70199,-30.74633],[-50.70026,-30.73321],[-50.69012,-30.70692],[-50.68993,-30.70029],[-50.68328,-30.6636],[-50.67954,-30.60917],[-50.68643,-30.5008],[-50.69638,-30.4411],[-50.70051,-30.42476],[-50.71287,-30.40063],[-50.72478,-30.38397],[-50.72949,-30.36814],[-50.72192,-30.36395],[-50.71862,-30.35307],[-50.70846,-30.35386],[-50.70558,-30.34763],[-50.69365,-30.35169],[-50.6867,-30.35684],[-50.67963,-30.36882],[-50.65338,-30.38967],[-50.64344,-30.39592],[-50.62964,-30.39153],[-50.63212,-30.37489],[-50.63097,-30.36143],[-50.6338,-30.357],[-50.63562,-30.341],[-50.63257,-30.33251],[-50.62592,-30.32959],[-50.62642,-30.34369],[-50.61859,-30.36066],[-50.59673,-30.39102],[-50.5931,-30.40034],[-50.60394,-30.3996],[-50.61175,-30.40527],[-50.61965,-30.40672],[-50.62198,-30.41216],[-50.63329,-30.40618],[-50.65373,-30.41749],[-50.65643,-30.42626],[-50.65317,-30.44305],[-50.64922,-30.45361],[-50.64042,-30.4634],[-50.61452,-30.48203],[-50.6111,-30.48571],[-50.59714,-30.49089],[-50.58266,-30.49014],[-50.57442,-30.48148],[-50.57133,-30.47106],[-50.5745,-30.46432],[-50.56867,-30.45842],[-50.56451,-30.43758],[-50.56704,-30.4297],[-50.56292,-30.40969],[-50.56747,-30.39571],[-50.56564,-30.38791],[-50.55366,-30.37157],[-50.54532,-30.35598],[-50.5437,-30.34215],[-50.54626,-30.33122],[-50.55544,-30.32206],[-50.55538,-30.31683],[-50.54301,-30.29992],[-50.54383,-30.28195],[-50.53778,-30.27387],[-50.54263,-30.25233],[-50.56047,-30.25168],[-50.57546,-30.23823],[-50.59051,-30.21255],[-50.59823,-30.19602],[-50.6129,-30.20001],[-50.62082,-30.19841],[-50.64432,-30.19224],[-50.65889,-30.19992],[-50.66068,-30.21498],[-50.66407,-30.222],[-50.66889,-30.25488],[-50.66348,-30.27038],[-50.65497,-30.28147],[-50.65614,-30.28598],[-50.66837,-30.29148],[-50.67324,-30.29664],[-50.68576,-30.29836],[-50.70368,-30.29687],[-50.7215,-30.29932],[-50.73433,-30.29592],[-50.75073,-30.29671],[-50.78201,-30.28477],[-50.78756,-30.28856],[-50.79487,-30.31235],[-50.79171,-30.33011],[-50.7889,-30.33337],[-50.77666,-30.32724],[-50.77587,-30.33397],[-50.79698,-30.33838],[-50.81943,-30.32994],[-50.83826,-30.32484],[-50.84402,-30.32076],[-50.88489,-30.32367],[-50.89273,-30.32169],[-50.90817,-30.32354],[-50.91484,-30.32639],[-50.92704,-30.33816],[-50.93455,-30.35557],[-50.93855,-30.3751],[-50.93921,-30.39413],[-50.93761,-30.40687],[-50.93004,-30.43577],[-50.94605,-30.4264],[-50.97341,-30.40762],[-50.99838,-30.3951],[-51.01301,-30.38966],[-51.03867,-30.38608],[-51.04208,-30.38981],[-51.05558,-30.39198],[-51.0474,-30.3815],[-51.04129,-30.36637],[-51.04607,-30.35964],[-51.06525,-30.35663],[-51.05098,-30.34923],[-51.04982,-30.34459],[-51.03983,-30.34294],[-51.0316,-30.33387],[-51.02386,-30.31637],[-51.0198,-30.29651],[-51.02248,-30.28415],[-51.03076,-30.27448],[-51.04273,-30.26867],[-51.05668,-30.27113],[-51.05921,-30.27671],[-51.06931,-30.27129],[-51.0629,-30.25961],[-51.06976,-30.24713],[-51.0765,-30.24338],[-51.09589,-30.24122],[-51.10616,-30.2482],[-51.11466,-30.24607],[-51.12821,-30.24777],[-51.13262,-30.25165],[-51.13754,-30.26423],[-51.14222,-30.26602],[-51.15738,-30.26102],[-51.15185,-30.2456],[-51.15622,-30.23988],[-51.17497,-30.23819],[-51.184,-30.23317],[-51.17911,-30.22537],[-51.17849,-30.21698],[-51.18802,-30.21116],[-51.1943,-30.21363],[-51.19433,-30.19976],[-51.20178,-30.19205],[-51.22296,-30.18787],[-51.23905,-30.1903],[-51.2419,-30.18164],[-51.23274,-30.18272],[-51.22779,-30.17708],[-51.2285,-30.16146],[-51.22513,-30.1525],[-51.22603,-30.14417],[-51.23438,-30.13497],[-51.24578,-30.12935],[-51.24628,-30.12553],[-51.25922,-30.12346],[-51.26178,-30.10958],[-51.26674,-30.10285],[-51.26127,-30.09689],[-51.25291,-30.09657],[-51.24836,-30.08162],[-51.24163,-30.07204],[-51.23993,-30.06334],[-51.23447,-30.05835],[-51.23384,-30.04762],[-51.24169,-30.0416],[-51.24265,-30.03513],[-51.25024,-30.0353],[-51.25513,-30.04561],[-51.26267,-30.04026],[-51.2719,-30.03897],[-51.26816,-30.01648],[-51.27569,-30.01369],[-51.28262,-30.02193],[-51.28939,-30.01189],[-51.29028,-30.00222],[-51.29937,-30.00263],[-51.30419,-30.02752],[-51.30207,-30.03576],[-51.30115,-30.05418],[-51.30519,-30.05399],[-51.3133,-30.08473],[-51.3076,-30.09056],[-51.31437,-30.11383],[-51.31316,-30.13038],[-51.30622,-30.13196],[-51.32179,-30.15101],[-51.32368,-30.17283],[-51.31482,-30.18875],[-51.32242,-30.21279],[-51.32829,-30.22649],[-51.32575,-30.23497],[-51.31333,-30.24014],[-51.29382,-30.23185],[-51.29867,-30.24081],[-51.29485,-30.24695],[-51.27971,-30.2507],[-51.28252,-30.25655],[-51.2933,-30.25517],[-51.29796,-30.25965],[-51.30088,-30.27501],[-51.29786,-30.2964],[-51.29527,-30.30295],[-51.27937,-30.30775],[-51.26828,-30.30822],[-51.2572,-30.30577],[-51.2484,-30.3112],[-51.24653,-30.3191],[-51.23917,-30.31823],[-51.23378,-30.31045],[-51.22329,-30.30359],[-51.21005,-30.30133],[-51.2107,-30.32408],[-51.20736,-30.34082],[-51.19706,-30.36662],[-51.19154,-30.37735],[-51.17822,-30.3864],[-51.15015,-30.37264],[-51.1453,-30.36769],[-51.12859,-30.35925],[-51.12197,-30.36079],[-51.10869,-30.35711],[-51.09772,-30.35757],[-51.09466,-30.36473],[-51.09694,-30.37484],[-51.10572,-30.37737],[-51.12206,-30.39692],[-51.12147,-30.40578],[-51.12778,-30.42251],[-51.12725,-30.43248],[-51.13191,-30.4353],[-51.14226,-30.47143],[-51.15054,-30.49697],[-51.1546,-30.48852],[-51.14699,-30.47207],[-51.14342,-30.47102],[-51.13576,-30.43679],[-51.14252,-30.43389],[-51.1449,-30.42156],[-51.15382,-30.41372],[-51.18253,-30.40791],[-51.19788,-30.40803],[-51.22308,-30.4198],[-51.24625,-30.44508],[-51.249,-30.45767],[-51.25856,-30.4669],[-51.26538,-30.47977],[-51.27915,-30.5104],[-51.29841,-30.55909],[-51.30335,-30.58855],[-51.30356,-30.60944],[-51.30223,-30.63445],[-51.2931,-30.70768],[-51.29488,-30.73136],[-51.29414,-30.75156],[-51.28114,-30.80167],[-51.29808,-30.79191],[-51.31177,-30.78864],[-51.3005,-30.78004],[-51.29396,-30.77089],[-51.29335,-30.76478],[-51.29704,-30.73999],[-51.30297,-30.72207],[-51.31487,-30.70527],[-51.31693,-30.69735],[-51.31396,-30.6885],[-51.31916,-30.68216],[-51.31659,-30.67656],[-51.31944,-30.66349],[-51.31686,-30.65433],[-51.31884,-30.64615],[-51.33461,-30.63379],[-51.34789,-30.63151],[-51.3641,-30.63324],[-51.38093,-30.64347],[-51.38947,-30.66462],[-51.39813,-30.71014],[-51.40088,-30.71712],[-51.40583,-30.75675],[-51.40381,-30.76677],[-51.40428,-30.78293],[-51.39594,-30.80826],[-51.39579,-30.82025],[-51.39058,-30.84029],[-51.38172,-30.86094],[-51.3727,-30.87254],[-51.37603,-30.87742],[-51.39008,-30.87989],[-51.4092,-30.87849],[-51.41489,-30.87592],[-51.42938,-30.87519],[-51.43859,-30.87097],[-51.44882,-30.87218],[-51.45817,-30.87686],[-51.4775,-30.88997],[-51.48763,-30.89991],[-51.49783,-30.91764],[-51.50083,-30.93565],[-51.50064,-30.96547],[-51.49259,-31.00385],[-51.48312,-31.03099],[-51.46575,-31.06504],[-51.44564,-31.08953],[-51.45692,-31.09207],[-51.46763,-31.0974],[-51.4856,-31.10116],[-51.50534,-31.10321],[-51.53328,-31.11157],[-51.53777,-31.11498],[-51.54542,-31.11164],[-51.55449,-31.11407],[-51.56727,-31.12863],[-51.60196,-31.13174],[-51.61799,-31.13956],[-51.62867,-31.15295],[-51.64131,-31.18768],[-51.64359,-31.21113],[-51.64257,-31.22608],[-51.63446,-31.25549],[-51.62828,-31.26545],[-51.63907,-31.27067],[-51.68076,-31.27048],[-51.70667,-31.26562],[-51.71336,-31.26576],[-51.72431,-31.27109],[-51.7323,-31.27889],[-51.74082,-31.28169],[-51.75152,-31.27942],[-51.75715,-31.28613],[-51.76879,-31.27837],[-51.79048,-31.27327],[-51.80174,-31.2779],[-51.81174,-31.28575],[-51.82295,-31.29584],[-51.82678,-31.30285],[-51.83393,-31.3064],[-51.84394,-31.32325],[-51.85022,-31.32771],[-51.85808,-31.32675],[-51.85702,-31.3177],[-51.87247,-31.30033],[-51.87504,-31.30904],[-51.88285,-31.31476],[-51.89209,-31.31568],[-51.91946,-31.31077],[-51.93056,-31.31893],[-51.9314,-31.32708],[-51.92299,-31.33186],[-51.939,-31.33518],[-51.94864,-31.33932],[-51.96013,-31.35278],[-51.96322,-31.36273],[-51.96068,-31.37299],[-51.98064,-31.38372],[-51.98707,-31.39454],[-51.99369,-31.41357],[-52.00351,-31.45293],[-52.00833,-31.49323],[-52.01024,-31.50094],[-52.01548,-31.52575],[-52.01808,-31.54793],[-52.0137,-31.58181],[-52.01094,-31.59413],[-52.01345,-31.5972],[-52.00993,-31.59764],[-52.01005,-31.61416],[-52.01345,-31.61937],[-52.0212,-31.66244],[-52.03065,-31.69235],[-52.03603,-31.69579],[-52.05722,-31.68321],[-52.0769,-31.68198],[-52.10414,-31.68466],[-52.15236,-31.69934],[-52.16354,-31.70756],[-52.19855,-31.72641],[-52.22577,-31.7519],[-52.22781,-31.76031],[-52.22306,-31.77752],[-52.21899,-31.7835],[-52.22355,-31.78895],[-52.21749,-31.79457],[-52.2172,-31.80666],[-52.22453,-31.81282],[-52.22193,-31.83371],[-52.22551,-31.84683],[-52.23848,-31.83866],[-52.25076,-31.84004],[-52.25661,-31.8498],[-52.25452,-31.86482],[-52.24817,-31.87744],[-52.24159,-31.88255],[-52.23514,-31.89303],[-52.22812,-31.89108],[-52.22887,-31.88369],[-52.23735,-31.8783],[-52.22418,-31.87135],[-52.22012,-31.87281],[-52.20627,-31.88796],[-52.1898,-31.90074],[-52.177,-31.90728],[-52.13923,-31.91836],[-52.11481,-31.94196],[-52.14161,-31.95117],[-52.14511,-31.942],[-52.14161,-31.93841],[-52.1449,-31.92873],[-52.15452,-31.9295],[-52.15327,-31.95039],[-52.16686,-31.94298],[-52.17615,-31.95245],[-52.18551,-31.94971],[-52.18804,-31.96305],[-52.20189,-31.96246],[-52.20691,-31.96551],[-52.21879,-31.95914],[-52.22405,-31.97251],[-52.23939,-31.98457],[-52.24156,-31.99162],[-52.23494,-32.01407],[-52.23603,-32.02188],[-52.24565,-32.0283],[-52.25285,-32.04706],[-52.23496,-32.04373],[-52.22824,-32.03614],[-52.21333,-32.03502],[-52.20232,-32.03894],[-52.19619,-32.02757],[-52.20119,-32.02327],[-52.2061,-32.01027],[-52.19382,-32.00464],[-52.19633,-31.99406],[-52.18808,-31.98214],[-52.17521,-31.9785],[-52.16358,-31.98208],[-52.15221,-31.97989],[-52.13992,-31.98266],[-52.12538,-31.9806],[-52.12722,-31.97369],[-52.1133,-31.9779],[-52.09751,-31.99469],[-52.10209,-32.00302],[-52.11315,-32.00924],[-52.14681,-32.02091],[-52.15684,-32.02646],[-52.18004,-32.03029],[-52.19596,-32.02797],[-52.20203,-32.03906],[-52.19413,-32.05786],[-52.20895,-32.05984],[-52.2191,-32.06925],[-52.22684,-32.06846],[-52.23989,-32.07997],[-52.22799,-32.08456],[-52.21716,-32.08463],[-52.2124,-32.07634],[-52.20305,-32.07558],[-52.17148,-32.05578],[-52.16469,-32.0561],[-52.14981,-32.04821],[-52.13859,-32.04651],[-52.11614,-32.03341],[-52.10814,-32.02482],[-52.09773,-32.02911],[-52.08564,-32.03006],[-52.07738,-32.03351],[-52.0712,-32.05208],[-52.09543,-32.04863],[-52.10055,-32.04597],[-52.10806,-32.05108],[-52.11906,-32.05245],[-52.13911,-32.061],[-52.15024,-32.07533],[-52.15647,-32.09579],[-52.1567,-32.11385],[-52.14919,-32.11637],[-52.13244,-32.09789],[-52.11943,-32.09127],[-52.11233,-32.08356],[-52.1026,-32.06771],[-52.09394,-32.06216],[-52.08484,-32.06466],[-52.09911,-32.08265],[-52.10466,-32.10352],[-52.104,-32.13293],[-52.0972,-32.16167]],[[-52.10249,-31.79121],[-52.09717,-31.79887],[-52.10399,-31.80194],[-52.10858,-31.79542],[-52.10249,-31.79121]]]},"properties":{"CD_MUN":"4300002","NM_MUN":"Lagoa dos Patos","AREA_KM2":10201.524}},
{"type":"Feature","geometry":{"type":"Polygon","coordinates":[[[-54.45464,-31.65285],[-54.31807,-31.75521],[-54.17398,-31.86233],[-54.15548,-31.87635],[-54.14267,-31.88431],[-54.13807,-31.89641],[-54.12448,-31.90003],[-54.11058,-31.90786],[-54.10711,-31.91766],[-54.09579,-31.92969],[-54.08134,-31.92965],[-54.0808,-31.9243],[-54.07,-31.92262],[-54.05615,-31.91168],[-54.05368,-31.9051],[-54.03897,-31.89736],[-54.01541,-31.90246],[-54.00438,-31.91463],[-53.98983,-31.91757],[-53.98106,-31.91602],[-53.96326,-31.92196],[-53.9617,-31.93024],[-53.9722,-31.93614],[-53.9661,-31.94993],[-53.95389,-31.95694],[-53.94751,-31.95463],[-53.94373,-31.95101],[-53.95424,-31.9313],[-53.95269,-31.92054],[-53.94397,-31.9133],[-53.93636,-31.91152],[-53.93033,-31.89697],[-53.93288,-31.89287],[-53.93103,-31.87396],[-53.91574,-31.86335],[-53.91387,-31.85514],[-53.91521,-31.8454],[-53.90795,-31.83724],[-53.92018,-31.82358],[-53.91955,-31.8182],[-53.92778,-31.80567],[-53.91651,-31.80383],[-53.9058,-31.80793],[-53.91157,-31.79744],[-53.93018,-31.78097],[-53.94666,-31.78168],[-53.94652,-31.77384],[-53.95692,-31.76736],[-53.97608,-31.76962],[-53.97574,-31.76068],[-53.97991,-31.749],[-53.97188,-31.73315],[-53.97293,-31.7236],[-53.96711,-31.70458],[-53.96279,-31.70352],[-53.96057,-31.68714],[-53.96498,-31.67964],[-53.95757,-31.66947],[-53.95996,-31.66309],[-53.96864,-31.65488],[-53.96565,-31.64716],[-53.96382,-31.62538],[-53.95778,-31.61292],[-53.96447,-31.60279],[-53.96452,-31.59067],[-53.97585,-31.57466],[-53.98297,-31.56768],[-53.98124,-31.5556],[-53.99078,-31.54985],[-53.99185,-31.53756],[-53.97954,-31.52549],[-53.98219,-31.52223],[-53.97806,-31.51113],[-53.9695,-31.50806],[-53.96261,-31.49656],[-53.95763,-31.49316],[-53.96389,-31.495],[-53.98088,-31.51282],[-53.98951,-31.51677],[-53.99668,-31.52581],[-54.00951,-31.52859],[-54.01441,-31.5376],[-54.04162,-31.52288],[-54.02846,-31.50577],[-54.04134,-31.49951],[-54.06932,-31.47151],[-54.07095,-31.45597],[-54.09401,-31.44713],[-54.09345,-31.43826],[-54.11351,-31.42936],[-54.11997,-31.43528],[-54.12182,-31.44965],[-54.12816,-31.45226],[-54.13568,-31.46701],[-54.13715,-31.47593],[-54.14359,-31.48243],[-54.1695,-31.49134],[-54.18611,-31.4869],[-54.1872,-31.4924],[-54.19458,-31.49711],[-54.20533,-31.49901],[-54.21379,-31.50422],[-54.22397,-31.5149],[-54.24417,-31.51686],[-54.27356,-31.50943],[-54.27486,-31.51406],[-54.28475,-31.5208],[-54.28574,-31.5289],[-54.29357,-31.52953],[-54.29198,-31.53695],[-54.29452,-31.54582],[-54.31228,-31.55194],[-54.31787,-31.56786],[-54.32408,-31.57303],[-54.32607,-31.58163],[-54.33327,-31.58789],[-54.33961,-31.5886],[-54.3551,-31.58517],[-54.36822,-31.5925],[-54.37578,-31.59231],[-54.38114,-31.60364],[-54.39208,-31.61357],[-54.3928,-31.61969],[-54.40284,-31.62685],[-54.4038,-31.63169],[-54.42171,-31.64222],[-54.43401,-31.64639],[-54.43958,-31.65273],[-54.44614,-31.64855],[-54.45464,-31.65285]]]},"properties":{"CD_MUN":"4300034","NM_MUN":"Aceguá","AREA_KM2":1551.339}},
{"type":"Feature","geometry":{"type":"Polygon","coordinates":[[[-51.96816,-28.27829],[-51.97075,-28.27328],[-51.96974,-28.25893],[-51.98066,-28.24208],[-51.97351,-28.24146],[-51.9709,-28.23002],[-51.97248,-28.22281],[-51.96738,-28.20893],[-51.96155,-28.20591],[-51.96913,-28.19744],[-51.97249,-28.18439],[-51.96791,-28.17412],[-51.96192,-28.16865],[-51.97518,-28.15415],[-51.96969,-28.14799],[-51.97467,-28.14079],[-51.98277,-28.13913],[-51.98946,-28.12905],[-52.0221,-28.1323],[-52.03561,-28.12918],[-52.04315,-28.11752],[-52.07634,-28.12213],[-52.08337,-28.11773],[-52.09632,-28.12926],[-52.10151,-28.1389],[-52.10473,-28.15148],[-52.10878,-28.15673],[-52.1006,-28.16445],[-52.10783,-28.17308],[-52.12265,-28.17851],[-52.12377,-28.18251],[-52.14681,-28.18491],[-52.1557,-28.18313],[-52.16842,-28.18911],[-52.16706,-28.20698],[-52.15714,-28.20969],[-52.15122,-28.22401],[-52.1438,-28.2272],[-52.13655,-28.23948],[-52.14396,-28.24281],[-52.13712,-28.24893],[-52.12822,-28.24552],[-52.12858,-28.2564],[-52.12583,-28.26322],[-52.11506,-28.27332],[-52.11615,-28.27908],[-52.10816,-28.28124],[-52.10086,-28.27761],[-52.09204,-28.30634],[-52.07356,-28.3052],[-52.05058,-28.3029],[-52.0285,-28.30676],[-52.01991,-28.30265],[-51.99484,-28.29037],[-51.9717,-28.2898],[-51.96816,-28.27829]]]},"properties":{"CD_MUN":"4300059","NM_MUN":"Água Santa","AREA_KM2":291.503}},
{"type":"Feature","geometry":{"type":"Polygon","coordinates":[[[-53.36189,-29.63672],[-53.3543,-29.63914],[-53.35194,-29.64559],[-53.35935,-29.65183],[-53.35537,-29.66822],[-53.34765,-29.67287],[-53.33259,-29.67272],[-53.31337,-29.6855],[-53.30609,-29.68434],[-53.30325,-29.67351],[-53.29458,-29.67333],[-53.28766,-29.68558],[-53.28234,-29.68977],[-53.28687,-29.69983],[-53.28621,-29.71711],[-53.29133,-29.73001],[-53.2828,-29.73186],[-53.27973,-29.72287],[-53.2664,-29.72949],[-53.25604,-29.72782],[-53.25427,-29.74697],[-53.26943,-29.74966],[-53.27399,-29.75715],[-53.28349,-29.76206],[-53.28378,-29.77268],[-53.28987,-29.77694],[-53.28964,-29.78573],[-53.26766,-29.78188],[-53.26634,-29.78629],[-53.27517,-29.79184],[-53.27683,-29.79887],[-53.26493,-29.80181],[-53.23221,-29.81659],[-53.22505,-29.82688],[-53.20908,-29.82703],[-53.20828,-29.83365],[-53.20111,-29.83671],[-53.19625,-29.83103],[-53.19381,-29.81524],[-53.18944,-29.80633],[-53.18832,-29.79227],[-53.18141,-29.7757],[-53.17455,-29.76973],[-53.17601,-29.76348],[-53.18539,-29.76694],[-53.19778,-29.76488],[-53.20897,-29.75884],[-53.2093,-29.74551],[-53.2169,-29.7394],[-53.22083,-29.73058],[-53.20995,-29.71959],[-53.20818,-29.71074],[-53.2133,-29.70154],[-53.20413,-29.69326],[-53.20386,-29.66947],[-53.18756,-29.66966],[-53.18683,-29.63196],[-53.1541,-29.63258],[-53.15069,-29.62655],[-53.15053,-29.61256],[-53.14525,-29.60818],[-53.13667,-29.60822],[-53.13653,-29.55907],[-53.0993,-29.5591],[-53.08306,-29.55806],[-53.07289,-29.55946],[-53.06882,-29.56456],[-53.05813,-29.56959],[-53.05409,-29.55968],[-53.04867,-29.55478],[-53.02919,-29.5532],[-53.0517,-29.54061],[-53.06948,-29.53767],[-53.07688,-29.5285],[-53.09384,-29.52873],[-53.09659,-29.51642],[-53.12624,-29.49978],[-53.13696,-29.49483],[-53.18012,-29.47092],[-53.18433,-29.46735],[-53.20231,-29.46596],[-53.21164,-29.47061],[-53.23531,-29.46532],[-53.24909,-29.45187],[-53.25613,-29.44785],[-53.26535,-29.44933],[-53.27956,-29.45411],[-53.29137,-29.44847],[-53.29417,-29.45257],[-53.29086,-29.46391],[-53.2808,-29.47826],[-53.29391,-29.48591],[-53.29884,-29.49009],[-53.29407,-29.49918],[-53.29688,-29.50786],[-53.30373,-29.51234],[-53.31161,-29.52279],[-53.31001,-29.53786],[-53.32079,-29.54878],[-53.33273,-29.55208],[-53.33498,-29.55621],[-53.32374,-29.57547],[-53.31644,-29.57507],[-53.30646,-29.5797],[-53.3102,-29.5915],[-53.30907,-29.59923],[-53.28967,-29.60933],[-53.28707,-29.61619],[-53.29728,-29.62377],[-53.30691,-29.61653],[-53.31585,-29.62317],[-53.31948,-29.62982],[-53.32953,-29.63509],[-53.33941,-29.62829],[-53.3485,-29.62556],[-53.36189,-29.63672]]]},"properties":{"CD_MUN":"4300109","NM_MUN":"Agudo","AREA_KM2":534.624}},
{"type":"Feature","geometry":{"type":"Polygon","coordinates":[[[-53.81109,-28.28475],[-53.81501,-28.29799],[-53.80838,-28.29817],[-53.80617,-28.29002],[-53.78952,-28.2956],[-53.78658,-28.28457],[-53.77587,-28.28785],[-53.76118,-28.28746],[-53.7548,-28.28013],[-53.75029,-28.28594],[-53.75132,-28.29421],[-53.73722,-28.29668],[-53.72689,-28.29129],[-53.71993,-28.29695],[-53.72034,-28.30371],[-53.7276,-28.30452],[-53.73144,-28.31176],[-53.72562,-28.3145],[-53.70855,-28.3034],[-53.71318,-28.29793],[-53.72168,-28.28742],[-53.7098,-28.28848],[-53.70542,-28.27968],[-53.69465,-28.28678],[-53.68875,-28.27856],[-53.68063,-28.28666],[-53.67651,-28.28272],[-53.67763,-28.27375],[-53.67275,-28.27137],[-53.65895,-28.28156],[-53.65319,-28.2704],[-53.64485,-28.27347],[-53.64548,-28.26284],[-53.64071,-28.25771],[-53.64442,-28.25088],[-53.63571,-28.24005],[-53.63701,-28.22411],[-53.62082,-28.20622],[-53.62256,-28.18909],[-53.61882,-28.17418],[-53.62325,-28.16931],[-53.62447,-28.1589],[-53.61992,-28.14569],[-53.6261,-28.13842],[-53.63872,-28.13266],[-53.6554,-28.15554],[-53.66845,-28.14628],[-53.67298,-28.13955],[-53.68139,-28.14866],[-53.69525,-28.14969],[-53.70181,-28.1675],[-53.70906,-28.16758],[-53.71638,-28.16243],[-53.71688,-28.15123],[-53.7356,-28.15251],[-53.73647,-28.14352],[-53.74691,-28.14051],[-53.75449,-28.13289],[-53.76473,-28.1435],[-53.7705,-28.13833],[-53.77316,-28.12722],[-53.78688,-28.12944],[-53.7845,-28.11905],[-53.78626,-28.11341],[-53.78162,-28.10654],[-53.79089,-28.10216],[-53.80172,-28.10234],[-53.80699,-28.10646],[-53.81263,-28.12316],[-53.81438,-28.13403],[-53.8199,-28.14888],[-53.82911,-28.15484],[-53.8374,-28.16761],[-53.83488,-28.18462],[-53.84203,-28.18874],[-53.83717,-28.19627],[-53.84091,-28.20194],[-53.83892,-28.21002],[-53.84635,-28.21524],[-53.83926,-28.22011],[-53.84352,-28.22588],[-53.83215,-28.23669],[-53.84205,-28.24453],[-53.83776,-28.25127],[-53.84287,-28.25823],[-53.82877,-28.2616],[-53.83241,-28.27558],[-53.82307,-28.2826],[-53.81376,-28.2826],[-53.81835,-28.27368],[-53.79883,-28.27495],[-53.79859,-28.28205],[-53.81109,-28.28475]]]},"properties":{"CD_MUN":"4300208","NM_MUN":"Ajuricaba","AREA_KM2":322.674}},
{"type":"Feature","geometry":{"type":"Polygon","coordinates":[[[-54.72335,-27.56345],[-54.73853,-27.56094],[-54.74486,-27.56264],[-54.75873,-27.5815],[-54.76631,-27.58486],[-54.77813,-27.58372],[-54.78455,-27.57869],[-54.79078,-27.55767],[-54.79519,-27.53498],[-54.80979,-27.53005],[-54.81714,-27.53556],[-54.82655,-27.55403],[-54.83107,-27.56789],[-54.83971,-27.60523],[-54.84772,-27.62131],[-54.86076,-27.62944],[-54.87886,-27.62598],[-54.89525,-27.62922],[-54.90317,-27.63639],[-54.90714,-27.64788],[-54.90498,-27.65622],[-54.90286,-27.69885],[-54.89152,-27.69969],[-54.87542,-27.69231],[-54.86696,-27.69042],[-54.84576,-27.69437],[-54.83599,-27.69296],[-54.82943,-27.70087],[-54.81926,-27.70455],[-54.82482,-27.71955],[-54.83029,-27.727],[-54.82238,-27.73965],[-54.81409,-27.73911],[-54.80698,-27.75334],[-54.8016,-27.7569],[-54.79413,-27.75145],[-54.79123,-27.76058],[-54.78492,-27.7625],[-54.75734,-27.72253],[-54.73777,-27.71271],[-54.72367,-27.70761],[-54.70849,-27.71703],[-54.70114,-27.71493],[-54.68596,-27.70463],[-54.66989,-27.6858],[-54.67077,-27.67689],[-54.66163,-27.67224],[-54.68056,-27.66754],[-54.66736,-27.66115],[-54.65933,-27.66443],[-54.65694,-27.65813],[-54.67782,-27.6537],[-54.67828,-27.64798],[-54.66776,-27.64569],[-54.68145,-27.63488],[-54.67782,-27.63026],[-54.68258,-27.62357],[-54.69193,-27.6217],[-54.69649,-27.61348],[-54.70716,-27.6231],[-54.7126,-27.61403],[-54.70255,-27.60387],[-54.70314,-27.5935],[-54.72284,-27.59655],[-54.72781,-27.59321],[-54.72649,-27.5859],[-54.73599,-27.57994],[-54.72282,-27.56962],[-54.72335,-27.56345]]]},"properties":{"CD_MUN":"4300307","NM_MUN":"Alecrim","AREA_KM2":316.394}},
{"type":"Feature","geometry":{"type":"Polygon","coordinates":[[[-56.15027,-30.05501],[-56.12116,-30.08018],[-56.1081,-30.08423],[-56.09963,-30.08088],[-56.08255,-30.07928],[-56.07095,-30.07111],[-56.04946,-30.05196],[-56.04437,-30.05011],[-56.03223,-30.06376],[-56.03006,-30.07158],[-56.02026,-30.08146],[-56.01176,-30.08552],[-56.00727,-30.08223],[-55.99775,-30.08558],[-55.98761,-30.09544],[-55.96864,-30.09052],[-55.94589,-30.08894],[-55.93843,-30.08446],[-55.92765,-30.0911],[-55.91138,-30.08591],[-55.90002,-30.08506],[-55.89453,-30.07636],[-55.87448,-30.06877],[-55.87305,-30.07884],[-55.87762,-30.08782],[-55.87497,-30.09826],[-55.87427,-30.1176],[-55.87164,-30.12745],[-55.86561,-30.13443],[-55.84597,-30.14254],[-55.82392,-30.15755],[-55.81336,-30.16949],[-55.79727,-30.17204],[-55.78732,-30.16755],[-55.77508,-30.17098],[-55.7681,-30.16856],[-55.76015,-30.19529],[-55.75217,-30.21099],[-55.75443,-30.22101],[-55.74511,-30.23097],[-55.73562,-30.22902],[-55.72091,-30.23282],[-55.71075,-30.22847],[-55.69871,-30.2302],[-55.68274,-30.22284],[-55.67555,-30.22675],[-55.66774,-30.22181],[-55.65268,-30.23075],[-55.64704,-30.22477],[-55.64255,-30.2135],[-55.67166,-30.20225],[-55.6678,-30.19104],[-55.65256,-30.18059],[-55.66216,-30.17693],[-55.66481,-30.17191],[-55.65626,-30.15748],[-55.65833,-30.15299],[-55.65225,-30.14664],[-55.66623,-30.12755],[-55.6758,-30.12301],[-55.67085,-30.11195],[-55.6712,-30.10293],[-55.66168,-30.10312],[-55.65076,-30.11227],[-55.64736,-30.11894],[-55.63815,-30.11876],[-55.62651,-30.13023],[-55.6061,-30.14431],[-55.59782,-30.14318],[-55.59426,-30.14856],[-55.58589,-30.15154],[-55.57513,-30.14998],[-55.55359,-30.15788],[-55.54758,-30.15761],[-55.53845,-30.16324],[-55.52934,-30.16022],[-55.52987,-30.14766],[-55.5245,-30.14032],[-55.51466,-30.13299],[-55.50881,-30.13258],[-55.49948,-30.12051],[-55.50109,-30.1051],[-55.48776,-30.08806],[-55.47148,-30.07867],[-55.45651,-30.08918],[-55.44219,-30.09354],[-55.41572,-30.08985],[-55.39904,-30.07895],[-55.39025,-30.07923],[-55.38336,-30.07462],[-55.37033,-30.07918],[-55.35822,-30.07731],[-55.31307,-30.08131],[-55.29762,-30.0642],[-55.2811,-30.05174],[-55.27803,-30.04201],[-55.26898,-30.0384],[-55.26683,-30.0166],[-55.25888,-30.01283],[-55.26001,-30.00446],[-55.25215,-29.99203],[-55.24519,-29.98793],[-55.24458,-29.97219],[-55.24004,-29.95744],[-55.23329,-29.94856],[-55.23428,-29.94272],[-55.22958,-29.92936],[-55.21977,-29.91982],[-55.21201,-29.92292],[-55.1944,-29.9155],[-55.17966,-29.89959],[-55.1737,-29.88313],[-55.1644,-29.87442],[-55.15257,-29.87523],[-55.14857,-29.87001],[-55.15311,-29.85562],[-55.14162,-29.85209],[-55.14203,-29.84152],[-55.14655,-29.84097],[-55.15099,-29.82835],[-55.14149,-29.82137],[-55.12732,-29.82109],[-55.11415,-29.80131],[-55.11246,-29.79284],[-55.11677,-29.78536],[-55.11545,-29.77771],[-55.12511,-29.77549],[-55.12174,-29.76696],[-55.13165,-29.76518],[-55.13543,-29.75713],[-55.12641,-29.74917],[-55.12694,-29.73037],[-55.12908,-29.7196],[-55.1242,-29.70354],[-55.12616,-29.69769],[-55.14406,-29.69507],[-55.15842,-29.69763],[-55.19165,-29.69675],[-55.19518,-29.69064],[-55.19256,-29.67734],[-55.19589,-29.66592],[-55.20657,-29.65914],[-55.21285,-29.65108],[-55.21251,-29.63616],[-55.22396,-29.63143],[-55.23286,-29.63503],[-55.23751,-29.63176],[-55.24346,-29.62031],[-55.25893,-29.61734],[-55.26806,-29.61934],[-55.27527,-29.61726],[-55.28524,-29.62112],[-55.29289,-29.63062],[-55.30907,-29.63124],[-55.32627,-29.64221],[-55.33842,-29.63677],[-55.35551,-29.62001],[-55.36961,-29.61264],[-55.37813,-29.61487],[-55.3859,-29.61719],[-55.40055,-29.61535],[-55.41108,-29.62015],[-55.40879,-29.62751],[-55.41583,-29.64023],[-55.41444,-29.65995],[-55.42711,-29.66277],[-55.44097,-29.66153],[-55.45086,-29.6641],[-55.45209,-29.65862],[-55.46933,-29.64726],[-55.47627,-29.6483],[-55.48776,-29.6554],[-55.49508,-29.65686],[-55.51354,-29.65559],[-55.53135,-29.66534],[-55.53962,-29.6623],[-55.53932,-29.64659],[-55.53532,-29.63861],[-55.5346,-29.62928],[-55.55155,-29.61769],[-55.54755,-29.60288],[-55.55784,-29.59734],[-55.57555,-29.5955],[-55.58523,-29.588],[-55.6131,-29.57969],[-55.61637,-29.56789],[-55.62572,-29.56126],[-55.64131,-29.55944],[-55.65751,-29.56004],[-55.67458,-29.55236],[-55.68181,-29.55515],[-55.68104,-29.56601],[-55.69152,-29.56447],[-55.69288,-29.55314],[-55.68993,-29.54911],[-55.67129,-29.54037],[-55.65947,-29.53701],[-55.66082,-29.53115],[-55.66804,-29.52535],[-55.6664,-29.51443],[-55.6712,-29.51345],[-55.68333,-29.52166],[-55.6892,-29.52163],[-55.68576,-29.50121],[-55.68892,-29.49348],[-55.71097,-29.49446],[-55.71036,-29.4826],[-55.71699,-29.46228],[-55.73049,-29.4632],[-55.72693,-29.48281],[-55.72879,-29.48689],[-55.74069,-29.49366],[-55.76083,-29.49455],[-55.76709,-29.48308],[-55.75727,-29.47271],[-55.76848,-29.4628],[-55.771,-29.45476],[-55.76392,-29.45026],[-55.74909,-29.45434],[-55.74237,-29.45049],[-55.74798,-29.43977],[-55.75618,-29.43644],[-55.7642,-29.43727],[-55.77176,-29.4335],[-55.77227,-29.42306],[-55.77918,-29.42041],[-55.80527,-29.42368],[-55.81476,-29.4288],[-55.82929,-29.42887],[-55.83328,-29.41435],[-55.84123,-29.40917],[-55.85012,-29.41128],[-55.85756,-29.42083],[-55.8657,-29.42261],[-55.87876,-29.41452],[-55.89022,-29.39929],[-55.90888,-29.38792],[-55.91902,-29.37249],[-55.91768,-29.36501],[-55.91173,-29.3602],[-55.91107,-29.35375],[-55.91636,-29.34908],[-55.93575,-29.35155],[-55.95562,-29.36194],[-55.9656,-29.35774],[-55.97925,-29.34092],[-55.9983,-29.33509],[-56.01869,-29.31555],[-56.02951,-29.30086],[-56.03783,-29.29593],[-56.0497,-29.2974],[-56.0546,-29.32009],[-56.05845,-29.32431],[-56.07778,-29.33213],[-56.08089,-29.33839],[-56.07751,-29.3553],[-56.08567,-29.3674],[-56.09487,-29.36973],[-56.10542,-29.36353],[-56.11936,-29.36031],[-56.1223,-29.35704],[-56.13342,-29.32718],[-56.1491,-29.31479],[-56.17049,-29.31097],[-56.17806,-29.31347],[-56.1819,-29.32213],[-56.17583,-29.34665],[-56.17805,-29.37727],[-56.19782,-29.37921],[-56.20781,-29.38463],[-56.21987,-29.40016],[-56.2313,-29.40208],[-56.24562,-29.39906],[-56.25646,-29.39973],[-56.29132,-29.41722],[-56.2966,-29.41678],[-56.31961,-29.40739],[-56.36359,-29.39773],[-56.37075,-29.4061],[-56.38026,-29.41177],[-56.39832,-29.41729],[-56.41837,-29.42544],[-56.43003,-29.42737],[-56.46053,-29.42048],[-56.47184,-29.41573],[-56.47843,-29.40894],[-56.48173,-29.39338],[-56.49469,-29.3879],[-56.50971,-29.38831],[-56.52555,-29.39583],[-56.55446,-29.39485],[-56.56226,-29.39101],[-56.5713,-29.39253],[-56.57673,-29.40105],[-56.58298,-29.40465],[-56.59338,-29.40503],[-56.59748,-29.39329],[-56.6058,-29.39159],[-56.6118,-29.40198],[-56.60563,-29.41156],[-56.60698,-29.42238],[-56.61817,-29.42533],[-56.63451,-29.41704],[-56.64834,-29.41813],[-56.66047,-29.42334],[-56.65416,-29.42669],[-56.63863,-29.42594],[-56.62736,-29.42782],[-56.62722,-29.44117],[-56.61469,-29.44871],[-56.61303,-29.45536],[-56.6002,-29.45793],[-56.59654,-29.44775],[-56.58916,-29.44858],[-56.57577,-29.44089],[-56.5758,-29.45049],[-56.5668,-29.45396],[-56.55914,-29.4477],[-56.54508,-29.45027],[-56.53626,-29.45427],[-56.53072,-29.46166],[-56.5229,-29.46322],[-56.52141,-29.47066],[-56.50457,-29.4685],[-56.49218,-29.47071],[-56.46999,-29.47014],[-56.47013,-29.48538],[-56.46302,-29.4829],[-56.45847,-29.49042],[-56.46226,-29.4942],[-56.46168,-29.50353],[-56.46852,-29.51385],[-56.46348,-29.52428],[-56.45703,-29.53091],[-56.43383,-29.54275],[-56.42303,-29.54309],[-56.40817,-29.56102],[-56.40776,-29.57148],[-56.40031,-29.57572],[-56.3913,-29.58547],[-56.37827,-29.58923],[-56.37878,-29.5985],[-56.38401,-29.61489],[-56.37747,-29.61693],[-56.38291,-29.62579],[-56.37499,-29.62967],[-56.36685,-29.64067],[-56.37024,-29.65534],[-56.3617,-29.67013],[-56.36803,-29.67043],[-56.37057,-29.6775],[-56.38821,-29.68525],[-56.3903,-29.69035],[-56.40029,-29.69343],[-56.40067,-29.70959],[-56.39482,-29.72236],[-56.3842,-29.72886],[-56.37131,-29.74438],[-56.37342,-29.75617],[-56.3688,-29.76946],[-56.36981,-29.77847],[-56.36626,-29.78382],[-56.36991,-29.79146],[-56.37217,-29.80983],[-56.36436,-29.82512],[-56.36556,-29.83028],[-56.35101,-29.84863],[-56.33945,-29.85139],[-56.32842,-29.857],[-56.31619,-29.85945],[-56.30569,-29.86737],[-56.30678,-29.88124],[-56.29269,-29.89791],[-56.29127,-29.90684],[-56.28566,-29.91124],[-56.28309,-29.92397],[-56.27823,-29.93186],[-56.26524,-29.94243],[-56.26238,-29.9495],[-56.24729,-29.95812],[-56.24475,-29.96259],[-56.24473,-29.97659],[-56.2343,-29.98314],[-56.22264,-29.9829],[-56.20978,-29.99277],[-56.20013,-29.99279],[-56.18459,-30.00141],[-56.17892,-30.0136],[-56.16864,-30.02124],[-56.16736,-30.02626],[-56.15556,-30.03257],[-56.15312,-30.05383],[-56.15027,-30.05501]]]},"properties":{"CD_MUN":"4300406","NM_MUN":"Alegrete","AREA_KM2":7800.428}},
{"type":"Feature","geometry":{"type":"Polygon","coordinates":[[[-54.06734,-27.74343],[-54.06099,-27.74987],[-54.06014,-27.76766],[-54.07095,-27.77145],[-54.0796,-27.78382],[-54.08977,-27.78796],[-54.09311,-27.78032],[-54.10428,-27.78613],[-54.10874,-27.77824],[-54.11013,-27.76843],[-54.12576,-27.76873],[-54.13936,-27.77071],[-54.13742,-27.77765],[-54.12241,-27.77997],[-54.13109,-27.78645],[-54.12366,-27.79394],[-54.12381,-27.79902],[-54.13925,-27.79667],[-54.14965,-27.79294],[-54.1603,-27.79755],[-54.15381,-27.80077],[-54.14326,-27.79868],[-54.1313,-27.80695],[-54.12886,-27.81667],[-54.13657,-27.81873],[-54.14654,-27.82552],[-54.13905,-27.82961],[-54.14547,-27.83766],[-54.1419,-27.84227],[-54.12721,-27.84274],[-54.11477,-27.86101],[-54.12543,-27.87263],[-54.12379,-27.8811],[-54.11479,-27.88267],[-54.1109,-27.87818],[-54.09689,-27.87709],[-54.08978,-27.8742],[-54.06099,-27.87863],[-54.05034,-27.87626],[-54.04731,-27.86526],[-54.00451,-27.84111],[-53.99736,-27.84425],[-53.98969,-27.84301],[-53.98556,-27.83747],[-53.97719,-27.83631],[-53.96632,-27.82412],[-53.9663,-27.81684],[-53.96062,-27.80782],[-53.97054,-27.80839],[-53.9748,-27.80428],[-53.9738,-27.78622],[-53.97881,-27.7797],[-53.98497,-27.77605],[-53.9915,-27.76527],[-54.00005,-27.77074],[-54.00873,-27.75518],[-54.01629,-27.76515],[-54.02239,-27.75416],[-54.01738,-27.74413],[-54.02422,-27.74069],[-54.03148,-27.75085],[-54.04192,-27.75148],[-54.03808,-27.74119],[-54.04521,-27.73746],[-54.05662,-27.74033],[-54.06584,-27.73494],[-54.06734,-27.74343]]]},"properties":{"CD_MUN":"4300455","NM_MUN":"Alegria","AREA_KM2":172.794}},
{"type":"Feature","geometry":{"type":"Polygon","coordinates":[[[-53.01651,-28.0372],[-53.02052,-28.04513],[-53.0096,-28.04399],[-53.0055,-28.05439],[-53.00805,-28.06318],[-52.99945,-28.06212],[-52.99957,-28.07091],[-52.9917,-28.07273],[-52.98749,-28.08043],[-53.00096,-28.08027],[-53.01217,-28.09718],[-52.9992,-28.11802],[-52.99013,-28.12145],[-52.9777,-28.13146],[-52.97523,-28.1386],[-52.97968,-28.14806],[-52.97497,-28.15161],[-52.97816,-28.17361],[-52.96863,-28.17187],[-52.96351,-28.17765],[-52.94816,-28.17361],[-52.94155,-28.1809],[-52.93907,-28.18837],[-52.92743,-28.18625],[-52.91202,-28.17811],[-52.90409,-28.1781],[-52.90323,-28.1889],[-52.8939,-28.19399],[-52.89266,-28.20173],[-52.87348,-28.2134],[-52.88156,-28.22187],[-52.88064,-28.23976],[-52.88245,-28.24578],[-52.87084,-28.25658],[-52.86623,-28.24683],[-52.8555,-28.25082],[-52.84026,-28.24022],[-52.83749,-28.22314],[-52.82498,-28.1957],[-52.82125,-28.17356],[-52.82743,-28.16319],[-52.81857,-28.15169],[-52.80908,-28.13379],[-52.80634,-28.12191],[-52.81144,-28.11893],[-52.82119,-28.10612],[-52.83339,-28.09666],[-52.85237,-28.09319],[-52.86791,-28.0854],[-52.86614,-28.06938],[-52.86799,-28.06691],[-52.88888,-28.06329],[-52.89714,-28.06865],[-52.90993,-28.05864],[-52.9232,-28.05879],[-52.9282,-28.04864],[-52.93825,-28.05214],[-52.9444,-28.04428],[-52.95399,-28.04279],[-52.9563,-28.03562],[-52.96968,-28.03686],[-52.98701,-28.03325],[-53.0082,-28.03973],[-53.01651,-28.0372]]]},"properties":{"CD_MUN":"4300471","NM_MUN":"Almirante Tamandaré do Sul","AREA_KM2":265.042}},
{"type":"Feature","geometry":{"type":"Polygon","coordinates":[[[-53.15932,-27.28239],[-53.15753,-27.28419],[-53.12314,-27.27827],[-53.11888,-27.2803],[-53.11019,-27.27015],[-53.09952,-27.27528],[-53.0925,-27.27056],[-53.07567,-27.27046],[-53.05256,-27.27937],[-53.04817,-27.29322],[-53.04238,-27.29388],[-53.03706,-27.30549],[-53.02232,-27.31842],[-53.00965,-27.32374],[-52.99137,-27.31608],[-52.97483,-27.30747],[-52.95102,-27.30831],[-52.93376,-27.31278],[-52.93426,-27.3078],[-52.94737,-27.29505],[-52.95892,-27.29177],[-52.95881,-27.27331],[-52.95631,-27.26944],[-52.96693,-27.26207],[-52.95782,-27.25139],[-52.95048,-27.24921],[-52.96529,-27.22772],[-52.9605,-27.21814],[-52.97123,-27.21784],[-52.98437,-27.22147],[-52.99172,-27.21765],[-52.99998,-27.2067],[-53.00256,-27.19762],[-53.00126,-27.18676],[-52.98514,-27.17049],[-52.98285,-27.16499],[-52.98487,-27.15341],[-52.99166,-27.14097],[-52.99967,-27.13523],[-53.00597,-27.13749],[-53.0183,-27.15291],[-53.02615,-27.15862],[-53.03755,-27.15775],[-53.0442,-27.14406],[-53.04478,-27.13393],[-53.04139,-27.12491],[-53.02033,-27.10455],[-53.01718,-27.09525],[-53.02415,-27.08461],[-53.03434,-27.08232],[-53.04821,-27.08365],[-53.06414,-27.09215],[-53.07297,-27.10196],[-53.07829,-27.11131],[-53.07839,-27.12111],[-53.07177,-27.13455],[-53.06982,-27.1461],[-53.07124,-27.15697],[-53.08018,-27.16432],[-53.11333,-27.17223],[-53.13218,-27.18023],[-53.13959,-27.17575],[-53.15028,-27.14378],[-53.1594,-27.14],[-53.1695,-27.14419],[-53.17393,-27.15585],[-53.17504,-27.1716],[-53.1821,-27.18932],[-53.18769,-27.19226],[-53.17949,-27.19898],[-53.19037,-27.20227],[-53.18058,-27.20786],[-53.17837,-27.22275],[-53.16628,-27.2596],[-53.16974,-27.26495],[-53.16019,-27.26893],[-53.15932,-27.28239]]]},"properties":{"CD_MUN":"4300505","NM_MUN":"Alpestre","AREA_KM2":325.979}},
{"type":"Feature","geometry":{"type":"Polygon","coordinates":[[[-53.06087,-28.82969],[-53.05341,-28.83738],[-53.04351,-28.83564],[-53.03168,-28.84029],[-53.01868,-28.84133],[-53.01652,-28.84704],[-53.0043,-28.84742],[-53.00189,-28.85151],[-52.98557,-28.85986],[-52.98338,-28.85335],[-52.97431,-28.8569],[-52.96217,-28.84671],[-52.96197,-28.86515],[-52.96433,-28.86994],[-52.94711,-28.87521],[-52.94242,-28.86704],[-52.93905,-28.84886],[-52.94792,-28.82994],[-52.95582,-28.83176],[-52.96678,-28.81788],[-52.96629,-28.81342],[-52.94616,-28.81482],[-52.92678,-28.81329],[-52.93349,-28.80097],[-52.92739,-28.77843],[-52.93133,-28.77628],[-52.93129,-28.76641],[-52.93489,-28.75516],[-52.9342,-28.74804],[-52.95328,-28.73924],[-52.96284,-28.74417],[-52.95381,-28.74865],[-52.95609,-28.76101],[-52.9694,-28.76081],[-52.97489,-28.7517],[-52.98596,-28.7485],[-52.9914,-28.75232],[-53.01013,-28.75716],[-53.01096,-28.7606],[-52.99729,-28.77028],[-53.00762,-28.77165],[-53.01306,-28.76464],[-53.02232,-28.7674],[-53.02783,-28.76153],[-53.0343,-28.76371],[-53.03226,-28.77496],[-53.04263,-28.78159],[-53.04531,-28.78798],[-53.05816,-28.79785],[-53.06399,-28.7993],[-53.05959,-28.8108],[-53.05549,-28.81288],[-53.06087,-28.82969]]]},"properties":{"CD_MUN":"4300554","NM_MUN":"Alto Alegre","AREA_KM2":115.335}},
{"type":"Feature","geometry":{"type":"Polygon","coordinates":[[[-51.28032,-29.40483],[-51.27434,-29.39636],[-51.28195,-29.37214],[-51.26332,-29.35864],[-51.26025,-29.35071],[-51.23938,-29.35436],[-51.25419,-29.33367],[-51.25411,-29.32669],[-51.2621,-29.31578],[-51.2697,-29.31282],[-51.28283,-29.31858],[-51.29872,-29.31758],[-51.30945,-29.32318],[-51.33645,-29.33297],[-51.35266,-29.33312],[-51.3505,-29.35186],[-51.35543,-29.36756],[-51.35194,-29.37589],[-51.34464,-29.38132],[-51.33213,-29.40962],[-51.32955,-29.41557],[-51.33011,-29.42719],[-51.31065,-29.41989],[-51.3107,-29.41298],[-51.28032,-29.40483]]]},"properties":{"CD_MUN":"4300570","NM_MUN":"Alto Feliz","AREA_KM2":78.175}},
{"type":"Feature","geometry":{"type":"Polygon","coordinates":[[[-51.08488,-30.04617],[-51.07059,-30.05133],[-51.05134,-30.05023],[-51.0484,-30.04503],[-51.05421,-30.02851],[-51.03364,-30.02335],[-51.03967,-30.00655],[-51.03069,-30.00189],[-51.014,-29.99824],[-50.99827,-29.99993],[-50.98624,-29.99507],[-50.97318,-29.99504],[-50.96234,-29.98998],[-50.95593,-29.96973],[-50.94931,-29.96628],[-50.94872,-29.96068],[-50.96388,-29.96215],[-50.96532,-29.96731],[-50.97583,-29.96496],[-51.00455,-29.96348],[-51.0064,-29.95735],[-51.01686,-29.95781],[-51.04014,-29.96788],[-51.0478,-29.96333],[-51.0623,-29.96521],[-51.06696,-29.97228],[-51.074,-29.96696],[-51.08648,-29.97094],[-51.08902,-29.98649],[-51.08748,-30.00375],[-51.09436,-30.01538],[-51.08614,-30.0253],[-51.09024,-30.03437],[-51.08488,-30.04617]]]},"properties":{"CD_MUN":"4300604","NM_MUN":"Alvorada","AREA_KM2":71.7}},
{"type":"Feature","geometry":{"type":"Polygon","coordinates":[[[-52.42688,-30.91513],[-52.42322,-30.92117],[-52.41441,-30.9179],[-52.40473,-30.9055],[-52.39545,-30.90689],[-52.38403,-30.90468],[-52.36733,-30.90954],[-52.3524,-30.89824],[-52.34084,-30.90076],[-52.33139,-30.89939],[-52.31195,-30.88734],[-52.28671,-30.90967],[-52.27623,-30.89864],[-52.27615,-30.88531],[-52.26469,-30.8822],[-52.24935,-30.88379],[-52.24088,-30.8808],[-52.22867,-30.89146],[-52.21646,-30.89399],[-52.20901,-30.90472],[-52.20093,-30.90697],[-52.18724,-30.90156],[-52.18087,-30.90958],[-52.17482,-30.9119],[-52.16051,-30.9037],[-52.15027,-30.90554],[-52.13576,-30.89976],[-52.12887,-30.90147],[-52.12772,-30.9129],[-52.11428,-30.91792],[-52.10683,-30.92873],[-52.10204,-30.92578],[-52.09984,-30.90914],[-52.10985,-30.90403],[-52.11634,-30.89646],[-52.11589,-30.88806],[-52.12015,-30.88419],[-52.12683,-30.87472],[-52.13643,-30.87168],[-52.14089,-30.8644],[-52.1555,-30.86293],[-52.16399,-30.85431],[-52.16993,-30.84101],[-52.17885,-30.83762],[-52.1779,-30.81862],[-52.18541,-30.78005],[-52.17768,-30.77384],[-52.1896,-30.76419],[-52.19598,-30.76343],[-52.19912,-30.77122],[-52.20823,-30.7771],[-52.21323,-30.77011],[-52.208,-30.76311],[-52.21065,-30.75559],[-52.21908,-30.75458],[-52.23238,-30.75745],[-52.24037,-30.75659],[-52.25281,-30.77353],[-52.25226,-30.78126],[-52.25798,-30.78594],[-52.25928,-30.79857],[-52.26676,-30.79861],[-52.27313,-30.78732],[-52.27606,-30.77659],[-52.29019,-30.76605],[-52.29571,-30.74975],[-52.31567,-30.73296],[-52.3146,-30.72478],[-52.32467,-30.71459],[-52.34118,-30.71101],[-52.34218,-30.70449],[-52.33601,-30.69214],[-52.34346,-30.69579],[-52.35177,-30.6883],[-52.36249,-30.69054],[-52.36578,-30.68605],[-52.37543,-30.68715],[-52.37773,-30.67959],[-52.39169,-30.66537],[-52.41348,-30.65511],[-52.44292,-30.65929],[-52.43028,-30.69775],[-52.43772,-30.71053],[-52.43747,-30.72526],[-52.44225,-30.74522],[-52.44029,-30.7509],[-52.44335,-30.75973],[-52.44951,-30.76404],[-52.44755,-30.774],[-52.45382,-30.77922],[-52.45282,-30.78912],[-52.45683,-30.79715],[-52.45357,-30.80297],[-52.43867,-30.81649],[-52.44065,-30.82298],[-52.42691,-30.84106],[-52.42791,-30.84566],[-52.41875,-30.85446],[-52.41871,-30.86271],[-52.42573,-30.86958],[-52.42492,-30.8774],[-52.42851,-30.88778],[-52.42226,-30.90585],[-52.42688,-30.91513]]]},"properties":{"CD_MUN":"4300638","NM_MUN":"Amaral Ferrador","AREA_KM2":505.983}},
{"type":"Feature","geometry":{"type":"Polygon","coordinates":[[[-53.14284,-27.40565],[-53.13128,-27.39863],[-53.12111,-27.39707],[-53.11326,-27.37647],[-53.12204,-27.36465],[-53.13106,-27.35685],[-53.13693,-27.35939],[-53.14319,-27.35384],[-53.1562,-27.35513],[-53.16136,-27.34945],[-53.16983,-27.35422],[-53.18181,-27.3532],[-53.17214,-27.34024],[-53.18279,-27.33343],[-53.18736,-27.32304],[-53.1954,-27.32247],[-53.21304,-27.32562],[-53.21168,-27.31723],[-53.20231,-27.31186],[-53.21987,-27.30999],[-53.22796,-27.30601],[-53.2284,-27.32174],[-53.24602,-27.32125],[-53.25214,-27.33758],[-53.25762,-27.33968],[-53.26526,-27.34529],[-53.26481,-27.35],[-53.25124,-27.34789],[-53.24932,-27.35585],[-53.25538,-27.36322],[-53.26569,-27.36924],[-53.26171,-27.37388],[-53.24893,-27.36855],[-53.2381,-27.37782],[-53.23567,-27.38376],[-53.23917,-27.3927],[-53.23376,-27.39701],[-53.22556,-27.38876],[-53.21703,-27.38423],[-53.20694,-27.39292],[-53.2058,-27.39876],[-53.21935,-27.39822],[-53.22114,-27.40217],[-53.20244,-27.41272],[-53.19539,-27.41349],[-53.18302,-27.40909],[-53.17746,-27.40284],[-53.16382,-27.40706],[-53.14698,-27.40108],[-53.14284,-27.40565]]]},"properties":{"CD_MUN":"4300646","NM_MUN":"Ametista do Sul","AREA_KM2":93.704}},
{"type":"Feature","geometry":{"type":"Polygon","coordinates":[[[-51.39644,-28.54004],[-51.40901,-28.53304],[-51.41593,-28.53191],[-51.41229,-28.52332],[-51.39813,-28.51926],[-51.4,-28.51379],[-51.41165,-28.51822],[-51.42073,-28.50118],[-51.42845,-28.50217],[-51.43755,-28.49918],[-51.4467,-28.4864],[-51.45647,-28.48641],[-51.45851,-28.49644],[-51.46765,-28.50024],[-51.47391,-28.51681],[-51.47225,-28.52571],[-51.48804,-28.52356],[-51.51777,-28.54221],[-51.53028,-28.54605],[-51.53035,-28.53652],[-51.53713,-28.52648],[-51.5665,-28.52347],[-51.57285,-28.51957],[-51.58205,-28.52298],[-51.58624,-28.5204],[-51.59986,-28.52973],[-51.59913,-28.53653],[-51.59706,-28.54106],[-51.61231,-28.55202],[-51.60833,-28.56262],[-51.60132,-28.57224],[-51.60781,-28.59456],[-51.61455,-28.59554],[-51.61104,-28.60518],[-51.60214,-28.61186],[-51.60912,-28.61747],[-51.61497,-28.6281],[-51.61569,-28.6353],[-51.61012,-28.6439],[-51.60899,-28.65159],[-51.59344,-28.66203],[-51.59595,-28.66912],[-51.59896,-28.67494],[-51.59065,-28.68336],[-51.57342,-28.69307],[-51.56169,-28.69288],[-51.55633,-28.68069],[-51.54401,-28.67796],[-51.54283,-28.67332],[-51.53097,-28.66708],[-51.52296,-28.67048],[-51.5113,-28.66688],[-51.49674,-28.66681],[-51.48975,-28.65328],[-51.47748,-28.64987],[-51.46203,-28.65379],[-51.45827,-28.66216],[-51.45095,-28.66177],[-51.44433,-28.66831],[-51.44509,-28.67366],[-51.43661,-28.66782],[-51.42241,-28.66994],[-51.40976,-28.64594],[-51.39871,-28.63878],[-51.4026,-28.6323],[-51.40174,-28.62101],[-51.39318,-28.62025],[-51.38974,-28.61504],[-51.40251,-28.60399],[-51.39839,-28.59025],[-51.40324,-28.58411],[-51.39451,-28.57619],[-51.40652,-28.56893],[-51.39376,-28.56623],[-51.40368,-28.54895],[-51.39644,-28.54004]]]},"properties":{"CD_MUN":"4300661","NM_MUN":"André da Rocha","AREA_KM2":331.208}},
{"type":"Feature","geometry":{"type":"Polygon","coordinates":[[[-52.04871,-29.02059],[-52.0413,-29.01793],[-52.03653,-29.02432],[-52.03454,-29.03417],[-52.0211,-29.03968],[-51.97003,-29.0391],[-51.96726,-29.04977],[-51.96035,-29.06183],[-51.9558,-29.0633],[-51.95471,-29.07482],[-51.92585,-29.07487],[-51.92634,-29.06839],[-51.91774,-29.06225],[-51.91784,-29.04949],[-51.91327,-29.04167],[-51.91747,-29.03409],[-51.91833,-29.02286],[-51.91509,-29.01588],[-51.92207,-29.0132],[-51.92261,-29.00502],[-51.93189,-28.99431],[-51.92934,-28.99014],[-51.91271,-28.99418],[-51.90611,-28.98806],[-51.91165,-28.98341],[-51.92235,-28.98175],[-51.92271,-28.97416],[-51.90721,-28.9738],[-51.91389,-28.96667],[-51.92505,-28.95971],[-51.92362,-28.95386],[-51.91424,-28.95337],[-51.91363,-28.94789],[-51.92343,-28.94181],[-51.91959,-28.93436],[-51.91325,-28.93217],[-51.91957,-28.92094],[-51.93295,-28.92817],[-51.94517,-28.92277],[-51.94399,-28.90813],[-51.95268,-28.90792],[-51.95083,-28.92165],[-51.95394,-28.92922],[-51.96506,-28.92447],[-51.95722,-28.91732],[-51.96004,-28.90916],[-51.96705,-28.90572],[-51.97025,-28.92292],[-51.98048,-28.91124],[-51.98225,-28.90042],[-51.99283,-28.90293],[-52.00356,-28.89877],[-51.99001,-28.8885],[-52.00886,-28.88351],[-52.00985,-28.87703],[-52.01004,-28.87314],[-52.079,-28.87766],[-52.07758,-28.88764],[-52.07074,-28.88706],[-52.067,-28.94312],[-52.06973,-28.94337],[-52.0708,-28.96078],[-52.06959,-28.97962],[-52.09204,-28.98044],[-52.09116,-28.98973],[-52.07842,-28.98931],[-52.07763,-28.99832],[-52.06757,-28.99735],[-52.06691,-29.00614],[-52.06109,-29.01085],[-52.05428,-29.0085],[-52.04871,-29.02059]]]},"properties":{"CD_MUN":"4300703","NM_MUN":"Anta Gorda","AREA_KM2":242.1}},
{"type":"Feature","geometry":{"type":"Polygon","coordinates":[[[-51.17667,-28.85755],[-51.18276,-28.85292],[-51.19257,-28.8518],[-51.20414,-28.84663],[-51.20452,-28.84073],[-51.22819,-28.82069],[-51.25378,-28.81749],[-51.27647,-28.82929],[-51.29221,-28.82815],[-51.30302,-28.83636],[-51.31686,-28.83862],[-51.31861,-28.85002],[-51.32956,-28.8427],[-51.33384,-28.83264],[-51.33988,-28.82804],[-51.34874,-28.83585],[-51.36233,-28.83524],[-51.37272,-28.83054],[-51.3868,-28.81755],[-51.39247,-28.81473],[-51.41039,-28.80028],[-51.43379,-28.80739],[-51.43804,-28.8059],[-51.45251,-28.80809],[-51.46208,-28.80185],[-51.4643,-28.80877],[-51.457,-28.81661],[-51.46553,-28.82983],[-51.45791,-28.83547],[-51.44759,-28.83758],[-51.44252,-28.84663],[-51.44764,-28.85109],[-51.46262,-28.85616],[-51.46046,-28.86075],[-51.44782,-28.86514],[-51.44777,-28.87104],[-51.45741,-28.87796],[-51.4559,-28.88644],[-51.45553,-28.89105],[-51.46741,-28.89257],[-51.471,-28.89666],[-51.46598,-28.90397],[-51.4718,-28.91196],[-51.47186,-28.91774],[-51.46425,-28.92489],[-51.35461,-28.9193],[-51.35646,-28.92956],[-51.35495,-28.94252],[-51.344,-28.95261],[-51.34017,-28.96461],[-51.33846,-28.95813],[-51.33172,-28.95559],[-51.31683,-28.95893],[-51.30936,-28.95569],[-51.3015,-28.94531],[-51.29397,-28.94107],[-51.28736,-28.92941],[-51.27518,-28.92594],[-51.26459,-28.93615],[-51.2707,-28.9531],[-51.27047,-28.96031],[-51.26086,-28.96252],[-51.25462,-28.95418],[-51.24247,-28.94757],[-51.23641,-28.9393],[-51.21408,-28.94297],[-51.20897,-28.93477],[-51.193,-28.92964],[-51.18948,-28.94041],[-51.18561,-28.94225],[-51.17117,-28.93754],[-51.16725,-28.94637],[-51.15287,-28.94196],[-51.15073,-28.9356],[-51.1552,-28.92695],[-51.17145,-28.9153],[-51.1742,-28.90159],[-51.173,-28.88946],[-51.16051,-28.87404],[-51.17667,-28.85755]]]},"properties":{"CD_MUN":"4300802","NM_MUN":"Antônio Prado","AREA_KM2":347.541}},
{"type":"Feature","geometry":{"type":"Polygon","coordinates":[[[-51.53777,-31.11498],[-51.53328,-31.11157],[-51.50534,-31.10321],[-51.4856,-31.10116],[-51.46763,-31.0974],[-51.45692,-31.09207],[-51.44564,-31.08953],[-51.46575,-31.06504],[-51.48312,-31.03099],[-51.49259,-31.00385],[-51.50064,-30.96547],[-51.50083,-30.93565],[-51.49783,-30.91764],[-51.48763,-30.89991],[-51.4775,-30.88997],[-51.45817,-30.87686],[-51.44882,-30.87218],[-51.46313,-30.87108],[-51.47661,-30.88238],[-51.48731,-30.87735],[-51.4865,-30.87151],[-51.49564,-30.86717],[-51.50073,-30.8528],[-51.52277,-30.83337],[-51.52835,-30.82117],[-51.53446,-30.80157],[-51.56143,-30.78644],[-51.58025,-30.77312],[-51.58068,-30.76846],[-51.59012,-30.76022],[-51.60109,-30.75541],[-51.61387,-30.75506],[-51.61624,-30.75],[-51.63034,-30.74482],[-51.63479,-30.75006],[-51.67234,-30.79323],[-51.6935,-30.81308],[-51.74418,-30.83901],[-51.74586,-30.84648],[-51.73471,-30.85998],[-51.72559,-30.87614],[-51.72515,-30.88185],[-51.71239,-30.88709],[-51.69148,-30.89206],[-51.68511,-30.89018],[-51.65695,-30.89238],[-51.61262,-30.93793],[-51.60017,-30.95318],[-51.60002,-30.96386],[-51.59178,-30.9848],[-51.59698,-30.99752],[-51.60185,-31.01556],[-51.60262,-31.03821],[-51.60517,-31.04778],[-51.61619,-31.0648],[-51.58077,-31.07611],[-51.57493,-31.07929],[-51.54199,-31.10315],[-51.53777,-31.11498]]]},"properties":{"CD_MUN":"4300851","NM_MUN":"Arambaré","AREA_KM2":518.193}},
{"type":"Feature","geometry":{"type":"Polygon","coordinates":[[[-50.90599,-29.63138],[-50.91293,-29.62467],[-50.9117,-29.59949],[-50.94989,-29.59594],[-50.96022,-29.59599],[-50.96191,-29.60888],[-50.95592,-29.61215],[-50.95097,-29.62045],[-50.95126,-29.63706],[-50.9541,-29.66642],[-50.96023,-29.67963],[-50.95245,-29.68217],[-50.94157,-29.69118],[-50.94668,-29.67931],[-50.936,-29.67269],[-50.92656,-29.67557],[-50.92774,-29.66742],[-50.92274,-29.66045],[-50.90744,-29.64948],[-50.9045,-29.63776],[-50.90599,-29.63138]]]},"properties":{"CD_MUN":"4300877","NM_MUN":"Araricá","AREA_KM2":35.391}},
{"type":"Feature","geometry":{"type":"Polygon","coordinates":[[[-52.34415,-27.50936],[-52.25597,-27.51106],[-52.26255,-27.50443],[-52.25291,-27.49799],[-52.2504,-27.48749],[-52.2431,-27.48783],[-52.23867,-27.48235],[-52.23805,-27.47248],[-52.2436,-27.46318],[-52.23674,-27.45785],[-52.24313,-27.4457],[-52.23712,-27.43827],[-52.23899,-27.4318],[-52.2346,-27.42113],[-52.23639,-27.41128],[-52.22919,-27.4079],[-52.22243,-27.40114],[-52.23006,-27.39635],[-52.22509,-27.38814],[-52.21292,-27.38917],[-52.21018,-27.37997],[-52.21622,-27.37161],[-52.20985,-27.3675],[-52.21867,-27.35917],[-52.22651,-27.33775],[-52.22477,-27.33061],[-52.2292,-27.32532],[-52.2348,-27.31066],[-52.24114,-27.30427],[-52.24813,-27.30237],[-52.27298,-27.30438],[-52.27843,-27.29677],[-52.26799,-27.28325],[-52.25976,-27.27894],[-52.24177,-27.27607],[-52.23397,-27.26919],[-52.23542,-27.26424],[-52.25454,-27.25636],[-52.27825,-27.26118],[-52.28838,-27.25752],[-52.29877,-27.25751],[-52.30609,-27.26572],[-52.30204,-27.28466],[-52.2913,-27.30524],[-52.29211,-27.31428],[-52.29977,-27.31908],[-52.30636,-27.31693],[-52.31308,-27.30927],[-52.32914,-27.30216],[-52.34203,-27.28958],[-52.35205,-27.28889],[-52.36748,-27.30452],[-52.37755,-27.30386],[-52.3815,-27.29467],[-52.38333,-27.28129],[-52.38126,-27.26444],[-52.38577,-27.25352],[-52.39467,-27.25183],[-52.39974,-27.26327],[-52.39393,-27.28347],[-52.39783,-27.29249],[-52.39443,-27.30821],[-52.39824,-27.31186],[-52.38316,-27.32023],[-52.38745,-27.33943],[-52.38275,-27.36471],[-52.37652,-27.37194],[-52.3668,-27.3961],[-52.36201,-27.41759],[-52.36407,-27.43308],[-52.35971,-27.45689],[-52.34656,-27.46892],[-52.35375,-27.47227],[-52.36758,-27.49362],[-52.36357,-27.50073],[-52.35077,-27.49798],[-52.34888,-27.50946],[-52.34415,-27.50936]]]},"properties":{"CD_MUN":"4300901","NM_MUN":"Aratiba","AREA_KM2":342.279}},
{"type":"Feature","geometry":{"type":"Polygon","coordinates":[[[-51.94964,-29.41569],[-51.92655,-29.39747],[-51.91623,-29.39781],[-51.91396,-29.40242],[-51.91954,-29.41372],[-51.90926,-29.41678],[-51.89024,-29.40165],[-51.88767,-29.39464],[-51.87801,-29.39287],[-51.87384,-29.38702],[-51.87847,-29.37561],[-51.89986,-29.35688],[-51.90894,-29.35213],[-51.91417,-29.34817],[-51.91745,-29.33592],[-51.90144,-29.32396],[-51.89461,-29.3141],[-51.89953,-29.2958],[-51.91937,-29.29159],[-51.92037,-29.30385],[-51.93971,-29.304],[-51.94413,-29.31352],[-51.95508,-29.32891],[-51.96251,-29.32846],[-51.97679,-29.30112],[-51.98725,-29.30094],[-52.00058,-29.30752],[-52.01008,-29.31742],[-52.01976,-29.31749],[-52.01518,-29.32921],[-52.03351,-29.32876],[-52.03669,-29.34093],[-52.03664,-29.35394],[-52.06366,-29.35405],[-52.06233,-29.36478],[-52.05334,-29.37349],[-52.05178,-29.37965],[-52.03253,-29.38463],[-52.03102,-29.39291],[-52.03486,-29.40121],[-52.01692,-29.40788],[-51.99648,-29.40771],[-51.98545,-29.41217],[-51.98421,-29.42077],[-51.97416,-29.42326],[-51.95571,-29.42159],[-51.94964,-29.41569]]]},"properties":{"CD_MUN":"4301008","NM_MUN":"Arroio do Meio","AREA_KM2":157.088}},
{"type":"Feature","geometry":{"type":"Polygon","coordinates":[[[-49.92216,-29.60717],[-49.90729,-29.58465],[-49.86722,-29.52861],[-49.83274,-29.48134],[-49.80347,-29.44359],[-49.83552,-29.42423],[-49.87016,-29.44732],[-49.92388,-29.51739],[-49.98618,-29.60123],[-49.96128,-29.60487],[-49.92216,-29.60717]]]},"properties":{"CD_MUN":"4301057","NM_MUN":"Arroio do Sal","AREA_KM2":119.16}},
{"type":"Feature","geometry":{"type":"Polygon","coordinates":[[[-52.40581,-31.49497],[-52.40145,-31.49478],[-52.37626,-31.50757],[-52.34972,-31.50579],[-52.35085,-31.49089],[-52.34583,-31.48693],[-52.34685,-31.46755],[-52.34399,-31.458],[-52.35472,-31.44813],[-52.33498,-31.44087],[-52.33933,-31.43484],[-52.35324,-31.43298],[-52.35124,-31.41543],[-52.33822,-31.40991],[-52.34286,-31.39947],[-52.33996,-31.39102],[-52.34842,-31.37228],[-52.36373,-31.3773],[-52.37751,-31.39117],[-52.4002,-31.39002],[-52.40539,-31.39179],[-52.41504,-31.37756],[-52.42163,-31.37853],[-52.42086,-31.38623],[-52.4248,-31.39309],[-52.43584,-31.39549],[-52.44589,-31.41692],[-52.45218,-31.41772],[-52.46221,-31.42493],[-52.48223,-31.42669],[-52.48357,-31.43824],[-52.49113,-31.45032],[-52.49164,-31.45775],[-52.47734,-31.45421],[-52.44262,-31.45036],[-52.43805,-31.45374],[-52.43817,-31.46206],[-52.43338,-31.4666],[-52.43281,-31.47839],[-52.42524,-31.48093],[-52.42435,-31.48706],[-52.40581,-31.49497]]]},"properties":{"CD_MUN":"4301073","NM_MUN":"Arroio do Padre","AREA_KM2":124.693}},
{"type":"Feature","geometry":{"type":"Polygon","coordinates":[[[-51.68169,-30.01069],[-51.68734,-30.01482],[-51.73393,-30.06035],[-51.78268,-30.07794],[-51.80305,-30.0922],[-51.81137,-30.10032],[-51.81142,-30.10516],[-51.82122,-30.12203],[-51.8228,-30.13015],[-51.81688,-30.13808],[-51.80241,-30.14819],[-51.85006,-30.20397],[-51.84711,-30.26904],[-51.8438,-30.27989],[-51.84567,-30.2852],[-51.8324,-30.29527],[-51.82989,-30.30573],[-51.82158,-30.31236],[-51.82656,-30.31681],[-51.81813,-30.32278],[-51.80905,-30.32497],[-51.78856,-30.33445],[-51.78471,-30.33354],[-51.75931,-30.34315],[-51.75169,-30.33247],[-51.73247,-30.33122],[-51.72295,-30.31524],[-51.71391,-30.31113],[-51.7104,-30.30317],[-51.69341,-30.2993],[-51.69173,-30.29193],[-51.68336,-30.29467],[-51.67778,-30.28883],[-51.68697,-30.28191],[-51.67168,-30.26428],[-51.67363,-30.25034],[-51.67171,-30.2453],[-51.68051,-30.24044],[-51.66909,-30.23568],[-51.67041,-30.22102],[-51.67702,-30.22053],[-51.68566,-30.2127],[-51.67884,-30.20384],[-51.68466,-30.18769],[-51.68195,-30.18348],[-51.69259,-30.18063],[-51.69494,-30.17474],[-51.68853,-30.16471],[-51.69559,-30.158],[-51.69137,-30.15104],[-51.69618,-30.13289],[-51.70198,-30.12609],[-51.69474,-30.11821],[-51.69537,-30.09567],[-51.6884,-30.08034],[-51.67679,-30.08065],[-51.66187,-30.07283],[-51.65079,-30.07978],[-51.63672,-30.07221],[-51.62612,-30.07081],[-51.62052,-30.06111],[-51.62936,-30.06365],[-51.63684,-30.0537],[-51.65402,-30.05127],[-51.66118,-30.04769],[-51.66525,-30.03032],[-51.68259,-30.0185],[-51.68169,-30.01069]]]},"properties":{"CD_MUN":"4301107","NM_MUN":"Arroio dos Ratos","AREA_KM2":425.791}},
{"type":"Feature","geometry":{"type":"Polygon","coordinates":[[[-53.16805,-29.34167],[-53.1591,-29.34519],[-53.15486,-29.35495],[-53.14059,-29.35831],[-53.1276,-29.35909],[-53.12986,-29.36574],[-53.1058,-29.36402],[-53.10216,-29.3603],[-53.09025,-29.37235],[-53.08307,-29.37192],[-53.06818,-29.37124],[-53.06526,-29.36316],[-53.04932,-29.36081],[-53.04707,-29.35522],[-53.0356,-29.35516],[-53.02998,-29.35963],[-53.02052,-29.35818],[-53.02766,-29.34447],[-53.02447,-29.33708],[-53.02723,-29.33019],[-53.02385,-29.31323],[-53.01731,-29.30905],[-53.029,-29.27565],[-53.0326,-29.27227],[-53.02073,-29.2658],[-53.01161,-29.26693],[-52.99881,-29.26132],[-52.98748,-29.26222],[-52.97921,-29.26007],[-52.94595,-29.26223],[-52.94527,-29.2562],[-52.95784,-29.24277],[-52.95576,-29.23629],[-52.95862,-29.22667],[-52.95026,-29.22244],[-52.94309,-29.2138],[-52.93696,-29.21293],[-52.92951,-29.20411],[-52.924,-29.19284],[-52.91719,-29.18543],[-52.9419,-29.1763],[-52.94756,-29.17662],[-52.96593,-29.15349],[-52.97353,-29.15982],[-52.98675,-29.1569],[-52.98578,-29.14768],[-52.99648,-29.14489],[-52.99945,-29.13899],[-53.01181,-29.13904],[-53.00838,-29.15402],[-53.01675,-29.15568],[-53.02847,-29.15696],[-53.0413,-29.16309],[-53.05094,-29.16272],[-53.05274,-29.15607],[-53.06298,-29.16094],[-53.05809,-29.16978],[-53.06392,-29.18181],[-53.07144,-29.18916],[-53.0732,-29.20227],[-53.08123,-29.19874],[-53.09036,-29.21224],[-53.09798,-29.20712],[-53.10571,-29.2171],[-53.11472,-29.22411],[-53.11871,-29.23291],[-53.12984,-29.22825],[-53.12306,-29.25008],[-53.13738,-29.25344],[-53.12586,-29.26464],[-53.14656,-29.26737],[-53.1419,-29.28227],[-53.14427,-29.29308],[-53.14167,-29.31319],[-53.15026,-29.31193],[-53.15746,-29.32781],[-53.1653,-29.32079],[-53.17256,-29.33406],[-53.17966,-29.32502],[-53.19176,-29.3257],[-53.19097,-29.33624],[-53.17101,-29.3395],[-53.16805,-29.34167]]]},"properties":{"CD_MUN":"4301206","NM_MUN":"Arroio do Tigre","AREA_KM2":315.132}},
{"type":"Feature","geometry":{"type":"Polygon","coordinates":[[[-53.30564,-32.21764],[-53.28976,-32.2348],[-53.28933,-32.25743],[-53.29277,-32.26767],[-53.29108,-32.27527],[-53.28157,-32.29057],[-53.26105,-32.30232],[-53.25583,-32.30968],[-53.25423,-32.31833],[-53.26137,-32.32394],[-53.25391,-32.33442],[-53.24125,-32.34664],[-53.23583,-32.34524],[-53.22485,-32.35587],[-53.21435,-32.35275],[-53.18603,-32.37185],[-53.17603,-32.37011],[-53.16971,-32.37243],[-53.16225,-32.36863],[-53.15195,-32.36981],[-53.14334,-32.36442],[-53.12349,-32.37015],[-53.10883,-32.37991],[-53.10011,-32.37758],[-53.09021,-32.39281],[-53.07653,-32.38827],[-53.06514,-32.39192],[-53.05216,-32.38905],[-53.05337,-32.39607],[-53.06016,-32.40626],[-53.04862,-32.41687],[-53.03934,-32.41597],[-53.03169,-32.42916],[-53.01929,-32.42467],[-53.00861,-32.42434],[-53.00156,-32.43554],[-52.99301,-32.4413],[-52.98489,-32.44231],[-52.97748,-32.45291],[-52.9724,-32.47041],[-52.97269,-32.48078],[-52.96796,-32.49048],[-52.93995,-32.47485],[-52.9196,-32.46762],[-52.89244,-32.46108],[-52.83454,-32.45388],[-52.80239,-32.44702],[-52.78594,-32.43975],[-52.76639,-32.42622],[-52.73778,-32.39892],[-52.72356,-32.38162],[-52.72419,-32.37001],[-52.7497,-32.36235],[-52.77168,-32.35264],[-52.77471,-32.35573],[-52.77256,-32.36784],[-52.79011,-32.37882],[-52.80324,-32.35976],[-52.79808,-32.35519],[-52.78575,-32.35566],[-52.79086,-32.34348],[-52.80004,-32.35238],[-52.80634,-32.35391],[-52.81695,-32.34728],[-52.82108,-32.33411],[-52.81866,-32.32744],[-52.80766,-32.31951],[-52.79349,-32.28363],[-52.79746,-32.2761],[-52.79303,-32.26839],[-52.78414,-32.26945],[-52.78302,-32.25837],[-52.77843,-32.25217],[-52.77915,-32.23753],[-52.77676,-32.2306],[-52.76695,-32.22424],[-52.755,-32.21167],[-52.76293,-32.20849],[-52.76283,-32.19894],[-52.74921,-32.1922],[-52.73828,-32.19244],[-52.73417,-32.18727],[-52.74117,-32.1814],[-52.74101,-32.17411],[-52.73285,-32.16512],[-52.7322,-32.15966],[-52.71889,-32.15416],[-52.70116,-32.15527],[-52.6809,-32.16356],[-52.67495,-32.16404],[-52.65882,-32.15358],[-52.64588,-32.15227],[-52.63365,-32.14667],[-52.62288,-32.14557],[-52.61855,-32.13094],[-52.59884,-32.12068],[-52.58999,-32.11884],[-52.58202,-32.11327],[-52.57166,-32.11242],[-52.56287,-32.09999],[-52.54732,-32.1004],[-52.53065,-32.09324],[-52.52228,-32.08269],[-52.5082,-32.06932],[-52.49443,-32.06041],[-52.49146,-32.05519],[-52.46867,-32.05643],[-52.46033,-32.06082],[-52.44588,-32.06444],[-52.43908,-32.06332],[-52.43461,-32.05198],[-52.41811,-32.04457],[-52.40955,-32.03852],[-52.40993,-32.02823],[-52.41944,-32.0251],[-52.41832,-32.01552],[-52.42333,-32.01612],[-52.45118,-32.00408],[-52.46259,-31.9955],[-52.47078,-31.99932],[-52.47845,-31.99155],[-52.48887,-31.98929],[-52.49732,-31.99418],[-52.50302,-31.9808],[-52.51339,-31.97496],[-52.51506,-31.96914],[-52.50628,-31.96648],[-52.51355,-31.95404],[-52.525,-31.95753],[-52.53455,-31.95422],[-52.54381,-31.95584],[-52.55775,-31.94353],[-52.56643,-31.94825],[-52.57421,-31.94852],[-52.58341,-31.93804],[-52.60515,-31.93817],[-52.6114,-31.93547],[-52.60707,-31.92565],[-52.61169,-31.91929],[-52.62553,-31.91718],[-52.63854,-31.91029],[-52.65166,-31.90031],[-52.66276,-31.90069],[-52.70272,-31.95706],[-52.78138,-32.06354],[-52.78207,-32.07727],[-52.7855,-32.0811],[-52.77771,-32.09838],[-52.79064,-32.10623],[-52.80937,-32.07101],[-52.82213,-32.05877],[-52.83293,-32.05407],[-52.85165,-32.05297],[-52.85782,-32.04195],[-52.86816,-32.04154],[-52.88468,-32.04424],[-52.90129,-32.04022],[-52.90646,-32.03383],[-52.93618,-32.0308],[-52.9391,-32.03309],[-52.97053,-32.0319],[-52.97625,-32.02764],[-52.99417,-32.02508],[-53.00876,-32.0304],[-53.02806,-32.02134],[-53.03668,-32.00659],[-53.04289,-32.00269],[-53.12431,-32.00264],[-53.13294,-32.01332],[-53.14589,-32.02165],[-53.14974,-32.03002],[-53.15894,-32.03667],[-53.16969,-32.03517],[-53.17658,-32.04091],[-53.18129,-32.05156],[-53.18206,-32.06028],[-53.19408,-32.06497],[-53.20017,-32.07036],[-53.20751,-32.07111],[-53.21073,-32.0835],[-53.22194,-32.09661],[-53.2323,-32.09928],[-53.23255,-32.10852],[-53.23951,-32.11776],[-53.24317,-32.13849],[-53.24907,-32.146],[-53.24912,-32.15932],[-53.25721,-32.17198],[-53.26568,-32.16919],[-53.2706,-32.17667],[-53.29127,-32.18622],[-53.30694,-32.18932],[-53.30963,-32.19941],[-53.30564,-32.21764]]]},"properties":{"CD_MUN":"4301305","NM_MUN":"Arroio Grande","AREA_KM2":2508.557}},
{"type":"Feature","geometry":{"type":"Polygon","coordinates":[[[-52.01696,-28.84191],[-52.02774,-28.83803],[-52.03607,-28.84598],[-52.04342,-28.84432],[-52.05185,-28.8286],[-52.06162,-28.82674],[-52.06334,-28.80959],[-52.06926,-28.80529],[-52.08319,-28.80622],[-52.11273,-28.81089],[-52.12134,-28.80636],[-52.13182,-28.8048],[-52.14064,-28.80831],[-52.14289,-28.81341],[-52.1561,-28.8115],[-52.1657,-28.81378],[-52.17048,-28.81983],[-52.18226,-28.82391],[-52.20528,-28.81913],[-52.20652,-28.81344],[-52.21409,-28.80928],[-52.23093,-28.81201],[-52.23626,-28.8164],[-52.24411,-28.8288],[-52.2549,-28.8234],[-52.25857,-28.81643],[-52.27038,-28.80768],[-52.2835,-28.81325],[-52.29847,-28.8061],[-52.30997,-28.81122],[-52.32117,-28.80973],[-52.32732,-28.81363],[-52.3294,-28.82094],[-52.31712,-28.82904],[-52.30958,-28.82917],[-52.31214,-28.83868],[-52.30615,-28.84117],[-52.29942,-28.87559],[-52.28969,-28.87888],[-52.29105,-28.88465],[-52.28102,-28.89396],[-52.27783,-28.90166],[-52.28034,-28.91247],[-52.26559,-28.92228],[-52.27046,-28.93265],[-52.26075,-28.93259],[-52.26765,-28.94542],[-52.25743,-28.952],[-52.25927,-28.95669],[-52.25028,-28.96452],[-52.24394,-28.96277],[-52.2316,-28.97402],[-52.22829,-28.97006],[-52.23023,-28.9607],[-52.21257,-28.93973],[-52.21002,-28.93202],[-52.19109,-28.91667],[-52.18239,-28.90578],[-52.18204,-28.9002],[-52.16903,-28.8913],[-52.16599,-28.88606],[-52.14844,-28.89219],[-52.1345,-28.89028],[-52.11961,-28.88299],[-52.10308,-28.88608],[-52.10153,-28.87911],[-52.079,-28.87766],[-52.01004,-28.87314],[-52.00985,-28.87703],[-52.0067,-28.86563],[-52.02342,-28.8632],[-52.03275,-28.85493],[-52.01696,-28.84191]]]},"properties":{"CD_MUN":"4301404","NM_MUN":"Arvorezinha","AREA_KM2":269.31}},
{"type":"Feature","geometry":{"type":"Polygon","coordinates":[[[-54.12844,-28.55469],[-54.11843,-28.56103],[-54.1101,-28.55702],[-54.10237,-28.56396],[-54.09111,-28.56482],[-54.09143,-28.57133],[-54.10721,-28.56914],[-54.1055,-28.5775],[-54.09692,-28.5767],[-54.0966,-28.58376],[-54.08733,-28.5848],[-54.08864,-28.57694],[-54.0839,-28.56858],[-54.07696,-28.5709],[-54.07394,-28.58006],[-54.06343,-28.58803],[-54.04818,-28.59242],[-54.03601,-28.59362],[-54.02859,-28.59836],[-54.021,-28.61132],[-54.01137,-28.61177],[-54.00995,-28.62063],[-54.00159,-28.62192],[-54.00144,-28.62765],[-54.00748,-28.63309],[-53.98253,-28.63809],[-53.98251,-28.64522],[-53.97454,-28.64771],[-53.96711,-28.64465],[-53.96142,-28.63644],[-53.93785,-28.62778],[-53.93381,-28.62233],[-53.92674,-28.60254],[-53.91426,-28.59771],[-53.9042,-28.58626],[-53.8944,-28.5837],[-53.89081,-28.5741],[-53.90229,-28.56915],[-53.90477,-28.55694],[-53.91123,-28.54696],[-53.89667,-28.54643],[-53.88844,-28.54239],[-53.88122,-28.52328],[-53.89283,-28.52229],[-53.89644,-28.51373],[-53.90699,-28.49862],[-53.91528,-28.50629],[-53.92051,-28.50054],[-53.92066,-28.49223],[-53.93506,-28.48391],[-53.93874,-28.49554],[-53.94712,-28.48642],[-53.95854,-28.48857],[-53.96157,-28.47206],[-53.94659,-28.47181],[-53.95694,-28.4616],[-53.96092,-28.46533],[-53.97257,-28.46615],[-53.97414,-28.45158],[-53.98212,-28.44189],[-53.98591,-28.43764],[-53.99692,-28.44212],[-54.00123,-28.4261],[-54.00932,-28.43013],[-54.02107,-28.42219],[-54.01781,-28.41567],[-54.02483,-28.413],[-54.04,-28.42099],[-54.03432,-28.42759],[-54.04566,-28.43426],[-54.04251,-28.43895],[-54.04095,-28.45708],[-54.04726,-28.47069],[-54.07201,-28.46239],[-54.08267,-28.47493],[-54.10975,-28.46816],[-54.11343,-28.47761],[-54.12801,-28.49012],[-54.12844,-28.55469]]]},"properties":{"CD_MUN":"4301503","NM_MUN":"Augusto Pestana","AREA_KM2":348.231}},
{"type":"Feature","geometry":{"type":"Polygon","coordinates":[[[-52.0412,-27.64552],[-52.03875,-27.65398],[-52.04176,-27.66077],[-52.05332,-27.65417],[-52.06781,-27.66255],[-52.06558,-27.67907],[-52.07835,-27.67166],[-52.10626,-27.66742],[-52.11025,-27.67218],[-52.13004,-27.66911],[-52.14037,-27.66045],[-52.14398,-27.66924],[-52.15511,-27.66903],[-52.15499,-27.70209],[-52.15239,-27.70213],[-52.15225,-27.72181],[-52.15558,-27.72719],[-52.14882,-27.7341],[-52.11424,-27.76269],[-52.10814,-27.7726],[-52.09728,-27.77854],[-52.09098,-27.79441],[-52.08474,-27.80064],[-52.07309,-27.80051],[-52.07332,-27.78978],[-52.07812,-27.77891],[-52.07058,-27.7645],[-52.061,-27.76569],[-52.04376,-27.74763],[-52.03974,-27.73702],[-52.0266,-27.73175],[-52.02169,-27.72057],[-52.01677,-27.71804],[-52.01668,-27.70995],[-52.00126,-27.69447],[-51.99582,-27.68174],[-51.99594,-27.66931],[-51.9908,-27.66926],[-51.99069,-27.64898],[-51.98731,-27.63891],[-52.00147,-27.64059],[-52.00677,-27.64815],[-52.01326,-27.65036],[-52.01949,-27.64351],[-52.03491,-27.6394],[-52.0412,-27.64552]]]},"properties":{"CD_MUN":"4301552","NM_MUN":"Áurea","AREA_KM2":156.727}},
{"type":"Feature","geometry":{"type":"Polygon","coordinates":[[[-53.95763,-31.49316],[-53.93674,-31.47836],[-53.93246,-31.46601],[-53.92404,-31.46533],[-53.92183,-31.45547],[-53.93614,-31.43799],[-53.94925,-31.43038],[-53.96009,-31.42062],[-53.96163,-31.40716],[-53.96628,-31.40136],[-53.97462,-31.39922],[-53.98388,-31.39298],[-53.99906,-31.37935],[-53.98687,-31.37803],[-53.98388,-31.36896],[-53.97141,-31.36305],[-53.97029,-31.35358],[-53.95619,-31.35066],[-53.95432,-31.34607],[-53.97936,-31.32955],[-54.01267,-31.31411],[-54.00916,-31.30337],[-53.9978,-31.30015],[-53.99643,-31.2803],[-53.99185,-31.26985],[-53.98422,-31.26197],[-53.95803,-31.25067],[-53.94728,-31.25233],[-53.93109,-31.24683],[-53.92349,-31.2392],[-53.90355,-31.22793],[-53.87623,-31.22676],[-53.86198,-31.22059],[-53.85634,-31.22127],[-53.83873,-31.22932],[-53.82653,-31.24238],[-53.81958,-31.24367],[-53.78985,-31.23715],[-53.77467,-31.23219],[-53.75794,-31.23228],[-53.73363,-31.23886],[-53.74494,-31.25588],[-53.74782,-31.27608],[-53.75807,-31.29701],[-53.76423,-31.30458],[-53.76525,-31.31219],[-53.74875,-31.32007],[-53.74047,-31.32911],[-53.71903,-31.32671],[-53.70047,-31.32966],[-53.69083,-31.33571],[-53.68429,-31.33639],[-53.67278,-31.3304],[-53.65079,-31.33813],[-53.64108,-31.33479],[-53.63611,-31.32936],[-53.62424,-31.333],[-53.61709,-31.32905],[-53.62372,-31.31652],[-53.60649,-31.31162],[-53.60182,-31.30219],[-53.60658,-31.30043],[-53.6041,-31.28897],[-53.59847,-31.28216],[-53.59005,-31.28409],[-53.57851,-31.27438],[-53.5688,-31.27217],[-53.56747,-31.25785],[-53.55939,-31.24759],[-53.56167,-31.23967],[-53.55478,-31.23683],[-53.54473,-31.24243],[-53.5363,-31.23927],[-53.53007,-31.24203],[-53.52038,-31.21755],[-53.5276,-31.20842],[-53.5173,-31.20346],[-53.51522,-31.19148],[-53.50483,-31.17953],[-53.52165,-31.17656],[-53.50406,-31.16565],[-53.50194,-31.1558],[-53.49208,-31.14954],[-53.4926,-31.13344],[-53.48633,-31.12993],[-53.48111,-31.11561],[-53.49595,-31.1041],[-53.48646,-31.09705],[-53.48657,-31.08407],[-53.48956,-31.07722],[-53.4865,-31.06342],[-53.47509,-31.05862],[-53.4816,-31.04477],[-53.48938,-31.03556],[-53.47654,-31.03325],[-53.47005,-31.02608],[-53.45886,-31.02222],[-53.46348,-31.01307],[-53.45747,-31.00616],[-53.45082,-31.00495],[-53.45065,-30.99574],[-53.44607,-30.98602],[-53.44778,-30.97205],[-53.43634,-30.97728],[-53.42977,-30.96711],[-53.43276,-30.96036],[-53.44315,-30.96417],[-53.45467,-30.96664],[-53.45595,-30.95759],[-53.46399,-30.95444],[-53.46352,-30.94449],[-53.47648,-30.94992],[-53.47034,-30.95561],[-53.47502,-30.96665],[-53.48205,-30.96734],[-53.48342,-30.95688],[-53.49671,-30.96147],[-53.50363,-30.95014],[-53.50173,-30.94083],[-53.51439,-30.94264],[-53.51686,-30.93517],[-53.52839,-30.94527],[-53.52614,-30.95193],[-53.54223,-30.95367],[-53.53176,-30.94308],[-53.53937,-30.93763],[-53.55725,-30.9423],[-53.5588,-30.93478],[-53.54643,-30.9335],[-53.54284,-30.92739],[-53.55497,-30.92674],[-53.56267,-30.92182],[-53.57384,-30.90802],[-53.58035,-30.91928],[-53.59009,-30.92476],[-53.60155,-30.91892],[-53.5926,-30.89551],[-53.60554,-30.89432],[-53.59866,-30.88662],[-53.60203,-30.86756],[-53.60061,-30.85769],[-53.60672,-30.85567],[-53.61008,-30.86359],[-53.62043,-30.86272],[-53.62512,-30.8669],[-53.64721,-30.8692],[-53.65111,-30.85757],[-53.65227,-30.84055],[-53.65774,-30.83863],[-53.6672,-30.84274],[-53.67107,-30.85354],[-53.69988,-30.85916],[-53.70649,-30.865],[-53.7175,-30.8695],[-53.72078,-30.87501],[-53.72998,-30.87618],[-53.73805,-30.86992],[-53.75933,-30.88003],[-53.76138,-30.88901],[-53.76802,-30.88634],[-53.78056,-30.89576],[-53.78259,-30.90212],[-53.79459,-30.90932],[-53.81341,-30.90342],[-53.8181,-30.9085],[-53.82671,-30.90525],[-53.83542,-30.90856],[-53.84111,-30.91577],[-53.8475,-30.91101],[-53.86558,-30.91606],[-53.87326,-30.90947],[-53.88721,-30.91699],[-53.86968,-30.92518],[-53.87875,-30.93051],[-53.88593,-30.93068],[-53.89483,-30.94539],[-53.90502,-30.94224],[-53.91096,-30.93653],[-53.92344,-30.93981],[-53.92637,-30.95476],[-53.93499,-30.96047],[-53.93316,-30.97142],[-53.94177,-30.98117],[-53.94671,-30.98877],[-53.94082,-30.99523],[-53.92851,-30.98707],[-53.92729,-31.00017],[-53.94606,-31.00027],[-53.93762,-31.01067],[-53.92867,-31.01779],[-53.92824,-31.02853],[-53.93663,-31.03283],[-53.9398,-31.02726],[-53.9475,-31.02736],[-53.94744,-31.02031],[-53.95834,-31.02014],[-53.95982,-31.03533],[-53.95346,-31.04026],[-53.97556,-31.04201],[-53.98206,-31.05656],[-53.99267,-31.0535],[-54.0041,-31.05804],[-54.00494,-31.06268],[-54.01598,-31.06235],[-54.04007,-31.0759],[-54.03903,-31.08117],[-54.05098,-31.08526],[-54.06163,-31.09235],[-54.07711,-31.09315],[-54.09712,-31.10729],[-54.09951,-31.11863],[-54.09362,-31.12642],[-54.10207,-31.13239],[-54.10493,-31.14061],[-54.12049,-31.14054],[-54.13577,-31.15433],[-54.14616,-31.16148],[-54.16755,-31.15899],[-54.16941,-31.14299],[-54.18159,-31.14353],[-54.20106,-31.1492],[-54.21473,-31.14954],[-54.25043,-31.15945],[-54.26583,-31.16149],[-54.2723,-31.15812],[-54.29083,-31.15699],[-54.29919,-31.1602],[-54.31236,-31.16092],[-54.31965,-31.18741],[-54.33044,-31.19461],[-54.36542,-31.19962],[-54.37385,-31.21336],[-54.39445,-31.2285],[-54.40541,-31.23231],[-54.40934,-31.25724],[-54.40686,-31.26548],[-54.411,-31.27943],[-54.42435,-31.28976],[-54.42546,-31.30246],[-54.45042,-31.30033],[-54.47454,-31.30662],[-54.4848,-31.3049],[-54.50427,-31.30822],[-54.51932,-31.31867],[-54.53414,-31.32575],[-54.53901,-31.33319],[-54.55631,-31.34384],[-54.56331,-31.36856],[-54.56962,-31.37111],[-54.58719,-31.37012],[-54.59214,-31.36453],[-54.61122,-31.36371],[-54.63082,-31.35744],[-54.63638,-31.36524],[-54.64785,-31.37546],[-54.65182,-31.39325],[-54.67595,-31.41432],[-54.68593,-31.4206],[-54.69304,-31.43292],[-54.70129,-31.43567],[-54.69554,-31.44323],[-54.67667,-31.44782],[-54.67034,-31.45408],[-54.58685,-31.45654],[-54.58664,-31.46223],[-54.57962,-31.47043],[-54.57744,-31.48103],[-54.57068,-31.48247],[-54.56012,-31.4927],[-54.54736,-31.49838],[-54.53419,-31.50143],[-54.51564,-31.51018],[-54.51038,-31.52152],[-54.50163,-31.53144],[-54.49014,-31.55193],[-54.49364,-31.55814],[-54.48094,-31.56976],[-54.47294,-31.57035],[-54.46706,-31.59214],[-54.45797,-31.59406],[-54.45907,-31.60572],[-54.46574,-31.61002],[-54.46111,-31.6259],[-54.45366,-31.62996],[-54.45151,-31.64004],[-54.45464,-31.65285],[-54.44614,-31.64855],[-54.43958,-31.65273],[-54.43401,-31.64639],[-54.42171,-31.64222],[-54.4038,-31.63169],[-54.40284,-31.62685],[-54.3928,-31.61969],[-54.39208,-31.61357],[-54.38114,-31.60364],[-54.37578,-31.59231],[-54.36822,-31.5925],[-54.3551,-31.58517],[-54.33961,-31.5886],[-54.33327,-31.58789],[-54.32607,-31.58163],[-54.32408,-31.57303],[-54.31787,-31.56786],[-54.31228,-31.55194],[-54.29452,-31.54582],[-54.29198,-31.53695],[-54.29357,-31.52953],[-54.28574,-31.5289],[-54.28475,-31.5208],[-54.27486,-31.51406],[-54.27356,-31.50943],[-54.24417,-31.51686],[-54.22397,-31.5149],[-54.21379,-31.50422],[-54.20533,-31.49901],[-54.19458,-31.49711],[-54.1872,-31.4924],[-54.18611,-31.4869],[-54.1695,-31.49134],[-54.14359,-31.48243],[-54.13715,-31.47593],[-54.13568,-31.46701],[-54.12816,-31.45226],[-54.12182,-31.44965],[-54.11997,-31.43528],[-54.11351,-31.42936],[-54.09345,-31.43826],[-54.09401,-31.44713],[-54.07095,-31.45597],[-54.06932,-31.47151],[-54.04134,-31.49951],[-54.02846,-31.50577],[-54.04162,-31.52288],[-54.01441,-31.5376],[-54.00951,-31.52859],[-53.99668,-31.52581],[-53.98951,-31.51677],[-53.98088,-31.51282],[-53.96389,-31.495],[-53.95763,-31.49316]]]},"properties":{"CD_MUN":"4301602","NM_MUN":"Bagé","AREA_KM2":4090.36}},
{"type":"Feature","geometry":{"type":"Polygon","coordinates":[[[-50.2241,-30.23626],[-50.25054,-30.2283],[-50.25694,-30.17276],[-50.26382,-30.17053],[-50.28034,-30.15922],[-50.29591,-30.15794],[-50.30723,-30.14663],[-50.31272,-30.14751],[-50.34626,-30.15957],[-50.37401,-30.16009],[-50.39424,-30.15789],[-50.38047,-30.17299],[-50.37694,-30.18238],[-50.36793,-30.19136],[-50.35691,-30.19676],[-50.34148,-30.20305],[-50.29191,-30.21395],[-50.269,-30.22239],[-50.26864,-30.23116],[-50.26211,-30.23693],[-50.26899,-30.24054],[-50.28321,-30.24224],[-50.28389,-30.25278],[-50.2891,-30.2614],[-50.28095,-30.27172],[-50.29074,-30.2831],[-50.28938,-30.29143],[-50.2519,-30.30488],[-50.2241,-30.23626]]]},"properties":{"CD_MUN":"4301636","NM_MUN":"Balneário Pinhal","AREA_KM2":102.387}},
{"type":"Feature","geometry":{"type":"Polygon","coordinates":[[[-51.5835,-29.40708],[-51.5742,-29.40191],[-51.55891,-29.40365],[-51.55223,-29.41541],[-51.54249,-29.41889],[-51.52,-29.40788],[-51.51688,-29.40996],[-51.49179,-29.40646],[-51.48594,-29.40063],[-51.47498,-29.40008],[-51.44129,-29.4171],[-51.43569,-29.43135],[-51.40351,-29.43348],[-51.39994,-29.41704],[-51.39806,-29.35165],[-51.52064,-29.35093],[-51.54259,-29.35595],[-51.55212,-29.35538],[-51.56064,-29.35884],[-51.5633,-29.36867],[-51.56098,-29.37418],[-51.57793,-29.38238],[-51.59003,-29.37548],[-51.60607,-29.37858],[-51.6168,-29.37788],[-51.61053,-29.40081],[-51.60788,-29.41122],[-51.5835,-29.40708]]]},"properties":{"CD_MUN":"4301651","NM_MUN":"Barão","AREA_KM2":124.757}},
{"type":"Feature","geometry":{"type":"Polygon","coordinates":[[[-52.47722,-27.60353],[-52.47714,-27.61096],[-52.46536,-27.61087],[-52.4653,-27.63141],[-52.44503,-27.63138],[-52.44508,-27.65142],[-52.44726,-27.66275],[-52.40949,-27.66308],[-52.39355,-27.66209],[-52.3422,-27.66097],[-52.34327,-27.63466],[-52.34398,-27.56021],[-52.34912,-27.5602],[-52.34914,-27.52766],[-52.344,-27.52762],[-52.34415,-27.50936],[-52.34888,-27.50946],[-52.35077,-27.49798],[-52.36357,-27.50073],[-52.37299,-27.49939],[-52.3743,-27.49375],[-52.39908,-27.47903],[-52.41512,-27.47798],[-52.42518,-27.48154],[-52.42548,-27.48708],[-52.43682,-27.49459],[-52.44702,-27.49443],[-52.45594,-27.49009],[-52.46224,-27.49291],[-52.47242,-27.49227],[-52.48027,-27.48783],[-52.49136,-27.48702],[-52.50035,-27.48972],[-52.51198,-27.48669],[-52.5073,-27.50169],[-52.51029,-27.50666],[-52.52686,-27.50671],[-52.52687,-27.53025],[-52.50642,-27.53126],[-52.50042,-27.5444],[-52.47786,-27.54602],[-52.48446,-27.55864],[-52.47961,-27.56123],[-52.47974,-27.58298],[-52.47739,-27.585],[-52.47722,-27.60353]]]},"properties":{"CD_MUN":"4301701","NM_MUN":"Barão de Cotegipe","AREA_KM2":260.505}},
{"type":"Feature","geometry":{"type":"Polygon","coordinates":[[[-51.75877,-30.50503],[-51.74939,-30.49739],[-51.7516,-30.48458],[-51.72305,-30.47253],[-51.71313,-30.47233],[-51.71415,-30.45935],[-51.7177,-30.44793],[-51.70066,-30.44001],[-51.68051,-30.43768],[-51.69186,-30.42163],[-51.68265,-30.41444],[-51.68163,-30.40051],[-51.67452,-30.39827],[-51.67263,-30.38864],[-51.68092,-30.38368],[-51.67293,-30.37473],[-51.67445,-30.36859],[-51.66884,-30.36115],[-51.6669,-30.34856],[-51.65675,-30.34722],[-51.65828,-30.34034],[-51.65045,-30.33861],[-51.65166,-30.32132],[-51.64748,-30.31442],[-51.65367,-30.29716],[-51.66075,-30.2981],[-51.66573,-30.29297],[-51.67778,-30.28883],[-51.68336,-30.29467],[-51.69173,-30.29193],[-51.69341,-30.2993],[-51.7104,-30.30317],[-51.71391,-30.31113],[-51.72295,-30.31524],[-51.73247,-30.33122],[-51.75169,-30.33247],[-51.75931,-30.34315],[-51.78471,-30.33354],[-51.78856,-30.33445],[-51.80905,-30.32497],[-51.81813,-30.32278],[-51.82656,-30.31681],[-51.82158,-30.31236],[-51.82989,-30.30573],[-51.8324,-30.29527],[-51.84567,-30.2852],[-51.84121,-30.29377],[-51.84428,-30.30231],[-51.85969,-30.31859],[-51.86851,-30.3202],[-51.86407,-30.3295],[-51.85694,-30.32952],[-51.84339,-30.34701],[-51.85553,-30.36665],[-51.8723,-30.38135],[-51.87554,-30.38811],[-51.88473,-30.38475],[-51.89348,-30.39035],[-51.90672,-30.38943],[-51.90926,-30.3979],[-51.92355,-30.4061],[-51.92241,-30.41623],[-51.92768,-30.41785],[-51.92563,-30.42843],[-51.91983,-30.42932],[-51.90164,-30.44756],[-51.90265,-30.46178],[-51.91346,-30.46532],[-51.91687,-30.47125],[-51.91424,-30.48077],[-51.92522,-30.49802],[-51.9154,-30.50885],[-51.91651,-30.52235],[-51.91233,-30.52615],[-51.90573,-30.54073],[-51.91432,-30.54462],[-51.91741,-30.5561],[-51.9088,-30.57551],[-51.90476,-30.57674],[-51.8983,-30.5717],[-51.76703,-30.46681],[-51.76444,-30.47691],[-51.76648,-30.49254],[-51.75961,-30.49889],[-51.75877,-30.50503]]]},"properties":{"CD_MUN":"4301750","NM_MUN":"Barão do Triunfo","AREA_KM2":436.101}},
{"type":"Feature","geometry":{"type":"Polygon","coordinates":[[[-51.56214,-27.63196],[-51.55673,-27.63871],[-51.55094,-27.6391],[-51.54457,-27.64543],[-51.54412,-27.65793],[-51.53814,-27.65819],[-51.53243,-27.66508],[-51.53422,-27.6725],[-51.51729,-27.67672],[-51.51577,-27.68471],[-51.524,-27.69324],[-51.53083,-27.70926],[-51.51438,-27.71268],[-51.50734,-27.71007],[-51.5002,-27.72362],[-51.50214,-27.72937],[-51.51352,-27.72948],[-51.51633,-27.73855],[-51.50585,-27.7499],[-51.50168,-27.78827],[-51.49461,-27.79467],[-51.49439,-27.80371],[-51.47752,-27.81652],[-51.46771,-27.81751],[-51.45697,-27.82462],[-51.44697,-27.84713],[-51.45057,-27.8521],[-51.45228,-27.86387],[-51.45736,-27.8788],[-51.46496,-27.8868],[-51.46339,-27.89331],[-51.45989,-27.90567],[-51.45837,-27.92901],[-51.44544,-27.92574],[-51.43992,-27.91825],[-51.42556,-27.91516],[-51.41735,-27.91626],[-51.40801,-27.90211],[-51.40933,-27.89424],[-51.40375,-27.88541],[-51.39175,-27.8893],[-51.3827,-27.87392],[-51.38582,-27.86662],[-51.37807,-27.85555],[-51.37843,-27.84879],[-51.37112,-27.84316],[-51.37143,-27.83442],[-51.37797,-27.82318],[-51.36676,-27.81799],[-51.36412,-27.81183],[-51.36343,-27.79848],[-51.35508,-27.79115],[-51.34244,-27.79325],[-51.33109,-27.78636],[-51.33029,-27.77898],[-51.33714,-27.76562],[-51.32957,-27.76268],[-51.3353,-27.75422],[-51.33031,-27.75115],[-51.31736,-27.75269],[-51.31276,-27.74597],[-51.30656,-27.75478],[-51.30003,-27.75409],[-51.30243,-27.7378],[-51.31194,-27.73429],[-51.30415,-27.72894],[-51.30881,-27.71946],[-51.31018,-27.71312],[-51.302,-27.70256],[-51.3113,-27.69582],[-51.31511,-27.67507],[-51.32708,-27.671],[-51.34012,-27.67416],[-51.34969,-27.67993],[-51.36011,-27.67879],[-51.37483,-27.66741],[-51.37793,-27.66002],[-51.36983,-27.64048],[-51.37223,-27.63353],[-51.38129,-27.6255],[-51.38925,-27.62381],[-51.40529,-27.63186],[-51.41187,-27.64749],[-51.41915,-27.65464],[-51.43237,-27.65561],[-51.43701,-27.65207],[-51.43661,-27.62985],[-51.44519,-27.61876],[-51.45768,-27.60711],[-51.47528,-27.60074],[-51.47757,-27.59595],[-51.47664,-27.57942],[-51.47842,-27.56973],[-51.48334,-27.56323],[-51.50191,-27.55614],[-51.51704,-27.55769],[-51.53661,-27.56257],[-51.54414,-27.55953],[-51.55488,-27.56399],[-51.55638,-27.57516],[-51.56086,-27.58308],[-51.56713,-27.58433],[-51.57837,-27.57699],[-51.5822,-27.58753],[-51.57912,-27.59573],[-51.57946,-27.60566],[-51.57167,-27.60532],[-51.57215,-27.61393],[-51.56628,-27.61644],[-51.56942,-27.6269],[-51.56214,-27.63196]]]},"properties":{"CD_MUN":"4301800","NM_MUN":"Barracão","AREA_KM2":515.469}},
{"type":"Feature","geometry":{"type":"Polygon","coordinates":[[[-53.70693,-27.19826],[-53.70379,-27.1932],[-53.7177,-27.1825],[-53.73089,-27.18934],[-53.74782,-27.19185],[-53.75159,-27.18805],[-53.76004,-27.16226],[-53.76507,-27.1525],[-53.77601,-27.14749],[-53.809,-27.17276],[-53.81965,-27.17565],[-53.8131,-27.17892],[-53.80232,-27.17741],[-53.80021,-27.18144],[-53.80732,-27.18796],[-53.80763,-27.19927],[-53.79439,-27.19748],[-53.79449,-27.20853],[-53.78476,-27.21322],[-53.78097,-27.22059],[-53.78823,-27.22483],[-53.78669,-27.23619],[-53.77885,-27.23704],[-53.77483,-27.24208],[-53.77349,-27.25252],[-53.76776,-27.25448],[-53.77013,-27.26211],[-53.76361,-27.27901],[-53.76395,-27.27458],[-53.75187,-27.27176],[-53.74788,-27.26028],[-53.74132,-27.25549],[-53.74556,-27.24463],[-53.74223,-27.23272],[-53.72927,-27.22433],[-53.72858,-27.21573],[-53.71809,-27.19947],[-53.70693,-27.19826]]]},"properties":{"CD_MUN":"4301859","NM_MUN":"Barra do Guarita","AREA_KM2":62.801}},
{"type":"Feature","geometry":{"type":"Polygon","coordinates":[[[-57.32813,-29.97194],[-57.33757,-29.98997],[-57.35198,-30.00806],[-57.38309,-30.01764],[-57.39633,-30.02279],[-57.41752,-30.03837],[-57.44757,-30.07228],[-57.45376,-30.08156],[-57.45823,-30.10124],[-57.4646,-30.11034],[-57.50341,-30.13584],[-57.52561,-30.15139],[-57.56961,-30.17176],[-57.5941,-30.17899],[-57.62508,-30.17499],[-57.63961,-30.17674],[-57.6468,-30.18159],[-57.64974,-30.18932],[-57.64514,-30.19369],[-57.63651,-30.18846],[-57.62637,-30.1867],[-57.60337,-30.18967],[-57.55785,-30.21338],[-57.55771,-30.23315],[-57.56798,-30.25223],[-57.56634,-30.25911],[-57.55512,-30.265],[-57.55083,-30.27262],[-57.52541,-30.28547],[-57.51284,-30.28519],[-57.50027,-30.28885],[-57.49006,-30.26902],[-57.48676,-30.26683],[-57.46606,-30.26515],[-57.4523,-30.27604],[-57.4293,-30.27461],[-57.4164,-30.27798],[-57.42166,-30.28916],[-57.422,-30.29905],[-57.4186,-30.30264],[-57.40396,-30.30069],[-57.39763,-30.30454],[-57.38944,-30.30246],[-57.3893,-30.29574],[-57.37875,-30.27942],[-57.36492,-30.27105],[-57.35883,-30.2724],[-57.35819,-30.2807],[-57.35204,-30.28449],[-57.34298,-30.27768],[-57.3195,-30.26974],[-57.31757,-30.26144],[-57.31136,-30.2581],[-57.30272,-30.26865],[-57.29318,-30.28639],[-57.28456,-30.29372],[-57.27782,-30.29245],[-57.27006,-30.28498],[-57.26897,-30.27165],[-57.25855,-30.26717],[-57.25278,-30.27481],[-57.25587,-30.28185],[-57.25008,-30.28916],[-57.22026,-30.28929],[-57.20421,-30.28514],[-57.19625,-30.26451],[-57.17602,-30.25076],[-57.16738,-30.24764],[-57.15514,-30.23322],[-57.16325,-30.22762],[-57.16509,-30.21191],[-57.16836,-30.2084],[-57.16721,-30.19633],[-57.15848,-30.19128],[-57.15914,-30.18569],[-57.14478,-30.17161],[-57.14382,-30.1651],[-57.13584,-30.15794],[-57.12917,-30.14084],[-57.11448,-30.14546],[-57.11099,-30.14268],[-57.10476,-30.12746],[-57.11097,-30.12875],[-57.11673,-30.12004],[-57.11521,-30.1137],[-57.1214,-30.10924],[-57.13402,-30.0883],[-57.13841,-30.07345],[-57.13617,-30.06449],[-57.15179,-30.05677],[-57.1605,-30.06042],[-57.16621,-30.0566],[-57.17005,-30.04632],[-57.18478,-30.04269],[-57.21508,-30.02203],[-57.21942,-30.02574],[-57.2312,-30.01882],[-57.22749,-30.01425],[-57.24326,-30.0047],[-57.25176,-29.9905],[-57.2577,-29.97591],[-57.27095,-29.96715],[-57.28045,-29.9531],[-57.29171,-29.94937],[-57.30641,-29.95303],[-57.31562,-29.95897],[-57.32037,-29.96752],[-57.32813,-29.97194]]]},"properties":{"CD_MUN":"4301875","NM_MUN":"Barra do Quaraí","AREA_KM2":1055.937}},
{"type":"Feature","geometry":{"type":"Polygon","coordinates":[[[-51.26538,-30.47977],[-51.25856,-30.4669],[-51.249,-30.45767],[-51.24625,-30.44508],[-51.22308,-30.4198],[-51.19788,-30.40803],[-51.18253,-30.40791],[-51.15382,-30.41372],[-51.1449,-30.42156],[-51.14252,-30.43389],[-51.13576,-30.43679],[-51.14342,-30.47102],[-51.14699,-30.47207],[-51.1546,-30.48852],[-51.15054,-30.49697],[-51.14226,-30.47143],[-51.13191,-30.4353],[-51.12725,-30.43248],[-51.12778,-30.42251],[-51.12147,-30.40578],[-51.12206,-30.39692],[-51.10572,-30.37737],[-51.09694,-30.37484],[-51.09466,-30.36473],[-51.09772,-30.35757],[-51.10869,-30.35711],[-51.12197,-30.36079],[-51.12859,-30.35925],[-51.1453,-30.36769],[-51.15015,-30.37264],[-51.17822,-30.3864],[-51.19154,-30.37735],[-51.19706,-30.36662],[-51.20736,-30.34082],[-51.2107,-30.32408],[-51.21005,-30.30133],[-51.22329,-30.30359],[-51.23378,-30.31045],[-51.23917,-30.31823],[-51.24653,-30.3191],[-51.2484,-30.3112],[-51.2572,-30.30577],[-51.26828,-30.30822],[-51.27937,-30.30775],[-51.29527,-30.30295],[-51.29786,-30.2964],[-51.30088,-30.27501],[-51.29796,-30.25965],[-51.2933,-30.25517],[-51.28252,-30.25655],[-51.27971,-30.2507],[-51.29485,-30.24695],[-51.29867,-30.24081],[-51.29382,-30.23185],[-51.31333,-30.24014],[-51.32575,-30.23497],[-51.32829,-30.22649],[-51.33997,-30.22997],[-51.36353,-30.22197],[-51.36366,-30.22616],[-51.38014,-30.23146],[-51.38522,-30.22922],[-51.40628,-30.2304],[-51.40544,-30.24934],[-51.40685,-30.26519],[-51.43135,-30.25534],[-51.43872,-30.25728],[-51.44643,-30.25205],[-51.46935,-30.25428],[-51.48336,-30.26123],[-51.50227,-30.25949],[-51.5062,-30.26699],[-51.51588,-30.27291],[-51.50991,-30.28221],[-51.50748,-30.29652],[-51.5117,-30.31042],[-51.52048,-30.31389],[-51.52515,-30.32508],[-51.50834,-30.31802],[-51.49711,-30.33133],[-51.49378,-30.33989],[-51.49705,-30.34382],[-51.49501,-30.35371],[-51.4877,-30.35474],[-51.47547,-30.34899],[-51.46858,-30.352],[-51.45622,-30.34847],[-51.43539,-30.35395],[-51.42946,-30.35398],[-51.4317,-30.37784],[-51.44408,-30.38954],[-51.46508,-30.38628],[-51.48288,-30.39877],[-51.49355,-30.41232],[-51.52503,-30.41872],[-51.53623,-30.4124],[-51.53572,-30.44935],[-51.52454,-30.51004],[-51.50801,-30.51161],[-51.49737,-30.51063],[-51.49131,-30.5026],[-51.47965,-30.49993],[-51.47273,-30.50336],[-51.46523,-30.49842],[-51.43969,-30.49428],[-51.42106,-30.48311],[-51.40583,-30.4876],[-51.39221,-30.48913],[-51.39686,-30.49549],[-51.2759,-30.47074],[-51.26538,-30.47977]]]},"properties":{"CD_MUN":"4301909","NM_MUN":"Barra do Ribeiro","AREA_KM2":729.316}},
{"type":"Feature","geometry":{"type":"Polygon","coordinates":[[[-52.43682,-27.49459],[-52.42548,-27.48708],[-52.42518,-27.48154],[-52.41512,-27.47798],[-52.39908,-27.47903],[-52.3743,-27.49375],[-52.37299,-27.49939],[-52.36357,-27.50073],[-52.36758,-27.49362],[-52.35375,-27.47227],[-52.34656,-27.46892],[-52.35971,-27.45689],[-52.36407,-27.43308],[-52.36201,-27.41759],[-52.3668,-27.3961],[-52.37652,-27.37194],[-52.38275,-27.36471],[-52.38745,-27.33943],[-52.38316,-27.32023],[-52.39824,-27.31186],[-52.39443,-27.30821],[-52.39783,-27.29249],[-52.40689,-27.29012],[-52.4192,-27.28238],[-52.42403,-27.2983],[-52.44495,-27.3067],[-52.44452,-27.31222],[-52.43695,-27.32289],[-52.4372,-27.3372],[-52.43022,-27.34129],[-52.43604,-27.35359],[-52.43382,-27.36838],[-52.44259,-27.37658],[-52.42634,-27.39047],[-52.43055,-27.39376],[-52.44301,-27.39391],[-52.45325,-27.4086],[-52.45316,-27.43699],[-52.44557,-27.45558],[-52.44481,-27.47561],[-52.43682,-27.49459]]]},"properties":{"CD_MUN":"4301925","NM_MUN":"Barra do Rio Azul","AREA_KM2":146.995}},
{"type":"Feature","geometry":{"type":"Polygon","coordinates":[[[-53.04917,-27.88171],[-53.05229,-27.89179],[-53.04214,-27.89519],[-53.04889,-27.90258],[-53.07393,-27.89805],[-53.08365,-27.90452],[-53.09734,-27.90053],[-53.09461,-27.91032],[-53.0812,-27.90747],[-53.07285,-27.91019],[-53.05236,-27.91097],[-53.05013,-27.9151],[-53.05741,-27.92426],[-53.05166,-27.93757],[-53.05746,-27.94163],[-53.03535,-27.9525],[-53.03235,-27.96182],[-53.01347,-27.95608],[-53.00397,-27.95116],[-52.9864,-27.94825],[-52.98667,-27.95348],[-52.97636,-27.95342],[-52.97581,-27.94827],[-52.96229,-27.94485],[-52.9623,-27.93867],[-52.95493,-27.9367],[-52.96441,-27.92835],[-52.96706,-27.91344],[-52.98071,-27.9087],[-52.98668,-27.89884],[-53.00996,-27.89111],[-53.01578,-27.88529],[-53.02472,-27.88531],[-53.04917,-27.88171]]]},"properties":{"CD_MUN":"4301958","NM_MUN":"Barra Funda","AREA_KM2":60.437}},
{"type":"Feature","geometry":{"type":"Polygon","coordinates":[[[-52.67403,-29.23315],[-52.65652,-29.23182],[-52.64963,-29.22837],[-52.6421,-29.23367],[-52.62742,-29.2284],[-52.61955,-29.23085],[-52.61027,-29.22776],[-52.6036,-29.21618],[-52.58646,-29.21762],[-52.5913,-29.2246],[-52.58011,-29.22829],[-52.55874,-29.21993],[-52.55315,-29.22352],[-52.53561,-29.22455],[-52.52634,-29.21917],[-52.52035,-29.23366],[-52.51252,-29.24181],[-52.50101,-29.24728],[-52.49584,-29.24393],[-52.48114,-29.24546],[-52.48095,-29.23709],[-52.45643,-29.24029],[-52.43944,-29.22937],[-52.43949,-29.21882],[-52.43641,-29.21401],[-52.43382,-29.20791],[-52.43677,-29.18349],[-52.42741,-29.17042],[-52.43021,-29.16648],[-52.42731,-29.15697],[-52.43292,-29.14734],[-52.44091,-29.14752],[-52.45047,-29.13033],[-52.45767,-29.1297],[-52.4618,-29.1146],[-52.47827,-29.10533],[-52.47569,-29.09961],[-52.47637,-29.08551],[-52.49546,-29.08478],[-52.48882,-29.06728],[-52.49289,-29.05307],[-52.49487,-29.034],[-52.50346,-29.02859],[-52.50791,-29.02061],[-52.51651,-29.01691],[-52.52925,-29.00674],[-52.53161,-28.99901],[-52.5403,-28.9993],[-52.54434,-28.99113],[-52.55944,-28.97471],[-52.57033,-28.97407],[-52.60034,-28.96821],[-52.60399,-28.96299],[-52.62109,-28.96508],[-52.62924,-28.95819],[-52.63537,-28.96151],[-52.64733,-28.95241],[-52.66372,-28.96219],[-52.67449,-28.97785],[-52.67534,-28.98802],[-52.68185,-29.00689],[-52.68093,-29.02169],[-52.6896,-29.04113],[-52.69163,-29.05222],[-52.70763,-29.06136],[-52.72108,-29.07352],[-52.73141,-29.0925],[-52.73325,-29.10435],[-52.73939,-29.11259],[-52.74594,-29.13907],[-52.75097,-29.14409],[-52.75247,-29.16515],[-52.73491,-29.16404],[-52.72495,-29.16604],[-52.71265,-29.17318],[-52.6986,-29.19287],[-52.68564,-29.18605],[-52.68148,-29.18035],[-52.67253,-29.18295],[-52.66146,-29.19419],[-52.66956,-29.20238],[-52.66307,-29.20858],[-52.66704,-29.21631],[-52.67881,-29.21973],[-52.67403,-29.23315]]]},"properties":{"CD_MUN":"4302006","NM_MUN":"Barros Cassal","AREA_KM2":647.994}},
{"type":"Feature","geometry":{"type":"Polygon","coordinates":[[[-52.66326,-27.53381],[-52.65532,-27.53969],[-52.64756,-27.53486],[-52.62336,-27.54227],[-52.59829,-27.53419],[-52.58132,-27.53564],[-52.57298,-27.52401],[-52.56038,-27.51256],[-52.56608,-27.50518],[-52.57453,-27.48761],[-52.57181,-27.48186],[-52.58508,-27.46961],[-52.59287,-27.46777],[-52.60097,-27.46094],[-52.6199,-27.45158],[-52.61598,-27.43872],[-52.61843,-27.43224],[-52.64011,-27.42719],[-52.66409,-27.42837],[-52.6723,-27.42659],[-52.68144,-27.44125],[-52.69425,-27.44356],[-52.70674,-27.43708],[-52.71885,-27.4362],[-52.72601,-27.43217],[-52.72675,-27.43622],[-52.72202,-27.44648],[-52.73309,-27.45546],[-52.71583,-27.45798],[-52.7173,-27.47048],[-52.70825,-27.46461],[-52.70102,-27.46879],[-52.71192,-27.48546],[-52.69621,-27.48666],[-52.70672,-27.4933],[-52.68297,-27.50245],[-52.69195,-27.50923],[-52.69103,-27.51583],[-52.67218,-27.51224],[-52.66766,-27.51651],[-52.67994,-27.52304],[-52.66326,-27.53381]]]},"properties":{"CD_MUN":"4302055","NM_MUN":"Benjamin Constant do Sul","AREA_KM2":132.351}},
{"type":"Feature","geometry":{"type":"Polygon","coordinates":[[[-51.65408,-29.19815],[-51.55611,-29.19669],[-51.52323,-29.19675],[-51.52299,-29.19897],[-51.4916,-29.1979],[-51.48476,-29.19941],[-51.45379,-29.19753],[-51.39074,-29.19709],[-51.39094,-29.17582],[-51.38825,-29.17576],[-51.38846,-29.15601],[-51.42315,-29.15617],[-51.42328,-29.16504],[-51.45815,-29.16872],[-51.48054,-29.14535],[-51.4752,-29.13824],[-51.47897,-29.12804],[-51.4866,-29.1222],[-51.51136,-29.12207],[-51.51139,-29.11393],[-51.50449,-29.11427],[-51.49739,-29.10698],[-51.50144,-29.10282],[-51.49729,-29.08749],[-51.50398,-29.08179],[-51.51982,-29.07923],[-51.52826,-29.07048],[-51.53234,-29.06141],[-51.5395,-29.05599],[-51.55131,-29.05557],[-51.55658,-29.04483],[-51.54391,-29.03594],[-51.53573,-29.02571],[-51.5351,-29.01921],[-51.55316,-29.01565],[-51.56391,-29.03056],[-51.56437,-29.04386],[-51.58014,-29.04827],[-51.59483,-29.04472],[-51.60378,-29.04942],[-51.60129,-29.06167],[-51.60857,-29.06091],[-51.61712,-29.04254],[-51.63124,-29.04431],[-51.63462,-29.0386],[-51.62937,-29.02848],[-51.62932,-29.02073],[-51.63392,-29.01428],[-51.65176,-29.01422],[-51.65711,-29.02033],[-51.66474,-29.04382],[-51.6791,-29.06029],[-51.67622,-29.06498],[-51.6494,-29.06064],[-51.63933,-29.06355],[-51.63366,-29.07307],[-51.63416,-29.08581],[-51.63751,-29.08887],[-51.65207,-29.08567],[-51.66733,-29.07334],[-51.67926,-29.07239],[-51.68171,-29.08899],[-51.6724,-29.09367],[-51.64934,-29.09376],[-51.6492,-29.09902],[-51.63766,-29.09909],[-51.63768,-29.1097],[-51.62697,-29.10989],[-51.62618,-29.12509],[-51.61504,-29.1253],[-51.61478,-29.1448],[-51.60409,-29.14499],[-51.60384,-29.15822],[-51.58877,-29.15825],[-51.58844,-29.16753],[-51.61677,-29.16726],[-51.61665,-29.18724],[-51.6655,-29.18812],[-51.65408,-29.19815]]]},"properties":{"CD_MUN":"4302105","NM_MUN":"Bento Gonçalves","AREA_KM2":272.287}},
{"type":"Feature","geometry":{"type":"Polygon","coordinates":[[[-53.25953,-27.71201],[-53.2679,-27.71424],[-53.27825,-27.70775],[-53.29578,-27.70585],[-53.29939,-27.69516],[-53.30807,-27.68266],[-53.30016,-27.67292],[-53.29622,-27.64876],[-53.30123,-27.6417],[-53.29836,-27.63019],[-53.29967,-27.61754],[-53.31362,-27.61856],[-53.31263,-27.60955],[-53.31856,-27.60058],[-53.34619,-27.61908],[-53.36582,-27.61739],[-53.38108,-27.61047],[-53.383,-27.61655],[-53.39507,-27.61535],[-53.40048,-27.62051],[-53.3912,-27.62781],[-53.40369,-27.63424],[-53.39746,-27.64243],[-53.39499,-27.65246],[-53.39762,-27.65744],[-53.39456,-27.66665],[-53.40258,-27.67903],[-53.40155,-27.68722],[-53.39181,-27.69068],[-53.39827,-27.69672],[-53.39485,-27.71423],[-53.39851,-27.72199],[-53.3878,-27.72778],[-53.38525,-27.73603],[-53.391,-27.743],[-53.392,-27.75734],[-53.38946,-27.77108],[-53.38362,-27.76876],[-53.3703,-27.7709],[-53.36176,-27.77503],[-53.35772,-27.78366],[-53.36331,-27.78645],[-53.36774,-27.80002],[-53.3611,-27.80679],[-53.34637,-27.80363],[-53.33847,-27.79535],[-53.32634,-27.80034],[-53.30841,-27.76688],[-53.29764,-27.76071],[-53.29221,-27.75458],[-53.29399,-27.7499],[-53.28306,-27.74513],[-53.27431,-27.75167],[-53.26936,-27.76263],[-53.26731,-27.73895],[-53.26433,-27.73076],[-53.25704,-27.72681],[-53.26154,-27.72101],[-53.25953,-27.71201]]]},"properties":{"CD_MUN":"4302154","NM_MUN":"Boa Vista das Missões","AREA_KM2":196.064}},
{"type":"Feature","geometry":{"type":"Polygon","coordinates":[[[-54.16868,-27.69156],[-54.15581,-27.68427],[-54.14636,-27.68656],[-54.14988,-27.69439],[-54.15778,-27.69378],[-54.16453,-27.70209],[-54.15687,-27.70927],[-54.13906,-27.70585],[-54.13897,-27.7134],[-54.13035,-27.71424],[-54.13353,-27.70062],[-54.12922,-27.69667],[-54.12103,-27.69957],[-54.11387,-27.6926],[-54.10868,-27.69743],[-54.11339,-27.70241],[-54.10509,-27.71478],[-54.09073,-27.71173],[-54.09342,-27.72436],[-54.08738,-27.72801],[-54.06672,-27.72019],[-54.06477,-27.72603],[-54.07077,-27.7356],[-54.06791,-27.73159],[-54.05279,-27.72828],[-54.04701,-27.70958],[-54.04061,-27.70304],[-54.02915,-27.69719],[-54.03017,-27.67939],[-54.02536,-27.67194],[-54.02793,-27.66672],[-54.03379,-27.66264],[-54.03717,-27.65484],[-54.04628,-27.65234],[-54.06258,-27.65359],[-54.06147,-27.64691],[-54.06848,-27.63622],[-54.08494,-27.62694],[-54.09578,-27.62862],[-54.10759,-27.64305],[-54.11375,-27.63539],[-54.14352,-27.62575],[-54.16324,-27.62747],[-54.17614,-27.62258],[-54.18017,-27.63663],[-54.16942,-27.63153],[-54.16287,-27.63169],[-54.14321,-27.64053],[-54.15579,-27.64236],[-54.16663,-27.65416],[-54.17559,-27.66798],[-54.16358,-27.67451],[-54.16886,-27.68165],[-54.16868,-27.69156]]]},"properties":{"CD_MUN":"4302204","NM_MUN":"Boa Vista do Buricá","AREA_KM2":109.541}},
{"type":"Feature","geometry":{"type":"Polygon","coordinates":[[[-53.77748,-28.43655],[-53.78156,-28.45397],[-53.77792,-28.4715],[-53.78117,-28.48838],[-53.79565,-28.49208],[-53.81103,-28.48802],[-53.81667,-28.48275],[-53.82225,-28.48687],[-53.82609,-28.49926],[-53.83878,-28.51264],[-53.85795,-28.51735],[-53.85983,-28.5234],[-53.87251,-28.53143],[-53.88122,-28.52328],[-53.88844,-28.54239],[-53.89667,-28.54643],[-53.91123,-28.54696],[-53.90477,-28.55694],[-53.90229,-28.56915],[-53.89081,-28.5741],[-53.8944,-28.5837],[-53.9042,-28.58626],[-53.91426,-28.59771],[-53.92674,-28.60254],[-53.93381,-28.62233],[-53.93785,-28.62778],[-53.96142,-28.63644],[-53.96711,-28.64465],[-53.97454,-28.64771],[-53.97061,-28.65243],[-53.95984,-28.65408],[-53.96836,-28.66268],[-53.9776,-28.66425],[-53.98058,-28.67043],[-53.96687,-28.67948],[-53.96503,-28.68398],[-53.97694,-28.68785],[-53.97454,-28.70271],[-53.96877,-28.7108],[-53.96773,-28.72129],[-53.95716,-28.73224],[-53.9731,-28.74304],[-53.98059,-28.74184],[-53.97565,-28.754],[-53.9786,-28.75875],[-53.96966,-28.76945],[-53.95724,-28.77438],[-53.96139,-28.77976],[-53.97586,-28.77502],[-53.98595,-28.77962],[-53.97788,-28.78827],[-53.97517,-28.79741],[-53.9689,-28.79585],[-53.95521,-28.79958],[-53.94731,-28.81435],[-53.92728,-28.80765],[-53.92501,-28.81748],[-53.91178,-28.81979],[-53.9061,-28.81154],[-53.89285,-28.81206],[-53.88804,-28.80157],[-53.872,-28.81548],[-53.8614,-28.80813],[-53.85917,-28.80088],[-53.84374,-28.79895],[-53.84127,-28.80867],[-53.83245,-28.80606],[-53.81785,-28.80821],[-53.80972,-28.79886],[-53.79592,-28.80278],[-53.78477,-28.79538],[-53.77525,-28.79603],[-53.7708,-28.78486],[-53.76555,-28.78254],[-53.75953,-28.76854],[-53.74507,-28.75919],[-53.74666,-28.75392],[-53.74541,-28.73819],[-53.73567,-28.73077],[-53.7381,-28.71686],[-53.72921,-28.70901],[-53.72182,-28.7094],[-53.72391,-28.69389],[-53.72908,-28.68335],[-53.73455,-28.67879],[-53.73872,-28.65529],[-53.72806,-28.65784],[-53.72404,-28.66247],[-53.71526,-28.65888],[-53.71702,-28.63759],[-53.725,-28.62165],[-53.73714,-28.59296],[-53.73582,-28.5859],[-53.74255,-28.57133],[-53.74806,-28.57262],[-53.77215,-28.56322],[-53.77435,-28.5559],[-53.78116,-28.54955],[-53.76376,-28.53823],[-53.74759,-28.53065],[-53.73566,-28.53131],[-53.72805,-28.52453],[-53.72361,-28.53383],[-53.71794,-28.53702],[-53.70147,-28.53007],[-53.69492,-28.51012],[-53.70001,-28.50313],[-53.6989,-28.49347],[-53.70421,-28.48935],[-53.70549,-28.48083],[-53.71389,-28.48261],[-53.72294,-28.47939],[-53.73359,-28.46513],[-53.73804,-28.46722],[-53.74413,-28.45802],[-53.75955,-28.44682],[-53.75918,-28.43714],[-53.76453,-28.44107],[-53.77748,-28.43655]]]},"properties":{"CD_MUN":"4302220","NM_MUN":"Boa Vista do Cadeado","AREA_KM2":701.221}},
{"type":"Feature","geometry":{"type":"Polygon","coordinates":[[[-53.33094,-28.78576],[-53.33695,-28.78142],[-53.3477,-28.78534],[-53.36379,-28.77415],[-53.37392,-28.77973],[-53.3766,-28.78813],[-53.38412,-28.79055],[-53.3853,-28.77892],[-53.39966,-28.78093],[-53.40685,-28.76915],[-53.40527,-28.76579],[-53.4083,-28.75114],[-53.42047,-28.7521],[-53.43397,-28.75593],[-53.43701,-28.74592],[-53.4436,-28.7448],[-53.44407,-28.75415],[-53.4547,-28.74992],[-53.464,-28.73727],[-53.47808,-28.74876],[-53.48112,-28.75521],[-53.4903,-28.75624],[-53.49831,-28.76636],[-53.50902,-28.7684],[-53.51422,-28.7738],[-53.53008,-28.76528],[-53.53673,-28.76502],[-53.5443,-28.75404],[-53.54715,-28.74386],[-53.55512,-28.73672],[-53.56417,-28.73431],[-53.5637,-28.75149],[-53.57333,-28.76115],[-53.57791,-28.76224],[-53.58562,-28.79259],[-53.58151,-28.796],[-53.58072,-28.80683],[-53.57174,-28.81431],[-53.56174,-28.83288],[-53.55392,-28.84245],[-53.55121,-28.85565],[-53.5536,-28.8608],[-53.54782,-28.86974],[-53.54584,-28.88343],[-53.55029,-28.8952],[-53.54932,-28.90378],[-53.55915,-28.91653],[-53.55332,-28.92074],[-53.56255,-28.92811],[-53.56909,-28.92691],[-53.56995,-28.93553],[-53.56521,-28.94353],[-53.56823,-28.95434],[-53.56708,-28.96245],[-53.54919,-28.96265],[-53.54575,-28.97503],[-53.53588,-28.9734],[-53.52891,-28.96704],[-53.52415,-28.97327],[-53.52553,-28.98438],[-53.52168,-28.98953],[-53.53373,-28.99451],[-53.53456,-29.00218],[-53.52593,-29.01641],[-53.5173,-29.02635],[-53.5075,-29.0334],[-53.51127,-29.03694],[-53.4955,-29.03741],[-53.4937,-29.02157],[-53.48148,-29.01848],[-53.47168,-28.98732],[-53.47127,-28.97952],[-53.44119,-28.98699],[-53.43514,-28.97776],[-53.42718,-28.97315],[-53.41994,-28.98089],[-53.40618,-28.97138],[-53.39705,-28.96924],[-53.39781,-28.95786],[-53.38021,-28.94393],[-53.38825,-28.92497],[-53.39767,-28.92177],[-53.41518,-28.91935],[-53.42287,-28.90513],[-53.42922,-28.90092],[-53.41533,-28.87686],[-53.40864,-28.87357],[-53.38145,-28.87748],[-53.37694,-28.87188],[-53.36979,-28.87239],[-53.35945,-28.86849],[-53.33853,-28.8693],[-53.33231,-28.86626],[-53.31857,-28.87133],[-53.31146,-28.87012],[-53.30497,-28.86186],[-53.2967,-28.86262],[-53.29197,-28.85375],[-53.29744,-28.84561],[-53.30774,-28.84691],[-53.31043,-28.84092],[-53.30409,-28.83599],[-53.30413,-28.82376],[-53.31068,-28.81634],[-53.31182,-28.80593],[-53.31887,-28.79976],[-53.32855,-28.80251],[-53.33276,-28.79562],[-53.33094,-28.78576]]]},"properties":{"CD_MUN":"4302238","NM_MUN":"Boa Vista do Incra","AREA_KM2":504.114}},
{"type":"Feature","geometry":{"type":"Polygon","coordinates":[[[-51.72789,-29.36216],[-51.72745,-29.36941],[-51.69108,-29.37137],[-51.69121,-29.41507],[-51.69123,-29.42353],[-51.68033,-29.41341],[-51.66946,-29.41829],[-51.65753,-29.3993],[-51.61053,-29.40081],[-51.6168,-29.37788],[-51.61064,-29.37136],[-51.64575,-29.37126],[-51.64645,-29.33354],[-51.63088,-29.3333],[-51.63191,-29.2935],[-51.65,-29.29392],[-51.69306,-29.29554],[-51.70093,-29.30433],[-51.70908,-29.31261],[-51.72893,-29.31619],[-51.72904,-29.32486],[-51.70178,-29.3242],[-51.70189,-29.33445],[-51.72896,-29.33406],[-51.72789,-29.36216]]]},"properties":{"CD_MUN":"4302253","NM_MUN":"Boa Vista do Sul","AREA_KM2":94.399}},
{"type":"Feature","geometry":{"type":"Polygon","coordinates":[[[-50.60426,-28.81006],[-50.59516,-28.81793],[-50.58602,-28.80331],[-50.57271,-28.796],[-50.58028,-28.77916],[-50.5715,-28.77893],[-50.55685,-28.78219],[-50.56407,-28.78989],[-50.56263,-28.7956],[-50.54629,-28.80031],[-50.54449,-28.80536],[-50.55243,-28.81247],[-50.54641,-28.82643],[-50.5344,-28.82746],[-50.53529,-28.81031],[-50.52475,-28.79935],[-50.51773,-28.81047],[-50.50399,-28.80926],[-50.49597,-28.80523],[-50.49108,-28.81655],[-50.46188,-28.81888],[-50.45165,-28.80556],[-50.46031,-28.80092],[-50.44719,-28.79055],[-50.43919,-28.78807],[-50.43277,-28.7922],[-50.42946,-28.79964],[-50.43281,-28.81647],[-50.41977,-28.80852],[-50.40565,-28.80555],[-50.39296,-28.81625],[-50.39364,-28.82418],[-50.38451,-28.82644],[-50.36868,-28.83534],[-50.36936,-28.82522],[-50.35311,-28.8205],[-50.34757,-28.8138],[-50.33204,-28.81162],[-50.32954,-28.81701],[-50.31616,-28.83308],[-50.3139,-28.83989],[-50.30082,-28.84259],[-50.29342,-28.84092],[-50.29872,-28.83318],[-50.28172,-28.83142],[-50.27207,-28.83899],[-50.26378,-28.83614],[-50.25763,-28.81777],[-50.25237,-28.82191],[-50.23377,-28.8184],[-50.21837,-28.81974],[-50.21082,-28.82308],[-50.21157,-28.81134],[-50.20581,-28.8089],[-50.19666,-28.79552],[-50.19993,-28.78097],[-50.18463,-28.74837],[-50.17727,-28.73667],[-50.16115,-28.71951],[-50.15873,-28.71221],[-50.14508,-28.70903],[-50.13072,-28.69518],[-50.12806,-28.69022],[-50.10567,-28.68148],[-50.09912,-28.66283],[-50.10791,-28.6535],[-50.11015,-28.64527],[-50.10063,-28.63846],[-50.07321,-28.63565],[-50.06166,-28.63796],[-50.043,-28.63575],[-50.03763,-28.6376],[-50.02591,-28.63489],[-50.02786,-28.62641],[-50.03737,-28.61966],[-50.0409,-28.60507],[-50.03898,-28.59354],[-50.03383,-28.58824],[-50.03284,-28.5807],[-50.02554,-28.57287],[-50.03197,-28.56371],[-50.04867,-28.56805],[-50.04818,-28.55891],[-50.053,-28.55045],[-50.05827,-28.53415],[-50.05815,-28.52404],[-50.06461,-28.51137],[-50.07268,-28.50808],[-50.06673,-28.48908],[-50.06865,-28.47921],[-50.07282,-28.48081],[-50.08199,-28.47335],[-50.09094,-28.47561],[-50.09718,-28.48438],[-50.10266,-28.48409],[-50.10479,-28.47573],[-50.11055,-28.47294],[-50.12225,-28.47626],[-50.12712,-28.46551],[-50.11348,-28.45178],[-50.11138,-28.44541],[-50.11579,-28.43709],[-50.12591,-28.42922],[-50.1294,-28.44102],[-50.13921,-28.4432],[-50.14728,-28.44953],[-50.14661,-28.45723],[-50.16053,-28.45952],[-50.15915,-28.4647],[-50.14624,-28.47655],[-50.13938,-28.49329],[-50.15444,-28.49765],[-50.16262,-28.49532],[-50.16217,-28.4793],[-50.16514,-28.4709],[-50.1785,-28.45189],[-50.18831,-28.45349],[-50.19909,-28.44483],[-50.21584,-28.46032],[-50.22265,-28.46327],[-50.23571,-28.45703],[-50.24241,-28.43203],[-50.2468,-28.42827],[-50.26421,-28.44293],[-50.25029,-28.44709],[-50.27291,-28.45707],[-50.29205,-28.45149],[-50.30133,-28.43927],[-50.31457,-28.43776],[-50.32317,-28.43388],[-50.33595,-28.43684],[-50.34045,-28.44097],[-50.3368,-28.45577],[-50.34585,-28.46355],[-50.35205,-28.45729],[-50.35201,-28.44918],[-50.34757,-28.4348],[-50.35098,-28.42485],[-50.36114,-28.41963],[-50.3684,-28.42123],[-50.37688,-28.43493],[-50.37639,-28.44263],[-50.38198,-28.44699],[-50.38973,-28.44364],[-50.39446,-28.43344],[-50.42878,-28.43354],[-50.43591,-28.431],[-50.44927,-28.42154],[-50.45686,-28.41065],[-50.47044,-28.4149],[-50.50108,-28.41254],[-50.51362,-28.40465],[-50.52838,-28.40415],[-50.53159,-28.40781],[-50.52816,-28.42323],[-50.5309,-28.42861],[-50.54424,-28.4275],[-50.55065,-28.42007],[-50.56541,-28.41322],[-50.56935,-28.40343],[-50.57654,-28.39426],[-50.59318,-28.38158],[-50.60091,-28.38216],[-50.60459,-28.38814],[-50.61388,-28.39361],[-50.62568,-28.39206],[-50.63329,-28.37892],[-50.62882,-28.36402],[-50.64548,-28.34831],[-50.65473,-28.3418],[-50.66523,-28.33792],[-50.65858,-28.32578],[-50.66491,-28.3128],[-50.67764,-28.30001],[-50.69522,-28.28852],[-50.69536,-28.27054],[-50.69932,-28.26626],[-50.71074,-28.26652],[-50.73031,-28.25705],[-50.74201,-28.24977],[-50.74908,-28.24853],[-50.74797,-28.25648],[-50.75357,-28.26117],[-50.74358,-28.27279],[-50.75814,-28.27546],[-50.75642,-28.28075],[-50.76455,-28.28945],[-50.75286,-28.29362],[-50.74252,-28.29466],[-50.74074,-28.30427],[-50.73585,-28.31288],[-50.73875,-28.32209],[-50.731,-28.32958],[-50.71876,-28.32827],[-50.72299,-28.3381],[-50.71567,-28.34767],[-50.70888,-28.36277],[-50.70874,-28.3745],[-50.71627,-28.37879],[-50.72188,-28.38848],[-50.71901,-28.40886],[-50.71418,-28.40923],[-50.71842,-28.42395],[-50.71266,-28.43455],[-50.72067,-28.4457],[-50.72881,-28.44711],[-50.72088,-28.46388],[-50.72597,-28.4694],[-50.7311,-28.48263],[-50.72612,-28.48779],[-50.73138,-28.49477],[-50.72645,-28.50063],[-50.73821,-28.51037],[-50.73476,-28.5137],[-50.74007,-28.5215],[-50.73521,-28.5424],[-50.7383,-28.55737],[-50.72969,-28.57382],[-50.7302,-28.58836],[-50.72661,-28.59976],[-50.71877,-28.60198],[-50.70326,-28.6137],[-50.70006,-28.62202],[-50.69208,-28.62225],[-50.68295,-28.62683],[-50.67439,-28.64752],[-50.68222,-28.65132],[-50.67806,-28.66116],[-50.68087,-28.67281],[-50.68042,-28.68619],[-50.68538,-28.70514],[-50.67805,-28.7161],[-50.67822,-28.72639],[-50.67443,-28.739],[-50.68178,-28.7477],[-50.68976,-28.75169],[-50.68044,-28.75992],[-50.69323,-28.76627],[-50.68444,-28.77702],[-50.69364,-28.78053],[-50.6996,-28.79355],[-50.70502,-28.79513],[-50.69121,-28.80191],[-50.66139,-28.79693],[-50.65512,-28.80333],[-50.66434,-28.81088],[-50.66132,-28.81531],[-50.64005,-28.81249],[-50.62961,-28.81749],[-50.61973,-28.81606],[-50.61753,-28.80408],[-50.60426,-28.81006]]]},"properties":{"CD_MUN":"4302303","NM_MUN":"Bom Jesus","AREA_KM2":2622.837}},
{"type":"Feature","geometry":{"type":"Polygon","coordinates":[[[-51.33213,-29.40962],[-51.34309,-29.41338],[-51.35155,-29.40729],[-51.3558,-29.39714],[-51.3686,-29.40037],[-51.36416,-29.40505],[-51.39002,-29.41093],[-51.39994,-29.41704],[-51.40351,-29.43348],[-51.40542,-29.4452],[-51.39719,-29.45032],[-51.39194,-29.45784],[-51.39203,-29.46711],[-51.38679,-29.47409],[-51.38762,-29.4828],[-51.39897,-29.49322],[-51.39941,-29.49733],[-51.38748,-29.50266],[-51.39235,-29.50757],[-51.39313,-29.52031],[-51.39653,-29.52496],[-51.38786,-29.52759],[-51.37624,-29.55243],[-51.37209,-29.53661],[-51.35195,-29.53958],[-51.34135,-29.53203],[-51.34761,-29.51703],[-51.3365,-29.51621],[-51.33002,-29.51635],[-51.32508,-29.50658],[-51.32509,-29.4967],[-51.31361,-29.48127],[-51.3247,-29.47902],[-51.32923,-29.47474],[-51.34011,-29.47362],[-51.33841,-29.46012],[-51.33411,-29.45629],[-51.3344,-29.43475],[-51.33011,-29.42719],[-51.32955,-29.41557],[-51.33213,-29.40962]]]},"properties":{"CD_MUN":"4302352","NM_MUN":"Bom Princípio","AREA_KM2":88.66}},
{"type":"Feature","geometry":{"type":"Polygon","coordinates":[[[-53.81091,-27.57626],[-53.82295,-27.57354],[-53.80809,-27.56587],[-53.80364,-27.5691],[-53.79625,-27.56407],[-53.79382,-27.55588],[-53.80775,-27.55213],[-53.80878,-27.54541],[-53.79877,-27.54459],[-53.78407,-27.53508],[-53.78989,-27.53037],[-53.8008,-27.5329],[-53.81784,-27.52659],[-53.80742,-27.5167],[-53.81767,-27.51384],[-53.81122,-27.49836],[-53.80784,-27.48721],[-53.81316,-27.4856],[-53.82734,-27.48916],[-53.83041,-27.4948],[-53.84058,-27.50151],[-53.8451,-27.49927],[-53.86115,-27.49909],[-53.87435,-27.50398],[-53.88474,-27.50433],[-53.88467,-27.51088],[-53.89275,-27.52095],[-53.90633,-27.52977],[-53.89615,-27.53753],[-53.89285,-27.55024],[-53.89542,-27.55539],[-53.89001,-27.56137],[-53.89294,-27.56952],[-53.89771,-27.5953],[-53.87412,-27.59136],[-53.86495,-27.59482],[-53.85483,-27.59238],[-53.8385,-27.59363],[-53.8323,-27.58783],[-53.81416,-27.58237],[-53.81091,-27.57626]]]},"properties":{"CD_MUN":"4302378","NM_MUN":"Bom Progresso","AREA_KM2":89.206}},
{"type":"Feature","geometry":{"type":"Polygon","coordinates":[[[-51.95166,-29.609],[-51.94161,-29.61303],[-51.94212,-29.62408],[-51.95458,-29.6244],[-51.96986,-29.63364],[-51.98192,-29.65306],[-51.9823,-29.66055],[-51.97538,-29.67374],[-51.96424,-29.70112],[-51.95419,-29.7128],[-51.95581,-29.70753],[-51.94029,-29.70502],[-51.93855,-29.69999],[-51.92495,-29.69361],[-51.91545,-29.6825],[-51.91527,-29.6765],[-51.90753,-29.66821],[-51.89417,-29.66716],[-51.88112,-29.67097],[-51.87074,-29.6632],[-51.87489,-29.64975],[-51.87354,-29.64258],[-51.88063,-29.63948],[-51.86992,-29.61553],[-51.87246,-29.60703],[-51.87059,-29.6001],[-51.88173,-29.59408],[-51.88084,-29.58489],[-51.87341,-29.57353],[-51.87443,-29.56575],[-51.8827,-29.56018],[-51.8903,-29.56219],[-51.89142,-29.56864],[-51.90998,-29.57851],[-51.9249,-29.58413],[-51.93525,-29.58157],[-51.94722,-29.5992],[-51.95166,-29.609]]]},"properties":{"CD_MUN":"4302402","NM_MUN":"Bom Retiro do Sul","AREA_KM2":102.54}},
{"type":"Feature","geometry":{"type":"Polygon","coordinates":[[[-52.46226,-29.37395],[-52.45539,-29.35831],[-52.44342,-29.34637],[-52.42548,-29.34191],[-52.41538,-29.346],[-52.41046,-29.35908],[-52.40302,-29.36538],[-52.39562,-29.36356],[-52.39053,-29.3535],[-52.38424,-29.35268],[-52.3772,-29.35807],[-52.36594,-29.3716],[-52.35228,-29.36977],[-52.34528,-29.38085],[-52.32645,-29.39303],[-52.315,-29.39245],[-52.31763,-29.38027],[-52.30103,-29.3749],[-52.30822,-29.3652],[-52.30894,-29.35901],[-52.30042,-29.35542],[-52.2902,-29.34088],[-52.30262,-29.33833],[-52.30547,-29.3202],[-52.30255,-29.3098],[-52.30794,-29.29739],[-52.30532,-29.29386],[-52.28955,-29.28817],[-52.2976,-29.28567],[-52.30104,-29.27932],[-52.32156,-29.2825],[-52.32298,-29.2777],[-52.3551,-29.26181],[-52.37148,-29.26294],[-52.39019,-29.25053],[-52.39974,-29.25306],[-52.40559,-29.24299],[-52.41753,-29.23586],[-52.41181,-29.22801],[-52.4256,-29.22377],[-52.43641,-29.21401],[-52.43949,-29.21882],[-52.43944,-29.22937],[-52.45643,-29.24029],[-52.48095,-29.23709],[-52.48114,-29.24546],[-52.49584,-29.24393],[-52.50101,-29.24728],[-52.51118,-29.24512],[-52.51923,-29.24772],[-52.52818,-29.25992],[-52.52549,-29.26313],[-52.52626,-29.28046],[-52.52498,-29.29775],[-52.52912,-29.31214],[-52.53357,-29.31702],[-52.53512,-29.32898],[-52.52683,-29.33203],[-52.52259,-29.33782],[-52.50895,-29.34407],[-52.49601,-29.34597],[-52.48971,-29.34416],[-52.48432,-29.35159],[-52.46443,-29.36715],[-52.46226,-29.37395]]]},"properties":{"CD_MUN":"4302451","NM_MUN":"Boqueirão do Leão","AREA_KM2":265.952}},
{"type":"Feature","geometry":{"type":"Polygon","coordinates":[[[-55.31599,-28.65756],[-55.31452,-28.66463],[-55.30322,-28.67134],[-55.2909,-28.66521],[-55.28449,-28.66896],[-55.28776,-28.67533],[-55.2801,-28.68132],[-55.27497,-28.67226],[-55.25544,-28.68271],[-55.25327,-28.69088],[-55.23856,-28.68824],[-55.24219,-28.6775],[-55.223,-28.66926],[-55.22687,-28.69204],[-55.23266,-28.69638],[-55.22472,-28.70436],[-55.22204,-28.71313],[-55.20753,-28.7115],[-55.20299,-28.72167],[-55.19151,-28.72762],[-55.19427,-28.7326],[-55.18902,-28.74364],[-55.18301,-28.74924],[-55.19266,-28.75608],[-55.18671,-28.76194],[-55.1648,-28.75167],[-55.15537,-28.73673],[-55.13912,-28.74117],[-55.13263,-28.745],[-55.11215,-28.74254],[-55.09861,-28.75348],[-55.08686,-28.75132],[-55.08586,-28.75671],[-55.07304,-28.76119],[-55.07879,-28.76841],[-55.07111,-28.77617],[-55.06461,-28.77745],[-55.05601,-28.76669],[-55.04309,-28.76273],[-55.04279,-28.77435],[-55.03452,-28.7807],[-55.03055,-28.78942],[-55.03397,-28.79817],[-55.02487,-28.79831],[-55.02133,-28.78768],[-55.00785,-28.79647],[-55.0034,-28.77603],[-54.99643,-28.77774],[-54.98981,-28.78592],[-54.98245,-28.78939],[-54.96458,-28.80827],[-54.96058,-28.80844],[-54.9547,-28.80937],[-54.95018,-28.81708],[-54.9434,-28.81507],[-54.93547,-28.82335],[-54.92197,-28.82535],[-54.9108,-28.82375],[-54.90107,-28.82814],[-54.90212,-28.81756],[-54.89671,-28.81553],[-54.89207,-28.82448],[-54.88168,-28.82912],[-54.8865,-28.83697],[-54.88312,-28.84318],[-54.86938,-28.83903],[-54.85933,-28.83223],[-54.8504,-28.84108],[-54.84793,-28.83292],[-54.84062,-28.8373],[-54.84431,-28.85063],[-54.8348,-28.84793],[-54.82213,-28.85725],[-54.81586,-28.86848],[-54.81014,-28.86663],[-54.79419,-28.87465],[-54.77163,-28.87167],[-54.77077,-28.86621],[-54.75802,-28.85608],[-54.74044,-28.85478],[-54.70793,-28.8367],[-54.71371,-28.81808],[-54.71428,-28.79522],[-54.71015,-28.78572],[-54.69648,-28.77184],[-54.68772,-28.75396],[-54.67554,-28.73773],[-54.67555,-28.72421],[-54.67128,-28.71597],[-54.66824,-28.70837],[-54.6789,-28.68606],[-54.67181,-28.67989],[-54.68106,-28.67487],[-54.68879,-28.6776],[-54.68218,-28.64706],[-54.6747,-28.64203],[-54.67719,-28.63446],[-54.70112,-28.61938],[-54.72402,-28.63649],[-54.72283,-28.62544],[-54.73202,-28.61094],[-54.73545,-28.60071],[-54.72655,-28.59636],[-54.72939,-28.58658],[-54.73645,-28.59471],[-54.7484,-28.59403],[-54.75226,-28.61035],[-54.76642,-28.61197],[-54.76734,-28.61907],[-54.78845,-28.60824],[-54.80475,-28.6273],[-54.81371,-28.62548],[-54.80963,-28.61569],[-54.81648,-28.61081],[-54.82079,-28.62027],[-54.83295,-28.59923],[-54.84178,-28.59948],[-54.84512,-28.5858],[-54.85338,-28.58978],[-54.86175,-28.58827],[-54.85369,-28.57627],[-54.84636,-28.57152],[-54.84469,-28.56474],[-54.85839,-28.5668],[-54.86661,-28.57804],[-54.86369,-28.5827],[-54.87625,-28.59199],[-54.89176,-28.58887],[-54.89538,-28.58165],[-54.91023,-28.58496],[-54.91513,-28.57345],[-54.91045,-28.57022],[-54.91127,-28.56228],[-54.92714,-28.55929],[-54.91825,-28.54169],[-54.91917,-28.53218],[-54.90501,-28.52544],[-54.90503,-28.50868],[-54.90797,-28.49764],[-54.92014,-28.49802],[-54.93942,-28.49254],[-54.96409,-28.48794],[-54.9911,-28.48874],[-55.0016,-28.48631],[-55.01598,-28.47894],[-55.03853,-28.48581],[-55.07914,-28.47185],[-55.08882,-28.4701],[-55.10292,-28.46397],[-55.12276,-28.47878],[-55.128,-28.46488],[-55.13991,-28.44927],[-55.14774,-28.44585],[-55.15379,-28.43605],[-55.15901,-28.43704],[-55.16381,-28.4277],[-55.174,-28.43627],[-55.18747,-28.44217],[-55.18521,-28.45727],[-55.18958,-28.46833],[-55.18946,-28.48782],[-55.19374,-28.50525],[-55.19307,-28.51747],[-55.20003,-28.527],[-55.19975,-28.53502],[-55.20572,-28.54366],[-55.21771,-28.54653],[-55.23479,-28.54636],[-55.2389,-28.54932],[-55.23157,-28.57897],[-55.23989,-28.60263],[-55.24555,-28.61232],[-55.24589,-28.62354],[-55.2536,-28.63634],[-55.26176,-28.64136],[-55.27051,-28.64285],[-55.28146,-28.65414],[-55.28935,-28.64999],[-55.30312,-28.64734],[-55.30661,-28.65657],[-55.31599,-28.65756]]]},"properties":{"CD_MUN":"4302501","NM_MUN":"Bossoroca","AREA_KM2":1610.056}},
{"type":"Feature","geometry":{"type":"Polygon","coordinates":[[[-53.71318,-28.29793],[-53.70855,-28.3034],[-53.72562,-28.3145],[-53.73144,-28.31176],[-53.7276,-28.30452],[-53.72034,-28.30371],[-53.71993,-28.29695],[-53.72689,-28.29129],[-53.73722,-28.29668],[-53.75132,-28.29421],[-53.75029,-28.28594],[-53.7548,-28.28013],[-53.76118,-28.28746],[-53.77587,-28.28785],[-53.78658,-28.28457],[-53.78952,-28.2956],[-53.80617,-28.29002],[-53.80838,-28.29817],[-53.81501,-28.29799],[-53.81109,-28.28475],[-53.82246,-28.28525],[-53.8197,-28.36886],[-53.82952,-28.37158],[-53.82639,-28.38044],[-53.83597,-28.38836],[-53.82843,-28.39343],[-53.82628,-28.40223],[-53.81519,-28.39815],[-53.80964,-28.40513],[-53.81153,-28.41456],[-53.78794,-28.42191],[-53.77913,-28.43027],[-53.77748,-28.43655],[-53.76453,-28.44107],[-53.75918,-28.43714],[-53.75236,-28.42349],[-53.74823,-28.41994],[-53.73507,-28.42247],[-53.7226,-28.40944],[-53.70834,-28.40185],[-53.70146,-28.40331],[-53.69437,-28.39413],[-53.6829,-28.39176],[-53.67631,-28.37611],[-53.67877,-28.36595],[-53.67602,-28.35503],[-53.66685,-28.34324],[-53.66657,-28.33159],[-53.65952,-28.32591],[-53.65949,-28.3194],[-53.65963,-28.31032],[-53.66951,-28.30756],[-53.668,-28.30099],[-53.68354,-28.30219],[-53.7006,-28.29308],[-53.70734,-28.29962],[-53.71318,-28.29793]]]},"properties":{"CD_MUN":"4302584","NM_MUN":"Bozano","AREA_KM2":200.497}},
{"type":"Feature","geometry":{"type":"Polygon","coordinates":[[[-53.81091,-27.57626],[-53.7975,-27.57323],[-53.79158,-27.59474],[-53.79231,-27.60267],[-53.78642,-27.60591],[-53.77513,-27.60514],[-53.76044,-27.61317],[-53.75242,-27.63375],[-53.75289,-27.64381],[-53.74452,-27.64148],[-53.74473,-27.65596],[-53.73368,-27.66188],[-53.7232,-27.66386],[-53.71763,-27.6592],[-53.71577,-27.64655],[-53.70994,-27.62992],[-53.70191,-27.63891],[-53.69471,-27.63991],[-53.68838,-27.6252],[-53.67311,-27.60582],[-53.67161,-27.59687],[-53.68483,-27.59053],[-53.68432,-27.57755],[-53.67861,-27.5733],[-53.68119,-27.54798],[-53.69314,-27.54545],[-53.70891,-27.54679],[-53.72215,-27.55103],[-53.72638,-27.53797],[-53.74257,-27.53618],[-53.74313,-27.53336],[-53.76229,-27.53018],[-53.77267,-27.51959],[-53.7759,-27.51216],[-53.79111,-27.50615],[-53.80616,-27.50316],[-53.81122,-27.49836],[-53.81767,-27.51384],[-53.80742,-27.5167],[-53.81784,-27.52659],[-53.8008,-27.5329],[-53.78989,-27.53037],[-53.78407,-27.53508],[-53.79877,-27.54459],[-53.80878,-27.54541],[-53.80775,-27.55213],[-53.79382,-27.55588],[-53.79625,-27.56407],[-53.80364,-27.5691],[-53.80809,-27.56587],[-53.82295,-27.57354],[-53.81091,-27.57626]]]},"properties":{"CD_MUN":"4302600","NM_MUN":"Braga","AREA_KM2":132.044}},
{"type":"Feature","geometry":{"type":"Polygon","coordinates":[[[-51.66274,-29.5901],[-51.64946,-29.59017],[-51.64834,-29.57676],[-51.64272,-29.57463],[-51.63121,-29.58331],[-51.63004,-29.59236],[-51.62132,-29.59446],[-51.60815,-29.59223],[-51.59929,-29.59834],[-51.59102,-29.61055],[-51.57571,-29.61296],[-51.57714,-29.60283],[-51.58403,-29.5948],[-51.57969,-29.58968],[-51.57043,-29.5632],[-51.57079,-29.55066],[-51.58866,-29.53765],[-51.58992,-29.52303],[-51.57973,-29.51123],[-51.58741,-29.49641],[-51.58952,-29.48821],[-51.5882,-29.47681],[-51.60176,-29.47565],[-51.61224,-29.47525],[-51.61534,-29.48246],[-51.66937,-29.48086],[-51.66808,-29.48748],[-51.69042,-29.48777],[-51.69077,-29.50076],[-51.665,-29.50077],[-51.66336,-29.58155],[-51.66274,-29.5901]]]},"properties":{"CD_MUN":"4302659","NM_MUN":"Brochier","AREA_KM2":105.353}},
{"type":"Feature","geometry":{"type":"Polygon","coordinates":[[[-52.00693,-29.94963],[-52.015,-29.98869],[-52.01554,-30.04182],[-51.97058,-30.02779],[-51.97287,-30.06157],[-51.98009,-30.06722],[-52.01327,-30.12444],[-52.01731,-30.1394],[-51.99353,-30.20034],[-52.01759,-30.20241],[-52.03492,-30.20956],[-52.05223,-30.20564],[-52.06379,-30.20714],[-52.07965,-30.21652],[-52.08638,-30.21312],[-52.09191,-30.20002],[-52.103,-30.19595],[-52.10844,-30.19065],[-52.12969,-30.19694],[-52.15612,-30.19337],[-52.15876,-30.19132],[-52.16292,-30.19961],[-52.15433,-30.21052],[-52.14003,-30.2138],[-52.13598,-30.21721],[-52.13629,-30.2276],[-52.15944,-30.25056],[-52.1664,-30.27165],[-52.17466,-30.28095],[-52.17112,-30.30711],[-52.15872,-30.31658],[-52.16319,-30.32224],[-52.15353,-30.33458],[-52.16023,-30.33783],[-52.15893,-30.34551],[-52.16362,-30.35012],[-52.17096,-30.37053],[-52.17804,-30.37824],[-52.17979,-30.38638],[-52.17439,-30.40826],[-52.17356,-30.42148],[-52.16387,-30.4294],[-52.15872,-30.44273],[-52.09632,-30.40506],[-52.03709,-30.39743],[-52.03058,-30.37449],[-52.03574,-30.36146],[-52.03012,-30.35244],[-52.03232,-30.34623],[-52.02419,-30.3352],[-52.0255,-30.33108],[-52.01348,-30.3262],[-52.00773,-30.30089],[-52.01379,-30.2932],[-51.99563,-30.28497],[-51.99898,-30.27333],[-51.98715,-30.26961],[-51.98752,-30.25852],[-51.985,-30.24889],[-51.97981,-30.24806],[-51.97076,-30.25371],[-51.96736,-30.24036],[-51.94842,-30.23655],[-51.92663,-30.22694],[-51.92238,-30.20941],[-51.89611,-30.19686],[-51.88509,-30.18973],[-51.87907,-30.17724],[-51.86632,-30.17233],[-51.85937,-30.17526],[-51.84234,-30.1688],[-51.85709,-30.16056],[-51.85875,-30.14151],[-51.8577,-30.1321],[-51.83368,-30.11394],[-51.91243,-30.05468],[-51.90703,-30.05192],[-51.90438,-30.04015],[-51.90046,-30.03595],[-51.887,-30.02963],[-51.87367,-30.03207],[-51.87194,-30.03868],[-51.85795,-30.03872],[-51.85574,-30.02793],[-51.85015,-30.01583],[-51.85255,-30.01119],[-51.84609,-29.99441],[-51.85253,-29.9821],[-51.84753,-29.97015],[-51.82961,-29.96706],[-51.81599,-29.97201],[-51.79784,-29.96357],[-51.79518,-29.96032],[-51.78216,-29.95939],[-51.79533,-29.95427],[-51.81941,-29.95299],[-51.8398,-29.95371],[-51.8476,-29.95701],[-51.86813,-29.96004],[-51.88741,-29.95049],[-51.89868,-29.94685],[-51.9086,-29.95242],[-51.93931,-29.94886],[-51.94459,-29.94628],[-51.94069,-29.93188],[-51.94744,-29.93131],[-51.95014,-29.93806],[-51.95683,-29.94018],[-51.9661,-29.93781],[-51.98444,-29.94228],[-51.98901,-29.94955],[-51.98489,-29.95608],[-51.98576,-29.96581],[-51.99203,-29.97186],[-52.00287,-29.97083],[-52.00148,-29.95554],[-52.00693,-29.94963]]]},"properties":{"CD_MUN":"4302709","NM_MUN":"Butiá","AREA_KM2":752.187}},
{"type":"Feature","geometry":{"type":"Polygon","coordinates":[[[-53.6672,-30.84274],[-53.65774,-30.83863],[-53.65227,-30.84055],[-53.65111,-30.85757],[-53.64721,-30.8692],[-53.62512,-30.8669],[-53.62043,-30.86272],[-53.61008,-30.86359],[-53.60672,-30.85567],[-53.60061,-30.85769],[-53.60203,-30.86756],[-53.59866,-30.88662],[-53.60554,-30.89432],[-53.5926,-30.89551],[-53.60155,-30.91892],[-53.59009,-30.92476],[-53.58035,-30.91928],[-53.57384,-30.90802],[-53.56267,-30.92182],[-53.55497,-30.92674],[-53.54284,-30.92739],[-53.54643,-30.9335],[-53.5588,-30.93478],[-53.55725,-30.9423],[-53.53937,-30.93763],[-53.53176,-30.94308],[-53.54223,-30.95367],[-53.52614,-30.95193],[-53.52839,-30.94527],[-53.51686,-30.93517],[-53.51439,-30.94264],[-53.50173,-30.94083],[-53.50363,-30.95014],[-53.49671,-30.96147],[-53.48342,-30.95688],[-53.48205,-30.96734],[-53.47502,-30.96665],[-53.47034,-30.95561],[-53.47648,-30.94992],[-53.46352,-30.94449],[-53.46399,-30.95444],[-53.45595,-30.95759],[-53.45467,-30.96664],[-53.44315,-30.96417],[-53.43897,-30.95075],[-53.43338,-30.9508],[-53.41758,-30.96478],[-53.41188,-30.96102],[-53.42243,-30.95062],[-53.41335,-30.9439],[-53.41329,-30.93006],[-53.40914,-30.92233],[-53.41263,-30.91421],[-53.41937,-30.90939],[-53.42542,-30.89916],[-53.43202,-30.89558],[-53.43194,-30.88602],[-53.42306,-30.87868],[-53.42239,-30.86453],[-53.41779,-30.85637],[-53.42484,-30.84417],[-53.40875,-30.83863],[-53.41552,-30.83273],[-53.40916,-30.82723],[-53.41443,-30.81714],[-53.41355,-30.80506],[-53.39586,-30.79712],[-53.38447,-30.78089],[-53.36253,-30.77556],[-53.35057,-30.78228],[-53.3311,-30.77573],[-53.30655,-30.78063],[-53.28833,-30.7666],[-53.27417,-30.78166],[-53.25981,-30.78593],[-53.25716,-30.78389],[-53.23715,-30.7811],[-53.22969,-30.77282],[-53.2166,-30.76899],[-53.21671,-30.75403],[-53.21263,-30.73871],[-53.20804,-30.734],[-53.21093,-30.72742],[-53.20946,-30.72727],[-53.19859,-30.72047],[-53.19338,-30.72314],[-53.18283,-30.71294],[-53.18947,-30.70565],[-53.18809,-30.69656],[-53.18062,-30.69348],[-53.20026,-30.68076],[-53.19102,-30.67757],[-53.18723,-30.65191],[-53.20192,-30.63956],[-53.20129,-30.63135],[-53.21471,-30.62851],[-53.21936,-30.62394],[-53.24747,-30.57974],[-53.24389,-30.56914],[-53.23577,-30.5733],[-53.22747,-30.56994],[-53.23417,-30.55898],[-53.22722,-30.54269],[-53.24333,-30.53301],[-53.23108,-30.51988],[-53.22288,-30.5242],[-53.21577,-30.52024],[-53.21652,-30.51045],[-53.22237,-30.50289],[-53.21852,-30.49757],[-53.23154,-30.47365],[-53.22968,-30.46781],[-53.21632,-30.46567],[-53.21775,-30.45768],[-53.2135,-30.45091],[-53.21659,-30.44713],[-53.21067,-30.43402],[-53.19841,-30.42881],[-53.19727,-30.41564],[-53.18927,-30.40913],[-53.19962,-30.40454],[-53.19213,-30.39575],[-53.1768,-30.39431],[-53.17959,-30.37997],[-53.17049,-30.37379],[-53.17481,-30.36895],[-53.17735,-30.35855],[-53.16995,-30.352],[-53.17417,-30.34306],[-53.18006,-30.34475],[-53.18799,-30.34092],[-53.17894,-30.32779],[-53.1844,-30.31415],[-53.19296,-30.31055],[-53.19927,-30.31317],[-53.20411,-30.3003],[-53.21645,-30.29773],[-53.22024,-30.30787],[-53.21903,-30.32267],[-53.2404,-30.33327],[-53.25547,-30.33667],[-53.26805,-30.3453],[-53.2807,-30.34554],[-53.31727,-30.32674],[-53.32433,-30.32735],[-53.33655,-30.31879],[-53.33315,-30.30745],[-53.34272,-30.29491],[-53.34214,-30.28917],[-53.34583,-30.26601],[-53.3448,-30.26173],[-53.35185,-30.2485],[-53.33948,-30.22734],[-53.32989,-30.21887],[-53.3285,-30.20589],[-53.32316,-30.20111],[-53.3197,-30.19026],[-53.30692,-30.17272],[-53.30409,-30.1644],[-53.30756,-30.15711],[-53.30331,-30.1388],[-53.31855,-30.14328],[-53.34279,-30.16231],[-53.342,-30.17032],[-53.35098,-30.17096],[-53.35258,-30.18045],[-53.3846,-30.20402],[-53.38305,-30.20934],[-53.39014,-30.21307],[-53.40556,-30.20982],[-53.4142,-30.21145],[-53.41912,-30.22168],[-53.41981,-30.23032],[-53.43601,-30.2388],[-53.45113,-30.25078],[-53.45821,-30.2609],[-53.46651,-30.26228],[-53.47299,-30.27235],[-53.47307,-30.28573],[-53.48275,-30.28369],[-53.48539,-30.29035],[-53.48158,-30.29611],[-53.4625,-30.30104],[-53.4691,-30.31337],[-53.46606,-30.32847],[-53.47404,-30.33797],[-53.48272,-30.34331],[-53.49044,-30.35549],[-53.49398,-30.36579],[-53.50111,-30.37064],[-53.5012,-30.37958],[-53.51159,-30.38653],[-53.51658,-30.39715],[-53.52759,-30.40321],[-53.53388,-30.40202],[-53.54674,-30.39282],[-53.55063,-30.38292],[-53.5475,-30.37624],[-53.5477,-30.36302],[-53.61404,-30.37781],[-53.63435,-30.3943],[-53.63464,-30.40324],[-53.64341,-30.41124],[-53.64789,-30.42574],[-53.65595,-30.43231],[-53.69258,-30.42226],[-53.70089,-30.41552],[-53.70257,-30.40915],[-53.7134,-30.40292],[-53.71744,-30.41964],[-53.72139,-30.42243],[-53.71389,-30.43638],[-53.71963,-30.44909],[-53.71141,-30.48029],[-53.71338,-30.48465],[-53.72644,-30.48826],[-53.72634,-30.4923],[-53.74519,-30.51371],[-53.74205,-30.52606],[-53.74897,-30.53315],[-53.73894,-30.54172],[-53.73671,-30.54749],[-53.74074,-30.5628],[-53.73822,-30.56995],[-53.74901,-30.5746],[-53.75189,-30.57995],[-53.76278,-30.58735],[-53.76897,-30.59768],[-53.7741,-30.59932],[-53.77556,-30.6078],[-53.78562,-30.6064],[-53.77488,-30.62021],[-53.78309,-30.62792],[-53.79841,-30.63086],[-53.79757,-30.64325],[-53.8003,-30.64881],[-53.79978,-30.66291],[-53.7941,-30.67612],[-53.79639,-30.68474],[-53.79726,-30.70569],[-53.81342,-30.71789],[-53.80389,-30.72918],[-53.81817,-30.7394],[-53.81392,-30.76031],[-53.80354,-30.76532],[-53.80519,-30.78791],[-53.79211,-30.793],[-53.78547,-30.79991],[-53.76848,-30.79783],[-53.76839,-30.78888],[-53.76294,-30.77886],[-53.75296,-30.77733],[-53.74726,-30.77264],[-53.73993,-30.77586],[-53.73516,-30.78279],[-53.72171,-30.78788],[-53.71349,-30.79823],[-53.70714,-30.8011],[-53.70576,-30.80858],[-53.69986,-30.81632],[-53.69054,-30.8142],[-53.69029,-30.82241],[-53.68013,-30.8357],[-53.6672,-30.84274]]]},"properties":{"CD_MUN":"4302808","NM_MUN":"Caçapava do Sul","AREA_KM2":3048.147}},
{"type":"Feature","geometry":{"type":"Polygon","coordinates":[[[-54.32925,-29.92747],[-54.32715,-29.91974],[-54.32144,-29.91853],[-54.31651,-29.90411],[-54.31664,-29.88937],[-54.31219,-29.8864],[-54.29908,-29.86981],[-54.28659,-29.86131],[-54.28406,-29.85122],[-54.27187,-29.82411],[-54.26494,-29.81542],[-54.26904,-29.8046],[-54.28207,-29.79181],[-54.28591,-29.77918],[-54.29376,-29.76571],[-54.29228,-29.75889],[-54.29653,-29.75113],[-54.30532,-29.74369],[-54.30504,-29.73691],[-54.31053,-29.73782],[-54.31916,-29.73294],[-54.34053,-29.72739],[-54.3496,-29.73278],[-54.36028,-29.73286],[-54.36001,-29.73835],[-54.38143,-29.73312],[-54.38655,-29.73796],[-54.40713,-29.7385],[-54.42684,-29.7463],[-54.44094,-29.74706],[-54.45713,-29.74256],[-54.466,-29.73814],[-54.49012,-29.73673],[-54.49199,-29.74253],[-54.49488,-29.7504],[-54.5031,-29.74713],[-54.54617,-29.77984],[-54.5526,-29.7782],[-54.55916,-29.7822],[-54.55589,-29.78968],[-54.56436,-29.79753],[-54.5759,-29.8002],[-54.56688,-29.81002],[-54.58537,-29.81461],[-54.59986,-29.8212],[-54.61024,-29.81186],[-54.61919,-29.81515],[-54.64041,-29.81293],[-54.64479,-29.80629],[-54.65661,-29.81092],[-54.6757,-29.80792],[-54.69717,-29.81879],[-54.69724,-29.82335],[-54.70507,-29.82969],[-54.71348,-29.83043],[-54.72447,-29.82591],[-54.73336,-29.82622],[-54.74501,-29.83319],[-54.74843,-29.82871],[-54.75961,-29.82855],[-54.76846,-29.83407],[-54.77523,-29.82899],[-54.79006,-29.83012],[-54.80125,-29.83854],[-54.80818,-29.84016],[-54.82713,-29.85076],[-54.83212,-29.85589],[-54.84209,-29.85012],[-54.85745,-29.83747],[-54.86729,-29.82286],[-54.87381,-29.819],[-54.88143,-29.80681],[-54.88742,-29.80668],[-54.90133,-29.81183],[-54.91983,-29.8095],[-54.92265,-29.79068],[-54.92888,-29.78402],[-54.93671,-29.78217],[-54.9465,-29.78585],[-54.95809,-29.77779],[-54.97054,-29.77725],[-54.9822,-29.78064],[-55.00763,-29.77901],[-55.015,-29.78187],[-55.04138,-29.78465],[-55.05051,-29.77886],[-55.05556,-29.76713],[-55.06468,-29.76343],[-55.06959,-29.76769],[-55.07046,-29.77667],[-55.09539,-29.77699],[-55.09795,-29.76922],[-55.08397,-29.76543],[-55.08089,-29.75764],[-55.09593,-29.75578],[-55.11007,-29.76361],[-55.12174,-29.76696],[-55.12511,-29.77549],[-55.11545,-29.77771],[-55.11677,-29.78536],[-55.11246,-29.79284],[-55.11415,-29.80131],[-55.12732,-29.82109],[-55.14149,-29.82137],[-55.15099,-29.82835],[-55.14655,-29.84097],[-55.14203,-29.84152],[-55.14162,-29.85209],[-55.15311,-29.85562],[-55.14857,-29.87001],[-55.15257,-29.87523],[-55.1644,-29.87442],[-55.1737,-29.88313],[-55.17966,-29.89959],[-55.1944,-29.9155],[-55.21201,-29.92292],[-55.21977,-29.91982],[-55.22958,-29.92936],[-55.23428,-29.94272],[-55.23329,-29.94856],[-55.24004,-29.95744],[-55.24458,-29.97219],[-55.24519,-29.98793],[-55.25215,-29.99203],[-55.26001,-30.00446],[-55.25888,-30.01283],[-55.26683,-30.0166],[-55.26898,-30.0384],[-55.27803,-30.04201],[-55.2811,-30.05174],[-55.29762,-30.0642],[-55.31307,-30.08131],[-55.30799,-30.08778],[-55.29558,-30.08855],[-55.287,-30.10226],[-55.28505,-30.09157],[-55.27409,-30.08102],[-55.2604,-30.08467],[-55.25385,-30.07966],[-55.24504,-30.08115],[-55.23309,-30.07792],[-55.21608,-30.08028],[-55.21242,-30.08526],[-55.20151,-30.08374],[-55.18803,-30.07897],[-55.18754,-30.06789],[-55.17824,-30.04585],[-55.16277,-30.04367],[-55.15898,-30.04964],[-55.15203,-30.04781],[-55.14205,-30.05415],[-55.13724,-30.04243],[-55.12839,-30.0415],[-55.1172,-30.04682],[-55.10779,-30.03972],[-55.09614,-30.03457],[-55.09403,-30.04067],[-55.09992,-30.04621],[-55.10108,-30.05354],[-55.09438,-30.06386],[-55.08466,-30.08364],[-55.0822,-30.10297],[-55.07348,-30.11073],[-55.07706,-30.12426],[-55.07052,-30.12934],[-55.06814,-30.14182],[-55.06055,-30.14492],[-55.05465,-30.13887],[-55.04351,-30.13513],[-55.0271,-30.13387],[-55.01911,-30.12868],[-55.00724,-30.13032],[-55.00047,-30.11884],[-55.00161,-30.11206],[-54.99427,-30.10718],[-54.98628,-30.0962],[-54.97164,-30.08714],[-54.96383,-30.08874],[-54.94891,-30.08261],[-54.94862,-30.07657],[-54.9385,-30.06613],[-54.91851,-30.07112],[-54.90116,-30.08412],[-54.89157,-30.09997],[-54.8713,-30.09561],[-54.84926,-30.09999],[-54.81721,-30.10795],[-54.79929,-30.096],[-54.78958,-30.09425],[-54.77867,-30.07413],[-54.7766,-30.05897],[-54.77289,-30.05245],[-54.75671,-30.03865],[-54.75495,-30.02097],[-54.74492,-30.02349],[-54.73593,-30.02097],[-54.72912,-30.02933],[-54.7134,-30.03189],[-54.70903,-30.02473],[-54.70299,-30.02902],[-54.6958,-30.02987],[-54.68894,-30.03765],[-54.67736,-30.03094],[-54.66863,-30.03455],[-54.65962,-30.03213],[-54.65301,-30.02458],[-54.64092,-30.02602],[-54.64189,-30.01475],[-54.62957,-30.00458],[-54.63274,-29.99593],[-54.62864,-29.99157],[-54.61981,-29.99373],[-54.612,-29.98475],[-54.58791,-29.97395],[-54.58589,-29.96245],[-54.57697,-29.9598],[-54.55574,-29.9582],[-54.5481,-29.9535],[-54.53313,-29.95039],[-54.52754,-29.94542],[-54.51354,-29.94323],[-54.50009,-29.93313],[-54.47719,-29.94107],[-54.47178,-29.94863],[-54.47039,-29.95898],[-54.4537,-29.96012],[-54.43938,-29.95402],[-54.40505,-29.94841],[-54.40066,-29.93914],[-54.37371,-29.9371],[-54.36553,-29.93408],[-54.35325,-29.93581],[-54.34018,-29.92768],[-54.32925,-29.92747]]]},"properties":{"CD_MUN":"4302907","NM_MUN":"Cacequi","AREA_KM2":2373.507}},
{"type":"Feature","geometry":{"type":"Polygon","coordinates":[[[-52.65737,-30.20937],[-52.65459,-30.19712],[-52.66671,-30.19081],[-52.67217,-30.16185],[-52.66535,-30.14627],[-52.66847,-30.13791],[-52.67593,-30.13436],[-52.66957,-30.12155],[-52.68246,-30.10444],[-52.68113,-30.0938],[-52.67729,-30.09017],[-52.67543,-30.07907],[-52.68808,-30.0708],[-52.69074,-30.06121],[-52.67273,-30.04406],[-52.6657,-30.02541],[-52.65072,-30.02295],[-52.63412,-30.02648],[-52.60542,-30.0267],[-52.61074,-30.02039],[-52.64371,-29.99454],[-52.66665,-29.98847],[-52.68269,-29.99922],[-52.68473,-29.98628],[-52.69529,-29.9822],[-52.70269,-29.97422],[-52.71009,-29.95702],[-52.70909,-29.94348],[-52.70614,-29.94028],[-52.70527,-29.91716],[-52.71185,-29.90882],[-52.72337,-29.90412],[-52.74134,-29.90474],[-52.76531,-29.90783],[-52.78765,-29.90487],[-52.80138,-29.90959],[-52.80899,-29.91928],[-52.81836,-29.92305],[-52.83159,-29.91186],[-52.84426,-29.92688],[-52.85255,-29.91966],[-52.85142,-29.91053],[-52.85859,-29.90703],[-52.86551,-29.89756],[-52.86469,-29.88782],[-52.87937,-29.86903],[-52.89139,-29.86546],[-52.89527,-29.85858],[-52.89294,-29.8481],[-52.89966,-29.84609],[-52.90289,-29.84124],[-52.92379,-29.83142],[-52.93744,-29.83053],[-52.96416,-29.83407],[-52.97202,-29.82903],[-52.96952,-29.82398],[-52.97005,-29.81169],[-52.97978,-29.81566],[-52.99921,-29.80855],[-53.00763,-29.81135],[-53.01684,-29.81852],[-53.03967,-29.82402],[-53.04838,-29.8202],[-53.05823,-29.82342],[-53.06741,-29.8063],[-53.07851,-29.79362],[-53.08911,-29.8004],[-53.0898,-29.81194],[-53.09705,-29.8214],[-53.10016,-29.84108],[-53.1095,-29.85218],[-53.11134,-29.86925],[-53.11773,-29.88026],[-53.12089,-29.89583],[-53.11995,-29.91976],[-53.11344,-29.9271],[-53.09453,-29.9276],[-53.08305,-29.93373],[-53.09383,-29.93756],[-53.09888,-29.95425],[-53.08972,-29.96163],[-53.0954,-29.96699],[-53.11418,-29.97195],[-53.12566,-29.96828],[-53.14275,-29.97881],[-53.14627,-29.98475],[-53.15345,-29.98445],[-53.1602,-29.9928],[-53.16717,-29.99481],[-53.16539,-30.00347],[-53.17544,-30.00698],[-53.17583,-30.01839],[-53.19269,-30.0272],[-53.1947,-30.04289],[-53.20503,-30.0431],[-53.20941,-30.05589],[-53.21849,-30.06034],[-53.22329,-30.06979],[-53.23632,-30.0744],[-53.23495,-30.08086],[-53.24504,-30.09077],[-53.26259,-30.09055],[-53.26263,-30.09539],[-53.27116,-30.09882],[-53.28503,-30.1138],[-53.30331,-30.1388],[-53.30756,-30.15711],[-53.30409,-30.1644],[-53.30692,-30.17272],[-53.3197,-30.19026],[-53.32316,-30.20111],[-53.3285,-30.20589],[-53.32989,-30.21887],[-53.33948,-30.22734],[-53.35185,-30.2485],[-53.3448,-30.26173],[-53.34583,-30.26601],[-53.34214,-30.28917],[-53.34272,-30.29491],[-53.33315,-30.30745],[-53.33655,-30.31879],[-53.32433,-30.32735],[-53.31727,-30.32674],[-53.2807,-30.34554],[-53.26805,-30.3453],[-53.25547,-30.33667],[-53.2404,-30.33327],[-53.21903,-30.32267],[-53.22024,-30.30787],[-53.21645,-30.29773],[-53.20411,-30.3003],[-53.19927,-30.31317],[-53.19296,-30.31055],[-53.1844,-30.31415],[-53.17894,-30.32779],[-53.18799,-30.34092],[-53.18006,-30.34475],[-53.17417,-30.34306],[-53.16995,-30.352],[-53.17735,-30.35855],[-53.17481,-30.36895],[-53.17049,-30.37379],[-53.17959,-30.37997],[-53.1768,-30.39431],[-53.19213,-30.39575],[-53.19962,-30.40454],[-53.18927,-30.40913],[-53.19727,-30.41564],[-53.19841,-30.42881],[-53.21067,-30.43402],[-53.21659,-30.44713],[-53.2135,-30.45091],[-53.20919,-30.45371],[-53.20635,-30.46444],[-53.19282,-30.47984],[-53.1858,-30.49045],[-53.19025,-30.49568],[-53.19147,-30.51315],[-53.18923,-30.53231],[-53.17835,-30.52849],[-53.17399,-30.54234],[-53.16688,-30.54775],[-53.15553,-30.54662],[-53.15218,-30.55656],[-53.14165,-30.5669],[-53.14099,-30.57552],[-53.13434,-30.57554],[-53.12886,-30.58844],[-53.1228,-30.59101],[-53.12092,-30.60145],[-53.1134,-30.60757],[-53.10093,-30.62339],[-53.09614,-30.62468],[-53.08947,-30.63517],[-53.07578,-30.63993],[-53.06388,-30.64652],[-53.0555,-30.64739],[-53.05329,-30.66153],[-53.03536,-30.67132],[-53.02944,-30.66662],[-53.02044,-30.66601],[-53.0115,-30.66943],[-52.99773,-30.66663],[-52.98865,-30.67773],[-52.98861,-30.67773],[-52.9808,-30.67769],[-52.9715,-30.65545],[-52.97546,-30.64213],[-52.97252,-30.63337],[-52.97568,-30.61298],[-52.9726,-30.60321],[-52.94925,-30.60311],[-52.94488,-30.60161],[-52.93603,-30.60807],[-52.92936,-30.60527],[-52.92365,-30.59637],[-52.90593,-30.5742],[-52.90541,-30.56392],[-52.91184,-30.54333],[-52.90515,-30.52442],[-52.89724,-30.52268],[-52.8979,-30.51324],[-52.89395,-30.50461],[-52.88806,-30.50372],[-52.88389,-30.4846],[-52.88874,-30.47513],[-52.88621,-30.46106],[-52.89197,-30.45028],[-52.88332,-30.43337],[-52.87655,-30.42651],[-52.87035,-30.41435],[-52.88175,-30.41063],[-52.88293,-30.39772],[-52.87723,-30.3913],[-52.87888,-30.37974],[-52.87801,-30.36125],[-52.88072,-30.35173],[-52.87043,-30.34275],[-52.86003,-30.35612],[-52.85062,-30.34756],[-52.85272,-30.34448],[-52.83855,-30.33454],[-52.81101,-30.33523],[-52.8068,-30.32652],[-52.79836,-30.31983],[-52.79603,-30.30524],[-52.78898,-30.30864],[-52.79229,-30.31706],[-52.79311,-30.3354],[-52.78795,-30.34248],[-52.77654,-30.33868],[-52.76325,-30.34295],[-52.76029,-30.35026],[-52.74972,-30.36256],[-52.72664,-30.36079],[-52.71952,-30.3681],[-52.70688,-30.35096],[-52.70247,-30.35104],[-52.68983,-30.3413],[-52.69027,-30.33539],[-52.68453,-30.32325],[-52.68642,-30.31016],[-52.69073,-30.30374],[-52.69044,-30.28492],[-52.68836,-30.27269],[-52.67122,-30.25685],[-52.67123,-30.24379],[-52.6675,-30.24015],[-52.6691,-30.22854],[-52.66211,-30.2225],[-52.65737,-30.20937]]]},"properties":{"CD_MUN":"4303004","NM_MUN":"Cachoeira do Sul","AREA_KM2":3736.064}},
{"type":"Feature","geometry":{"type":"Polygon","coordinates":[[[-51.12735,-29.95446],[-51.11278,-29.95805],[-51.106,-29.96482],[-51.09607,-29.96586],[-51.08648,-29.97094],[-51.074,-29.96696],[-51.07579,-29.93332],[-51.07392,-29.92297],[-51.06296,-29.90564],[-51.06588,-29.89097],[-51.09161,-29.87801],[-51.10078,-29.86848],[-51.10126,-29.8687],[-51.10575,-29.87234],[-51.1231,-29.86639],[-51.10601,-29.90245],[-51.10964,-29.91199],[-51.12597,-29.93306],[-51.12735,-29.95446]]]},"properties":{"CD_MUN":"4303103","NM_MUN":"Cachoeirinha","AREA_KM2":43.778}},
{"type":"Feature","geometry":{"type":"Polygon","coordinates":[[[-51.60804,-27.88204],[-51.59108,-27.88077],[-51.59354,-27.86717],[-51.60712,-27.84852],[-51.60489,-27.8204],[-51.60101,-27.78669],[-51.62263,-27.79141],[-51.62362,-27.78002],[-51.61919,-27.77861],[-51.61423,-27.7677],[-51.61925,-27.75615],[-51.62868,-27.75105],[-51.63445,-27.73904],[-51.65517,-27.73306],[-51.65504,-27.72319],[-51.66535,-27.71902],[-51.66577,-27.7123],[-51.67646,-27.71283],[-51.69073,-27.70549],[-51.69466,-27.6999],[-51.70308,-27.69498],[-51.70096,-27.68991],[-51.70543,-27.69191],[-51.70896,-27.70368],[-51.69599,-27.71929],[-51.67461,-27.72979],[-51.67334,-27.73331],[-51.69215,-27.74236],[-51.70268,-27.75344],[-51.70249,-27.75818],[-51.71403,-27.76631],[-51.71725,-27.77329],[-51.71502,-27.80705],[-51.73457,-27.80544],[-51.7365,-27.79849],[-51.744,-27.79682],[-51.75095,-27.78942],[-51.75192,-27.78153],[-51.76152,-27.78493],[-51.76001,-27.79205],[-51.76514,-27.79975],[-51.7427,-27.80688],[-51.75293,-27.81317],[-51.75376,-27.82172],[-51.74318,-27.82579],[-51.73732,-27.8428],[-51.74414,-27.84411],[-51.75032,-27.83884],[-51.75553,-27.84417],[-51.76432,-27.8454],[-51.74896,-27.85431],[-51.75578,-27.861],[-51.74898,-27.87381],[-51.75283,-27.87976],[-51.74237,-27.88212],[-51.73204,-27.89034],[-51.72093,-27.89694],[-51.71138,-27.89654],[-51.70811,-27.90056],[-51.69629,-27.90228],[-51.68529,-27.89781],[-51.67977,-27.87796],[-51.67371,-27.87989],[-51.67138,-27.87086],[-51.66415,-27.86892],[-51.64841,-27.87069],[-51.64083,-27.86947],[-51.64278,-27.85938],[-51.63881,-27.84999],[-51.62364,-27.86058],[-51.60804,-27.88204]]]},"properties":{"CD_MUN":"4303202","NM_MUN":"Cacique Doble","AREA_KM2":204.055}},
{"type":"Feature","geometry":{"type":"Polygon","coordinates":[[[-54.78836,-28.36263],[-54.76867,-28.3577],[-54.75332,-28.36696],[-54.73573,-28.36276],[-54.72841,-28.3634],[-54.72221,-28.35458],[-54.71609,-28.35262],[-54.69878,-28.33793],[-54.68587,-28.3445],[-54.68716,-28.35916],[-54.69051,-28.36437],[-54.68618,-28.38057],[-54.67543,-28.39302],[-54.6514,-28.39704],[-54.65274,-28.40955],[-54.65982,-28.41904],[-54.64572,-28.4217],[-54.63453,-28.4317],[-54.61862,-28.43469],[-54.61342,-28.4391],[-54.60152,-28.43634],[-54.59755,-28.43111],[-54.592,-28.41382],[-54.59231,-28.40702],[-54.58652,-28.38861],[-54.57855,-28.38275],[-54.57592,-28.36926],[-54.57237,-28.36354],[-54.56187,-28.36011],[-54.55205,-28.36362],[-54.53989,-28.35583],[-54.54388,-28.35081],[-54.54291,-28.34093],[-54.54529,-28.33124],[-54.55566,-28.31594],[-54.54784,-28.30439],[-54.55531,-28.29744],[-54.54938,-28.28889],[-54.55507,-28.28199],[-54.57302,-28.29856],[-54.58525,-28.29635],[-54.59718,-28.28828],[-54.60475,-28.28909],[-54.6196,-28.27731],[-54.63765,-28.27671],[-54.65427,-28.2728],[-54.67904,-28.27527],[-54.69382,-28.26729],[-54.6989,-28.25546],[-54.72189,-28.256],[-54.74512,-28.26731],[-54.7416,-28.25541],[-54.75982,-28.24739],[-54.76063,-28.25955],[-54.7563,-28.28897],[-54.74803,-28.30534],[-54.75077,-28.31469],[-54.75889,-28.32099],[-54.76729,-28.33456],[-54.77584,-28.33693],[-54.77757,-28.3457],[-54.78836,-28.36263]]]},"properties":{"CD_MUN":"4303301","NM_MUN":"Caibaté","AREA_KM2":261.303}},
{"type":"Feature","geometry":{"type":"Polygon","coordinates":[[[-53.48769,-27.29028],[-53.46252,-27.29565],[-53.44879,-27.30046],[-53.4367,-27.31336],[-53.42206,-27.31838],[-53.40268,-27.32055],[-53.38893,-27.30703],[-53.39013,-27.3014],[-53.372,-27.27916],[-53.36961,-27.27065],[-53.35512,-27.26816],[-53.35537,-27.25778],[-53.34736,-27.25093],[-53.34934,-27.23958],[-53.36893,-27.23328],[-53.37261,-27.23627],[-53.38661,-27.23832],[-53.39269,-27.23406],[-53.40081,-27.23654],[-53.41543,-27.22554],[-53.43423,-27.21776],[-53.43802,-27.20793],[-53.4471,-27.19981],[-53.45729,-27.19967],[-53.46305,-27.19568],[-53.47791,-27.19329],[-53.48817,-27.19377],[-53.49308,-27.20348],[-53.50748,-27.20421],[-53.51825,-27.20218],[-53.53074,-27.19455],[-53.54242,-27.1808],[-53.55624,-27.17265],[-53.57111,-27.17566],[-53.59144,-27.18747],[-53.59971,-27.18935],[-53.59994,-27.19484],[-53.58682,-27.19491],[-53.58464,-27.20509],[-53.57584,-27.20325],[-53.56808,-27.21385],[-53.56244,-27.23001],[-53.55397,-27.23766],[-53.54633,-27.23755],[-53.54955,-27.24888],[-53.53855,-27.25012],[-53.53882,-27.26039],[-53.53022,-27.2646],[-53.52206,-27.26071],[-53.52004,-27.27867],[-53.51217,-27.27331],[-53.50443,-27.28436],[-53.48769,-27.29028]]]},"properties":{"CD_MUN":"4303400","NM_MUN":"Caiçara","AREA_KM2":189.16}},
{"type":"Feature","geometry":{"type":"Polygon","coordinates":[[[-52.09984,-30.90914],[-52.08191,-30.90292],[-52.07072,-30.91191],[-52.07048,-30.9189],[-52.05573,-30.92697],[-52.0429,-30.923],[-52.03339,-30.91659],[-52.02652,-30.91874],[-52.01726,-30.91605],[-52.00793,-30.92368],[-51.97548,-30.92337],[-51.94153,-30.94374],[-51.8823,-30.91233],[-51.87376,-30.93235],[-51.87172,-30.94139],[-51.86493,-30.95519],[-51.86404,-30.97931],[-51.85488,-31.00409],[-51.8474,-31.01081],[-51.81834,-31.02371],[-51.81046,-31.02978],[-51.81732,-31.04749],[-51.7895,-31.12361],[-51.79156,-31.14019],[-51.80896,-31.1466],[-51.82039,-31.15909],[-51.82073,-31.16752],[-51.81302,-31.17332],[-51.80628,-31.16708],[-51.79812,-31.16838],[-51.78977,-31.17639],[-51.79463,-31.18475],[-51.78865,-31.19053],[-51.78419,-31.20552],[-51.78833,-31.21189],[-51.78591,-31.2265],[-51.78029,-31.23336],[-51.79324,-31.25445],[-51.79907,-31.25992],[-51.79947,-31.2662],[-51.81174,-31.28575],[-51.80174,-31.2779],[-51.79048,-31.27327],[-51.76879,-31.27837],[-51.75715,-31.28613],[-51.75152,-31.27942],[-51.74082,-31.28169],[-51.7323,-31.27889],[-51.72431,-31.27109],[-51.71336,-31.26576],[-51.70667,-31.26562],[-51.68076,-31.27048],[-51.63907,-31.27067],[-51.62828,-31.26545],[-51.63446,-31.25549],[-51.64257,-31.22608],[-51.64359,-31.21113],[-51.64131,-31.18768],[-51.62867,-31.15295],[-51.61799,-31.13956],[-51.60196,-31.13174],[-51.56727,-31.12863],[-51.55449,-31.11407],[-51.54542,-31.11164],[-51.53777,-31.11498],[-51.54199,-31.10315],[-51.57493,-31.07929],[-51.58077,-31.07611],[-51.61619,-31.0648],[-51.60517,-31.04778],[-51.60262,-31.03821],[-51.60185,-31.01556],[-51.59698,-30.99752],[-51.59178,-30.9848],[-51.60002,-30.96386],[-51.60017,-30.95318],[-51.61262,-30.93793],[-51.65695,-30.89238],[-51.68511,-30.89018],[-51.69148,-30.89206],[-51.71239,-30.88709],[-51.72515,-30.88185],[-51.72559,-30.87614],[-51.73471,-30.85998],[-51.74586,-30.84648],[-51.74418,-30.83901],[-51.6935,-30.81308],[-51.67234,-30.79323],[-51.63479,-30.75006],[-51.65438,-30.75029],[-51.67228,-30.75221],[-51.68248,-30.75757],[-51.69133,-30.75849],[-51.69769,-30.74532],[-51.69506,-30.73331],[-51.68941,-30.72152],[-51.69473,-30.7169],[-51.69721,-30.70742],[-51.69406,-30.69463],[-51.6972,-30.69042],[-51.70103,-30.68527],[-51.71138,-30.68057],[-51.72866,-30.68327],[-51.74371,-30.68174],[-51.74999,-30.67522],[-51.74571,-30.65734],[-51.80069,-30.62871],[-51.80753,-30.62984],[-51.8166,-30.64884],[-51.82468,-30.64959],[-51.83484,-30.63758],[-51.84718,-30.6367],[-51.84953,-30.62332],[-51.87165,-30.60902],[-51.88287,-30.60897],[-51.88626,-30.60151],[-51.88329,-30.59213],[-51.89247,-30.59132],[-51.8946,-30.57515],[-51.8983,-30.5717],[-51.90476,-30.57674],[-51.92355,-30.59088],[-51.96793,-30.63277],[-51.97234,-30.63785],[-51.97612,-30.64464],[-51.97917,-30.66047],[-51.96873,-30.6708],[-51.95623,-30.67635],[-51.95525,-30.68429],[-51.94928,-30.6946],[-51.9506,-30.70022],[-51.94157,-30.70479],[-51.93735,-30.71078],[-51.94048,-30.72251],[-51.94106,-30.73916],[-51.93463,-30.74033],[-51.92426,-30.75203],[-51.91824,-30.755],[-51.92054,-30.77018],[-51.92554,-30.77146],[-51.92797,-30.7818],[-51.93749,-30.78231],[-51.94831,-30.79329],[-51.9509,-30.80065],[-51.94149,-30.80791],[-51.93448,-30.82177],[-51.93177,-30.83889],[-51.93595,-30.84786],[-51.94847,-30.84539],[-51.95714,-30.84115],[-51.96613,-30.8469],[-51.97453,-30.84241],[-51.98924,-30.8437],[-51.98923,-30.85137],[-52.00099,-30.85349],[-52.00454,-30.85737],[-52.01838,-30.85425],[-52.02988,-30.85708],[-52.04135,-30.86798],[-52.05514,-30.87392],[-52.06285,-30.86539],[-52.0616,-30.85595],[-52.07045,-30.85192],[-52.08265,-30.84077],[-52.09268,-30.83835],[-52.09805,-30.84055],[-52.10502,-30.8462],[-52.11587,-30.84778],[-52.11086,-30.86189],[-52.10923,-30.87603],[-52.12015,-30.88419],[-52.11589,-30.88806],[-52.11634,-30.89646],[-52.10985,-30.90403],[-52.09984,-30.90914]]]},"properties":{"CD_MUN":"4303509","NM_MUN":"Camaquã","AREA_KM2":1680.168}},
{"type":"Feature","geometry":{"type":"Polygon","coordinates":[[[-52.2494,-28.66243],[-52.24333,-28.66101],[-52.23569,-28.67115],[-52.2288,-28.66807],[-52.21048,-28.66995],[-52.20321,-28.67357],[-52.19202,-28.66975],[-52.19324,-28.65614],[-52.17621,-28.66069],[-52.16263,-28.65936],[-52.15595,-28.65171],[-52.15576,-28.63899],[-52.15027,-28.63439],[-52.1389,-28.63265],[-52.1315,-28.62342],[-52.13026,-28.61458],[-52.14348,-28.6166],[-52.14718,-28.60824],[-52.15821,-28.60214],[-52.16904,-28.61019],[-52.17839,-28.60337],[-52.17162,-28.59803],[-52.17372,-28.59006],[-52.17011,-28.58542],[-52.17421,-28.57164],[-52.17986,-28.56214],[-52.1918,-28.56675],[-52.2019,-28.56732],[-52.21286,-28.55052],[-52.22165,-28.55256],[-52.23541,-28.5484],[-52.24339,-28.5515],[-52.24872,-28.56091],[-52.2348,-28.56682],[-52.24454,-28.58107],[-52.2521,-28.58702],[-52.26809,-28.58529],[-52.27887,-28.59009],[-52.29475,-28.58519],[-52.29978,-28.58951],[-52.30578,-28.60153],[-52.30042,-28.61241],[-52.28578,-28.6269],[-52.29242,-28.63213],[-52.28827,-28.64228],[-52.27653,-28.65669],[-52.27062,-28.66674],[-52.26167,-28.66058],[-52.2494,-28.66243]]]},"properties":{"CD_MUN":"4303558","NM_MUN":"Camargo","AREA_KM2":138.069}},
{"type":"Feature","geometry":{"type":"Polygon","coordinates":[[[-49.95085,-28.89347],[-49.96548,-28.89652],[-49.96995,-28.90148],[-49.97846,-28.89785],[-49.98873,-28.89718],[-49.9999,-28.88812],[-50.00845,-28.88942],[-50.00855,-28.88192],[-50.0146,-28.87622],[-50.02274,-28.86236],[-50.05173,-28.84625],[-50.07099,-28.83782],[-50.07358,-28.84247],[-50.08445,-28.84461],[-50.08635,-28.83201],[-50.09416,-28.83269],[-50.0981,-28.82816],[-50.10589,-28.82986],[-50.11269,-28.82388],[-50.12812,-28.82055],[-50.14044,-28.82728],[-50.1538,-28.81993],[-50.1658,-28.83549],[-50.18291,-28.83099],[-50.18125,-28.82401],[-50.19161,-28.82428],[-50.19866,-28.83206],[-50.1935,-28.8395],[-50.18487,-28.84551],[-50.17863,-28.86894],[-50.18263,-28.88358],[-50.17598,-28.89004],[-50.16884,-28.88883],[-50.15969,-28.894],[-50.15939,-28.90651],[-50.16727,-28.91316],[-50.1812,-28.91946],[-50.19071,-28.92971],[-50.20822,-28.93001],[-50.20847,-28.92436],[-50.21678,-28.91919],[-50.22542,-28.93318],[-50.245,-28.93383],[-50.2531,-28.92847],[-50.26138,-28.93937],[-50.25407,-28.94206],[-50.24517,-28.95842],[-50.25478,-28.97738],[-50.25057,-28.98318],[-50.25487,-28.99418],[-50.26066,-28.99087],[-50.26953,-28.99587],[-50.27017,-29.01438],[-50.25849,-29.0175],[-50.24864,-29.02431],[-50.23704,-29.01917],[-50.24256,-29.01025],[-50.23472,-29.00955],[-50.22985,-29.02101],[-50.22621,-29.04255],[-50.21852,-29.04957],[-50.21046,-29.05026],[-50.19796,-29.06022],[-50.18852,-29.05965],[-50.18883,-29.07236],[-50.19569,-29.08135],[-50.19164,-29.09634],[-50.19754,-29.10301],[-50.2033,-29.10331],[-50.21993,-29.09598],[-50.22236,-29.09983],[-50.24057,-29.10233],[-50.2514,-29.11998],[-50.24643,-29.12429],[-50.24795,-29.13216],[-50.2707,-29.13761],[-50.29939,-29.11968],[-50.33036,-29.11402],[-50.33687,-29.10973],[-50.35153,-29.1199],[-50.35753,-29.11707],[-50.35631,-29.12596],[-50.36532,-29.13167],[-50.36203,-29.13821],[-50.3524,-29.13655],[-50.35592,-29.15667],[-50.35984,-29.16311],[-50.35687,-29.19046],[-50.34557,-29.19778],[-50.34283,-29.20435],[-50.33014,-29.21873],[-50.32445,-29.22187],[-50.33263,-29.23947],[-50.325,-29.25127],[-50.327,-29.25752],[-50.31556,-29.25923],[-50.31431,-29.2691],[-50.29743,-29.27819],[-50.30322,-29.28337],[-50.29557,-29.29162],[-50.28703,-29.29555],[-50.27563,-29.28747],[-50.27032,-29.29087],[-50.25708,-29.27738],[-50.24149,-29.27285],[-50.19978,-29.25697],[-50.18314,-29.26456],[-50.1446,-29.27016],[-50.14554,-29.25744],[-50.15186,-29.24322],[-50.14108,-29.23831],[-50.14071,-29.22841],[-50.15123,-29.23016],[-50.14888,-29.22111],[-50.13995,-29.21551],[-50.13969,-29.20726],[-50.14562,-29.19782],[-50.12687,-29.19786],[-50.1244,-29.20161],[-50.10777,-29.21104],[-50.08398,-29.21384],[-50.08499,-29.205],[-50.09036,-29.20128],[-50.08539,-29.1936],[-50.08763,-29.18375],[-50.09997,-29.1642],[-50.07982,-29.15536],[-50.0683,-29.15518],[-50.09342,-29.16791],[-50.08929,-29.1754],[-50.07532,-29.18836],[-50.05402,-29.1831],[-50.04337,-29.18373],[-50.03861,-29.17744],[-50.01797,-29.16283],[-50.00491,-29.14064],[-50.00707,-29.13435],[-49.99841,-29.13087],[-49.98432,-29.13671],[-49.98682,-29.12574],[-49.9918,-29.11725],[-49.96893,-29.11602],[-49.97049,-29.10134],[-49.96523,-29.08195],[-49.95616,-29.08492],[-49.95111,-29.0614],[-49.9795,-29.06853],[-49.99399,-29.06961],[-49.98979,-29.06298],[-49.9772,-29.05884],[-49.961,-29.05081],[-49.96117,-29.04377],[-49.95629,-29.03519],[-49.94614,-29.03075],[-49.94143,-29.02133],[-49.96599,-29.02175],[-49.9574,-29.01213],[-49.94629,-28.99506],[-49.94247,-28.98224],[-49.93095,-28.97595],[-49.93366,-28.96582],[-49.95424,-28.96181],[-49.9547,-28.95214],[-49.95979,-28.93559],[-49.95635,-28.92903],[-49.96509,-28.92553],[-49.9583,-28.90242],[-49.95151,-28.90046],[-49.95085,-28.89347]]]},"properties":{"CD_MUN":"4303608","NM_MUN":"Cambará do Sul","AREA_KM2":1181.811}},
{"type":"Feature","geometry":{"type":"Polygon","coordinates":[[[-51.16051,-28.87404],[-51.15242,-28.87293],[-51.14683,-28.88172],[-51.1411,-28.88314],[-51.12451,-28.87689],[-51.10865,-28.86848],[-51.115,-28.85717],[-51.109,-28.84772],[-51.09561,-28.84108],[-51.08824,-28.84347],[-51.08557,-28.853],[-51.07525,-28.86112],[-51.06341,-28.86482],[-51.04793,-28.86211],[-51.04696,-28.84379],[-51.04367,-28.83705],[-51.03134,-28.83324],[-51.01834,-28.84183],[-50.99967,-28.81899],[-50.99364,-28.81598],[-50.97945,-28.8159],[-50.97544,-28.81323],[-50.96289,-28.79448],[-50.95839,-28.79025],[-50.96845,-28.78193],[-50.97852,-28.78084],[-50.97867,-28.7718],[-50.97425,-28.76203],[-50.97506,-28.74516],[-50.9863,-28.73978],[-50.99147,-28.74383],[-50.9975,-28.73618],[-50.9967,-28.72842],[-51.00193,-28.71123],[-50.99973,-28.70544],[-51.00363,-28.6932],[-51.01277,-28.6959],[-51.01633,-28.68228],[-51.0113,-28.67623],[-51.00504,-28.65812],[-51.01566,-28.65255],[-51.00939,-28.64415],[-51.02042,-28.63925],[-51.02518,-28.62428],[-51.03464,-28.62066],[-51.04577,-28.6235],[-51.04934,-28.61969],[-51.06258,-28.62238],[-51.07078,-28.62128],[-51.08153,-28.61088],[-51.07872,-28.6058],[-51.08884,-28.598],[-51.09521,-28.58364],[-51.1178,-28.55567],[-51.12304,-28.55676],[-51.13543,-28.56811],[-51.13922,-28.55851],[-51.14594,-28.55511],[-51.15245,-28.5649],[-51.14797,-28.57062],[-51.15989,-28.58344],[-51.17489,-28.57496],[-51.17714,-28.58665],[-51.19254,-28.59065],[-51.21797,-28.5851],[-51.22709,-28.58107],[-51.24552,-28.58857],[-51.25572,-28.58859],[-51.25965,-28.59269],[-51.24525,-28.59641],[-51.24108,-28.60211],[-51.22569,-28.60344],[-51.21749,-28.60826],[-51.21667,-28.62017],[-51.2088,-28.61999],[-51.18503,-28.62665],[-51.16742,-28.62863],[-51.16641,-28.64026],[-51.15883,-28.64969],[-51.14599,-28.65288],[-51.14276,-28.67112],[-51.14628,-28.67929],[-51.15368,-28.68736],[-51.15959,-28.69933],[-51.19515,-28.7023],[-51.20525,-28.70832],[-51.20733,-28.71455],[-51.19963,-28.72882],[-51.19743,-28.75055],[-51.1866,-28.78193],[-51.19109,-28.78454],[-51.2039,-28.80126],[-51.21247,-28.79739],[-51.21787,-28.80149],[-51.21122,-28.80984],[-51.19226,-28.80938],[-51.17591,-28.81716],[-51.17111,-28.82718],[-51.16409,-28.83455],[-51.16874,-28.84352],[-51.16087,-28.84851],[-51.15888,-28.85402],[-51.17667,-28.85755],[-51.16051,-28.87404]]]},"properties":{"CD_MUN":"4303673","NM_MUN":"Campestre da Serra","AREA_KM2":538.487}},
{"type":"Feature","geometry":{"type":"Polygon","coordinates":[[[-54.86659,-28.00938],[-54.86072,-28.02051],[-54.85343,-28.01618],[-54.83532,-28.02278],[-54.82704,-28.02021],[-54.80948,-28.02275],[-54.81354,-28.02739],[-54.81019,-28.03423],[-54.81635,-28.04266],[-54.80806,-28.04671],[-54.79456,-28.05371],[-54.78384,-28.0496],[-54.78388,-28.04312],[-54.76261,-28.04201],[-54.75022,-28.04294],[-54.75808,-28.05874],[-54.74749,-28.06914],[-54.73822,-28.05857],[-54.73814,-28.00698],[-54.73579,-28.00979],[-54.71778,-28.01008],[-54.7178,-27.98521],[-54.73172,-27.98371],[-54.73978,-27.98015],[-54.76178,-27.98009],[-54.76855,-27.98534],[-54.78589,-27.99122],[-54.78713,-27.93574],[-54.79719,-27.93588],[-54.79733,-27.92172],[-54.80808,-27.92139],[-54.80813,-27.91551],[-54.81884,-27.91556],[-54.81892,-27.90649],[-54.8261,-27.9028],[-54.82449,-27.89399],[-54.82783,-27.88965],[-54.82837,-27.87031],[-54.84117,-27.86937],[-54.85452,-27.87606],[-54.86546,-27.86313],[-54.87343,-27.85719],[-54.89216,-27.85524],[-54.89097,-27.90969],[-54.94004,-27.91064],[-54.9398,-27.93018],[-54.94095,-27.94687],[-54.93219,-27.94678],[-54.92424,-27.9515],[-54.90859,-27.94903],[-54.91113,-27.95561],[-54.91921,-27.95578],[-54.90715,-27.97003],[-54.89556,-27.9733],[-54.90595,-27.98096],[-54.91187,-27.98973],[-54.88573,-27.98897],[-54.88375,-27.99702],[-54.87335,-28.00153],[-54.86162,-27.99914],[-54.86659,-28.00938]]]},"properties":{"CD_MUN":"4303707","NM_MUN":"Campina das Missões","AREA_KM2":224.801}},
{"type":"Feature","geometry":{"type":"Polygon","coordinates":[[[-52.57372,-27.6807],[-52.5848,-27.67333],[-52.58255,-27.66779],[-52.59138,-27.66042],[-52.60147,-27.65893],[-52.60006,-27.67998],[-52.61479,-27.68272],[-52.62591,-27.68233],[-52.63292,-27.69158],[-52.64263,-27.68522],[-52.66987,-27.68501],[-52.66961,-27.67024],[-52.68629,-27.66264],[-52.69129,-27.65078],[-52.72404,-27.63345],[-52.7345,-27.6324],[-52.73999,-27.62641],[-52.75472,-27.62484],[-52.75849,-27.6285],[-52.75516,-27.63749],[-52.74646,-27.64699],[-52.75208,-27.65604],[-52.75145,-27.66691],[-52.75522,-27.67116],[-52.75271,-27.68336],[-52.76005,-27.69092],[-52.74634,-27.69196],[-52.7451,-27.70466],[-52.75104,-27.70653],[-52.74553,-27.71668],[-52.75171,-27.72576],[-52.74746,-27.73684],[-52.74713,-27.74666],[-52.73538,-27.74331],[-52.71737,-27.74536],[-52.71606,-27.76119],[-52.70845,-27.76622],[-52.71031,-27.77154],[-52.70178,-27.77718],[-52.69684,-27.78573],[-52.70508,-27.79287],[-52.6997,-27.79948],[-52.68001,-27.79591],[-52.67893,-27.8049],[-52.67314,-27.81055],[-52.67245,-27.82626],[-52.66954,-27.84007],[-52.66065,-27.83376],[-52.65408,-27.84638],[-52.64554,-27.85269],[-52.63172,-27.84183],[-52.61923,-27.83752],[-52.60523,-27.83906],[-52.59384,-27.82881],[-52.59147,-27.81969],[-52.57321,-27.80322],[-52.57851,-27.80124],[-52.59526,-27.80197],[-52.59518,-27.78678],[-52.58761,-27.77926],[-52.57929,-27.77562],[-52.58449,-27.7674],[-52.57334,-27.75675],[-52.57423,-27.74383],[-52.56579,-27.72847],[-52.56433,-27.71919],[-52.5596,-27.71491],[-52.55921,-27.70179],[-52.56363,-27.68915],[-52.57372,-27.6807]]]},"properties":{"CD_MUN":"4303806","NM_MUN":"Campinas do Sul","AREA_KM2":276.162}},
{"type":"Feature","geometry":{"type":"Polygon","coordinates":[[[-51.09785,-29.64377],[-51.0958,-29.65436],[-51.08879,-29.66607],[-51.0901,-29.67413],[-51.0822,-29.68598],[-51.07569,-29.6861],[-51.08054,-29.71552],[-51.00816,-29.70833],[-50.99624,-29.70633],[-51.00509,-29.69759],[-51.0138,-29.69584],[-51.00733,-29.6504],[-51.01978,-29.65109],[-51.0395,-29.64876],[-51.03477,-29.61778],[-51.05581,-29.61563],[-51.05847,-29.62015],[-51.06252,-29.64711],[-51.09785,-29.64377]]]},"properties":{"CD_MUN":"4303905","NM_MUN":"Campo Bom","AREA_KM2":60.579}},
{"type":"Feature","geometry":{"type":"Polygon","coordinates":[[[-53.91754,-27.69242],[-53.91528,-27.69891],[-53.90539,-27.70226],[-53.90158,-27.71528],[-53.89011,-27.72237],[-53.84359,-27.72895],[-53.84193,-27.73506],[-53.82955,-27.74734],[-53.82891,-27.75291],[-53.82162,-27.76386],[-53.81683,-27.76725],[-53.80084,-27.75803],[-53.78506,-27.76053],[-53.78021,-27.75479],[-53.75883,-27.75459],[-53.76113,-27.73986],[-53.77106,-27.72874],[-53.77097,-27.72442],[-53.75469,-27.72091],[-53.75656,-27.71508],[-53.7744,-27.70708],[-53.76863,-27.68023],[-53.76264,-27.67226],[-53.74473,-27.65596],[-53.74452,-27.64148],[-53.75289,-27.64381],[-53.75242,-27.63375],[-53.76044,-27.61317],[-53.77513,-27.60514],[-53.78642,-27.60591],[-53.79231,-27.60267],[-53.79158,-27.59474],[-53.7975,-27.57323],[-53.81091,-27.57626],[-53.81416,-27.58237],[-53.8323,-27.58783],[-53.8385,-27.59363],[-53.85483,-27.59238],[-53.86495,-27.59482],[-53.87412,-27.59136],[-53.89771,-27.5953],[-53.89273,-27.60239],[-53.89647,-27.60729],[-53.89924,-27.62492],[-53.88119,-27.63787],[-53.88321,-27.64815],[-53.88997,-27.65766],[-53.88149,-27.65951],[-53.88134,-27.67015],[-53.8909,-27.67705],[-53.88651,-27.68035],[-53.90266,-27.69605],[-53.9091,-27.69038],[-53.91754,-27.69242]]]},"properties":{"CD_MUN":"4304002","NM_MUN":"Campo Novo","AREA_KM2":220.719}},
{"type":"Feature","geometry":{"type":"Polygon","coordinates":[[[-53.01644,-28.94663],[-53.00793,-28.92014],[-52.99678,-28.91093],[-52.99352,-28.91799],[-52.97571,-28.91364],[-52.96608,-28.91937],[-52.9649,-28.92823],[-52.95931,-28.93131],[-52.95158,-28.92626],[-52.93871,-28.93428],[-52.93045,-28.93411],[-52.92322,-28.92361],[-52.91973,-28.91327],[-52.93818,-28.89466],[-52.95403,-28.88562],[-52.96609,-28.88175],[-52.96433,-28.86994],[-52.96197,-28.86515],[-52.96217,-28.84671],[-52.97431,-28.8569],[-52.98338,-28.85335],[-52.98557,-28.85986],[-53.00189,-28.85151],[-53.0043,-28.84742],[-53.01652,-28.84704],[-53.01868,-28.84133],[-53.03168,-28.84029],[-53.04351,-28.83564],[-53.05341,-28.83738],[-53.06087,-28.82969],[-53.07074,-28.84578],[-53.08305,-28.85465],[-53.07927,-28.86248],[-53.08384,-28.8682],[-53.09285,-28.87104],[-53.10809,-28.86792],[-53.11869,-28.88048],[-53.12894,-28.87897],[-53.13284,-28.87247],[-53.12253,-28.85258],[-53.12386,-28.8471],[-53.13514,-28.84603],[-53.14143,-28.85163],[-53.14379,-28.86239],[-53.15846,-28.86469],[-53.17808,-28.85754],[-53.18173,-28.86131],[-53.17639,-28.87473],[-53.16804,-28.87635],[-53.15356,-28.87479],[-53.14926,-28.88012],[-53.15538,-28.90189],[-53.1661,-28.90699],[-53.17023,-28.9154],[-53.16203,-28.92131],[-53.15729,-28.91281],[-53.14042,-28.91953],[-53.13649,-28.92486],[-53.13692,-28.93308],[-53.12997,-28.94065],[-53.13208,-28.96234],[-53.14083,-28.9624],[-53.15222,-28.95582],[-53.15766,-28.95937],[-53.15375,-28.96999],[-53.13961,-28.9775],[-53.12904,-28.98723],[-53.11913,-28.98544],[-53.11114,-28.97748],[-53.09833,-28.9749],[-53.10141,-28.96873],[-53.07573,-28.96164],[-53.02269,-28.97875],[-53.03351,-28.96827],[-53.02731,-28.95971],[-53.02111,-28.96252],[-53.01997,-28.95089],[-53.01644,-28.94663]]]},"properties":{"CD_MUN":"4304101","NM_MUN":"Campos Borges","AREA_KM2":226.202}},
{"type":"Feature","geometry":{"type":"Polygon","coordinates":[[[-52.59929,-29.73794],[-52.60318,-29.73896],[-52.62448,-29.72467],[-52.64969,-29.7209],[-52.66504,-29.7083],[-52.68171,-29.7096],[-52.69193,-29.71319],[-52.70461,-29.69734],[-52.71099,-29.69785],[-52.71479,-29.68816],[-52.70956,-29.68505],[-52.70932,-29.66278],[-52.72205,-29.65551],[-52.73399,-29.65474],[-52.74156,-29.65005],[-52.74328,-29.63997],[-52.73772,-29.62898],[-52.74014,-29.62026],[-52.73377,-29.61354],[-52.75045,-29.61124],[-52.76448,-29.60276],[-52.77206,-29.58037],[-52.74846,-29.57637],[-52.75112,-29.57349],[-52.7435,-29.55019],[-52.73633,-29.54733],[-52.74423,-29.52871],[-52.74737,-29.51111],[-52.75069,-29.50374],[-52.76903,-29.5016],[-52.77285,-29.49546],[-52.7982,-29.4955],[-52.80124,-29.50271],[-52.84399,-29.50825],[-52.84903,-29.51155],[-52.88754,-29.50942],[-52.89383,-29.51446],[-52.92222,-29.51475],[-52.94263,-29.5204],[-52.96247,-29.51554],[-52.97097,-29.5196],[-52.97047,-29.53494],[-52.97644,-29.54423],[-52.97345,-29.54719],[-52.97973,-29.55685],[-52.97052,-29.56296],[-52.96561,-29.57126],[-52.96401,-29.58046],[-52.95769,-29.59179],[-52.96207,-29.60213],[-52.95876,-29.61557],[-52.95244,-29.62065],[-52.94936,-29.63359],[-52.94335,-29.63605],[-52.9444,-29.64667],[-52.93382,-29.65196],[-52.93062,-29.65955],[-52.9332,-29.66502],[-52.93559,-29.68511],[-52.92632,-29.70125],[-52.92573,-29.70765],[-52.92971,-29.7192],[-52.92587,-29.72528],[-52.9292,-29.73237],[-52.92982,-29.74439],[-52.92529,-29.75366],[-52.92749,-29.77114],[-52.91747,-29.8054],[-52.91274,-29.80876],[-52.90598,-29.82049],[-52.90849,-29.82985],[-52.90329,-29.83301],[-52.89966,-29.84609],[-52.89294,-29.8481],[-52.89527,-29.85858],[-52.89139,-29.86546],[-52.87937,-29.86903],[-52.86469,-29.88782],[-52.86551,-29.89756],[-52.85859,-29.90703],[-52.85142,-29.91053],[-52.85255,-29.91966],[-52.84426,-29.92688],[-52.83159,-29.91186],[-52.81836,-29.92305],[-52.80899,-29.91928],[-52.80138,-29.90959],[-52.78765,-29.90487],[-52.76531,-29.90783],[-52.74134,-29.90474],[-52.74894,-29.89611],[-52.75461,-29.88556],[-52.7524,-29.86555],[-52.75597,-29.84868],[-52.75493,-29.84264],[-52.74633,-29.83456],[-52.73685,-29.82014],[-52.74097,-29.80432],[-52.72795,-29.80357],[-52.72349,-29.79904],[-52.70367,-29.7927],[-52.6882,-29.79423],[-52.67806,-29.79851],[-52.66079,-29.80061],[-52.65322,-29.7946],[-52.63854,-29.7924],[-52.62418,-29.7937],[-52.61183,-29.79238],[-52.59693,-29.78573],[-52.58965,-29.79193],[-52.58108,-29.79367],[-52.57417,-29.77077],[-52.57871,-29.76613],[-52.58216,-29.74689],[-52.59929,-29.73794]]]},"properties":{"CD_MUN":"4304200","NM_MUN":"Candelária","AREA_KM2":944.735}},
{"type":"Feature","geometry":{"type":"Polygon","coordinates":[[[-54.61622,-27.93635],[-54.624,-27.93443],[-54.62507,-27.92854],[-54.64695,-27.92029],[-54.64645,-27.9143],[-54.65561,-27.91166],[-54.65757,-27.90526],[-54.66781,-27.90575],[-54.67321,-27.89274],[-54.68048,-27.89634],[-54.68542,-27.88929],[-54.68339,-27.88228],[-54.69087,-27.88056],[-54.71421,-27.86614],[-54.74369,-27.86794],[-54.75094,-27.86372],[-54.76307,-27.86566],[-54.7654,-27.8552],[-54.78034,-27.86308],[-54.78395,-27.85233],[-54.78008,-27.8415],[-54.78797,-27.84111],[-54.80844,-27.85658],[-54.8182,-27.84521],[-54.81919,-27.83868],[-54.83155,-27.84126],[-54.82293,-27.85137],[-54.82076,-27.86158],[-54.82837,-27.87031],[-54.82783,-27.88965],[-54.82449,-27.89399],[-54.8261,-27.9028],[-54.81892,-27.90649],[-54.81884,-27.91556],[-54.80813,-27.91551],[-54.80808,-27.92139],[-54.79733,-27.92172],[-54.79719,-27.93588],[-54.78713,-27.93574],[-54.78589,-27.99122],[-54.76855,-27.98534],[-54.76178,-27.98009],[-54.73978,-27.98015],[-54.73172,-27.98371],[-54.7178,-27.98521],[-54.71778,-28.01008],[-54.71777,-28.01362],[-54.66652,-28.01236],[-54.61582,-28.01175],[-54.61622,-27.93635]]]},"properties":{"CD_MUN":"4304309","NM_MUN":"Cândido Godói","AREA_KM2":247.047}},
{"type":"Feature","geometry":{"type":"Polygon","coordinates":[[[-53.62277,-31.60497],[-53.61266,-31.60214],[-53.60263,-31.59008],[-53.59156,-31.59466],[-53.58731,-31.58092],[-53.59938,-31.57244],[-53.59828,-31.55937],[-53.58575,-31.55442],[-53.57832,-31.53724],[-53.58846,-31.51868],[-53.58537,-31.51578],[-53.58789,-31.49297],[-53.60379,-31.47415],[-53.60154,-31.46052],[-53.59239,-31.45287],[-53.58196,-31.45025],[-53.57302,-31.44242],[-53.56686,-31.42345],[-53.56597,-31.41502],[-53.56093,-31.40754],[-53.56132,-31.39163],[-53.56618,-31.39341],[-53.57679,-31.38846],[-53.5939,-31.3859],[-53.6155,-31.3853],[-53.62855,-31.37096],[-53.62574,-31.36426],[-53.64023,-31.34975],[-53.64103,-31.34347],[-53.65079,-31.33813],[-53.67278,-31.3304],[-53.68429,-31.33639],[-53.69083,-31.33571],[-53.70047,-31.32966],[-53.71903,-31.32671],[-53.74047,-31.32911],[-53.74875,-31.32007],[-53.76525,-31.31219],[-53.77478,-31.31627],[-53.77766,-31.33632],[-53.78459,-31.3429],[-53.79116,-31.34393],[-53.79628,-31.3527],[-53.79331,-31.36119],[-53.80093,-31.37394],[-53.79243,-31.39114],[-53.79204,-31.41112],[-53.78808,-31.41515],[-53.78818,-31.42502],[-53.78121,-31.43859],[-53.79038,-31.44379],[-53.78931,-31.4504],[-53.80253,-31.4569],[-53.80571,-31.46285],[-53.83263,-31.47023],[-53.82905,-31.48046],[-53.83153,-31.48844],[-53.82506,-31.49582],[-53.82437,-31.5124],[-53.82189,-31.51516],[-53.82382,-31.53119],[-53.83262,-31.53689],[-53.82696,-31.5461],[-53.83912,-31.55111],[-53.84162,-31.57649],[-53.83755,-31.58819],[-53.84368,-31.60216],[-53.84025,-31.60761],[-53.8484,-31.61406],[-53.84927,-31.62514],[-53.86158,-31.62995],[-53.86246,-31.63771],[-53.86903,-31.64062],[-53.88085,-31.66238],[-53.88963,-31.66599],[-53.89219,-31.68041],[-53.88899,-31.69392],[-53.89368,-31.6989],[-53.89394,-31.70875],[-53.90327,-31.72565],[-53.89984,-31.73535],[-53.90201,-31.74257],[-53.90849,-31.74546],[-53.91424,-31.76059],[-53.92024,-31.75795],[-53.92638,-31.76512],[-53.92003,-31.78252],[-53.9155,-31.78283],[-53.90513,-31.80034],[-53.9058,-31.80793],[-53.91651,-31.80383],[-53.92778,-31.80567],[-53.91955,-31.8182],[-53.92018,-31.82358],[-53.90795,-31.83724],[-53.91521,-31.8454],[-53.91387,-31.85514],[-53.88912,-31.85039],[-53.88599,-31.8617],[-53.8774,-31.85917],[-53.87899,-31.84897],[-53.86725,-31.83646],[-53.85411,-31.83414],[-53.84518,-31.82724],[-53.83617,-31.82841],[-53.81998,-31.80849],[-53.81326,-31.80471],[-53.80006,-31.78749],[-53.80261,-31.77741],[-53.79934,-31.77149],[-53.79932,-31.76105],[-53.79231,-31.75298],[-53.78033,-31.75175],[-53.7705,-31.74724],[-53.76336,-31.73899],[-53.77026,-31.72749],[-53.76262,-31.72173],[-53.76436,-31.71041],[-53.77282,-31.70715],[-53.77722,-31.70022],[-53.76929,-31.69149],[-53.7713,-31.68312],[-53.76879,-31.66885],[-53.77326,-31.66252],[-53.77187,-31.65063],[-53.76126,-31.64419],[-53.74398,-31.65102],[-53.73619,-31.65123],[-53.71804,-31.64526],[-53.70179,-31.6505],[-53.69866,-31.64773],[-53.70746,-31.62911],[-53.6973,-31.62196],[-53.68737,-31.61889],[-53.68801,-31.61302],[-53.68229,-31.59921],[-53.68413,-31.59336],[-53.66877,-31.59144],[-53.64472,-31.60494],[-53.63319,-31.60668],[-53.62277,-31.60497]]]},"properties":{"CD_MUN":"4304358","NM_MUN":"Candiota","AREA_KM2":933.628}},
{"type":"Feature","geometry":{"type":"Polygon","coordinates":[[[-50.8901,-29.28775],[-50.87768,-29.29147],[-50.869,-29.30223],[-50.85688,-29.3049],[-50.85452,-29.33046],[-50.84462,-29.34241],[-50.84925,-29.35093],[-50.84205,-29.35965],[-50.84653,-29.36394],[-50.85275,-29.37902],[-50.8462,-29.38753],[-50.83343,-29.41221],[-50.82244,-29.41817],[-50.80915,-29.43271],[-50.78846,-29.43896],[-50.77618,-29.4416],[-50.76751,-29.43888],[-50.77248,-29.42547],[-50.7639,-29.41299],[-50.75572,-29.41657],[-50.73377,-29.40979],[-50.7218,-29.40408],[-50.7011,-29.40483],[-50.68819,-29.40356],[-50.68476,-29.40687],[-50.68054,-29.41456],[-50.67144,-29.41987],[-50.6626,-29.41788],[-50.65746,-29.42209],[-50.64455,-29.40597],[-50.64465,-29.38224],[-50.65251,-29.37366],[-50.66745,-29.37043],[-50.67493,-29.37481],[-50.68237,-29.35961],[-50.67503,-29.35282],[-50.67307,-29.34056],[-50.67519,-29.33561],[-50.69192,-29.32274],[-50.69656,-29.33012],[-50.71145,-29.33437],[-50.72366,-29.32832],[-50.74299,-29.32696],[-50.74574,-29.31967],[-50.75706,-29.31372],[-50.76299,-29.30226],[-50.75691,-29.28982],[-50.76309,-29.27625],[-50.77672,-29.27534],[-50.781,-29.27899],[-50.79679,-29.27686],[-50.8026,-29.26733],[-50.81827,-29.25764],[-50.8434,-29.2593],[-50.84926,-29.26692],[-50.85577,-29.25956],[-50.85487,-29.25264],[-50.85927,-29.24759],[-50.86489,-29.25552],[-50.88232,-29.27065],[-50.88053,-29.27918],[-50.8901,-29.28775]]]},"properties":{"CD_MUN":"4304408","NM_MUN":"Canela","AREA_KM2":253.002}},
{"type":"Feature","geometry":{"type":"Polygon","coordinates":[[[-52.42688,-30.91513],[-52.43204,-30.89855],[-52.43997,-30.89577],[-52.44811,-30.90584],[-52.46535,-30.91725],[-52.47673,-30.91057],[-52.49134,-30.92649],[-52.49783,-30.9226],[-52.50524,-30.92809],[-52.51073,-30.92692],[-52.52104,-30.93348],[-52.52632,-30.93013],[-52.5405,-30.93235],[-52.54612,-30.92597],[-52.55374,-30.9346],[-52.55604,-30.94571],[-52.56567,-30.947],[-52.57597,-30.9407],[-52.58502,-30.94206],[-52.59777,-30.95366],[-52.61919,-30.95187],[-52.62558,-30.94629],[-52.6334,-30.95155],[-52.62909,-30.96013],[-52.63611,-30.96461],[-52.64134,-30.96121],[-52.64516,-30.94258],[-52.65166,-30.92301],[-52.65873,-30.91772],[-52.66589,-30.91774],[-52.67485,-30.90735],[-52.6881,-30.90825],[-52.71033,-30.90387],[-52.71627,-30.89666],[-52.72317,-30.89995],[-52.73046,-30.89534],[-52.74087,-30.89802],[-52.74749,-30.8959],[-52.76056,-30.90074],[-52.79358,-30.90653],[-52.80297,-30.90518],[-52.80999,-30.91304],[-52.82473,-30.90482],[-52.83041,-30.90493],[-52.83832,-30.91419],[-52.85184,-30.91936],[-52.86603,-30.92245],[-52.85886,-30.92789],[-52.86792,-30.93763],[-52.87378,-30.94927],[-52.87036,-30.95503],[-52.87374,-30.96094],[-52.88279,-30.96562],[-52.88202,-30.97583],[-52.87476,-30.98199],[-52.88618,-30.98416],[-52.89198,-30.99407],[-52.90168,-31.00085],[-52.91152,-31.00342],[-52.906,-31.0118],[-52.90892,-31.02163],[-52.9104,-31.03938],[-52.91762,-31.04306],[-52.91503,-31.05725],[-52.9307,-31.06931],[-52.9409,-31.06481],[-52.94548,-31.0676],[-52.93161,-31.08371],[-52.94118,-31.09165],[-52.92958,-31.09243],[-52.93066,-31.09866],[-52.92415,-31.10989],[-52.92859,-31.13457],[-52.91156,-31.14387],[-52.91137,-31.14946],[-52.92508,-31.15231],[-52.92027,-31.16209],[-52.92281,-31.17852],[-52.91641,-31.19639],[-52.91115,-31.19975],[-52.90811,-31.21767],[-52.90912,-31.22457],[-52.92102,-31.24623],[-52.91501,-31.2554],[-52.91749,-31.26804],[-52.914,-31.27574],[-52.91629,-31.28076],[-52.90907,-31.29229],[-52.91146,-31.30145],[-52.90749,-31.30729],[-52.90753,-31.31678],[-52.91839,-31.33342],[-52.91806,-31.35543],[-52.92953,-31.36654],[-52.92799,-31.37512],[-52.93473,-31.38476],[-52.91836,-31.3982],[-52.92651,-31.40637],[-52.93432,-31.42293],[-52.93663,-31.4373],[-52.94649,-31.442],[-52.95084,-31.43951],[-52.95922,-31.44602],[-52.95683,-31.45408],[-52.96921,-31.46853],[-52.96613,-31.47289],[-52.97213,-31.48198],[-52.97133,-31.49028],[-52.97609,-31.49629],[-52.97598,-31.50399],[-52.98144,-31.51487],[-52.9903,-31.51532],[-52.98789,-31.52269],[-52.98876,-31.54956],[-52.99117,-31.55948],[-52.98356,-31.56892],[-52.95752,-31.59041],[-52.94413,-31.5921],[-52.94015,-31.60753],[-52.92891,-31.61085],[-52.93374,-31.62179],[-52.93295,-31.62835],[-52.93936,-31.63647],[-52.94017,-31.64452],[-52.93454,-31.65133],[-52.91582,-31.66024],[-52.91557,-31.66598],[-52.90336,-31.67207],[-52.89633,-31.66097],[-52.8953,-31.64898],[-52.87821,-31.63111],[-52.89056,-31.61987],[-52.87713,-31.60714],[-52.8624,-31.60793],[-52.8536,-31.59609],[-52.83239,-31.60034],[-52.82892,-31.60437],[-52.80148,-31.60977],[-52.78657,-31.60905],[-52.77944,-31.60554],[-52.77093,-31.60755],[-52.73989,-31.60167],[-52.73299,-31.60198],[-52.70966,-31.61135],[-52.69877,-31.60862],[-52.69736,-31.59745],[-52.68678,-31.59321],[-52.6756,-31.58226],[-52.66024,-31.5799],[-52.61216,-31.50405],[-52.50101,-31.32818],[-52.47898,-31.32218],[-52.45997,-31.32842],[-52.44752,-31.33016],[-52.42266,-31.33633],[-52.42226,-31.32941],[-52.42675,-31.30471],[-52.43868,-31.29136],[-52.43972,-31.28142],[-52.44977,-31.27105],[-52.46051,-31.27024],[-52.45995,-31.25773],[-52.47531,-31.24498],[-52.47008,-31.2392],[-52.47357,-31.23163],[-52.46464,-31.22113],[-52.46236,-31.21474],[-52.44431,-31.21031],[-52.44364,-31.20395],[-52.43609,-31.20235],[-52.42822,-31.19228],[-52.42311,-31.19035],[-52.4244,-31.17937],[-52.41487,-31.17441],[-52.40958,-31.16724],[-52.4042,-31.14814],[-52.3901,-31.1476],[-52.38596,-31.13396],[-52.36707,-31.13623],[-52.36288,-31.12282],[-52.35589,-31.1182],[-52.35491,-31.10918],[-52.34328,-31.10411],[-52.33707,-31.10724],[-52.33033,-31.10054],[-52.32483,-31.10179],[-52.31003,-31.0965],[-52.29873,-31.08781],[-52.28913,-31.08862],[-52.28038,-31.08125],[-52.27401,-31.07127],[-52.27368,-31.05824],[-52.2789,-31.04134],[-52.27371,-31.03512],[-52.27131,-31.02603],[-52.26638,-31.02155],[-52.26801,-31.01423],[-52.25991,-31.01119],[-52.25908,-30.99442],[-52.24488,-30.98531],[-52.24064,-30.97971],[-52.25452,-30.95896],[-52.2636,-30.96052],[-52.27513,-30.95597],[-52.27817,-30.94872],[-52.25082,-30.93394],[-52.24323,-30.926],[-52.24657,-30.8987],[-52.25156,-30.89153],[-52.24935,-30.88379],[-52.26469,-30.8822],[-52.27615,-30.88531],[-52.27623,-30.89864],[-52.28671,-30.90967],[-52.31195,-30.88734],[-52.33139,-30.89939],[-52.34084,-30.90076],[-52.3524,-30.89824],[-52.36733,-30.90954],[-52.38403,-30.90468],[-52.39545,-30.90689],[-52.40473,-30.9055],[-52.41441,-30.9179],[-52.42322,-30.92117],[-52.42688,-30.91513]]]},"properties":{"CD_MUN":"4304507","NM_MUN":"Canguçu","AREA_KM2":3526.253}},
{"type":"Feature","geometry":{"type":"Polygon","coordinates":[[[-51.12735,-29.95446],[-51.12597,-29.93306],[-51.10964,-29.91199],[-51.10601,-29.90245],[-51.1231,-29.86639],[-51.15502,-29.864],[-51.16568,-29.85925],[-51.17755,-29.86667],[-51.19325,-29.8626],[-51.23161,-29.86231],[-51.23481,-29.87249],[-51.24958,-29.8841],[-51.2487,-29.90661],[-51.24068,-29.91638],[-51.24409,-29.92306],[-51.2335,-29.93874],[-51.22891,-29.94717],[-51.22758,-29.95648],[-51.22114,-29.96612],[-51.20823,-29.96438],[-51.2009,-29.97149],[-51.16389,-29.96566],[-51.15022,-29.96494],[-51.14099,-29.95758],[-51.135,-29.96077],[-51.12735,-29.95446]]]},"properties":{"CD_MUN":"4304606","NM_MUN":"Canoas","AREA_KM2":130.789}},
{"type":"Feature","geometry":{"type":"Polygon","coordinates":[[[-52.30042,-29.35542],[-52.24747,-29.35564],[-52.23351,-29.35394],[-52.22465,-29.35653],[-52.20589,-29.35707],[-52.1924,-29.36077],[-52.17885,-29.35468],[-52.16488,-29.351],[-52.16535,-29.34373],[-52.16134,-29.33326],[-52.16361,-29.3287],[-52.16652,-29.32583],[-52.16536,-29.31247],[-52.17151,-29.3022],[-52.18124,-29.30071],[-52.1822,-29.29035],[-52.18782,-29.28655],[-52.19902,-29.29855],[-52.20978,-29.30279],[-52.2305,-29.3025],[-52.24257,-29.31349],[-52.26268,-29.30104],[-52.28955,-29.28817],[-52.30532,-29.29386],[-52.30794,-29.29739],[-52.30255,-29.3098],[-52.30547,-29.3202],[-52.30262,-29.33833],[-52.2902,-29.34088],[-52.30042,-29.35542]]]},"properties":{"CD_MUN":"4304614","NM_MUN":"Canudos do Vale","AREA_KM2":82.908}},
{"type":"Feature","geometry":{"type":"Polygon","coordinates":[[[-51.34996,-27.99874],[-51.3529,-28.00378],[-51.36604,-28.00814],[-51.37742,-28.01576],[-51.38547,-28.02596],[-51.39776,-28.0354],[-51.40763,-28.04647],[-51.41355,-28.05654],[-51.42548,-28.06824],[-51.4344,-28.06322],[-51.45958,-28.05599],[-51.50007,-28.05682],[-51.51204,-28.05923],[-51.51392,-28.07742],[-51.50996,-28.09104],[-51.4998,-28.11577],[-51.50112,-28.13087],[-51.49377,-28.13776],[-51.49759,-28.14305],[-51.49449,-28.15569],[-51.49994,-28.15563],[-51.50844,-28.1462],[-51.51211,-28.15643],[-51.51037,-28.17025],[-51.49194,-28.18292],[-51.4919,-28.18904],[-51.48335,-28.19459],[-51.48305,-28.2043],[-51.4736,-28.21463],[-51.45894,-28.22043],[-51.45669,-28.23351],[-51.44956,-28.23618],[-51.44993,-28.24856],[-51.44695,-28.2535],[-51.44997,-28.27249],[-51.45707,-28.28202],[-51.4663,-28.28369],[-51.46986,-28.29703],[-51.4706,-28.31963],[-51.46737,-28.32934],[-51.45896,-28.33593],[-51.45831,-28.34592],[-51.44584,-28.33996],[-51.43976,-28.34907],[-51.43059,-28.34771],[-51.4315,-28.34061],[-51.41246,-28.33135],[-51.42308,-28.32402],[-51.4239,-28.31034],[-51.41401,-28.29484],[-51.40213,-28.3003],[-51.38874,-28.29594],[-51.38766,-28.28902],[-51.39535,-28.27697],[-51.3895,-28.26392],[-51.38404,-28.24071],[-51.36764,-28.23751],[-51.35463,-28.23215],[-51.34138,-28.23618],[-51.32741,-28.23151],[-51.32734,-28.22009],[-51.31835,-28.21587],[-51.30083,-28.20169],[-51.29542,-28.19058],[-51.28002,-28.18584],[-51.27299,-28.1791],[-51.26226,-28.18063],[-51.25551,-28.17654],[-51.25042,-28.15787],[-51.24436,-28.15377],[-51.24883,-28.14283],[-51.26087,-28.13436],[-51.25917,-28.11145],[-51.25525,-28.09207],[-51.26447,-28.07597],[-51.27223,-28.07582],[-51.27749,-28.06324],[-51.29467,-28.05864],[-51.30897,-28.05884],[-51.31897,-28.05031],[-51.3437,-28.03798],[-51.34292,-28.01928],[-51.3444,-27.99943],[-51.34996,-27.99874]]]},"properties":{"CD_MUN":"4304622","NM_MUN":"Capão Bonito do Sul","AREA_KM2":526.85}},
{"type":"Feature","geometry":{"type":"Polygon","coordinates":[[[-50.01761,-29.77247],[-49.99146,-29.72375],[-49.96031,-29.669],[-49.9337,-29.62506],[-49.99044,-29.60669],[-49.99433,-29.62006],[-50.00975,-29.62962],[-50.02172,-29.63104],[-50.02733,-29.63686],[-50.04248,-29.64326],[-50.04907,-29.65366],[-50.04174,-29.65824],[-50.02755,-29.67615],[-50.02219,-29.6912],[-50.02999,-29.7123],[-50.03517,-29.72187],[-50.04939,-29.75447],[-50.05495,-29.76165],[-50.01761,-29.77247]]]},"properties":{"CD_MUN":"4304630","NM_MUN":"Capão da Canoa","AREA_KM2":98.383}},
{"type":"Feature","geometry":{"type":"Polygon","coordinates":[[[-54.37772,-29.00448],[-54.38929,-28.98774],[-54.39204,-28.97411],[-54.39941,-28.96416],[-54.40189,-28.9449],[-54.41256,-28.93681],[-54.41038,-28.92221],[-54.42228,-28.92109],[-54.43435,-28.90304],[-54.46021,-28.88042],[-54.46676,-28.87938],[-54.4815,-28.88248],[-54.47956,-28.87629],[-54.49225,-28.86776],[-54.50449,-28.86809],[-54.50867,-28.87329],[-54.51759,-28.86857],[-54.52837,-28.86718],[-54.52943,-28.85982],[-54.54675,-28.85422],[-54.53858,-28.84737],[-54.55301,-28.84264],[-54.55617,-28.84736],[-54.56512,-28.83757],[-54.57775,-28.83688],[-54.57222,-28.82507],[-54.5787,-28.81307],[-54.58537,-28.81233],[-54.59573,-28.80575],[-54.58629,-28.79322],[-54.59053,-28.78479],[-54.59795,-28.78663],[-54.60193,-28.78188],[-54.61174,-28.77967],[-54.61439,-28.77015],[-54.62544,-28.76464],[-54.61644,-28.75989],[-54.61732,-28.7533],[-54.61011,-28.74603],[-54.61837,-28.73914],[-54.62824,-28.74815],[-54.6417,-28.74193],[-54.64347,-28.73274],[-54.65283,-28.74046],[-54.66007,-28.73448],[-54.65568,-28.7302],[-54.67128,-28.71597],[-54.67555,-28.72421],[-54.67554,-28.73773],[-54.68772,-28.75396],[-54.69648,-28.77184],[-54.71015,-28.78572],[-54.71428,-28.79522],[-54.71371,-28.81808],[-54.70793,-28.8367],[-54.74044,-28.85478],[-54.75802,-28.85608],[-54.77077,-28.86621],[-54.77163,-28.87167],[-54.79419,-28.87465],[-54.81014,-28.86663],[-54.81586,-28.86848],[-54.80807,-28.879],[-54.79433,-28.88356],[-54.7971,-28.89496],[-54.78664,-28.90111],[-54.77718,-28.90235],[-54.77349,-28.91145],[-54.77656,-28.92119],[-54.7681,-28.92365],[-54.76741,-28.93341],[-54.75613,-28.92699],[-54.75255,-28.94103],[-54.74304,-28.94252],[-54.73037,-28.94866],[-54.72471,-28.94726],[-54.71062,-28.95437],[-54.70705,-28.96239],[-54.71183,-28.98121],[-54.70444,-29.00604],[-54.6877,-29.02404],[-54.68793,-29.03633],[-54.6823,-29.04552],[-54.67346,-29.0503],[-54.6684,-29.04798],[-54.65988,-29.03723],[-54.65125,-29.04027],[-54.64644,-29.04742],[-54.64465,-29.06735],[-54.64993,-29.07568],[-54.64251,-29.08975],[-54.64284,-29.10172],[-54.6396,-29.12132],[-54.64534,-29.12784],[-54.64102,-29.13383],[-54.61659,-29.12619],[-54.58895,-29.12202],[-54.58617,-29.13599],[-54.57265,-29.15383],[-54.55578,-29.16136],[-54.53742,-29.17391],[-54.53437,-29.18229],[-54.52738,-29.17839],[-54.52136,-29.16461],[-54.5117,-29.15693],[-54.48485,-29.15014],[-54.47159,-29.13638],[-54.45516,-29.12755],[-54.4499,-29.11776],[-54.45035,-29.1086],[-54.43295,-29.08996],[-54.43884,-29.08357],[-54.44747,-29.08157],[-54.45718,-29.0755],[-54.46003,-29.06965],[-54.44461,-29.05484],[-54.43827,-29.04549],[-54.43183,-29.04172],[-54.4247,-29.03052],[-54.41593,-29.03639],[-54.40793,-29.02654],[-54.39219,-29.01524],[-54.38639,-29.00863],[-54.37772,-29.00448]]]},"properties":{"CD_MUN":"4304655","NM_MUN":"Capão do Cipó","AREA_KM2":1007.796}},
{"type":"Feature","geometry":{"type":"Polygon","coordinates":[[[-52.37287,-31.80009],[-52.36608,-31.79251],[-52.36788,-31.78759],[-52.38377,-31.77956],[-52.3897,-31.7826],[-52.39693,-31.76746],[-52.40435,-31.75688],[-52.41284,-31.75131],[-52.42728,-31.73267],[-52.42971,-31.72339],[-52.43892,-31.72702],[-52.44705,-31.72226],[-52.4766,-31.71449],[-52.48284,-31.7081],[-52.4886,-31.70945],[-52.49805,-31.70524],[-52.50338,-31.70709],[-52.51594,-31.70115],[-52.52586,-31.70296],[-52.52714,-31.69535],[-52.53991,-31.68759],[-52.54914,-31.69113],[-52.56347,-31.68879],[-52.57925,-31.68192],[-52.60194,-31.69714],[-52.61012,-31.69508],[-52.61136,-31.70235],[-52.60489,-31.71462],[-52.62031,-31.72765],[-52.65103,-31.73159],[-52.66898,-31.7384],[-52.73655,-31.74057],[-52.73146,-31.75752],[-52.73804,-31.7687],[-52.74604,-31.77587],[-52.74262,-31.77998],[-52.74408,-31.78944],[-52.73228,-31.79651],[-52.73583,-31.80431],[-52.73457,-31.81328],[-52.72329,-31.81944],[-52.71443,-31.82748],[-52.7152,-31.83389],[-52.69988,-31.84231],[-52.69209,-31.85637],[-52.67248,-31.86806],[-52.66203,-31.87919],[-52.66531,-31.9],[-52.66276,-31.90069],[-52.65166,-31.90031],[-52.63854,-31.91029],[-52.62553,-31.91718],[-52.61169,-31.91929],[-52.60707,-31.92565],[-52.6114,-31.93547],[-52.60515,-31.93817],[-52.58341,-31.93804],[-52.57421,-31.94852],[-52.56643,-31.94825],[-52.55775,-31.94353],[-52.54381,-31.95584],[-52.53455,-31.95422],[-52.525,-31.95753],[-52.51355,-31.95404],[-52.50628,-31.96648],[-52.51506,-31.96914],[-52.51339,-31.97496],[-52.50302,-31.9808],[-52.49732,-31.99418],[-52.48887,-31.98929],[-52.47845,-31.99155],[-52.47078,-31.99932],[-52.46259,-31.9955],[-52.45118,-32.00408],[-52.42333,-32.01612],[-52.41832,-32.01552],[-52.42135,-31.99742],[-52.41753,-31.98375],[-52.41697,-31.96707],[-52.40294,-31.96014],[-52.38904,-31.94343],[-52.38068,-31.91259],[-52.38489,-31.89523],[-52.39537,-31.88579],[-52.40551,-31.87251],[-52.40804,-31.86333],[-52.39603,-31.85753],[-52.38923,-31.84888],[-52.39334,-31.8281],[-52.38953,-31.81467],[-52.3803,-31.80351],[-52.37287,-31.80009]]]},"properties":{"CD_MUN":"4304663","NM_MUN":"Capão do Leão","AREA_KM2":783.196}},
{"type":"Feature","geometry":{"type":"Polygon","coordinates":[[[-50.54263,-30.25233],[-50.54354,-30.23824],[-50.54132,-30.20779],[-50.53733,-30.20294],[-50.52932,-30.20926],[-50.52438,-30.22205],[-50.51017,-30.21453],[-50.49123,-30.20983],[-50.47706,-30.20165],[-50.47164,-30.2051],[-50.45645,-30.20427],[-50.44594,-30.20129],[-50.43137,-30.20995],[-50.41226,-30.20989],[-50.40513,-30.21622],[-50.3903,-30.21106],[-50.38046,-30.2111],[-50.36276,-30.20555],[-50.35691,-30.19676],[-50.36793,-30.19136],[-50.37694,-30.18238],[-50.38047,-30.17299],[-50.39424,-30.15789],[-50.38837,-30.15167],[-50.38153,-30.13773],[-50.38732,-30.131],[-50.38744,-30.12455],[-50.38045,-30.11546],[-50.37412,-30.09942],[-50.37271,-30.08876],[-50.36698,-30.0759],[-50.37893,-30.08081],[-50.38576,-30.09509],[-50.39491,-30.09411],[-50.41519,-30.10283],[-50.41881,-30.09654],[-50.45657,-30.05172],[-50.65101,-30.04172],[-50.65448,-30.0437],[-50.65806,-30.04673],[-50.65347,-30.05867],[-50.64624,-30.0603],[-50.63466,-30.05835],[-50.63509,-30.06785],[-50.6311,-30.073],[-50.62264,-30.11973],[-50.62149,-30.11987],[-50.62156,-30.16145],[-50.62082,-30.19841],[-50.6129,-30.20001],[-50.59823,-30.19602],[-50.59051,-30.21255],[-50.57546,-30.23823],[-50.56047,-30.25168],[-50.54263,-30.25233]]]},"properties":{"CD_MUN":"4304671","NM_MUN":"Capivari do Sul","AREA_KM2":412.889}},
{"type":"Feature","geometry":{"type":"Polygon","coordinates":[[[-51.30734,-29.77568],[-51.30066,-29.75266],[-51.29698,-29.75031],[-51.30137,-29.73991],[-51.29012,-29.73252],[-51.28521,-29.72201],[-51.28352,-29.70238],[-51.2875,-29.68773],[-51.28813,-29.66231],[-51.28099,-29.6615],[-51.27675,-29.65595],[-51.28716,-29.64617],[-51.29893,-29.64787],[-51.30893,-29.6377],[-51.32125,-29.64764],[-51.33538,-29.64764],[-51.33587,-29.63815],[-51.33988,-29.63436],[-51.34905,-29.63882],[-51.3641,-29.63758],[-51.38516,-29.64461],[-51.39159,-29.6531],[-51.39687,-29.65795],[-51.40991,-29.65758],[-51.41734,-29.66133],[-51.42807,-29.65311],[-51.43203,-29.66016],[-51.42587,-29.66467],[-51.4279,-29.67461],[-51.42335,-29.68022],[-51.42709,-29.69155],[-51.43464,-29.69772],[-51.45712,-29.70585],[-51.45697,-29.71138],[-51.44404,-29.71765],[-51.4367,-29.72617],[-51.42687,-29.71535],[-51.41384,-29.71693],[-51.41441,-29.72259],[-51.40768,-29.72901],[-51.41404,-29.73465],[-51.41293,-29.74765],[-51.41794,-29.75466],[-51.40775,-29.76096],[-51.40986,-29.77011],[-51.40311,-29.77208],[-51.39187,-29.76444],[-51.38707,-29.77847],[-51.37474,-29.7871],[-51.36546,-29.78805],[-51.3664,-29.78336],[-51.3546,-29.76981],[-51.34495,-29.76891],[-51.33372,-29.75664],[-51.30734,-29.77568]]]},"properties":{"CD_MUN":"4304689","NM_MUN":"Capela de Santana","AREA_KM2":182.756}},
{"type":"Feature","geometry":{"type":"Polygon","coordinates":[[[-52.03351,-29.32876],[-52.01518,-29.32921],[-52.01976,-29.31749],[-52.01008,-29.31742],[-52.00058,-29.30752],[-51.98725,-29.30094],[-51.97679,-29.30112],[-51.96251,-29.32846],[-51.95508,-29.32891],[-51.94413,-29.31352],[-51.93971,-29.304],[-51.92037,-29.30385],[-51.91937,-29.29159],[-51.94654,-29.27173],[-51.94692,-29.24697],[-51.96476,-29.24686],[-51.96458,-29.23801],[-51.97657,-29.23416],[-51.99359,-29.23383],[-52.00224,-29.24834],[-52.01631,-29.25988],[-52.02983,-29.267],[-52.03665,-29.26763],[-52.03701,-29.32868],[-52.03351,-29.32876]]]},"properties":{"CD_MUN":"4304697","NM_MUN":"Capitão","AREA_KM2":73.967}},
{"type":"Feature","geometry":{"type":"Polygon","coordinates":[[[-52.65447,-28.16909],[-52.67233,-28.17992],[-52.67641,-28.18588],[-52.68787,-28.19457],[-52.70352,-28.19874],[-52.70768,-28.20452],[-52.73049,-28.21473],[-52.73847,-28.22421],[-52.74489,-28.22272],[-52.74888,-28.23146],[-52.75709,-28.23105],[-52.76321,-28.24123],[-52.77893,-28.22929],[-52.78942,-28.22932],[-52.79869,-28.22461],[-52.80258,-28.20889],[-52.80653,-28.20193],[-52.8144,-28.19603],[-52.82498,-28.1957],[-52.83749,-28.22314],[-52.84026,-28.24022],[-52.8555,-28.25082],[-52.86623,-28.24683],[-52.87084,-28.25658],[-52.88245,-28.24578],[-52.88064,-28.23976],[-52.88156,-28.22187],[-52.87348,-28.2134],[-52.89266,-28.20173],[-52.8939,-28.19399],[-52.90323,-28.1889],[-52.90409,-28.1781],[-52.91202,-28.17811],[-52.92743,-28.18625],[-52.93907,-28.18837],[-52.94155,-28.1809],[-52.94816,-28.17361],[-52.96351,-28.17765],[-52.96379,-28.18691],[-52.97437,-28.18152],[-52.97942,-28.18832],[-52.9853,-28.18611],[-53.00194,-28.20162],[-53.0182,-28.20884],[-53.02255,-28.21602],[-53.02424,-28.22629],[-53.03519,-28.22488],[-53.03838,-28.23602],[-53.04945,-28.24549],[-53.05633,-28.24124],[-53.06357,-28.24204],[-53.06549,-28.24928],[-53.07325,-28.26191],[-53.0892,-28.26403],[-53.10178,-28.25739],[-53.12064,-28.25103],[-53.12231,-28.25528],[-53.12109,-28.26246],[-53.13046,-28.26755],[-53.12657,-28.28386],[-53.11973,-28.29774],[-53.11682,-28.28922],[-53.10822,-28.28721],[-53.09992,-28.27885],[-53.09282,-28.27866],[-53.08121,-28.28398],[-53.06812,-28.29823],[-53.06224,-28.29369],[-53.05404,-28.30288],[-53.04322,-28.30502],[-53.03244,-28.3181],[-53.0253,-28.31476],[-53.01989,-28.31989],[-53.02641,-28.3276],[-53.02253,-28.34756],[-53.03955,-28.37421],[-53.02802,-28.37658],[-53.02023,-28.36957],[-53.00173,-28.36793],[-53.00102,-28.35603],[-52.98201,-28.34625],[-52.97697,-28.34034],[-52.95498,-28.33388],[-52.94738,-28.33861],[-52.95132,-28.3513],[-52.94708,-28.3639],[-52.94219,-28.37015],[-52.93982,-28.37971],[-52.93081,-28.38076],[-52.92268,-28.3728],[-52.90746,-28.3778],[-52.8966,-28.3782],[-52.8376,-28.38633],[-52.81658,-28.38266],[-52.80849,-28.37275],[-52.79355,-28.36782],[-52.78937,-28.3723],[-52.77426,-28.37083],[-52.77409,-28.36813],[-52.75825,-28.34373],[-52.73487,-28.35026],[-52.72479,-28.35048],[-52.72458,-28.34388],[-52.7178,-28.33685],[-52.71545,-28.32045],[-52.7118,-28.31739],[-52.70805,-28.30135],[-52.7086,-28.28748],[-52.69948,-28.28152],[-52.67346,-28.27022],[-52.65746,-28.2613],[-52.65463,-28.26459],[-52.63602,-28.25117],[-52.6284,-28.25054],[-52.62678,-28.2399],[-52.61509,-28.23263],[-52.60813,-28.23382],[-52.60347,-28.22005],[-52.60754,-28.20564],[-52.61746,-28.20407],[-52.63771,-28.19128],[-52.6361,-28.18052],[-52.63159,-28.17018],[-52.64374,-28.16717],[-52.65447,-28.16909]]]},"properties":{"CD_MUN":"4304705","NM_MUN":"Carazinho","AREA_KM2":666.694}},
{"type":"Feature","geometry":{"type":"Polygon","coordinates":[[[-50.40402,-29.70595],[-50.41048,-29.70736],[-50.42551,-29.7269],[-50.42561,-29.73795],[-50.43479,-29.742],[-50.4345,-29.75108],[-50.46725,-29.77221],[-50.46372,-29.77962],[-50.46753,-29.79278],[-50.46095,-29.79443],[-50.45859,-29.80114],[-50.45019,-29.80319],[-50.44585,-29.79959],[-50.43483,-29.8057],[-50.43426,-29.81673],[-50.42054,-29.82189],[-50.42003,-29.83078],[-50.39008,-29.85007],[-50.37248,-29.85827],[-50.35572,-29.84001],[-50.35134,-29.84864],[-50.33931,-29.84943],[-50.33379,-29.85397],[-50.32267,-29.85539],[-50.30892,-29.8482],[-50.29817,-29.85035],[-50.28139,-29.85918],[-50.27515,-29.8407],[-50.27617,-29.83478],[-50.26453,-29.82591],[-50.25356,-29.8017],[-50.25665,-29.78531],[-50.25198,-29.7767],[-50.25591,-29.75712],[-50.24713,-29.7504],[-50.23227,-29.74834],[-50.23176,-29.73422],[-50.22334,-29.72594],[-50.23049,-29.70789],[-50.24124,-29.71271],[-50.26341,-29.7082],[-50.2746,-29.70764],[-50.27963,-29.70147],[-50.27614,-29.69346],[-50.27805,-29.68815],[-50.28843,-29.68473],[-50.29775,-29.68805],[-50.30212,-29.68432],[-50.31282,-29.6853],[-50.3156,-29.67839],[-50.32104,-29.68245],[-50.33222,-29.68293],[-50.33764,-29.70097],[-50.34345,-29.69861],[-50.35551,-29.70338],[-50.35864,-29.71577],[-50.37328,-29.71917],[-50.38326,-29.7193],[-50.40402,-29.70595]]]},"properties":{"CD_MUN":"4304713","NM_MUN":"Caraá","AREA_KM2":294.606}},
{"type":"Feature","geometry":{"type":"Polygon","coordinates":[[[-51.35266,-29.33312],[-51.35558,-29.32128],[-51.35405,-29.29092],[-51.43876,-29.29068],[-51.44004,-29.27069],[-51.459,-29.27105],[-51.4611,-29.25496],[-51.47261,-29.25425],[-51.47791,-29.25856],[-51.49109,-29.26024],[-51.49062,-29.27645],[-51.54098,-29.27495],[-51.54591,-29.27769],[-51.54565,-29.29281],[-51.63191,-29.2935],[-51.63088,-29.3333],[-51.64645,-29.33354],[-51.64575,-29.37126],[-51.61064,-29.37136],[-51.6168,-29.37788],[-51.60607,-29.37858],[-51.59003,-29.37548],[-51.57793,-29.38238],[-51.56098,-29.37418],[-51.5633,-29.36867],[-51.56064,-29.35884],[-51.55212,-29.35538],[-51.54259,-29.35595],[-51.52064,-29.35093],[-51.39806,-29.35165],[-51.3505,-29.35186],[-51.35266,-29.33312]]]},"properties":{"CD_MUN":"4304804","NM_MUN":"Carlos Barbosa","AREA_KM2":230.061}},
{"type":"Feature","geometry":{"type":"Polygon","coordinates":[[[-51.98215,-27.72039],[-51.98333,-27.72683],[-51.96343,-27.73063],[-51.96298,-27.74924],[-51.92473,-27.75222],[-51.90742,-27.75697],[-51.8958,-27.73875],[-51.89967,-27.73294],[-51.88959,-27.72756],[-51.8884,-27.72221],[-51.89979,-27.71371],[-51.89394,-27.71055],[-51.88103,-27.71978],[-51.87775,-27.71476],[-51.89296,-27.70193],[-51.89037,-27.697],[-51.87527,-27.69406],[-51.87408,-27.6891],[-51.88016,-27.68328],[-51.89277,-27.67905],[-51.88789,-27.66564],[-51.8964,-27.65216],[-51.90812,-27.65444],[-51.97348,-27.67302],[-51.98215,-27.72039]]]},"properties":{"CD_MUN":"4304853","NM_MUN":"Carlos Gomes","AREA_KM2":83.155}},
{"type":"Feature","geometry":{"type":"Polygon","coordinates":[[[-52.06651,-28.61444],[-51.99647,-28.61049],[-51.99519,-28.64838],[-51.99301,-28.65625],[-51.99437,-28.6725],[-51.84815,-28.66347],[-51.85681,-28.66197],[-51.84932,-28.64892],[-51.83959,-28.65196],[-51.84091,-28.64758],[-51.85282,-28.64361],[-51.85314,-28.63762],[-51.86289,-28.63575],[-51.85643,-28.62834],[-51.85496,-28.61526],[-51.85775,-28.60663],[-51.86744,-28.61087],[-51.86478,-28.59321],[-51.85914,-28.59739],[-51.85365,-28.59043],[-51.86375,-28.5819],[-51.87557,-28.58003],[-51.88476,-28.57566],[-51.89306,-28.56336],[-51.9106,-28.56383],[-51.91581,-28.56164],[-51.9144,-28.54663],[-51.91147,-28.54024],[-51.92425,-28.53637],[-51.91608,-28.52728],[-51.90743,-28.52234],[-51.90769,-28.51404],[-51.91652,-28.51026],[-51.92501,-28.51285],[-51.92537,-28.52042],[-51.9605,-28.52064],[-51.96041,-28.5261],[-52.01978,-28.52805],[-52.0198,-28.53702],[-52.03492,-28.53716],[-52.03515,-28.54593],[-52.06754,-28.54622],[-52.06738,-28.53769],[-52.07217,-28.53321],[-52.09025,-28.53567],[-52.09712,-28.54074],[-52.0987,-28.54804],[-52.09298,-28.61592],[-52.06651,-28.61444]]]},"properties":{"CD_MUN":"4304903","NM_MUN":"Casca","AREA_KM2":272.041}},
{"type":"Feature","geometry":{"type":"Polygon","coordinates":[[[-51.70522,-28.31273],[-51.68394,-28.31542],[-51.66549,-28.3239],[-51.65513,-28.30527],[-51.64977,-28.30632],[-51.63848,-28.29293],[-51.63805,-28.28712],[-51.62772,-28.27992],[-51.63486,-28.26565],[-51.63236,-28.26187],[-51.63567,-28.25249],[-51.63997,-28.24552],[-51.63724,-28.23918],[-51.64684,-28.23135],[-51.64671,-28.22353],[-51.65237,-28.21244],[-51.66679,-28.202],[-51.65722,-28.18921],[-51.6501,-28.18671],[-51.65767,-28.17338],[-51.66734,-28.16928],[-51.68594,-28.15721],[-51.69375,-28.14997],[-51.70356,-28.15624],[-51.70461,-28.16143],[-51.69474,-28.17358],[-51.69131,-28.18324],[-51.6924,-28.19046],[-51.69908,-28.19493],[-51.71025,-28.19713],[-51.71919,-28.19601],[-51.7317,-28.18437],[-51.73771,-28.20328],[-51.72797,-28.20698],[-51.73583,-28.21402],[-51.74936,-28.21009],[-51.75926,-28.21116],[-51.77731,-28.20361],[-51.7809,-28.20559],[-51.79054,-28.19414],[-51.79725,-28.19688],[-51.7985,-28.2129],[-51.81477,-28.22398],[-51.82963,-28.23058],[-51.83831,-28.23837],[-51.84637,-28.2389],[-51.87232,-28.22602],[-51.87804,-28.22996],[-51.88411,-28.22705],[-51.8848,-28.21907],[-51.89154,-28.21173],[-51.90808,-28.21321],[-51.90751,-28.22108],[-51.9151,-28.23714],[-51.91374,-28.24131],[-51.90628,-28.24593],[-51.90303,-28.25623],[-51.88442,-28.2608],[-51.87285,-28.25734],[-51.86502,-28.25804],[-51.85755,-28.25231],[-51.84101,-28.24981],[-51.8281,-28.25117],[-51.81041,-28.2424],[-51.80834,-28.24989],[-51.81901,-28.2723],[-51.8181,-28.28115],[-51.82155,-28.29796],[-51.77461,-28.29118],[-51.76429,-28.28808],[-51.75102,-28.2915],[-51.74691,-28.29586],[-51.74883,-28.30803],[-51.74035,-28.31037],[-51.70522,-28.31273]]]},"properties":{"CD_MUN":"4304952","NM_MUN":"Caseiros","AREA_KM2":235.863}},
{"type":"Feature","geometry":{"type":"Polygon","coordinates":[[[-53.91002,-28.1154],[-53.90438,-28.09739],[-53.90453,-28.08276],[-53.91486,-28.07058],[-53.92856,-28.06182],[-53.93838,-28.06491],[-53.95298,-28.05967],[-53.96359,-28.06167],[-53.97086,-28.06674],[-53.98038,-28.06355],[-53.99291,-28.04855],[-53.99398,-28.04134],[-53.98918,-28.03757],[-53.99445,-28.03042],[-54.00252,-28.03046],[-54.00726,-28.01787],[-54.02028,-28.00047],[-54.03432,-27.98469],[-54.04179,-28.00331],[-54.05999,-28.02162],[-54.06329,-28.01431],[-54.07194,-28.01193],[-54.07816,-28.00631],[-54.08954,-28.00267],[-54.09364,-28.00854],[-54.10899,-28.01457],[-54.12781,-28.01535],[-54.13994,-28.01871],[-54.13684,-28.02545],[-54.1224,-28.02974],[-54.1165,-28.03536],[-54.10604,-28.03633],[-54.09706,-28.04469],[-54.09297,-28.04314],[-54.0753,-28.05386],[-54.07248,-28.05962],[-54.08232,-28.06666],[-54.07686,-28.07783],[-54.06905,-28.10783],[-54.07971,-28.11272],[-54.09808,-28.11185],[-54.12212,-28.1149],[-54.14005,-28.12613],[-54.15771,-28.1261],[-54.17181,-28.13525],[-54.18019,-28.13821],[-54.17508,-28.15031],[-54.16325,-28.15801],[-54.15178,-28.15779],[-54.14512,-28.16432],[-54.13077,-28.1831],[-54.13072,-28.19262],[-54.11583,-28.21616],[-54.10701,-28.24156],[-54.11457,-28.24278],[-54.11764,-28.25032],[-54.10717,-28.25442],[-54.10874,-28.25983],[-54.10448,-28.26832],[-54.10465,-28.27772],[-54.11494,-28.27426],[-54.11955,-28.28439],[-54.12991,-28.28569],[-54.12894,-28.29817],[-54.1341,-28.30597],[-54.13814,-28.3219],[-54.14558,-28.33065],[-54.14378,-28.33663],[-54.13082,-28.33681],[-54.13077,-28.34327],[-54.15022,-28.34741],[-54.15677,-28.35446],[-54.1549,-28.36616],[-54.14891,-28.36836],[-54.13535,-28.36486],[-54.13307,-28.35536],[-54.12509,-28.34592],[-54.11427,-28.36139],[-54.09756,-28.36787],[-54.0964,-28.35775],[-54.10463,-28.35667],[-54.11362,-28.34642],[-54.10908,-28.33504],[-54.09711,-28.34453],[-54.09252,-28.35749],[-54.08553,-28.35707],[-54.08957,-28.34137],[-54.08611,-28.33762],[-54.06667,-28.34229],[-54.07331,-28.33576],[-54.0718,-28.32664],[-54.06696,-28.32035],[-54.07557,-28.31489],[-54.06607,-28.30492],[-54.0451,-28.29237],[-54.04047,-28.28043],[-54.03299,-28.27538],[-54.02,-28.28595],[-54.01298,-28.2858],[-54.01726,-28.30612],[-54.00442,-28.30626],[-54.00572,-28.29971],[-53.99294,-28.28276],[-53.96886,-28.28948],[-53.96863,-28.26677],[-53.96299,-28.25759],[-53.96113,-28.23851],[-53.95488,-28.23536],[-53.9536,-28.22604],[-53.94826,-28.22483],[-53.93933,-28.23358],[-53.92939,-28.23814],[-53.92174,-28.22002],[-53.91658,-28.2145],[-53.91846,-28.19974],[-53.91474,-28.19275],[-53.91799,-28.18489],[-53.91689,-28.17244],[-53.91276,-28.16046],[-53.92445,-28.13109],[-53.93116,-28.11866],[-53.91002,-28.1154]]]},"properties":{"CD_MUN":"4305009","NM_MUN":"Catuípe","AREA_KM2":583.184}},
{"type":"Feature","geometry":{"type":"Polygon","coordinates":[[[-51.11208,-29.03266],[-51.11141,-29.08025],[-51.14533,-29.08113],[-51.14495,-29.09036],[-51.20261,-29.09128],[-51.20275,-29.08692],[-51.23547,-29.08803],[-51.23549,-29.08605],[-51.30811,-29.08825],[-51.30449,-29.09382],[-51.2972,-29.09444],[-51.2861,-29.10397],[-51.29351,-29.11337],[-51.29285,-29.15382],[-51.2947,-29.15396],[-51.29389,-29.19393],[-51.28859,-29.19376],[-51.28869,-29.24541],[-51.26575,-29.24589],[-51.2667,-29.29509],[-51.26274,-29.29514],[-51.25066,-29.30766],[-51.21652,-29.33665],[-51.22755,-29.34415],[-51.2123,-29.35857],[-51.20384,-29.35553],[-51.19736,-29.34486],[-51.19037,-29.34124],[-51.1805,-29.32619],[-51.17015,-29.32614],[-51.16937,-29.33133],[-51.15897,-29.33129],[-51.14699,-29.33722],[-51.13691,-29.3388],[-51.12703,-29.32343],[-51.12692,-29.31582],[-51.11901,-29.30833],[-51.1129,-29.3091],[-51.09982,-29.31765],[-51.092,-29.30488],[-51.08862,-29.29094],[-51.06988,-29.2917],[-51.05474,-29.30175],[-51.0491,-29.30771],[-51.03862,-29.30164],[-51.03231,-29.29425],[-51.01397,-29.30147],[-51.01006,-29.30779],[-51.00209,-29.30413],[-50.99633,-29.30674],[-51.00106,-29.3175],[-50.99129,-29.31696],[-50.98542,-29.32079],[-50.98809,-29.30919],[-50.96962,-29.29755],[-50.9636,-29.30594],[-50.95195,-29.30648],[-50.94675,-29.2941],[-50.94947,-29.28907],[-50.94181,-29.28353],[-50.92665,-29.29022],[-50.91968,-29.30819],[-50.90747,-29.30221],[-50.90971,-29.28766],[-50.8901,-29.28775],[-50.88053,-29.27918],[-50.88232,-29.27065],[-50.86489,-29.25552],[-50.85927,-29.24759],[-50.86155,-29.23899],[-50.85634,-29.23427],[-50.85965,-29.22544],[-50.8542,-29.21954],[-50.85466,-29.21313],[-50.83599,-29.18605],[-50.84017,-29.17019],[-50.84151,-29.15346],[-50.83791,-29.14153],[-50.84238,-29.12717],[-50.85453,-29.11953],[-50.86661,-29.12321],[-50.87497,-29.11638],[-50.88091,-29.11958],[-50.90428,-29.11604],[-50.91287,-29.11786],[-50.91091,-29.10778],[-50.90264,-29.09892],[-50.90247,-29.09034],[-50.91465,-29.08036],[-50.93149,-29.07861],[-50.94082,-29.07997],[-50.94378,-29.07124],[-50.9315,-29.07442],[-50.90846,-29.07503],[-50.89311,-29.06684],[-50.86923,-29.06899],[-50.85226,-29.06608],[-50.83946,-29.06053],[-50.831,-29.06248],[-50.82289,-29.05429],[-50.81809,-29.04304],[-50.81593,-29.03071],[-50.80995,-29.03168],[-50.80627,-29.02493],[-50.79923,-29.02538],[-50.78503,-29.00667],[-50.7827,-29.00008],[-50.78377,-28.97917],[-50.79214,-28.97783],[-50.79503,-28.96684],[-50.81044,-28.95942],[-50.80766,-28.95137],[-50.79708,-28.94409],[-50.78716,-28.9417],[-50.79468,-28.93433],[-50.81026,-28.93037],[-50.8096,-28.91474],[-50.80556,-28.90915],[-50.81025,-28.89994],[-50.81996,-28.89245],[-50.81126,-28.88518],[-50.79798,-28.88418],[-50.79494,-28.87577],[-50.80421,-28.86846],[-50.82102,-28.86736],[-50.82724,-28.8552],[-50.82026,-28.84973],[-50.81763,-28.84239],[-50.8208,-28.83648],[-50.83843,-28.83595],[-50.84082,-28.82993],[-50.84995,-28.83268],[-50.85968,-28.83418],[-50.87914,-28.84086],[-50.88465,-28.83885],[-50.88529,-28.81409],[-50.89067,-28.80632],[-50.90256,-28.80612],[-50.91419,-28.80177],[-50.93145,-28.80752],[-50.96289,-28.79448],[-50.97544,-28.81323],[-50.97945,-28.8159],[-50.99364,-28.81598],[-50.99967,-28.81899],[-51.01834,-28.84183],[-51.03134,-28.83324],[-51.04367,-28.83705],[-51.04696,-28.84379],[-51.04793,-28.86211],[-51.06341,-28.86482],[-51.07525,-28.86112],[-51.08557,-28.853],[-51.08824,-28.84347],[-51.09561,-28.84108],[-51.109,-28.84772],[-51.115,-28.85717],[-51.10865,-28.86848],[-51.12451,-28.87689],[-51.119,-28.88084],[-51.09125,-28.8793],[-51.08564,-28.88404],[-51.07385,-28.88701],[-51.07077,-28.89591],[-51.06222,-28.90339],[-51.06024,-28.91279],[-51.05539,-28.91783],[-51.03651,-28.92152],[-51.03164,-28.92765],[-51.0167,-28.93148],[-50.98447,-28.9452],[-50.97877,-28.9459],[-50.96883,-28.95574],[-50.95748,-28.96099],[-50.95159,-28.97898],[-50.94395,-28.98147],[-50.93728,-28.99922],[-50.92182,-29.0036],[-50.92421,-29.01717],[-50.91857,-29.02538],[-50.93073,-29.02417],[-50.96201,-29.0125],[-50.96978,-29.01167],[-50.98969,-29.02253],[-51.00483,-29.02644],[-51.01207,-29.01719],[-51.01574,-29.02502],[-51.0294,-29.02794],[-51.03716,-29.03437],[-51.05639,-29.03095],[-51.06192,-29.03562],[-51.07204,-29.03269],[-51.083,-29.0377],[-51.08728,-29.03571],[-51.10573,-29.04025],[-51.11208,-29.03266]]]},"properties":{"CD_MUN":"4305108","NM_MUN":"Caxias do Sul","AREA_KM2":1652.32}},
{"type":"Feature","geometry":{"type":"Polygon","coordinates":[[[-51.92473,-27.75222],[-51.96298,-27.74924],[-51.96343,-27.73063],[-51.98333,-27.72683],[-51.98215,-27.72039],[-51.9886,-27.71676],[-52.00126,-27.69447],[-52.01668,-27.70995],[-52.01677,-27.71804],[-52.02169,-27.72057],[-52.0266,-27.73175],[-52.03974,-27.73702],[-52.04376,-27.74763],[-52.061,-27.76569],[-52.07058,-27.7645],[-52.07812,-27.77891],[-52.07332,-27.78978],[-52.07309,-27.80051],[-52.08474,-27.80064],[-52.08268,-27.81853],[-52.07758,-27.82011],[-52.06974,-27.813],[-52.0666,-27.82065],[-52.06012,-27.82123],[-52.05957,-27.83096],[-52.04529,-27.8237],[-52.03402,-27.82326],[-52.02628,-27.81686],[-51.99907,-27.82556],[-51.99682,-27.81788],[-51.98259,-27.82526],[-51.97789,-27.81875],[-51.963,-27.82284],[-51.95636,-27.83053],[-51.94995,-27.82678],[-51.96169,-27.81336],[-51.95233,-27.81158],[-51.9393,-27.81572],[-51.94532,-27.80016],[-51.95276,-27.79103],[-51.93974,-27.79078],[-51.92887,-27.78367],[-51.93145,-27.77234],[-51.92453,-27.76822],[-51.91747,-27.78145],[-51.91068,-27.78133],[-51.91558,-27.76692],[-51.92827,-27.75866],[-51.92473,-27.75222]]]},"properties":{"CD_MUN":"4305116","NM_MUN":"Centenário","AREA_KM2":134.23}},
{"type":"Feature","geometry":{"type":"Polygon","coordinates":[[[-52.82558,-31.85815],[-52.81235,-31.86391],[-52.80778,-31.85922],[-52.79892,-31.86345],[-52.78925,-31.86406],[-52.77361,-31.87334],[-52.74714,-31.87478],[-52.7382,-31.86716],[-52.72126,-31.87156],[-52.70762,-31.86986],[-52.69871,-31.87839],[-52.68043,-31.88231],[-52.67314,-31.88704],[-52.66531,-31.9],[-52.66203,-31.87919],[-52.67248,-31.86806],[-52.69209,-31.85637],[-52.69988,-31.84231],[-52.7152,-31.83389],[-52.71443,-31.82748],[-52.72329,-31.81944],[-52.73457,-31.81328],[-52.73583,-31.80431],[-52.73228,-31.79651],[-52.74408,-31.78944],[-52.74262,-31.77998],[-52.74604,-31.77587],[-52.73804,-31.7687],[-52.73146,-31.75752],[-52.73655,-31.74057],[-52.73575,-31.73314],[-52.72509,-31.72626],[-52.72526,-31.71973],[-52.71176,-31.71122],[-52.71393,-31.69861],[-52.70371,-31.69419],[-52.70534,-31.68217],[-52.70028,-31.67279],[-52.70369,-31.66335],[-52.7024,-31.64492],[-52.69881,-31.63672],[-52.71003,-31.6247],[-52.70966,-31.61135],[-52.73299,-31.60198],[-52.73989,-31.60167],[-52.77093,-31.60755],[-52.77944,-31.60554],[-52.78657,-31.60905],[-52.80148,-31.60977],[-52.82892,-31.60437],[-52.83239,-31.60034],[-52.8536,-31.59609],[-52.8624,-31.60793],[-52.87713,-31.60714],[-52.89056,-31.61987],[-52.87821,-31.63111],[-52.8953,-31.64898],[-52.89633,-31.66097],[-52.90336,-31.67207],[-52.88902,-31.67985],[-52.89773,-31.68982],[-52.89274,-31.70202],[-52.90076,-31.7227],[-52.89889,-31.73186],[-52.88812,-31.74128],[-52.88829,-31.75096],[-52.88181,-31.7507],[-52.86866,-31.75575],[-52.8676,-31.77177],[-52.87538,-31.7833],[-52.8842,-31.78357],[-52.89262,-31.80055],[-52.89151,-31.80641],[-52.87715,-31.80266],[-52.86656,-31.80757],[-52.86141,-31.81728],[-52.85428,-31.82144],[-52.84754,-31.83477],[-52.84848,-31.83858],[-52.83993,-31.84905],[-52.82604,-31.85502],[-52.82558,-31.85815]]]},"properties":{"CD_MUN":"4305124","NM_MUN":"Cerrito","AREA_KM2":451.699}},
{"type":"Feature","geometry":{"type":"Polygon","coordinates":[[[-53.04198,-29.67534],[-53.0386,-29.66024],[-53.0283,-29.65781],[-53.01644,-29.66197],[-53.01146,-29.67028],[-53.01689,-29.6783],[-53.01745,-29.68691],[-53.00946,-29.69715],[-52.99891,-29.70072],[-52.97311,-29.70029],[-52.96869,-29.7061],[-52.95296,-29.71194],[-52.93571,-29.72275],[-52.92971,-29.7192],[-52.92573,-29.70765],[-52.92632,-29.70125],[-52.93559,-29.68511],[-52.9332,-29.66502],[-52.93062,-29.65955],[-52.93382,-29.65196],[-52.9444,-29.64667],[-52.94335,-29.63605],[-52.94936,-29.63359],[-52.95244,-29.62065],[-52.95876,-29.61557],[-52.96207,-29.60213],[-52.95769,-29.59179],[-52.96401,-29.58046],[-52.96561,-29.57126],[-52.97052,-29.56296],[-52.97973,-29.55685],[-52.98602,-29.55113],[-53.00463,-29.5502],[-53.02155,-29.53097],[-53.03459,-29.53459],[-53.0382,-29.5392],[-53.02919,-29.5532],[-53.04867,-29.55478],[-53.05409,-29.55968],[-53.05813,-29.56959],[-53.05482,-29.57618],[-53.06125,-29.60484],[-53.04436,-29.63381],[-53.04827,-29.63623],[-53.04728,-29.6484],[-53.05544,-29.65483],[-53.04353,-29.65711],[-53.04198,-29.67534]]]},"properties":{"CD_MUN":"4305132","NM_MUN":"Cerro Branco","AREA_KM2":158.025}},
{"type":"Feature","geometry":{"type":"Polygon","coordinates":[[[-53.10053,-27.64645],[-53.09364,-27.64077],[-53.10817,-27.62798],[-53.12275,-27.62082],[-53.1037,-27.61547],[-53.10113,-27.60731],[-53.11464,-27.59883],[-53.1187,-27.5885],[-53.12743,-27.59234],[-53.14796,-27.60524],[-53.15667,-27.60345],[-53.16125,-27.59169],[-53.18396,-27.58774],[-53.19598,-27.59216],[-53.19887,-27.59951],[-53.20629,-27.60008],[-53.20415,-27.60472],[-53.21152,-27.61622],[-53.21128,-27.62293],[-53.21979,-27.6435],[-53.21992,-27.65271],[-53.21801,-27.65718],[-53.20424,-27.66483],[-53.1946,-27.66529],[-53.18329,-27.67034],[-53.17449,-27.66942],[-53.17664,-27.66279],[-53.16998,-27.65852],[-53.16109,-27.66416],[-53.15507,-27.66191],[-53.12875,-27.65007],[-53.12968,-27.64568],[-53.11623,-27.64261],[-53.11327,-27.6502],[-53.10053,-27.64645]]]},"properties":{"CD_MUN":"4305157","NM_MUN":"Cerro Grande","AREA_KM2":73.438}},
{"type":"Feature","geometry":{"type":"Polygon","coordinates":[[[-51.8983,-30.5717],[-51.8946,-30.57515],[-51.89247,-30.59132],[-51.88329,-30.59213],[-51.88626,-30.60151],[-51.88287,-30.60897],[-51.87165,-30.60902],[-51.84953,-30.62332],[-51.84718,-30.6367],[-51.83484,-30.63758],[-51.82468,-30.64959],[-51.8166,-30.64884],[-51.80753,-30.62984],[-51.80069,-30.62871],[-51.74571,-30.65734],[-51.74999,-30.67522],[-51.74371,-30.68174],[-51.72866,-30.68327],[-51.71138,-30.68057],[-51.70103,-30.68527],[-51.6972,-30.69042],[-51.68535,-30.68302],[-51.68858,-30.67727],[-51.68287,-30.67231],[-51.67643,-30.65497],[-51.66664,-30.64998],[-51.66663,-30.64178],[-51.65418,-30.64151],[-51.65279,-30.63281],[-51.65685,-30.62763],[-51.64875,-30.61366],[-51.65815,-30.60485],[-51.66321,-30.58968],[-51.65639,-30.58478],[-51.66566,-30.57016],[-51.65507,-30.56798],[-51.6583,-30.55641],[-51.65577,-30.5306],[-51.65762,-30.51868],[-51.66514,-30.51672],[-51.67202,-30.51],[-51.67901,-30.509],[-51.68929,-30.51542],[-51.69506,-30.52686],[-51.70532,-30.52435],[-51.71581,-30.52821],[-51.7391,-30.52742],[-51.75012,-30.53457],[-51.7518,-30.52645],[-51.75702,-30.52281],[-51.75486,-30.51367],[-51.75877,-30.50503],[-51.75961,-30.49889],[-51.76648,-30.49254],[-51.76444,-30.47691],[-51.76703,-30.46681],[-51.8983,-30.5717]]]},"properties":{"CD_MUN":"4305173","NM_MUN":"Cerro Grande do Sul","AREA_KM2":324.908}},
{"type":"Feature","geometry":{"type":"Polygon","coordinates":[[[-54.79513,-28.17631],[-54.78174,-28.16834],[-54.78326,-28.15638],[-54.77882,-28.15273],[-54.77076,-28.15836],[-54.77063,-28.18192],[-54.76916,-28.1864],[-54.7581,-28.19055],[-54.73977,-28.17726],[-54.73336,-28.18417],[-54.74569,-28.20803],[-54.73918,-28.2131],[-54.71658,-28.20576],[-54.71014,-28.20821],[-54.70646,-28.23139],[-54.69465,-28.23429],[-54.69027,-28.22757],[-54.69651,-28.21346],[-54.69731,-28.20202],[-54.69066,-28.20103],[-54.68518,-28.20802],[-54.67595,-28.22664],[-54.66328,-28.20873],[-54.6674,-28.2008],[-54.66189,-28.19515],[-54.64069,-28.20112],[-54.63443,-28.20743],[-54.63446,-28.20175],[-54.69543,-28.15995],[-54.69676,-28.06754],[-54.71069,-28.06772],[-54.71055,-28.05839],[-54.72483,-28.06278],[-54.7309,-28.0558],[-54.73822,-28.05857],[-54.74749,-28.06914],[-54.75808,-28.05874],[-54.75022,-28.04294],[-54.76261,-28.04201],[-54.78388,-28.04312],[-54.78384,-28.0496],[-54.79456,-28.05371],[-54.80806,-28.04671],[-54.8068,-28.0831],[-54.80562,-28.08442],[-54.8055,-28.12677],[-54.79531,-28.12679],[-54.79513,-28.17631]]]},"properties":{"CD_MUN":"4305207","NM_MUN":"Cerro Largo","AREA_KM2":176.643}},
{"type":"Feature","geometry":{"type":"Polygon","coordinates":[[[-52.96351,-28.17765],[-52.96863,-28.17187],[-52.97816,-28.17361],[-52.97497,-28.15161],[-52.97968,-28.14806],[-52.97523,-28.1386],[-52.9777,-28.13146],[-52.99013,-28.12145],[-52.9992,-28.11802],[-53.01217,-28.09718],[-53.00096,-28.08027],[-52.98749,-28.08043],[-52.9917,-28.07273],[-52.99957,-28.07091],[-52.99945,-28.06212],[-53.00805,-28.06318],[-53.0055,-28.05439],[-53.0096,-28.04399],[-53.02052,-28.04513],[-53.01651,-28.0372],[-53.02097,-28.03603],[-53.02017,-28.02163],[-53.02201,-28.00387],[-53.03105,-28.00393],[-53.0314,-27.9909],[-53.04328,-27.98263],[-53.05315,-27.96272],[-53.04699,-27.96045],[-53.03235,-27.96182],[-53.03535,-27.9525],[-53.05746,-27.94163],[-53.07049,-27.94123],[-53.06713,-27.93283],[-53.07211,-27.92369],[-53.0812,-27.92173],[-53.08845,-27.93395],[-53.09199,-27.93116],[-53.11065,-27.93179],[-53.11173,-27.9356],[-53.12367,-27.93959],[-53.14341,-27.93811],[-53.15627,-27.94333],[-53.16527,-27.95558],[-53.17713,-27.96114],[-53.17989,-27.96771],[-53.1928,-27.98718],[-53.19263,-27.99379],[-53.22334,-28.00077],[-53.23804,-28.00298],[-53.24488,-28.01141],[-53.24179,-28.02428],[-53.22927,-28.03529],[-53.21894,-28.03936],[-53.20891,-28.03887],[-53.19103,-28.04514],[-53.18764,-28.05368],[-53.19775,-28.06587],[-53.20891,-28.07402],[-53.22855,-28.07933],[-53.23849,-28.07156],[-53.24727,-28.07159],[-53.26053,-28.07885],[-53.28416,-28.0795],[-53.28885,-28.07731],[-53.30172,-28.0809],[-53.29816,-28.09373],[-53.28778,-28.11015],[-53.28012,-28.10912],[-53.27333,-28.11379],[-53.26915,-28.12564],[-53.2626,-28.1329],[-53.24916,-28.14229],[-53.24848,-28.14605],[-53.25773,-28.1581],[-53.25556,-28.16436],[-53.25026,-28.15965],[-53.23989,-28.16106],[-53.22335,-28.14642],[-53.19687,-28.15935],[-53.20179,-28.16479],[-53.19232,-28.17291],[-53.18464,-28.1843],[-53.18295,-28.20435],[-53.16782,-28.20784],[-53.16399,-28.21749],[-53.15877,-28.21865],[-53.1541,-28.2305],[-53.13491,-28.24652],[-53.13249,-28.25093],[-53.12231,-28.25528],[-53.12064,-28.25103],[-53.10178,-28.25739],[-53.0892,-28.26403],[-53.07325,-28.26191],[-53.06549,-28.24928],[-53.06357,-28.24204],[-53.05633,-28.24124],[-53.04945,-28.24549],[-53.03838,-28.23602],[-53.03519,-28.22488],[-53.02424,-28.22629],[-53.02255,-28.21602],[-53.0182,-28.20884],[-53.00194,-28.20162],[-52.9853,-28.18611],[-52.97942,-28.18832],[-52.97437,-28.18152],[-52.96379,-28.18691],[-52.96351,-28.17765]]]},"properties":{"CD_MUN":"4305306","NM_MUN":"Chapada","AREA_KM2":684.247}},
{"type":"Feature","geometry":{"type":"Polygon","coordinates":[[[-51.43479,-29.98318],[-51.44577,-29.97527],[-51.45082,-29.96222],[-51.46223,-29.94901],[-51.47594,-29.94286],[-51.48349,-29.94203],[-51.49621,-29.93196],[-51.50703,-29.92749],[-51.51668,-29.92898],[-51.53233,-29.92727],[-51.54432,-29.9298],[-51.56573,-29.93863],[-51.58454,-29.94019],[-51.60271,-29.94422],[-51.62785,-29.9462],[-51.6294,-29.94959],[-51.65356,-29.95458],[-51.65265,-29.96069],[-51.63704,-29.97208],[-51.6369,-29.97646],[-51.64686,-29.98535],[-51.65388,-29.99609],[-51.67045,-30.0029],[-51.68169,-30.01069],[-51.68259,-30.0185],[-51.66525,-30.03032],[-51.66118,-30.04769],[-51.65402,-30.05127],[-51.63684,-30.0537],[-51.62936,-30.06365],[-51.62052,-30.06111],[-51.62548,-30.05092],[-51.61422,-30.04506],[-51.60521,-30.03729],[-51.60466,-30.02794],[-51.60038,-30.01363],[-51.58942,-30.01049],[-51.58869,-30.02078],[-51.5739,-30.02252],[-51.57156,-30.03478],[-51.53777,-30.04845],[-51.52872,-30.0397],[-51.51874,-30.03734],[-51.51109,-30.039],[-51.49601,-30.03764],[-51.48766,-30.03456],[-51.47878,-30.0239],[-51.46658,-30.02297],[-51.44952,-30.0098],[-51.44259,-29.99101],[-51.43479,-29.98318]]]},"properties":{"CD_MUN":"4305355","NM_MUN":"Charqueadas","AREA_KM2":217.362}},
{"type":"Feature","geometry":{"type":"Polygon","coordinates":[[[-51.92939,-27.99064],[-51.92025,-27.99069],[-51.91222,-27.97574],[-51.92727,-27.96674],[-51.92266,-27.96371],[-51.91144,-27.96471],[-51.9097,-27.95242],[-51.91458,-27.94692],[-51.91766,-27.93567],[-51.93077,-27.93233],[-51.92029,-27.92354],[-51.92463,-27.90647],[-51.93521,-27.90931],[-51.93944,-27.90569],[-51.91879,-27.90029],[-51.92614,-27.89283],[-51.9338,-27.89061],[-51.93834,-27.88452],[-51.99392,-27.88494],[-52.00607,-27.89028],[-52.01755,-27.88125],[-52.04517,-27.88661],[-52.06076,-27.88488],[-52.06076,-27.89448],[-52.05058,-27.89541],[-52.05091,-27.90634],[-52.05876,-27.90527],[-52.06016,-27.89848],[-52.06741,-27.89636],[-52.07163,-27.9051],[-52.07164,-27.91387],[-52.08243,-27.90632],[-52.08199,-27.92186],[-52.07102,-27.92348],[-52.06896,-27.93196],[-52.08068,-27.93336],[-52.08563,-27.92508],[-52.0944,-27.92844],[-52.09135,-27.93592],[-52.08766,-27.94333],[-52.09596,-27.94971],[-52.09171,-27.95473],[-52.08656,-27.97519],[-52.08919,-27.97693],[-52.08324,-27.98449],[-52.07441,-27.98601],[-52.06483,-27.99337],[-52.05268,-27.9921],[-52.03668,-27.99799],[-52.02988,-28.00449],[-52.02033,-28.00488],[-51.99447,-28.01428],[-51.98457,-28.01466],[-51.97189,-28.00984],[-51.96793,-28.00362],[-51.97753,-27.99806],[-51.96283,-27.9812],[-51.9561,-27.98753],[-51.95106,-27.99989],[-51.93449,-27.99975],[-51.92939,-27.99064]]]},"properties":{"CD_MUN":"4305371","NM_MUN":"Charrua","AREA_KM2":198.748}},
{"type":"Feature","geometry":{"type":"Polygon","coordinates":[[[-54.03432,-27.98469],[-54.02028,-28.00047],[-54.00726,-28.01787],[-54.00252,-28.03046],[-53.99445,-28.03042],[-53.98918,-28.03757],[-53.99398,-28.04134],[-53.99291,-28.04855],[-53.98038,-28.06355],[-53.97086,-28.06674],[-53.96359,-28.06167],[-53.95298,-28.05967],[-53.93838,-28.06491],[-53.92856,-28.06182],[-53.91486,-28.07058],[-53.90453,-28.08276],[-53.90438,-28.09739],[-53.91002,-28.1154],[-53.90006,-28.11101],[-53.87831,-28.09811],[-53.87285,-28.08342],[-53.86821,-28.07885],[-53.84208,-28.07386],[-53.83341,-28.0631],[-53.81422,-28.0557],[-53.78538,-28.04475],[-53.77709,-28.03999],[-53.76791,-28.02664],[-53.75804,-28.0183],[-53.75454,-27.99748],[-53.74904,-27.99258],[-53.76034,-27.99457],[-53.77569,-27.99064],[-53.7796,-27.98614],[-53.79801,-27.98504],[-53.81376,-27.97354],[-53.83127,-27.96572],[-53.83774,-27.95738],[-53.84575,-27.95518],[-53.85148,-27.94054],[-53.85648,-27.93957],[-53.86409,-27.92591],[-53.87186,-27.92048],[-53.88727,-27.91628],[-53.89153,-27.89998],[-53.89777,-27.89528],[-53.90941,-27.88308],[-53.92056,-27.88155],[-53.92471,-27.87057],[-53.94128,-27.86212],[-53.94319,-27.85292],[-53.95338,-27.85155],[-53.95872,-27.86175],[-53.97272,-27.8686],[-53.97762,-27.87837],[-53.97544,-27.88406],[-53.99899,-27.91689],[-54.00372,-27.91479],[-54.01783,-27.92337],[-54.02684,-27.93334],[-54.02915,-27.94702],[-54.01995,-27.95208],[-54.01959,-27.96564],[-54.02333,-27.97297],[-54.03432,-27.98469]]]},"properties":{"CD_MUN":"4305405","NM_MUN":"Chiapetta","AREA_KM2":397.179}},
{"type":"Feature","geometry":{"type":"Polygon","coordinates":[[[-53.52278,-33.68926],[-53.43952,-33.69346],[-53.43645,-33.70135],[-53.43841,-33.71313],[-53.43575,-33.72396],[-53.43091,-33.73086],[-53.43105,-33.73935],[-53.42198,-33.74379],[-53.30045,-33.66178],[-53.33404,-33.63614],[-53.35836,-33.61599],[-53.35574,-33.61024],[-53.3658,-33.60249],[-53.36876,-33.59461],[-53.38275,-33.586],[-53.38744,-33.57819],[-53.40373,-33.57111],[-53.40142,-33.56599],[-53.41416,-33.56064],[-53.43134,-33.57707],[-53.45124,-33.59206],[-53.4673,-33.60927],[-53.47801,-33.61653],[-53.4802,-33.62588],[-53.49261,-33.63637],[-53.50472,-33.64963],[-53.5114,-33.66835],[-53.52181,-33.68447],[-53.52278,-33.68926]]]},"properties":{"CD_MUN":"4305439","NM_MUN":"Chuí","AREA_KM2":202.387}},
{"type":"Feature","geometry":{"type":"Polygon","coordinates":[[[-52.09805,-30.84055],[-52.09268,-30.83835],[-52.08265,-30.84077],[-52.07045,-30.85192],[-52.0616,-30.85595],[-52.06285,-30.86539],[-52.05514,-30.87392],[-52.04135,-30.86798],[-52.02988,-30.85708],[-52.01838,-30.85425],[-52.00454,-30.85737],[-52.00099,-30.85349],[-51.98923,-30.85137],[-51.98924,-30.8437],[-51.97453,-30.84241],[-51.96613,-30.8469],[-51.95714,-30.84115],[-51.94847,-30.84539],[-51.93595,-30.84786],[-51.93177,-30.83889],[-51.93448,-30.82177],[-51.94149,-30.80791],[-51.9509,-30.80065],[-51.94831,-30.79329],[-51.93749,-30.78231],[-51.92797,-30.7818],[-51.92554,-30.77146],[-51.92054,-30.77018],[-51.91824,-30.755],[-51.92426,-30.75203],[-51.93463,-30.74033],[-51.94106,-30.73916],[-51.94048,-30.72251],[-51.93735,-30.71078],[-51.94157,-30.70479],[-51.9506,-30.70022],[-51.94928,-30.6946],[-51.95525,-30.68429],[-51.95623,-30.67635],[-51.96873,-30.6708],[-51.97917,-30.66047],[-51.98792,-30.66649],[-51.9995,-30.66905],[-51.99804,-30.67718],[-51.99031,-30.68019],[-51.98282,-30.69888],[-51.98644,-30.71706],[-52.0005,-30.71529],[-52.00846,-30.72409],[-52.01538,-30.7223],[-52.01822,-30.72965],[-52.05243,-30.74105],[-52.06229,-30.73847],[-52.06831,-30.75515],[-52.07685,-30.77305],[-52.07478,-30.77812],[-52.08814,-30.78901],[-52.09232,-30.79787],[-52.09017,-30.8039],[-52.09705,-30.81141],[-52.09423,-30.82011],[-52.10197,-30.83258],[-52.09805,-30.84055]]]},"properties":{"CD_MUN":"4305447","NM_MUN":"Chuvisca","AREA_KM2":220.471}},
{"type":"Feature","geometry":{"type":"Polygon","coordinates":[[[-50.17031,-30.09706],[-50.2107,-30.0833],[-50.20584,-30.07159],[-50.1953,-30.0715],[-50.18822,-30.05734],[-50.19138,-30.04921],[-50.19981,-30.04044],[-50.21163,-30.04145],[-50.22108,-30.05113],[-50.23325,-30.05631],[-50.25072,-30.06088],[-50.25698,-30.0653],[-50.2647,-30.05297],[-50.27356,-30.04378],[-50.28866,-30.05482],[-50.30268,-30.06051],[-50.30684,-30.06734],[-50.33451,-30.06506],[-50.34283,-30.061],[-50.34869,-30.05324],[-50.36379,-30.06351],[-50.36698,-30.0759],[-50.37271,-30.08876],[-50.37412,-30.09942],[-50.38045,-30.11546],[-50.38744,-30.12455],[-50.38732,-30.131],[-50.38153,-30.13773],[-50.38837,-30.15167],[-50.39424,-30.15789],[-50.37401,-30.16009],[-50.34626,-30.15957],[-50.31272,-30.14751],[-50.30723,-30.14663],[-50.29591,-30.15794],[-50.28034,-30.15922],[-50.26382,-30.17053],[-50.25694,-30.17276],[-50.25054,-30.2283],[-50.2241,-30.23626],[-50.21901,-30.22247],[-50.17031,-30.09706]]]},"properties":{"CD_MUN":"4305454","NM_MUN":"Cidreira","AREA_KM2":243.419}},
{"type":"Feature","geometry":{"type":"Polygon","coordinates":[[[-51.85755,-28.25231],[-51.86502,-28.25804],[-51.87285,-28.25734],[-51.88442,-28.2608],[-51.90303,-28.25623],[-51.90628,-28.24593],[-51.91374,-28.24131],[-51.92066,-28.24416],[-51.92934,-28.24139],[-51.93615,-28.24653],[-51.94615,-28.24416],[-51.9498,-28.25135],[-51.95789,-28.25368],[-51.96816,-28.27829],[-51.9717,-28.2898],[-51.99484,-28.29037],[-52.01991,-28.30265],[-52.01192,-28.30628],[-52.00561,-28.31746],[-51.98868,-28.32558],[-51.98021,-28.32555],[-51.96379,-28.33121],[-51.97613,-28.34419],[-51.96812,-28.3663],[-51.974,-28.39427],[-51.98116,-28.40517],[-51.98029,-28.40914],[-51.9884,-28.42743],[-51.98491,-28.4344],[-51.99105,-28.43943],[-51.9763,-28.444],[-51.96135,-28.4559],[-51.96479,-28.45926],[-51.95672,-28.47128],[-51.94706,-28.46931],[-51.94135,-28.47363],[-51.92666,-28.47642],[-51.92468,-28.48895],[-51.92023,-28.4942],[-51.9124,-28.48435],[-51.91541,-28.47834],[-51.90599,-28.46736],[-51.90189,-28.45867],[-51.91145,-28.4527],[-51.90855,-28.44445],[-51.91153,-28.43026],[-51.90844,-28.42145],[-51.90278,-28.41674],[-51.90733,-28.41162],[-51.89846,-28.40407],[-51.89441,-28.39485],[-51.87612,-28.38927],[-51.87673,-28.37886],[-51.86675,-28.37956],[-51.86374,-28.37432],[-51.84952,-28.37094],[-51.85072,-28.35969],[-51.84203,-28.35471],[-51.83344,-28.35688],[-51.81755,-28.3385],[-51.82633,-28.32283],[-51.83384,-28.3141],[-51.83339,-28.30814],[-51.83806,-28.29692],[-51.83209,-28.2895],[-51.83694,-28.27749],[-51.8454,-28.26969],[-51.8454,-28.26107],[-51.85755,-28.25231]]]},"properties":{"CD_MUN":"4305504","NM_MUN":"Ciríaco","AREA_KM2":274.35}},
{"type":"Feature","geometry":{"type":"Polygon","coordinates":[[[-51.90894,-29.35213],[-51.89986,-29.35688],[-51.87847,-29.37561],[-51.87384,-29.38702],[-51.87801,-29.39287],[-51.88767,-29.39464],[-51.89024,-29.40165],[-51.90926,-29.41678],[-51.91954,-29.41372],[-51.91396,-29.40242],[-51.91623,-29.39781],[-51.92655,-29.39747],[-51.94964,-29.41569],[-51.93109,-29.41721],[-51.93268,-29.42561],[-51.84235,-29.42396],[-51.81241,-29.40611],[-51.79826,-29.38974],[-51.80754,-29.37971],[-51.83959,-29.38007],[-51.83975,-29.373],[-51.84634,-29.36819],[-51.85862,-29.36846],[-51.86213,-29.36014],[-51.83937,-29.35499],[-51.83932,-29.34366],[-51.87547,-29.34416],[-51.90894,-29.35213]]]},"properties":{"CD_MUN":"4305587","NM_MUN":"Colinas","AREA_KM2":60.732}},
{"type":"Feature","geometry":{"type":"Polygon","coordinates":[[[-53.07917,-28.49247],[-53.07245,-28.50324],[-53.06257,-28.51051],[-53.05233,-28.53687],[-53.04268,-28.53773],[-53.04568,-28.54823],[-53.02858,-28.55349],[-53.03162,-28.5608],[-53.01797,-28.56317],[-53.02035,-28.57216],[-53.02526,-28.57453],[-53.01754,-28.58917],[-53.00995,-28.58721],[-52.99668,-28.58942],[-52.98012,-28.58426],[-52.96246,-28.57664],[-52.95538,-28.57624],[-52.93751,-28.58422],[-52.92695,-28.58466],[-52.92158,-28.58062],[-52.92486,-28.57284],[-52.91771,-28.57142],[-52.91597,-28.56076],[-52.92061,-28.55429],[-52.92064,-28.54012],[-52.92786,-28.53864],[-52.93397,-28.52805],[-52.91969,-28.52104],[-52.92361,-28.50661],[-52.93768,-28.51018],[-52.93939,-28.49884],[-52.9462,-28.49631],[-52.94506,-28.48612],[-52.93993,-28.47725],[-52.94082,-28.4593],[-52.93943,-28.44219],[-52.93328,-28.44299],[-52.93582,-28.42877],[-52.92854,-28.42719],[-52.92882,-28.40637],[-52.9267,-28.40182],[-52.93774,-28.38821],[-52.93982,-28.37971],[-52.94219,-28.37015],[-52.94708,-28.3639],[-52.95132,-28.3513],[-52.94738,-28.33861],[-52.95498,-28.33388],[-52.97697,-28.34034],[-52.98201,-28.34625],[-53.00102,-28.35603],[-53.00173,-28.36793],[-52.9978,-28.37415],[-53.00853,-28.3845],[-53.02602,-28.38857],[-53.04,-28.38523],[-53.05762,-28.39686],[-53.05375,-28.40257],[-53.05594,-28.41749],[-53.04779,-28.42591],[-53.05356,-28.44589],[-53.05971,-28.44826],[-53.06283,-28.45973],[-53.07386,-28.47615],[-53.07408,-28.48842],[-53.07917,-28.49247]]]},"properties":{"CD_MUN":"4305603","NM_MUN":"Colorado","AREA_KM2":286.295}},
{"type":"Feature","geometry":{"type":"Polygon","coordinates":[[[-53.3115,-28.19509],[-53.31505,-28.19265],[-53.31499,-28.17875],[-53.32172,-28.17444],[-53.33185,-28.17412],[-53.33538,-28.16635],[-53.3462,-28.17015],[-53.34264,-28.15914],[-53.35,-28.15553],[-53.35297,-28.12875],[-53.35868,-28.12797],[-53.37422,-28.13518],[-53.3812,-28.13398],[-53.39238,-28.13789],[-53.403,-28.13623],[-53.40587,-28.12253],[-53.41766,-28.11576],[-53.41755,-28.10765],[-53.41165,-28.10141],[-53.41179,-28.08741],[-53.43137,-28.07956],[-53.45541,-28.07789],[-53.46489,-28.07993],[-53.47588,-28.08814],[-53.47597,-28.09497],[-53.48469,-28.10287],[-53.49,-28.12264],[-53.50712,-28.14673],[-53.51177,-28.1449],[-53.51159,-28.13236],[-53.52063,-28.11216],[-53.52077,-28.09906],[-53.52959,-28.09465],[-53.52968,-28.08741],[-53.54023,-28.08417],[-53.52684,-28.06588],[-53.5431,-28.0622],[-53.55724,-28.05689],[-53.56774,-28.04102],[-53.58555,-28.03909],[-53.59061,-28.04171],[-53.59756,-28.05268],[-53.60401,-28.05722],[-53.60894,-28.06994],[-53.62281,-28.09262],[-53.62064,-28.1012],[-53.62354,-28.10911],[-53.6232,-28.11945],[-53.61764,-28.12145],[-53.61992,-28.14569],[-53.62447,-28.1589],[-53.62325,-28.16931],[-53.61882,-28.17418],[-53.62256,-28.18909],[-53.62082,-28.20622],[-53.63701,-28.22411],[-53.63571,-28.24005],[-53.64442,-28.25088],[-53.64071,-28.25771],[-53.63894,-28.27043],[-53.62681,-28.27345],[-53.62517,-28.26445],[-53.61464,-28.26013],[-53.61668,-28.25481],[-53.60888,-28.24863],[-53.60035,-28.24842],[-53.59441,-28.23683],[-53.58387,-28.24634],[-53.57618,-28.24022],[-53.56248,-28.24395],[-53.55288,-28.24297],[-53.54806,-28.23278],[-53.53608,-28.22644],[-53.52939,-28.2345],[-53.52342,-28.22421],[-53.51441,-28.22051],[-53.5049,-28.22038],[-53.49944,-28.22804],[-53.49185,-28.23097],[-53.47626,-28.23101],[-53.46742,-28.23452],[-53.46462,-28.24398],[-53.45324,-28.23458],[-53.4513,-28.24279],[-53.44563,-28.24545],[-53.43385,-28.24246],[-53.43071,-28.23867],[-53.40798,-28.24501],[-53.40054,-28.24228],[-53.39039,-28.24566],[-53.3797,-28.24089],[-53.36314,-28.23798],[-53.34927,-28.24099],[-53.33872,-28.23145],[-53.32514,-28.22274],[-53.31866,-28.21538],[-53.31757,-28.20569],[-53.31106,-28.20444],[-53.3115,-28.19509]]]},"properties":{"CD_MUN":"4305702","NM_MUN":"Condor","AREA_KM2":463.568}},
{"type":"Feature","geometry":{"type":"Polygon","coordinates":[[[-53.0751,-27.67515],[-53.06861,-27.686],[-53.06934,-27.69285],[-53.06263,-27.69787],[-53.05302,-27.69958],[-53.03983,-27.7051],[-53.03608,-27.72669],[-53.02459,-27.72641],[-53.02472,-27.73784],[-53.01984,-27.74578],[-53.02611,-27.74975],[-53.02481,-27.76031],[-53.01068,-27.76103],[-53.00986,-27.76622],[-53.01901,-27.77496],[-53.01667,-27.78181],[-53.00967,-27.78148],[-53.00593,-27.78725],[-52.98524,-27.78373],[-52.98443,-27.79049],[-52.97277,-27.78103],[-52.9842,-27.7698],[-52.98275,-27.76349],[-52.97261,-27.7596],[-52.97415,-27.76989],[-52.95284,-27.77164],[-52.94019,-27.76368],[-52.93483,-27.76618],[-52.9174,-27.7528],[-52.91741,-27.74457],[-52.91219,-27.73832],[-52.92557,-27.7358],[-52.92894,-27.72806],[-52.94606,-27.71866],[-52.9556,-27.70536],[-52.95762,-27.68595],[-52.96475,-27.68182],[-52.95718,-27.67421],[-52.94914,-27.68787],[-52.93715,-27.68013],[-52.93332,-27.6839],[-52.91648,-27.67247],[-52.90608,-27.67209],[-52.89958,-27.66082],[-52.90741,-27.65886],[-52.908,-27.64994],[-52.91422,-27.64526],[-52.93911,-27.63603],[-52.91991,-27.61356],[-52.91879,-27.60909],[-52.92884,-27.59463],[-52.94646,-27.58825],[-52.95155,-27.62575],[-52.9689,-27.62911],[-52.97285,-27.63912],[-52.98558,-27.62987],[-52.99901,-27.60981],[-53.03074,-27.63118],[-53.04202,-27.63697],[-53.04831,-27.63627],[-53.05479,-27.64496],[-53.06685,-27.64412],[-53.07903,-27.65112],[-53.1017,-27.65432],[-53.10053,-27.64645],[-53.11327,-27.6502],[-53.10623,-27.66362],[-53.09872,-27.66684],[-53.08671,-27.66385],[-53.07352,-27.66983],[-53.0751,-27.67515]]]},"properties":{"CD_MUN":"4305801","NM_MUN":"Constantina","AREA_KM2":203.614}},
{"type":"Feature","geometry":{"type":"Polygon","coordinates":[[[-52.15868,-29.21388],[-52.15021,-29.21303],[-52.14198,-29.20742],[-52.14035,-29.21655],[-52.1212,-29.21701],[-52.12092,-29.22798],[-52.1134,-29.23282],[-52.09622,-29.23278],[-52.09478,-29.22394],[-52.08798,-29.22064],[-52.09246,-29.21274],[-52.07742,-29.21254],[-52.07833,-29.20391],[-52.07437,-29.19641],[-52.06546,-29.1962],[-52.05304,-29.18969],[-52.04564,-29.19],[-52.03225,-29.17479],[-52.01801,-29.16727],[-52.02564,-29.16428],[-52.05287,-29.16156],[-52.06365,-29.16231],[-52.07053,-29.16729],[-52.08653,-29.17059],[-52.08872,-29.15447],[-52.12199,-29.14844],[-52.12971,-29.13866],[-52.13685,-29.13547],[-52.14441,-29.10784],[-52.15164,-29.08782],[-52.16553,-29.0888],[-52.16829,-29.10082],[-52.17441,-29.10751],[-52.19191,-29.11028],[-52.19513,-29.11677],[-52.20137,-29.12335],[-52.18649,-29.13762],[-52.18715,-29.15686],[-52.18522,-29.16459],[-52.17227,-29.16557],[-52.16738,-29.17536],[-52.17553,-29.18698],[-52.1672,-29.19159],[-52.17115,-29.20966],[-52.1571,-29.20699],[-52.15868,-29.21388]]]},"properties":{"CD_MUN":"4305835","NM_MUN":"Coqueiro Baixo","AREA_KM2":112.638}},
{"type":"Feature","geometry":{"type":"Polygon","coordinates":[[[-52.82498,-28.1957],[-52.8144,-28.19603],[-52.80653,-28.20193],[-52.80258,-28.20889],[-52.79869,-28.22461],[-52.78942,-28.22932],[-52.77893,-28.22929],[-52.76321,-28.24123],[-52.75709,-28.23105],[-52.74888,-28.23146],[-52.74489,-28.22272],[-52.73847,-28.22421],[-52.73049,-28.21473],[-52.70768,-28.20452],[-52.70352,-28.19874],[-52.68787,-28.19457],[-52.67641,-28.18588],[-52.67233,-28.17992],[-52.65447,-28.16909],[-52.65591,-28.13845],[-52.66454,-28.13624],[-52.66025,-28.12258],[-52.67381,-28.11163],[-52.68788,-28.11488],[-52.69535,-28.10581],[-52.69858,-28.09659],[-52.70639,-28.08477],[-52.71616,-28.07785],[-52.71731,-28.06991],[-52.72423,-28.0596],[-52.7376,-28.05531],[-52.75532,-28.03651],[-52.76655,-28.03851],[-52.77518,-28.0282],[-52.78515,-28.03622],[-52.79743,-28.03333],[-52.80917,-28.03954],[-52.82195,-28.03516],[-52.82819,-28.02921],[-52.83239,-28.02999],[-52.83165,-28.04096],[-52.84196,-28.05297],[-52.83893,-28.0604],[-52.84696,-28.06242],[-52.85067,-28.05598],[-52.86473,-28.06282],[-52.86614,-28.06938],[-52.86791,-28.0854],[-52.85237,-28.09319],[-52.83339,-28.09666],[-52.82119,-28.10612],[-52.81144,-28.11893],[-52.80634,-28.12191],[-52.80908,-28.13379],[-52.81857,-28.15169],[-52.82743,-28.16319],[-52.82125,-28.17356],[-52.82498,-28.1957]]]},"properties":{"CD_MUN":"4305850","NM_MUN":"Coqueiros do Sul","AREA_KM2":277.147}},
{"type":"Feature","geometry":{"type":"Polygon","coordinates":[[[-53.98212,-28.44189],[-53.98459,-28.34687],[-53.9971,-28.33431],[-54.0078,-28.33808],[-54.00078,-28.34723],[-54.00743,-28.3498],[-54.01282,-28.34311],[-54.02583,-28.33875],[-54.02761,-28.33444],[-54.02139,-28.32127],[-54.02655,-28.31849],[-54.03707,-28.33073],[-54.03215,-28.34175],[-54.04135,-28.35968],[-54.04979,-28.35036],[-54.06667,-28.34229],[-54.08611,-28.33762],[-54.08957,-28.34137],[-54.08553,-28.35707],[-54.09252,-28.35749],[-54.09711,-28.34453],[-54.10908,-28.33504],[-54.11362,-28.34642],[-54.10463,-28.35667],[-54.0964,-28.35775],[-54.09756,-28.36787],[-54.11427,-28.36139],[-54.12509,-28.34592],[-54.13307,-28.35536],[-54.12857,-28.35936],[-54.11767,-28.3611],[-54.10879,-28.37408],[-54.1103,-28.39188],[-54.09326,-28.42596],[-54.14859,-28.43284],[-54.1496,-28.44043],[-54.13873,-28.46004],[-54.13898,-28.46588],[-54.13979,-28.48436],[-54.12801,-28.49012],[-54.11343,-28.47761],[-54.10975,-28.46816],[-54.08267,-28.47493],[-54.07201,-28.46239],[-54.04726,-28.47069],[-54.04095,-28.45708],[-54.04251,-28.43895],[-54.04566,-28.43426],[-54.03432,-28.42759],[-54.04,-28.42099],[-54.02483,-28.413],[-54.01781,-28.41567],[-54.02107,-28.42219],[-54.00932,-28.43013],[-54.00123,-28.4261],[-53.99692,-28.44212],[-53.98591,-28.43764],[-53.98212,-28.44189]]]},"properties":{"CD_MUN":"4305871","NM_MUN":"Coronel Barros","AREA_KM2":163.684}},
{"type":"Feature","geometry":{"type":"Polygon","coordinates":[[[-53.78021,-27.75479],[-53.76984,-27.76317],[-53.7735,-27.76958],[-53.76655,-27.77384],[-53.7618,-27.76893],[-53.7548,-27.7714],[-53.7475,-27.76907],[-53.74435,-27.78557],[-53.7277,-27.79024],[-53.73386,-27.79642],[-53.73378,-27.80464],[-53.72363,-27.8179],[-53.72894,-27.82509],[-53.72212,-27.82972],[-53.72584,-27.83532],[-53.72319,-27.84531],[-53.71376,-27.86108],[-53.70786,-27.86182],[-53.70034,-27.87046],[-53.6908,-27.8773],[-53.70108,-27.8841],[-53.69236,-27.88788],[-53.68475,-27.89652],[-53.68822,-27.9034],[-53.68409,-27.90797],[-53.69036,-27.91984],[-53.68773,-27.92977],[-53.67995,-27.93342],[-53.67297,-27.92897],[-53.66029,-27.9288],[-53.64024,-27.93926],[-53.64167,-27.94585],[-53.6326,-27.9538],[-53.62415,-27.94538],[-53.61429,-27.93906],[-53.60699,-27.92612],[-53.59422,-27.91435],[-53.58612,-27.91312],[-53.57314,-27.90695],[-53.56804,-27.90145],[-53.5638,-27.88971],[-53.55584,-27.88532],[-53.55403,-27.89491],[-53.5458,-27.89403],[-53.54137,-27.88209],[-53.52911,-27.86642],[-53.52287,-27.84645],[-53.51863,-27.84363],[-53.51597,-27.83313],[-53.52335,-27.82676],[-53.51482,-27.82259],[-53.51195,-27.81715],[-53.5201,-27.81214],[-53.52594,-27.80258],[-53.52491,-27.7954],[-53.53584,-27.79101],[-53.53073,-27.78601],[-53.54332,-27.78131],[-53.54806,-27.77105],[-53.55758,-27.76594],[-53.56465,-27.75643],[-53.57542,-27.75478],[-53.57047,-27.74869],[-53.56051,-27.74381],[-53.56639,-27.73491],[-53.58065,-27.73494],[-53.58127,-27.72938],[-53.57339,-27.71951],[-53.58045,-27.71217],[-53.57671,-27.70356],[-53.5818,-27.7007],[-53.58344,-27.69051],[-53.57982,-27.68092],[-53.58949,-27.68785],[-53.6048,-27.6894],[-53.60633,-27.69434],[-53.61755,-27.69753],[-53.63227,-27.70902],[-53.67538,-27.68813],[-53.67734,-27.68295],[-53.6893,-27.67322],[-53.70681,-27.66772],[-53.71565,-27.66694],[-53.73368,-27.66188],[-53.74473,-27.65596],[-53.76264,-27.67226],[-53.76863,-27.68023],[-53.7744,-27.70708],[-53.75656,-27.71508],[-53.75469,-27.72091],[-53.77097,-27.72442],[-53.77106,-27.72874],[-53.76113,-27.73986],[-53.75883,-27.75459],[-53.78021,-27.75479]]]},"properties":{"CD_MUN":"4305900","NM_MUN":"Coronel Bicaco","AREA_KM2":492.303}},
{"type":"Feature","geometry":{"type":"Polygon","coordinates":[[[-51.78003,-29.29892],[-51.76158,-29.29529],[-51.74347,-29.30921],[-51.72978,-29.30084],[-51.72537,-29.29465],[-51.71531,-29.29697],[-51.71323,-29.30378],[-51.70093,-29.30433],[-51.69306,-29.29554],[-51.65,-29.29392],[-51.65064,-29.27358],[-51.64603,-29.27366],[-51.64643,-29.25379],[-51.65226,-29.24707],[-51.67669,-29.24691],[-51.68024,-29.23976],[-51.67946,-29.22324],[-51.68483,-29.21264],[-51.73056,-29.21235],[-51.74501,-29.20708],[-51.75,-29.2081],[-51.74685,-29.21552],[-51.75552,-29.21869],[-51.75428,-29.22448],[-51.75478,-29.26056],[-51.80148,-29.25977],[-51.797,-29.29941],[-51.78003,-29.29892]]]},"properties":{"CD_MUN":"4305934","NM_MUN":"Coronel Pilar","AREA_KM2":105.668}},
{"type":"Feature","geometry":{"type":"Polygon","coordinates":[[[-51.68171,-29.08899],[-51.67926,-29.07239],[-51.66733,-29.07334],[-51.65207,-29.08567],[-51.63751,-29.08887],[-51.63416,-29.08581],[-51.63366,-29.07307],[-51.63933,-29.06355],[-51.6494,-29.06064],[-51.67622,-29.06498],[-51.6791,-29.06029],[-51.66474,-29.04382],[-51.65711,-29.02033],[-51.65176,-29.01422],[-51.63392,-29.01428],[-51.62932,-29.02073],[-51.62356,-29.01746],[-51.61815,-28.99468],[-51.61767,-28.98334],[-51.62354,-28.96192],[-51.62357,-28.94897],[-51.62984,-28.94677],[-51.62747,-28.92754],[-51.6937,-28.93178],[-51.78091,-28.93749],[-51.76761,-28.94329],[-51.76936,-28.95702],[-51.75706,-28.95709],[-51.75667,-28.96352],[-51.77478,-28.96207],[-51.77749,-28.97003],[-51.753,-28.97428],[-51.75056,-28.9813],[-51.75953,-28.99111],[-51.76002,-28.99649],[-51.74118,-28.99452],[-51.73854,-29.00012],[-51.74285,-29.00564],[-51.73753,-29.01906],[-51.72773,-29.02386],[-51.72915,-29.03557],[-51.71454,-29.04196],[-51.71033,-29.04598],[-51.72001,-29.0548],[-51.71963,-29.05954],[-51.71067,-29.0805],[-51.71404,-29.09067],[-51.70836,-29.09506],[-51.69548,-29.09725],[-51.68609,-29.09595],[-51.68171,-29.08899]]]},"properties":{"CD_MUN":"4305959","NM_MUN":"Cotiporã","AREA_KM2":173.207}},
{"type":"Feature","geometry":{"type":"Polygon","coordinates":[[[-52.48945,-28.12014],[-52.4817,-28.12691],[-52.48649,-28.13569],[-52.46508,-28.16759],[-52.44898,-28.17109],[-52.44062,-28.17507],[-52.41073,-28.17488],[-52.39789,-28.18872],[-52.38047,-28.18516],[-52.3679,-28.19178],[-52.35315,-28.19397],[-52.33597,-28.20063],[-52.32783,-28.19675],[-52.31485,-28.19607],[-52.30339,-28.19159],[-52.29788,-28.19979],[-52.28851,-28.20405],[-52.28606,-28.22997],[-52.27716,-28.22831],[-52.27135,-28.22428],[-52.26861,-28.21008],[-52.25853,-28.19792],[-52.24924,-28.19357],[-52.24672,-28.18779],[-52.23326,-28.1771],[-52.21598,-28.17076],[-52.20404,-28.17663],[-52.19391,-28.1753],[-52.18801,-28.16688],[-52.18922,-28.15205],[-52.17553,-28.14359],[-52.17612,-28.1366],[-52.18266,-28.13218],[-52.17642,-28.11802],[-52.1786,-28.10787],[-52.17617,-28.09541],[-52.18377,-28.09481],[-52.18082,-28.08599],[-52.17059,-28.08659],[-52.17252,-28.07915],[-52.16458,-28.07359],[-52.17431,-28.06428],[-52.18155,-28.06795],[-52.18659,-28.06495],[-52.19736,-28.06723],[-52.20189,-28.06426],[-52.21395,-28.06469],[-52.22464,-28.0741],[-52.24069,-28.07924],[-52.24145,-28.07292],[-52.24755,-28.06352],[-52.25922,-28.0716],[-52.27104,-28.06788],[-52.28925,-28.07722],[-52.29602,-28.07595],[-52.29745,-28.0625],[-52.30789,-28.05136],[-52.31444,-28.04969],[-52.31689,-28.03639],[-52.32636,-28.02885],[-52.35341,-28.03243],[-52.35916,-28.02399],[-52.36892,-28.02766],[-52.37703,-28.01919],[-52.37884,-28.03695],[-52.37555,-28.04318],[-52.37732,-28.05957],[-52.38216,-28.07072],[-52.38191,-28.08124],[-52.38894,-28.09025],[-52.39757,-28.08839],[-52.40091,-28.07787],[-52.42924,-28.06961],[-52.43185,-28.07688],[-52.44005,-28.07047],[-52.4546,-28.07975],[-52.4563,-28.07432],[-52.47664,-28.0725],[-52.47701,-28.06557],[-52.49228,-28.0427],[-52.50354,-28.03441],[-52.50696,-28.03609],[-52.49984,-28.04496],[-52.51404,-28.05087],[-52.51374,-28.06175],[-52.50363,-28.05592],[-52.49225,-28.06693],[-52.50025,-28.08079],[-52.4954,-28.10081],[-52.50282,-28.10761],[-52.49684,-28.11814],[-52.48945,-28.12014]]]},"properties":{"CD_MUN":"4305975","NM_MUN":"Coxilha","AREA_KM2":422.101}},
{"type":"Feature","geometry":{"type":"Polygon","coordinates":[[[-54.1989,-27.55891],[-54.18899,-27.56167],[-54.17849,-27.5562],[-54.16708,-27.56038],[-54.16775,-27.56963],[-54.16024,-27.57511],[-54.1538,-27.56332],[-54.13761,-27.56372],[-54.12591,-27.55739],[-54.12171,-27.56146],[-54.09482,-27.55534],[-54.08503,-27.55109],[-54.07745,-27.55335],[-54.07076,-27.55076],[-54.06148,-27.55906],[-54.07225,-27.57612],[-54.0464,-27.58084],[-54.03306,-27.57179],[-54.03454,-27.56616],[-54.02432,-27.55534],[-54.01202,-27.54763],[-54.00421,-27.53387],[-53.99237,-27.52199],[-53.98137,-27.52424],[-53.97439,-27.51378],[-53.99739,-27.49834],[-53.99426,-27.49123],[-54.00414,-27.48022],[-54.00666,-27.47304],[-54.02059,-27.47846],[-54.0321,-27.46833],[-54.02533,-27.46033],[-54.0376,-27.45211],[-54.05077,-27.4497],[-54.07016,-27.45663],[-54.06622,-27.44413],[-54.07151,-27.44207],[-54.0795,-27.44715],[-54.08724,-27.44476],[-54.09452,-27.44746],[-54.10184,-27.43736],[-54.11233,-27.44058],[-54.12423,-27.43543],[-54.12448,-27.43076],[-54.11515,-27.42332],[-54.11795,-27.41753],[-54.13398,-27.42704],[-54.13578,-27.41241],[-54.14854,-27.42042],[-54.15076,-27.41319],[-54.14071,-27.40671],[-54.14917,-27.40229],[-54.16278,-27.40529],[-54.16182,-27.39796],[-54.17102,-27.39753],[-54.16996,-27.41101],[-54.18447,-27.41233],[-54.19524,-27.40558],[-54.18776,-27.4015],[-54.18527,-27.39328],[-54.19972,-27.39603],[-54.20424,-27.40067],[-54.21767,-27.40322],[-54.21742,-27.385],[-54.22229,-27.38947],[-54.23535,-27.39371],[-54.2426,-27.39296],[-54.25984,-27.39624],[-54.26751,-27.40429],[-54.27066,-27.41873],[-54.26781,-27.43135],[-54.27202,-27.44105],[-54.28393,-27.44782],[-54.28734,-27.45564],[-54.27846,-27.4588],[-54.25924,-27.44612],[-54.24246,-27.45009],[-54.2613,-27.45584],[-54.26079,-27.46731],[-54.23331,-27.46843],[-54.23101,-27.47864],[-54.2332,-27.49648],[-54.23552,-27.50068],[-54.25746,-27.49895],[-54.25207,-27.50455],[-54.2346,-27.50476],[-54.2275,-27.51019],[-54.23627,-27.52943],[-54.2305,-27.54284],[-54.22118,-27.54488],[-54.21498,-27.53967],[-54.2029,-27.54743],[-54.1989,-27.55891]]]},"properties":{"CD_MUN":"4306007","NM_MUN":"Crissiumal","AREA_KM2":362.194}},
{"type":"Feature","geometry":{"type":"Polygon","coordinates":[[[-52.24488,-30.98531],[-52.23184,-30.98336],[-52.2163,-30.98704],[-52.20705,-30.99409],[-52.17013,-31.00283],[-52.14716,-31.00355],[-52.14196,-31.00603],[-52.12124,-30.99769],[-52.11076,-30.99804],[-52.09836,-31.00422],[-52.10957,-31.00717],[-52.11672,-31.0177],[-52.13319,-31.02598],[-52.14152,-31.03274],[-52.15132,-31.03589],[-52.15574,-31.04096],[-52.14744,-31.05016],[-52.13651,-31.04906],[-52.125,-31.05897],[-52.12029,-31.06933],[-52.11365,-31.07591],[-52.11641,-31.08607],[-52.11378,-31.09184],[-52.1232,-31.09453],[-52.12617,-31.10763],[-52.11843,-31.11123],[-52.1071,-31.11015],[-52.09539,-31.13194],[-52.08886,-31.14014],[-52.08873,-31.14681],[-52.0661,-31.15782],[-52.05607,-31.16034],[-52.03096,-31.14955],[-52.02596,-31.16511],[-52.02174,-31.14996],[-52.01464,-31.13199],[-52.01829,-31.12406],[-52.01745,-31.11238],[-52.00818,-31.1038],[-51.99671,-31.09995],[-51.98729,-31.09992],[-51.97922,-31.10337],[-51.96437,-31.1037],[-51.95834,-31.1067],[-51.94455,-31.10525],[-51.93289,-31.11025],[-51.93229,-31.10374],[-51.94499,-31.10216],[-51.94739,-31.09652],[-51.95634,-31.09431],[-51.94787,-31.07589],[-51.93449,-31.06591],[-51.93224,-31.05281],[-51.92461,-31.04585],[-51.90541,-31.04383],[-51.90154,-31.03665],[-51.88494,-31.03756],[-51.8758,-31.04365],[-51.8758,-31.06057],[-51.86544,-31.06187],[-51.86013,-31.07246],[-51.87183,-31.09117],[-51.86735,-31.09404],[-51.85816,-31.09099],[-51.85699,-31.10041],[-51.84839,-31.09798],[-51.83808,-31.09974],[-51.82177,-31.10993],[-51.81984,-31.11967],[-51.80907,-31.12471],[-51.7895,-31.12361],[-51.81732,-31.04749],[-51.81046,-31.02978],[-51.81834,-31.02371],[-51.8474,-31.01081],[-51.85488,-31.00409],[-51.86404,-30.97931],[-51.86493,-30.95519],[-51.87172,-30.94139],[-51.87376,-30.93235],[-51.8823,-30.91233],[-51.94153,-30.94374],[-51.97548,-30.92337],[-52.00793,-30.92368],[-52.01726,-30.91605],[-52.02652,-30.91874],[-52.03339,-30.91659],[-52.0429,-30.923],[-52.05573,-30.92697],[-52.07048,-30.9189],[-52.07072,-30.91191],[-52.08191,-30.90292],[-52.09984,-30.90914],[-52.10204,-30.92578],[-52.10683,-30.92873],[-52.11428,-30.91792],[-52.12772,-30.9129],[-52.12887,-30.90147],[-52.13576,-30.89976],[-52.15027,-30.90554],[-52.16051,-30.9037],[-52.17482,-30.9119],[-52.18087,-30.90958],[-52.18724,-30.90156],[-52.20093,-30.90697],[-52.20901,-30.90472],[-52.21646,-30.89399],[-52.22867,-30.89146],[-52.24088,-30.8808],[-52.24935,-30.88379],[-52.25156,-30.89153],[-52.24657,-30.8987],[-52.24323,-30.926],[-52.25082,-30.93394],[-52.27817,-30.94872],[-52.27513,-30.95597],[-52.2636,-30.96052],[-52.25452,-30.95896],[-52.24064,-30.97971],[-52.24488,-30.98531]]]},"properties":{"CD_MUN":"4306056","NM_MUN":"Cristal","AREA_KM2":682.138}},
{"type":"Feature","geometry":{"type":"Polygon","coordinates":[[[-53.24676,-27.49578],[-53.24105,-27.49267],[-53.23457,-27.48207],[-53.22187,-27.47219],[-53.20217,-27.46156],[-53.20676,-27.45301],[-53.1978,-27.42246],[-53.18191,-27.42457],[-53.17704,-27.41507],[-53.18302,-27.40909],[-53.19539,-27.41349],[-53.20244,-27.41272],[-53.22114,-27.40217],[-53.21935,-27.39822],[-53.2058,-27.39876],[-53.20694,-27.39292],[-53.21703,-27.38423],[-53.22556,-27.38876],[-53.23376,-27.39701],[-53.23917,-27.3927],[-53.23567,-27.38376],[-53.2381,-27.37782],[-53.24893,-27.36855],[-53.26171,-27.37388],[-53.26301,-27.37992],[-53.27804,-27.38688],[-53.28769,-27.39643],[-53.29637,-27.41492],[-53.28598,-27.42535],[-53.30951,-27.42923],[-53.30576,-27.4444],[-53.28643,-27.46051],[-53.29016,-27.46748],[-53.2791,-27.47285],[-53.27392,-27.48117],[-53.2625,-27.48623],[-53.25063,-27.49698],[-53.24676,-27.49578]]]},"properties":{"CD_MUN":"4306072","NM_MUN":"Cristal do Sul","AREA_KM2":97.077}},
{"type":"Feature","geometry":{"type":"Polygon","coordinates":[[[-53.42052,-28.58982],[-53.42604,-28.57225],[-53.43116,-28.56625],[-53.45465,-28.55278],[-53.46398,-28.55357],[-53.47126,-28.55289],[-53.48513,-28.56686],[-53.49618,-28.56359],[-53.51289,-28.57063],[-53.51766,-28.56581],[-53.52517,-28.54918],[-53.52112,-28.53744],[-53.53702,-28.54176],[-53.54954,-28.54846],[-53.55848,-28.54559],[-53.56204,-28.5361],[-53.57279,-28.52634],[-53.58235,-28.52393],[-53.5893,-28.52604],[-53.60982,-28.52587],[-53.64029,-28.51276],[-53.64639,-28.5142],[-53.65394,-28.50258],[-53.66538,-28.51046],[-53.67484,-28.50198],[-53.68071,-28.48993],[-53.69323,-28.48254],[-53.70549,-28.48083],[-53.70421,-28.48935],[-53.6989,-28.49347],[-53.70001,-28.50313],[-53.69492,-28.51012],[-53.70147,-28.53007],[-53.71794,-28.53702],[-53.72361,-28.53383],[-53.72805,-28.52453],[-53.73566,-28.53131],[-53.74759,-28.53065],[-53.76376,-28.53823],[-53.78116,-28.54955],[-53.77435,-28.5559],[-53.77215,-28.56322],[-53.74806,-28.57262],[-53.74255,-28.57133],[-53.73582,-28.5859],[-53.73714,-28.59296],[-53.725,-28.62165],[-53.71702,-28.63759],[-53.71526,-28.65888],[-53.72404,-28.66247],[-53.72806,-28.65784],[-53.73872,-28.65529],[-53.73455,-28.67879],[-53.72908,-28.68335],[-53.72391,-28.69389],[-53.72182,-28.7094],[-53.72921,-28.70901],[-53.7381,-28.71686],[-53.73567,-28.73077],[-53.74541,-28.73819],[-53.74666,-28.75392],[-53.74507,-28.75919],[-53.75953,-28.76854],[-53.76555,-28.78254],[-53.7708,-28.78486],[-53.77525,-28.79603],[-53.78477,-28.79538],[-53.79592,-28.80278],[-53.78711,-28.8092],[-53.78318,-28.83055],[-53.77228,-28.84472],[-53.76352,-28.86126],[-53.75094,-28.8681],[-53.74293,-28.86266],[-53.73436,-28.86467],[-53.71993,-28.87503],[-53.71672,-28.88545],[-53.69425,-28.89676],[-53.69044,-28.90229],[-53.68332,-28.90132],[-53.67952,-28.91816],[-53.66784,-28.93768],[-53.65483,-28.94125],[-53.63874,-28.93832],[-53.63595,-28.94673],[-53.62323,-28.94448],[-53.60626,-28.93866],[-53.59953,-28.94407],[-53.58207,-28.94389],[-53.56823,-28.95434],[-53.56521,-28.94353],[-53.56995,-28.93553],[-53.56909,-28.92691],[-53.56255,-28.92811],[-53.55332,-28.92074],[-53.55915,-28.91653],[-53.54932,-28.90378],[-53.55029,-28.8952],[-53.54584,-28.88343],[-53.54782,-28.86974],[-53.5536,-28.8608],[-53.55121,-28.85565],[-53.55392,-28.84245],[-53.56174,-28.83288],[-53.57174,-28.81431],[-53.58072,-28.80683],[-53.58151,-28.796],[-53.58562,-28.79259],[-53.57791,-28.76224],[-53.57333,-28.76115],[-53.5637,-28.75149],[-53.56417,-28.73431],[-53.55512,-28.73672],[-53.54715,-28.74386],[-53.5443,-28.75404],[-53.53673,-28.76502],[-53.53008,-28.76528],[-53.51422,-28.7738],[-53.50902,-28.7684],[-53.49831,-28.76636],[-53.4903,-28.75624],[-53.48112,-28.75521],[-53.47808,-28.74876],[-53.464,-28.73727],[-53.4547,-28.74992],[-53.44407,-28.75415],[-53.4436,-28.7448],[-53.43701,-28.74592],[-53.43397,-28.75593],[-53.42047,-28.7521],[-53.4083,-28.75114],[-53.40527,-28.76579],[-53.40685,-28.76915],[-53.39966,-28.78093],[-53.3853,-28.77892],[-53.38412,-28.79055],[-53.3766,-28.78813],[-53.37392,-28.77973],[-53.36379,-28.77415],[-53.3477,-28.78534],[-53.33695,-28.78142],[-53.33094,-28.78576],[-53.3193,-28.75679],[-53.29554,-28.7328],[-53.29083,-28.72587],[-53.26085,-28.72979],[-53.25959,-28.71767],[-53.26459,-28.711],[-53.24066,-28.6821],[-53.24503,-28.67635],[-53.25445,-28.67441],[-53.26343,-28.66921],[-53.26353,-28.66442],[-53.27555,-28.66107],[-53.28008,-28.64783],[-53.29015,-28.6399],[-53.29868,-28.6411],[-53.30509,-28.63726],[-53.31459,-28.61658],[-53.32194,-28.61087],[-53.33868,-28.60408],[-53.37764,-28.60644],[-53.4106,-28.60331],[-53.4176,-28.59855],[-53.42052,-28.58982]]]},"properties":{"CD_MUN":"4306106","NM_MUN":"Cruz Alta","AREA_KM2":1360.548}},
{"type":"Feature","geometry":{"type":"Polygon","coordinates":[[[-52.73999,-27.62641],[-52.7345,-27.6324],[-52.72404,-27.63345],[-52.69129,-27.65078],[-52.68629,-27.66264],[-52.66961,-27.67024],[-52.66987,-27.68501],[-52.64263,-27.68522],[-52.63292,-27.69158],[-52.62591,-27.68233],[-52.61479,-27.68272],[-52.60006,-27.67998],[-52.60147,-27.65893],[-52.59138,-27.66042],[-52.58255,-27.66779],[-52.5848,-27.67333],[-52.57372,-27.6807],[-52.55944,-27.67901],[-52.55726,-27.60281],[-52.56556,-27.60418],[-52.57042,-27.59442],[-52.59234,-27.58979],[-52.59967,-27.58207],[-52.61987,-27.58258],[-52.62942,-27.57817],[-52.6305,-27.57242],[-52.63852,-27.56446],[-52.64316,-27.57082],[-52.64971,-27.57042],[-52.64998,-27.58055],[-52.66383,-27.58002],[-52.66743,-27.58905],[-52.67636,-27.58582],[-52.67026,-27.5795],[-52.7082,-27.58571],[-52.72262,-27.58651],[-52.7342,-27.59095],[-52.73964,-27.59494],[-52.73626,-27.60445],[-52.75906,-27.59921],[-52.76694,-27.60891],[-52.75689,-27.61309],[-52.73999,-27.62641]]]},"properties":{"CD_MUN":"4306130","NM_MUN":"Cruzaltense","AREA_KM2":166.883}},
{"type":"Feature","geometry":{"type":"Polygon","coordinates":[[[-52.10118,-29.54855],[-52.09073,-29.55261],[-52.07385,-29.56287],[-52.06792,-29.57338],[-52.06034,-29.57347],[-52.05788,-29.57931],[-52.04876,-29.58089],[-52.03286,-29.59549],[-52.03072,-29.60833],[-52.02048,-29.61464],[-52.01608,-29.62165],[-52.00932,-29.62461],[-51.99259,-29.61423],[-51.98964,-29.61939],[-51.991,-29.62824],[-51.98182,-29.62626],[-51.96986,-29.63364],[-51.95458,-29.6244],[-51.94212,-29.62408],[-51.94161,-29.61303],[-51.95166,-29.609],[-51.96401,-29.60736],[-51.97515,-29.60299],[-51.98728,-29.59353],[-51.99867,-29.5906],[-52.00013,-29.58404],[-51.98763,-29.56861],[-51.97702,-29.54225],[-51.97458,-29.53104],[-51.98175,-29.51174],[-51.96991,-29.49866],[-52.00086,-29.49126],[-52.00017,-29.48567],[-52.01479,-29.48218],[-52.01386,-29.47813],[-52.04786,-29.46934],[-52.05338,-29.47283],[-52.05346,-29.48469],[-52.07532,-29.48101],[-52.07532,-29.48536],[-52.10905,-29.4855],[-52.10911,-29.47876],[-52.14056,-29.47872],[-52.14224,-29.48406],[-52.13097,-29.49464],[-52.12301,-29.49423],[-52.10687,-29.49757],[-52.10897,-29.52254],[-52.09236,-29.53012],[-52.09694,-29.53429],[-52.09745,-29.54573],[-52.10118,-29.54855]]]},"properties":{"CD_MUN":"4306205","NM_MUN":"Cruzeiro do Sul","AREA_KM2":155.058}},
{"type":"Feature","geometry":{"type":"Polygon","coordinates":[[[-51.90599,-28.46736],[-51.8844,-28.45813],[-51.87579,-28.45931],[-51.85295,-28.4585],[-51.83573,-28.4606],[-51.82955,-28.46824],[-51.8168,-28.47141],[-51.81285,-28.4677],[-51.79401,-28.46511],[-51.7826,-28.47169],[-51.77142,-28.46926],[-51.77512,-28.46328],[-51.76942,-28.45777],[-51.76183,-28.45808],[-51.76026,-28.44933],[-51.75268,-28.44381],[-51.74523,-28.44912],[-51.73515,-28.43696],[-51.72205,-28.43638],[-51.7291,-28.42063],[-51.72142,-28.41793],[-51.71274,-28.40552],[-51.71368,-28.39859],[-51.70774,-28.39045],[-51.70443,-28.37941],[-51.71444,-28.37544],[-51.71661,-28.36969],[-51.7231,-28.36776],[-51.73106,-28.37136],[-51.74069,-28.36922],[-51.78568,-28.3819],[-51.79587,-28.37616],[-51.8085,-28.37271],[-51.82117,-28.3661],[-51.83344,-28.35688],[-51.84203,-28.35471],[-51.85072,-28.35969],[-51.84952,-28.37094],[-51.86374,-28.37432],[-51.86675,-28.37956],[-51.87673,-28.37886],[-51.87612,-28.38927],[-51.89441,-28.39485],[-51.89846,-28.40407],[-51.90733,-28.41162],[-51.90278,-28.41674],[-51.90844,-28.42145],[-51.91153,-28.43026],[-51.90855,-28.44445],[-51.91145,-28.4527],[-51.90189,-28.45867],[-51.90599,-28.46736]]]},"properties":{"CD_MUN":"4306304","NM_MUN":"David Canabarro","AREA_KM2":174.734}},
{"type":"Feature","geometry":{"type":"Polygon","coordinates":[[[-54.05502,-27.26398],[-54.05279,-27.27353],[-54.04288,-27.27649],[-54.03114,-27.27048],[-54.02549,-27.27986],[-54.01226,-27.27449],[-53.99806,-27.26267],[-53.99289,-27.26867],[-53.98252,-27.27185],[-53.98995,-27.28124],[-53.97879,-27.28375],[-53.97577,-27.29117],[-53.96897,-27.29256],[-53.95845,-27.3024],[-53.94804,-27.29798],[-53.93529,-27.29603],[-53.93757,-27.30579],[-53.95294,-27.31148],[-53.95342,-27.31964],[-53.94664,-27.32124],[-53.93632,-27.30915],[-53.93511,-27.31772],[-53.93066,-27.32297],[-53.9183,-27.3234],[-53.91165,-27.32547],[-53.90587,-27.33312],[-53.89512,-27.33162],[-53.88529,-27.3251],[-53.85144,-27.32424],[-53.83708,-27.32036],[-53.82333,-27.3195],[-53.82097,-27.31246],[-53.81307,-27.30741],[-53.80219,-27.30724],[-53.79702,-27.30364],[-53.78703,-27.30289],[-53.78076,-27.28438],[-53.77773,-27.26516],[-53.77013,-27.26211],[-53.76776,-27.25448],[-53.77349,-27.25252],[-53.77483,-27.24208],[-53.77885,-27.23704],[-53.78669,-27.23619],[-53.78823,-27.22483],[-53.78097,-27.22059],[-53.78476,-27.21322],[-53.79449,-27.20853],[-53.79439,-27.19748],[-53.80763,-27.19927],[-53.80732,-27.18796],[-53.80021,-27.18144],[-53.80232,-27.17741],[-53.8131,-27.17892],[-53.81965,-27.17565],[-53.82964,-27.17263],[-53.8416,-27.16561],[-53.8478,-27.15651],[-53.85863,-27.13262],[-53.86432,-27.12625],[-53.87891,-27.12755],[-53.885,-27.1354],[-53.88729,-27.15202],[-53.89775,-27.17033],[-53.91023,-27.17629],[-53.9169,-27.17475],[-53.92904,-27.15897],[-53.94658,-27.15126],[-53.9531,-27.15294],[-53.96071,-27.16511],[-53.95577,-27.17561],[-53.95558,-27.18372],[-53.96017,-27.19534],[-53.97233,-27.19893],[-53.98416,-27.19621],[-54.00107,-27.19632],[-54.00802,-27.19839],[-54.01498,-27.20811],[-54.01591,-27.23301],[-54.02079,-27.24585],[-54.02778,-27.25485],[-54.04724,-27.25948],[-54.05502,-27.26398]]]},"properties":{"CD_MUN":"4306320","NM_MUN":"Derrubadas","AREA_KM2":360.851}},
{"type":"Feature","geometry":{"type":"Polygon","coordinates":[[[-55.14623,-28.18715],[-55.13077,-28.20927],[-55.14403,-28.23065],[-55.137,-28.23793],[-55.13829,-28.25331],[-55.11446,-28.26166],[-55.08056,-28.28935],[-55.07766,-28.2935],[-55.07805,-28.30501],[-55.0751,-28.31248],[-55.05665,-28.32193],[-55.0562,-28.31547],[-55.03734,-28.2951],[-55.02772,-28.29508],[-55.01681,-28.28723],[-55.01818,-28.28076],[-55.00793,-28.26929],[-54.99078,-28.2596],[-54.99254,-28.24964],[-55.00963,-28.23875],[-55.01222,-28.2345],[-55.02633,-28.22955],[-55.03617,-28.21606],[-55.03215,-28.20566],[-55.02094,-28.19809],[-55.01842,-28.18605],[-55.02531,-28.17651],[-55.03825,-28.17813],[-55.04483,-28.16973],[-55.03725,-28.15258],[-55.03043,-28.14358],[-55.03593,-28.13784],[-55.04386,-28.13678],[-55.05268,-28.14159],[-55.05702,-28.14852],[-55.06689,-28.14363],[-55.06546,-28.13375],[-55.05034,-28.12262],[-55.04989,-28.1177],[-55.06201,-28.11152],[-55.0692,-28.11249],[-55.08613,-28.12663],[-55.09728,-28.12316],[-55.10594,-28.11213],[-55.10082,-28.09939],[-55.11075,-28.09951],[-55.11654,-28.09231],[-55.1118,-28.07652],[-55.12987,-28.07598],[-55.12765,-28.08351],[-55.13098,-28.08911],[-55.15035,-28.10078],[-55.152,-28.11446],[-55.14367,-28.11891],[-55.14023,-28.12473],[-55.13935,-28.13694],[-55.1263,-28.14381],[-55.12545,-28.15241],[-55.12912,-28.16486],[-55.13485,-28.16961],[-55.14623,-28.18715]]]},"properties":{"CD_MUN":"4306353","NM_MUN":"Dezesseis de Novembro","AREA_KM2":217.363}},
{"type":"Feature","geometry":{"type":"Polygon","coordinates":[[[-54.04013,-29.91745],[-54.04666,-29.90763],[-54.05336,-29.90603],[-54.06683,-29.89366],[-54.06894,-29.88371],[-54.07721,-29.87571],[-54.04234,-29.86873],[-54.03768,-29.86431],[-54.02965,-29.87023],[-54.02261,-29.86556],[-54.01416,-29.85434],[-54.00207,-29.84868],[-54.0054,-29.83404],[-53.99842,-29.82624],[-53.9835,-29.82104],[-53.97522,-29.81176],[-53.96835,-29.81916],[-53.9622,-29.81825],[-53.96254,-29.79518],[-53.96841,-29.79652],[-53.99367,-29.78814],[-54.0045,-29.77944],[-54.01072,-29.77865],[-54.01758,-29.77062],[-54.02481,-29.76738],[-54.03473,-29.77488],[-54.04905,-29.76805],[-54.05877,-29.77352],[-54.06442,-29.77248],[-54.07373,-29.76396],[-54.08373,-29.76569],[-54.08992,-29.76326],[-54.09008,-29.73714],[-54.0864,-29.72419],[-54.09531,-29.71444],[-54.10519,-29.70778],[-54.12645,-29.69768],[-54.13203,-29.68646],[-54.14071,-29.69291],[-54.15253,-29.69303],[-54.16666,-29.6863],[-54.17709,-29.689],[-54.18866,-29.69944],[-54.19873,-29.69041],[-54.21288,-29.6909],[-54.22346,-29.69504],[-54.24021,-29.69012],[-54.25163,-29.69336],[-54.2604,-29.70326],[-54.27705,-29.71482],[-54.28862,-29.7121],[-54.30513,-29.72961],[-54.30504,-29.73691],[-54.30532,-29.74369],[-54.29653,-29.75113],[-54.29228,-29.75889],[-54.29376,-29.76571],[-54.28591,-29.77918],[-54.28207,-29.79181],[-54.26904,-29.8046],[-54.26494,-29.81542],[-54.27187,-29.82411],[-54.28406,-29.85122],[-54.28659,-29.86131],[-54.29908,-29.86981],[-54.31219,-29.8864],[-54.31664,-29.88937],[-54.31651,-29.90411],[-54.32144,-29.91853],[-54.32715,-29.91974],[-54.32925,-29.92747],[-54.31992,-29.92555],[-54.30853,-29.92745],[-54.29866,-29.93427],[-54.28274,-29.93025],[-54.27799,-29.92212],[-54.25643,-29.90684],[-54.24557,-29.89267],[-54.22971,-29.90472],[-54.2212,-29.915],[-54.20817,-29.91576],[-54.19292,-29.92626],[-54.16624,-29.92828],[-54.1428,-29.92477],[-54.13713,-29.92052],[-54.12301,-29.92028],[-54.10576,-29.92587],[-54.07357,-29.9108],[-54.05153,-29.91165],[-54.04013,-29.91745]]]},"properties":{"CD_MUN":"4306379","NM_MUN":"Dilermando de Aguiar","AREA_KM2":600.518}},
{"type":"Feature","geometry":{"type":"Polygon","coordinates":[[[-51.12988,-29.63857],[-51.10527,-29.64115],[-51.09785,-29.64377],[-51.06252,-29.64711],[-51.05847,-29.62015],[-51.05581,-29.61563],[-51.05496,-29.60202],[-51.04886,-29.56171],[-51.08225,-29.55579],[-51.11765,-29.55095],[-51.12769,-29.60879],[-51.12664,-29.61989],[-51.12988,-29.63857]]]},"properties":{"CD_MUN":"4306403","NM_MUN":"Dois Irmãos","AREA_KM2":66.114}},
{"type":"Feature","geometry":{"type":"Polygon","coordinates":[[[-53.40048,-27.62051],[-53.41447,-27.62318],[-53.42324,-27.63512],[-53.43124,-27.63508],[-53.45656,-27.62026],[-53.45756,-27.62524],[-53.47088,-27.63055],[-53.48301,-27.62375],[-53.49297,-27.61377],[-53.4967,-27.60506],[-53.50893,-27.60511],[-53.51334,-27.60099],[-53.53179,-27.60802],[-53.55728,-27.60859],[-53.56285,-27.60714],[-53.57052,-27.61704],[-53.56411,-27.61942],[-53.56375,-27.63833],[-53.57075,-27.63405],[-53.5733,-27.6271],[-53.58137,-27.63048],[-53.58704,-27.6381],[-53.58617,-27.65117],[-53.58897,-27.65577],[-53.57649,-27.66384],[-53.57982,-27.68092],[-53.58344,-27.69051],[-53.5818,-27.7007],[-53.57671,-27.70356],[-53.58045,-27.71217],[-53.57339,-27.71951],[-53.58127,-27.72938],[-53.58065,-27.73494],[-53.56639,-27.73491],[-53.56051,-27.74381],[-53.54169,-27.73287],[-53.53988,-27.73622],[-53.52154,-27.73488],[-53.4996,-27.74138],[-53.48876,-27.73821],[-53.46964,-27.747],[-53.45964,-27.75583],[-53.45115,-27.74657],[-53.44675,-27.74673],[-53.42858,-27.72762],[-53.42348,-27.71722],[-53.42788,-27.70953],[-53.43419,-27.70598],[-53.42052,-27.69218],[-53.39771,-27.69258],[-53.39181,-27.69068],[-53.40155,-27.68722],[-53.40258,-27.67903],[-53.39456,-27.66665],[-53.39762,-27.65744],[-53.39499,-27.65246],[-53.39746,-27.64243],[-53.40369,-27.63424],[-53.3912,-27.62781],[-53.40048,-27.62051]]]},"properties":{"CD_MUN":"4306429","NM_MUN":"Dois Irmãos das Missões","AREA_KM2":226.072}},
{"type":"Feature","geometry":{"type":"Polygon","coordinates":[[[-51.8141,-29.01451],[-51.79481,-29.00887],[-51.79282,-28.99868],[-51.77967,-29.00076],[-51.77988,-29.00809],[-51.7606,-29.00809],[-51.76002,-28.99649],[-51.75953,-28.99111],[-51.75056,-28.9813],[-51.753,-28.97428],[-51.77749,-28.97003],[-51.77478,-28.96207],[-51.75667,-28.96352],[-51.75706,-28.95709],[-51.76936,-28.95702],[-51.76761,-28.94329],[-51.78091,-28.93749],[-51.7813,-28.93629],[-51.84243,-28.93666],[-51.84278,-28.91942],[-51.85609,-28.91926],[-51.85931,-28.92908],[-51.86999,-28.93263],[-51.88962,-28.93248],[-51.88971,-28.94637],[-51.91363,-28.94789],[-51.91424,-28.95337],[-51.92362,-28.95386],[-51.92505,-28.95971],[-51.91389,-28.96667],[-51.90721,-28.9738],[-51.92271,-28.97416],[-51.92235,-28.98175],[-51.91165,-28.98341],[-51.90611,-28.98806],[-51.91271,-28.99418],[-51.92934,-28.99014],[-51.93189,-28.99431],[-51.92261,-29.00502],[-51.92207,-29.0132],[-51.91509,-29.01588],[-51.91833,-29.02286],[-51.87878,-29.01922],[-51.86864,-29.02025],[-51.8523,-29.01685],[-51.8516,-29.02581],[-51.8141,-29.01451]]]},"properties":{"CD_MUN":"4306452","NM_MUN":"Dois Lajeados","AREA_KM2":133.535}},
{"type":"Feature","geometry":{"type":"Polygon","coordinates":[[[-51.97234,-30.63785],[-51.98473,-30.62218],[-51.98729,-30.61563],[-51.9821,-30.60638],[-51.99786,-30.60151],[-52.00108,-30.59636],[-51.98225,-30.57588],[-51.98672,-30.56748],[-52.00258,-30.56171],[-52.01137,-30.54551],[-52.01946,-30.53713],[-52.02696,-30.53711],[-52.05669,-30.50985],[-52.07963,-30.51055],[-52.08982,-30.50333],[-52.09089,-30.49571],[-52.10076,-30.49145],[-52.10684,-30.47623],[-52.11137,-30.48051],[-52.12498,-30.47629],[-52.13329,-30.46729],[-52.13996,-30.46509],[-52.15276,-30.44403],[-52.15872,-30.44273],[-52.16939,-30.44198],[-52.18545,-30.44867],[-52.19174,-30.4452],[-52.21278,-30.44781],[-52.23479,-30.43342],[-52.23285,-30.42696],[-52.25215,-30.41795],[-52.25121,-30.41343],[-52.25878,-30.4063],[-52.2567,-30.40266],[-52.26388,-30.39266],[-52.26123,-30.38272],[-52.26368,-30.37349],[-52.26883,-30.36888],[-52.27763,-30.36805],[-52.28874,-30.35642],[-52.29033,-30.34711],[-52.30559,-30.33677],[-52.30673,-30.34484],[-52.31938,-30.34675],[-52.32414,-30.3563],[-52.33394,-30.35982],[-52.34294,-30.35901],[-52.35433,-30.37431],[-52.35587,-30.37915],[-52.351,-30.39006],[-52.35859,-30.39212],[-52.35787,-30.40282],[-52.34832,-30.40461],[-52.35263,-30.41246],[-52.3557,-30.43921],[-52.37335,-30.45941],[-52.38958,-30.47158],[-52.39117,-30.48157],[-52.40456,-30.48466],[-52.4044,-30.49206],[-52.39917,-30.49529],[-52.40275,-30.50915],[-52.42125,-30.53027],[-52.42429,-30.54327],[-52.41843,-30.548],[-52.43475,-30.55655],[-52.44325,-30.55313],[-52.45373,-30.56073],[-52.44962,-30.56605],[-52.45283,-30.57601],[-52.43404,-30.57464],[-52.42943,-30.58195],[-52.41279,-30.58463],[-52.40871,-30.59012],[-52.37605,-30.60535],[-52.35781,-30.61209],[-52.35477,-30.62655],[-52.34339,-30.62941],[-52.34436,-30.64147],[-52.33895,-30.65371],[-52.34054,-30.66693],[-52.34438,-30.67156],[-52.33638,-30.68095],[-52.34004,-30.68535],[-52.33601,-30.69214],[-52.34218,-30.70449],[-52.34118,-30.71101],[-52.32467,-30.71459],[-52.3146,-30.72478],[-52.31567,-30.73296],[-52.29571,-30.74975],[-52.29019,-30.76605],[-52.27606,-30.77659],[-52.27313,-30.78732],[-52.26676,-30.79861],[-52.25928,-30.79857],[-52.25798,-30.78594],[-52.25226,-30.78126],[-52.25281,-30.77353],[-52.24037,-30.75659],[-52.23238,-30.75745],[-52.21908,-30.75458],[-52.21065,-30.75559],[-52.208,-30.76311],[-52.21323,-30.77011],[-52.20823,-30.7771],[-52.19912,-30.77122],[-52.19598,-30.76343],[-52.1896,-30.76419],[-52.17768,-30.77384],[-52.18541,-30.78005],[-52.1779,-30.81862],[-52.17885,-30.83762],[-52.16993,-30.84101],[-52.16399,-30.85431],[-52.1555,-30.86293],[-52.14089,-30.8644],[-52.13643,-30.87168],[-52.12683,-30.87472],[-52.12015,-30.88419],[-52.10923,-30.87603],[-52.11086,-30.86189],[-52.11587,-30.84778],[-52.10502,-30.8462],[-52.09805,-30.84055],[-52.10197,-30.83258],[-52.09423,-30.82011],[-52.09705,-30.81141],[-52.09017,-30.8039],[-52.09232,-30.79787],[-52.08814,-30.78901],[-52.07478,-30.77812],[-52.07685,-30.77305],[-52.06831,-30.75515],[-52.06229,-30.73847],[-52.05243,-30.74105],[-52.01822,-30.72965],[-52.01538,-30.7223],[-52.00846,-30.72409],[-52.0005,-30.71529],[-51.98644,-30.71706],[-51.98282,-30.69888],[-51.99031,-30.68019],[-51.99804,-30.67718],[-51.9995,-30.66905],[-51.98792,-30.66649],[-51.97917,-30.66047],[-51.97612,-30.64464],[-51.97234,-30.63785]]]},"properties":{"CD_MUN":"4306502","NM_MUN":"Dom Feliciano","AREA_KM2":1355.195}},
{"type":"Feature","geometry":{"type":"Polygon","coordinates":[[[-49.83552,-29.42423],[-49.82119,-29.41135],[-49.80264,-29.39189],[-49.8188,-29.37979],[-49.82893,-29.35686],[-49.81504,-29.33898],[-49.83063,-29.32362],[-49.85854,-29.31277],[-49.88862,-29.3124],[-49.88405,-29.32621],[-49.89481,-29.33155],[-49.8972,-29.35372],[-49.89404,-29.35411],[-49.89069,-29.37225],[-49.89017,-29.38302],[-49.89673,-29.38802],[-49.89486,-29.39583],[-49.88722,-29.3989],[-49.88222,-29.4102],[-49.86532,-29.41412],[-49.86356,-29.41855],[-49.83552,-29.42423]]]},"properties":{"CD_MUN":"4306551","NM_MUN":"Dom Pedro de Alcântara","AREA_KM2":78.219}},
{"type":"Feature","geometry":{"type":"Polygon","coordinates":[[[-53.94177,-30.98117],[-53.95663,-30.97808],[-53.96551,-30.98327],[-53.97349,-30.98014],[-53.97834,-30.98542],[-53.98845,-30.98886],[-54.00695,-30.98084],[-54.01446,-30.97401],[-54.02534,-30.96977],[-54.0345,-30.96264],[-54.05244,-30.96207],[-54.0622,-30.96454],[-54.07525,-30.95754],[-54.08856,-30.95995],[-54.09343,-30.96641],[-54.09977,-30.96688],[-54.11897,-30.98133],[-54.13578,-30.9803],[-54.1646,-30.95915],[-54.16579,-30.95283],[-54.18065,-30.95806],[-54.19126,-30.94797],[-54.20121,-30.95492],[-54.20714,-30.95253],[-54.20893,-30.9437],[-54.22184,-30.9421],[-54.22644,-30.93565],[-54.23769,-30.92976],[-54.24681,-30.93631],[-54.25869,-30.93784],[-54.26351,-30.93321],[-54.27929,-30.93355],[-54.28013,-30.9248],[-54.29222,-30.92207],[-54.30051,-30.92692],[-54.30994,-30.91877],[-54.32834,-30.91281],[-54.33304,-30.90629],[-54.34045,-30.90488],[-54.34735,-30.8904],[-54.35734,-30.89698],[-54.36761,-30.89396],[-54.37064,-30.88021],[-54.37695,-30.88137],[-54.37859,-30.88849],[-54.38928,-30.8945],[-54.40336,-30.89137],[-54.41856,-30.89131],[-54.42365,-30.88679],[-54.43771,-30.88971],[-54.44924,-30.87448],[-54.46728,-30.87529],[-54.4683,-30.88184],[-54.47722,-30.88762],[-54.48383,-30.8871],[-54.48531,-30.88005],[-54.5031,-30.87839],[-54.51541,-30.86475],[-54.53011,-30.86791],[-54.53567,-30.87175],[-54.54515,-30.86874],[-54.54543,-30.86414],[-54.53696,-30.85977],[-54.53864,-30.84768],[-54.54586,-30.84568],[-54.54525,-30.83722],[-54.55885,-30.82373],[-54.558,-30.81505],[-54.57978,-30.8071],[-54.57904,-30.79801],[-54.58658,-30.79921],[-54.596,-30.79094],[-54.59748,-30.78507],[-54.61164,-30.77954],[-54.62926,-30.78729],[-54.63334,-30.78061],[-54.65079,-30.77549],[-54.65592,-30.7769],[-54.66058,-30.76672],[-54.67302,-30.7704],[-54.67611,-30.7622],[-54.6832,-30.75893],[-54.68574,-30.75187],[-54.69905,-30.75879],[-54.70874,-30.75913],[-54.71775,-30.74466],[-54.71147,-30.74142],[-54.72064,-30.73485],[-54.71442,-30.72379],[-54.72302,-30.71324],[-54.70324,-30.70385],[-54.69337,-30.70828],[-54.68704,-30.7046],[-54.67929,-30.69375],[-54.69037,-30.68878],[-54.69271,-30.6835],[-54.6874,-30.6716],[-54.67358,-30.66971],[-54.67758,-30.65514],[-54.67557,-30.65001],[-54.68175,-30.63502],[-54.68968,-30.62865],[-54.6946,-30.62121],[-54.69548,-30.60862],[-54.70359,-30.59861],[-54.72017,-30.59649],[-54.72482,-30.59907],[-54.72275,-30.61297],[-54.73214,-30.62548],[-54.7327,-30.6306],[-54.74992,-30.63946],[-54.7538,-30.64896],[-54.76695,-30.65569],[-54.77299,-30.66359],[-54.77231,-30.67191],[-54.77577,-30.68049],[-54.77208,-30.68658],[-54.78227,-30.69916],[-54.80008,-30.70026],[-54.81288,-30.71493],[-54.8376,-30.73263],[-54.84866,-30.73512],[-54.8672,-30.72839],[-54.8709,-30.72945],[-54.8957,-30.72421],[-54.90608,-30.71946],[-54.92671,-30.71976],[-54.94564,-30.72863],[-54.95608,-30.72455],[-54.96368,-30.73054],[-54.99071,-30.73071],[-55.01148,-30.72297],[-55.01553,-30.73608],[-55.03103,-30.76185],[-55.02512,-30.76762],[-55.02517,-30.77607],[-55.03558,-30.78483],[-55.04004,-30.79857],[-55.03503,-30.80464],[-55.03643,-30.81775],[-55.03158,-30.82679],[-55.03712,-30.83926],[-55.02964,-30.85308],[-55.04051,-30.87734],[-55.04761,-30.8849],[-55.06925,-30.89617],[-55.07854,-30.89387],[-55.08004,-30.90101],[-55.08972,-30.90628],[-55.09811,-30.90574],[-55.10713,-30.91207],[-55.10497,-30.92046],[-55.10979,-30.9308],[-55.11805,-30.93312],[-55.12778,-30.9404],[-55.13034,-30.95237],[-55.14039,-30.9621],[-55.14795,-30.98063],[-55.13059,-30.99017],[-55.12632,-31.00309],[-55.11561,-31.01086],[-55.10906,-31.03044],[-55.11044,-31.04049],[-55.10373,-31.0627],[-55.10453,-31.07102],[-55.1003,-31.08662],[-55.09146,-31.09772],[-55.09485,-31.10168],[-55.09559,-31.11811],[-55.08774,-31.12775],[-55.08094,-31.14239],[-55.06879,-31.15618],[-55.07056,-31.16939],[-55.07384,-31.17424],[-55.07787,-31.19417],[-55.08172,-31.20535],[-55.07985,-31.2109],[-55.03575,-31.2839],[-55.03176,-31.2786],[-55.03189,-31.26974],[-55.00241,-31.26922],[-55.00152,-31.28162],[-54.99482,-31.28308],[-54.99337,-31.28993],[-54.98565,-31.29244],[-54.98001,-31.303],[-54.98285,-31.3114],[-54.97494,-31.31692],[-54.95777,-31.32444],[-54.95307,-31.33197],[-54.95869,-31.33961],[-54.95921,-31.35245],[-54.95293,-31.35459],[-54.9387,-31.35409],[-54.93512,-31.36436],[-54.94108,-31.37925],[-54.9325,-31.38505],[-54.91817,-31.37886],[-54.90716,-31.38133],[-54.89963,-31.37633],[-54.88598,-31.37728],[-54.88739,-31.38322],[-54.87839,-31.39808],[-54.85793,-31.40805],[-54.86154,-31.41792],[-54.83646,-31.44194],[-54.82703,-31.43635],[-54.81178,-31.43483],[-54.80943,-31.43068],[-54.79652,-31.43003],[-54.79175,-31.43384],[-54.7704,-31.42719],[-54.75271,-31.42515],[-54.73885,-31.42562],[-54.73556,-31.42975],[-54.72462,-31.42964],[-54.72131,-31.43701],[-54.70349,-31.4393],[-54.70129,-31.43567],[-54.69304,-31.43292],[-54.68593,-31.4206],[-54.67595,-31.41432],[-54.65182,-31.39325],[-54.64785,-31.37546],[-54.63638,-31.36524],[-54.63082,-31.35744],[-54.61122,-31.36371],[-54.59214,-31.36453],[-54.58719,-31.37012],[-54.56962,-31.37111],[-54.56331,-31.36856],[-54.55631,-31.34384],[-54.53901,-31.33319],[-54.53414,-31.32575],[-54.51932,-31.31867],[-54.50427,-31.30822],[-54.4848,-31.3049],[-54.47454,-31.30662],[-54.45042,-31.30033],[-54.42546,-31.30246],[-54.42435,-31.28976],[-54.411,-31.27943],[-54.40686,-31.26548],[-54.40934,-31.25724],[-54.40541,-31.23231],[-54.39445,-31.2285],[-54.37385,-31.21336],[-54.36542,-31.19962],[-54.33044,-31.19461],[-54.31965,-31.18741],[-54.31236,-31.16092],[-54.29919,-31.1602],[-54.29083,-31.15699],[-54.2723,-31.15812],[-54.26583,-31.16149],[-54.25043,-31.15945],[-54.21473,-31.14954],[-54.20106,-31.1492],[-54.18159,-31.14353],[-54.16941,-31.14299],[-54.16755,-31.15899],[-54.14616,-31.16148],[-54.13577,-31.15433],[-54.12049,-31.14054],[-54.10493,-31.14061],[-54.10207,-31.13239],[-54.09362,-31.12642],[-54.09951,-31.11863],[-54.09712,-31.10729],[-54.07711,-31.09315],[-54.06163,-31.09235],[-54.05098,-31.08526],[-54.03903,-31.08117],[-54.04007,-31.0759],[-54.01598,-31.06235],[-54.00494,-31.06268],[-54.0041,-31.05804],[-53.99267,-31.0535],[-53.98206,-31.05656],[-53.97556,-31.04201],[-53.95346,-31.04026],[-53.95982,-31.03533],[-53.95834,-31.02014],[-53.94744,-31.02031],[-53.9475,-31.02736],[-53.9398,-31.02726],[-53.93663,-31.03283],[-53.92824,-31.02853],[-53.92867,-31.01779],[-53.93762,-31.01067],[-53.94606,-31.00027],[-53.92729,-31.00017],[-53.92851,-30.98707],[-53.94082,-30.99523],[-53.94671,-30.98877],[-53.94177,-30.98117]]]},"properties":{"CD_MUN":"4306601","NM_MUN":"Dom Pedrito","AREA_KM2":5194.051}},
{"type":"Feature","geometry":{"type":"Polygon","coordinates":[[[-53.36189,-29.63672],[-53.3485,-29.62556],[-53.33941,-29.62829],[-53.32953,-29.63509],[-53.31948,-29.62982],[-53.31585,-29.62317],[-53.30691,-29.61653],[-53.29728,-29.62377],[-53.28707,-29.61619],[-53.28967,-29.60933],[-53.30907,-29.59923],[-53.3102,-29.5915],[-53.30646,-29.5797],[-53.31644,-29.57507],[-53.32374,-29.57547],[-53.33498,-29.55621],[-53.33273,-29.55208],[-53.32079,-29.54878],[-53.31001,-29.53786],[-53.31161,-29.52279],[-53.30373,-29.51234],[-53.29688,-29.50786],[-53.29407,-29.49918],[-53.29884,-29.49009],[-53.29391,-29.48591],[-53.31634,-29.48548],[-53.31717,-29.49047],[-53.38653,-29.48908],[-53.38723,-29.53652],[-53.37865,-29.53679],[-53.37919,-29.54666],[-53.37355,-29.54674],[-53.37283,-29.56764],[-53.37998,-29.56667],[-53.38322,-29.57626],[-53.38302,-29.58938],[-53.37599,-29.60243],[-53.40409,-29.61065],[-53.39659,-29.62475],[-53.38508,-29.62518],[-53.38435,-29.6318],[-53.36189,-29.63672]]]},"properties":{"CD_MUN":"4306700","NM_MUN":"Dona Francisca","AREA_KM2":114.149}},
{"type":"Feature","geometry":{"type":"Polygon","coordinates":[[[-54.39874,-27.56999],[-54.3863,-27.57358],[-54.37957,-27.56887],[-54.37968,-27.55395],[-54.37105,-27.54796],[-54.36906,-27.55569],[-54.35599,-27.55243],[-54.3559,-27.56259],[-54.34913,-27.56442],[-54.33919,-27.55673],[-54.32921,-27.54579],[-54.33218,-27.53494],[-54.31208,-27.53461],[-54.31328,-27.52894],[-54.29635,-27.52885],[-54.30092,-27.52008],[-54.28551,-27.51794],[-54.27696,-27.51139],[-54.2689,-27.5121],[-54.26926,-27.5045],[-54.26477,-27.49791],[-54.25746,-27.49895],[-54.23552,-27.50068],[-54.2332,-27.49648],[-54.23101,-27.47864],[-54.23331,-27.46843],[-54.26079,-27.46731],[-54.2613,-27.45584],[-54.24246,-27.45009],[-54.25924,-27.44612],[-54.27846,-27.4588],[-54.28734,-27.45564],[-54.28393,-27.44782],[-54.29422,-27.44591],[-54.31064,-27.42196],[-54.33348,-27.40351],[-54.34154,-27.40435],[-54.34283,-27.41281],[-54.34037,-27.431],[-54.33507,-27.45129],[-54.34039,-27.46336],[-54.34612,-27.46698],[-54.35721,-27.46494],[-54.36977,-27.45258],[-54.38452,-27.42814],[-54.39876,-27.41161],[-54.4114,-27.40529],[-54.41944,-27.40934],[-54.43043,-27.41956],[-54.43912,-27.42475],[-54.45665,-27.42216],[-54.46993,-27.42584],[-54.47206,-27.43446],[-54.46037,-27.4486],[-54.44399,-27.45996],[-54.44328,-27.46834],[-54.45618,-27.47814],[-54.47462,-27.48123],[-54.47217,-27.48617],[-54.47822,-27.49201],[-54.47175,-27.49984],[-54.46884,-27.50963],[-54.47236,-27.51366],[-54.46761,-27.52261],[-54.47005,-27.52885],[-54.45741,-27.52733],[-54.44935,-27.53685],[-54.4413,-27.53245],[-54.42391,-27.54736],[-54.41766,-27.55082],[-54.41609,-27.56211],[-54.39874,-27.56999]]]},"properties":{"CD_MUN":"4306734","NM_MUN":"Doutor Maurício Cardoso","AREA_KM2":255.731}},
{"type":"Feature","geometry":{"type":"Polygon","coordinates":[[[-52.04605,-29.05771],[-52.04486,-29.07028],[-52.02959,-29.08015],[-52.02179,-29.09182],[-52.02146,-29.09965],[-52.0151,-29.10113],[-52.01205,-29.11007],[-51.9992,-29.11741],[-52.00462,-29.12643],[-51.99135,-29.13571],[-51.99278,-29.14361],[-51.98176,-29.13477],[-51.95877,-29.15538],[-51.94967,-29.1491],[-51.94247,-29.15154],[-51.93584,-29.14446],[-51.92552,-29.14171],[-51.92004,-29.14742],[-51.89709,-29.14577],[-51.90703,-29.13371],[-51.91481,-29.11096],[-51.90772,-29.10748],[-51.91261,-29.09932],[-51.92816,-29.09567],[-51.92585,-29.07487],[-51.95471,-29.07482],[-51.9558,-29.0633],[-51.96035,-29.06183],[-51.96726,-29.04977],[-51.97003,-29.0391],[-52.0211,-29.03968],[-52.03454,-29.03417],[-52.03653,-29.02432],[-52.0413,-29.01793],[-52.04871,-29.02059],[-52.04605,-29.05771]]]},"properties":{"CD_MUN":"4306759","NM_MUN":"Doutor Ricardo","AREA_KM2":107.96}},
{"type":"Feature","geometry":{"type":"Polygon","coordinates":[[[-51.30115,-30.05418],[-51.30207,-30.03576],[-51.30419,-30.02752],[-51.29937,-30.00263],[-51.29028,-30.00222],[-51.28939,-30.01189],[-51.28262,-30.02193],[-51.27569,-30.01369],[-51.26816,-30.01648],[-51.2719,-30.03897],[-51.26778,-30.03043],[-51.26181,-30.00964],[-51.27196,-29.98865],[-51.28518,-29.97059],[-51.29753,-29.96333],[-51.30325,-29.95007],[-51.31265,-29.94863],[-51.34999,-29.96202],[-51.35529,-29.96748],[-51.36863,-29.97472],[-51.38535,-29.97777],[-51.40431,-29.98729],[-51.41247,-29.98796],[-51.43479,-29.98318],[-51.44259,-29.99101],[-51.44952,-30.0098],[-51.46658,-30.02297],[-51.47878,-30.0239],[-51.48766,-30.03456],[-51.49601,-30.03764],[-51.51109,-30.039],[-51.51874,-30.03734],[-51.52872,-30.0397],[-51.53777,-30.04845],[-51.57156,-30.03478],[-51.5739,-30.02252],[-51.58869,-30.02078],[-51.58942,-30.01049],[-51.60038,-30.01363],[-51.60466,-30.02794],[-51.60521,-30.03729],[-51.61422,-30.04506],[-51.62548,-30.05092],[-51.62052,-30.06111],[-51.62612,-30.07081],[-51.63672,-30.07221],[-51.65079,-30.07978],[-51.66187,-30.07283],[-51.67679,-30.08065],[-51.6884,-30.08034],[-51.69537,-30.09567],[-51.69474,-30.11821],[-51.70198,-30.12609],[-51.69618,-30.13289],[-51.69137,-30.15104],[-51.69559,-30.158],[-51.68853,-30.16471],[-51.69494,-30.17474],[-51.69259,-30.18063],[-51.68195,-30.18348],[-51.63471,-30.17402],[-51.6271,-30.18622],[-51.61857,-30.18948],[-51.61093,-30.19669],[-51.60908,-30.20533],[-51.6029,-30.20986],[-51.58273,-30.21277],[-51.57378,-30.2021],[-51.55853,-30.20306],[-51.54838,-30.18462],[-51.54346,-30.18439],[-51.53907,-30.17442],[-51.54242,-30.16231],[-51.53879,-30.15361],[-51.52299,-30.1486],[-51.51002,-30.14081],[-51.50556,-30.13459],[-51.49573,-30.13077],[-51.49415,-30.12178],[-51.4767,-30.11903],[-51.47134,-30.12122],[-51.46347,-30.11719],[-51.45746,-30.10539],[-51.43953,-30.09487],[-51.43032,-30.09294],[-51.41302,-30.09442],[-51.39336,-30.10125],[-51.38244,-30.09594],[-51.3697,-30.09671],[-51.36676,-30.09112],[-51.35706,-30.08399],[-51.35421,-30.07696],[-51.34371,-30.06479],[-51.33112,-30.0569],[-51.31601,-30.05779],[-51.31104,-30.05231],[-51.30115,-30.05418]]]},"properties":{"CD_MUN":"4306767","NM_MUN":"Eldorado do Sul","AREA_KM2":509.614}},
{"type":"Feature","geometry":{"type":"Polygon","coordinates":[[[-51.89953,-29.2958],[-51.90014,-29.29031],[-51.88872,-29.28029],[-51.87376,-29.28524],[-51.86617,-29.27667],[-51.86737,-29.26447],[-51.86535,-29.25103],[-51.85058,-29.22882],[-51.85947,-29.22464],[-51.87154,-29.2261],[-51.87562,-29.2143],[-51.87078,-29.19901],[-51.87855,-29.18785],[-51.89214,-29.18373],[-51.89576,-29.17848],[-51.88612,-29.1714],[-51.88708,-29.16212],[-51.89781,-29.15359],[-51.89709,-29.14577],[-51.92004,-29.14742],[-51.92552,-29.14171],[-51.93584,-29.14446],[-51.94247,-29.15154],[-51.94967,-29.1491],[-51.95877,-29.15538],[-51.98176,-29.13477],[-51.99278,-29.14361],[-51.98451,-29.14538],[-51.98614,-29.1533],[-51.99207,-29.16102],[-52.00175,-29.16614],[-52.00146,-29.17456],[-51.97994,-29.17429],[-51.97929,-29.20158],[-51.95815,-29.20199],[-51.96138,-29.21489],[-51.96158,-29.23798],[-51.96458,-29.23801],[-51.96476,-29.24686],[-51.94692,-29.24697],[-51.94654,-29.27173],[-51.91937,-29.29159],[-51.89953,-29.2958]]]},"properties":{"CD_MUN":"4306809","NM_MUN":"Encantado","AREA_KM2":140.006}},
{"type":"Feature","geometry":{"type":"Polygon","coordinates":[[[-52.53128,-30.27239],[-52.53217,-30.27945],[-52.54889,-30.28666],[-52.55936,-30.28519],[-52.55581,-30.30704],[-52.55831,-30.31319],[-52.55461,-30.3286],[-52.55619,-30.34645],[-52.54638,-30.34866],[-52.53597,-30.35526],[-52.54353,-30.36236],[-52.555,-30.3629],[-52.56197,-30.36031],[-52.57901,-30.37384],[-52.58689,-30.35975],[-52.59634,-30.35175],[-52.59457,-30.34553],[-52.60898,-30.33961],[-52.60182,-30.32616],[-52.61011,-30.30074],[-52.61522,-30.29273],[-52.62168,-30.27491],[-52.61879,-30.26221],[-52.624,-30.25695],[-52.62615,-30.24426],[-52.63279,-30.23978],[-52.64274,-30.22403],[-52.63964,-30.22001],[-52.6453,-30.2114],[-52.65271,-30.21354],[-52.65737,-30.20937],[-52.66211,-30.2225],[-52.6691,-30.22854],[-52.6675,-30.24015],[-52.67123,-30.24379],[-52.67122,-30.25685],[-52.68836,-30.27269],[-52.69044,-30.28492],[-52.69073,-30.30374],[-52.68642,-30.31016],[-52.68453,-30.32325],[-52.69027,-30.33539],[-52.68983,-30.3413],[-52.70247,-30.35104],[-52.70688,-30.35096],[-52.71952,-30.3681],[-52.72664,-30.36079],[-52.74972,-30.36256],[-52.76029,-30.35026],[-52.76325,-30.34295],[-52.77654,-30.33868],[-52.78795,-30.34248],[-52.79311,-30.3354],[-52.79229,-30.31706],[-52.78898,-30.30864],[-52.79603,-30.30524],[-52.79836,-30.31983],[-52.8068,-30.32652],[-52.81101,-30.33523],[-52.83855,-30.33454],[-52.85272,-30.34448],[-52.85062,-30.34756],[-52.86003,-30.35612],[-52.87043,-30.34275],[-52.88072,-30.35173],[-52.87801,-30.36125],[-52.87888,-30.37974],[-52.87723,-30.3913],[-52.88293,-30.39772],[-52.88175,-30.41063],[-52.87035,-30.41435],[-52.87655,-30.42651],[-52.88332,-30.43337],[-52.89197,-30.45028],[-52.88621,-30.46106],[-52.88874,-30.47513],[-52.88389,-30.4846],[-52.88806,-30.50372],[-52.89395,-30.50461],[-52.8979,-30.51324],[-52.89724,-30.52268],[-52.90515,-30.52442],[-52.91184,-30.54333],[-52.90541,-30.56392],[-52.90593,-30.5742],[-52.92365,-30.59637],[-52.92936,-30.60527],[-52.93603,-30.60807],[-52.94488,-30.60161],[-52.94925,-30.60311],[-52.9726,-30.60321],[-52.97568,-30.61298],[-52.97252,-30.63337],[-52.97546,-30.64213],[-52.9715,-30.65545],[-52.9808,-30.67769],[-52.98861,-30.67773],[-52.98857,-30.67774],[-52.98402,-30.69301],[-52.98941,-30.69844],[-52.97596,-30.70679],[-52.97811,-30.71779],[-52.97477,-30.72811],[-52.96587,-30.72809],[-52.96046,-30.73381],[-52.9541,-30.73347],[-52.95353,-30.74376],[-52.96227,-30.75788],[-52.96121,-30.76702],[-52.95487,-30.77119],[-52.95713,-30.78256],[-52.95395,-30.79116],[-52.95811,-30.80968],[-52.95531,-30.81673],[-52.9572,-30.82456],[-52.95135,-30.83065],[-52.9538,-30.8456],[-52.96115,-30.84923],[-52.96079,-30.85876],[-52.98263,-30.85883],[-52.98606,-30.87168],[-52.99533,-30.87598],[-52.99855,-30.88974],[-53.00654,-30.88858],[-53.01219,-30.89228],[-53.01456,-30.90017],[-53.01369,-30.91069],[-53.0206,-30.92005],[-53.01669,-30.92953],[-53.00876,-30.93372],[-52.99784,-30.92703],[-52.98527,-30.93097],[-52.96448,-30.93346],[-52.94404,-30.92862],[-52.93365,-30.93252],[-52.92858,-30.92607],[-52.9225,-30.92694],[-52.92234,-30.93546],[-52.91217,-30.94154],[-52.90702,-30.93636],[-52.91075,-30.92816],[-52.90418,-30.92367],[-52.89506,-30.93117],[-52.88527,-30.92806],[-52.87842,-30.92172],[-52.86603,-30.92245],[-52.85184,-30.91936],[-52.83832,-30.91419],[-52.83041,-30.90493],[-52.82473,-30.90482],[-52.80999,-30.91304],[-52.80297,-30.90518],[-52.79358,-30.90653],[-52.76056,-30.90074],[-52.74749,-30.8959],[-52.74087,-30.89802],[-52.73046,-30.89534],[-52.72317,-30.89995],[-52.71627,-30.89666],[-52.71033,-30.90387],[-52.6881,-30.90825],[-52.67485,-30.90735],[-52.66589,-30.91774],[-52.65873,-30.91772],[-52.65166,-30.92301],[-52.64516,-30.94258],[-52.64134,-30.96121],[-52.63611,-30.96461],[-52.62909,-30.96013],[-52.6334,-30.95155],[-52.62558,-30.94629],[-52.61919,-30.95187],[-52.59777,-30.95366],[-52.58502,-30.94206],[-52.57597,-30.9407],[-52.56567,-30.947],[-52.55604,-30.94571],[-52.55374,-30.9346],[-52.54612,-30.92597],[-52.5405,-30.93235],[-52.52632,-30.93013],[-52.52104,-30.93348],[-52.51073,-30.92692],[-52.50524,-30.92809],[-52.49783,-30.9226],[-52.49134,-30.92649],[-52.47673,-30.91057],[-52.46535,-30.91725],[-52.44811,-30.90584],[-52.43997,-30.89577],[-52.43204,-30.89855],[-52.42688,-30.91513],[-52.42226,-30.90585],[-52.42851,-30.88778],[-52.42492,-30.8774],[-52.42573,-30.86958],[-52.41871,-30.86271],[-52.41875,-30.85446],[-52.42791,-30.84566],[-52.42691,-30.84106],[-52.44065,-30.82298],[-52.43867,-30.81649],[-52.45357,-30.80297],[-52.45683,-30.79715],[-52.45282,-30.78912],[-52.45382,-30.77922],[-52.44755,-30.774],[-52.44951,-30.76404],[-52.44335,-30.75973],[-52.44029,-30.7509],[-52.44225,-30.74522],[-52.43747,-30.72526],[-52.43772,-30.71053],[-52.43028,-30.69775],[-52.44292,-30.65929],[-52.41348,-30.65511],[-52.39169,-30.66537],[-52.37773,-30.67959],[-52.37543,-30.68715],[-52.36578,-30.68605],[-52.36249,-30.69054],[-52.35177,-30.6883],[-52.34346,-30.69579],[-52.33601,-30.69214],[-52.34004,-30.68535],[-52.33638,-30.68095],[-52.34438,-30.67156],[-52.34054,-30.66693],[-52.33895,-30.65371],[-52.34436,-30.64147],[-52.34339,-30.62941],[-52.35477,-30.62655],[-52.35781,-30.61209],[-52.37605,-30.60535],[-52.40871,-30.59012],[-52.41279,-30.58463],[-52.42943,-30.58195],[-52.43404,-30.57464],[-52.45283,-30.57601],[-52.44962,-30.56605],[-52.45373,-30.56073],[-52.44325,-30.55313],[-52.43475,-30.55655],[-52.41843,-30.548],[-52.42429,-30.54327],[-52.42125,-30.53027],[-52.40275,-30.50915],[-52.39917,-30.49529],[-52.4044,-30.49206],[-52.40456,-30.48466],[-52.39117,-30.48157],[-52.38958,-30.47158],[-52.37335,-30.45941],[-52.3557,-30.43921],[-52.35263,-30.41246],[-52.34832,-30.40461],[-52.35787,-30.40282],[-52.35859,-30.39212],[-52.351,-30.39006],[-52.35587,-30.37915],[-52.35433,-30.37431],[-52.34294,-30.35901],[-52.35124,-30.35799],[-52.35699,-30.36202],[-52.36872,-30.36446],[-52.38446,-30.37674],[-52.39343,-30.37658],[-52.40221,-30.3808],[-52.41436,-30.37561],[-52.4189,-30.36298],[-52.5015,-30.36235],[-52.50907,-30.35216],[-52.5071,-30.34133],[-52.51082,-30.32624],[-52.50523,-30.31403],[-52.50744,-30.30481],[-52.51327,-30.30061],[-52.5173,-30.29195],[-52.51724,-30.28377],[-52.53128,-30.27239]]]},"properties":{"CD_MUN":"4306908","NM_MUN":"Encruzilhada do Sul","AREA_KM2":3347.861}},
{"type":"Feature","geometry":{"type":"Polygon","coordinates":[[[-52.91879,-27.60909],[-52.91991,-27.61356],[-52.93911,-27.63603],[-52.91422,-27.64526],[-52.908,-27.64994],[-52.90741,-27.65886],[-52.89958,-27.66082],[-52.90608,-27.67209],[-52.91648,-27.67247],[-52.93332,-27.6839],[-52.93715,-27.68013],[-52.94914,-27.68787],[-52.95718,-27.67421],[-52.96475,-27.68182],[-52.95762,-27.68595],[-52.9556,-27.70536],[-52.94606,-27.71866],[-52.92894,-27.72806],[-52.92557,-27.7358],[-52.91219,-27.73832],[-52.90628,-27.74581],[-52.89478,-27.75084],[-52.88356,-27.73676],[-52.89557,-27.72113],[-52.87145,-27.71349],[-52.86201,-27.7132],[-52.85469,-27.70298],[-52.85534,-27.69859],[-52.8663,-27.6966],[-52.88388,-27.69649],[-52.895,-27.70055],[-52.88197,-27.67268],[-52.86864,-27.67154],[-52.87545,-27.66017],[-52.8764,-27.65338],[-52.88474,-27.64542],[-52.88307,-27.64212],[-52.88813,-27.62912],[-52.89353,-27.62685],[-52.90516,-27.61146],[-52.91879,-27.60909]]]},"properties":{"CD_MUN":"4306924","NM_MUN":"Engenho Velho","AREA_KM2":71.191}},
{"type":"Feature","geometry":{"type":"Polygon","coordinates":[[[-54.14378,-28.33663],[-54.15591,-28.33955],[-54.16029,-28.32956],[-54.17231,-28.33304],[-54.18141,-28.32942],[-54.19116,-28.34014],[-54.20657,-28.33878],[-54.21828,-28.34152],[-54.22563,-28.33897],[-54.2331,-28.34926],[-54.22789,-28.35684],[-54.22792,-28.36463],[-54.24096,-28.35824],[-54.24521,-28.35035],[-54.25195,-28.3479],[-54.25052,-28.33854],[-54.24044,-28.33845],[-54.2299,-28.33236],[-54.23223,-28.32285],[-54.24265,-28.32725],[-54.25041,-28.32011],[-54.26543,-28.32844],[-54.26519,-28.34031],[-54.25993,-28.34623],[-54.26353,-28.35308],[-54.28331,-28.35682],[-54.29113,-28.34434],[-54.29834,-28.34146],[-54.30369,-28.32595],[-54.29379,-28.32231],[-54.29115,-28.31433],[-54.29737,-28.31173],[-54.3123,-28.31541],[-54.31271,-28.33211],[-54.32111,-28.33299],[-54.33019,-28.32893],[-54.3282,-28.31865],[-54.33609,-28.31808],[-54.34391,-28.32318],[-54.34691,-28.34672],[-54.3522,-28.35409],[-54.36912,-28.34924],[-54.37977,-28.34841],[-54.38943,-28.35715],[-54.38283,-28.36378],[-54.37677,-28.36172],[-54.37284,-28.35437],[-54.36639,-28.35571],[-54.37595,-28.37119],[-54.37033,-28.40871],[-54.3748,-28.43621],[-54.38946,-28.43984],[-54.3984,-28.44777],[-54.40226,-28.45717],[-54.42468,-28.46316],[-54.42907,-28.47277],[-54.44231,-28.47775],[-54.46332,-28.48865],[-54.43478,-28.50619],[-54.4281,-28.51681],[-54.41873,-28.5242],[-54.41583,-28.53866],[-54.40606,-28.55066],[-54.39629,-28.55586],[-54.3993,-28.56769],[-54.40927,-28.5612],[-54.42354,-28.56068],[-54.43374,-28.56349],[-54.44698,-28.58159],[-54.44055,-28.58575],[-54.43027,-28.58526],[-54.42116,-28.59181],[-54.41839,-28.60863],[-54.42778,-28.61439],[-54.42527,-28.62338],[-54.43942,-28.63927],[-54.4406,-28.65102],[-54.43138,-28.65829],[-54.41196,-28.6539],[-54.39163,-28.66603],[-54.38627,-28.65966],[-54.37806,-28.65968],[-54.37887,-28.65537],[-54.36935,-28.6424],[-54.35919,-28.63584],[-54.34936,-28.62515],[-54.3396,-28.62444],[-54.33582,-28.61955],[-54.32325,-28.61347],[-54.31291,-28.59937],[-54.30958,-28.58686],[-54.31364,-28.5824],[-54.3241,-28.58014],[-54.33346,-28.58243],[-54.33733,-28.57476],[-54.33813,-28.56376],[-54.34573,-28.55307],[-54.33668,-28.5429],[-54.32631,-28.53752],[-54.32244,-28.52908],[-54.31586,-28.52484],[-54.30635,-28.51182],[-54.28462,-28.5],[-54.27573,-28.50216],[-54.25903,-28.49627],[-54.25687,-28.48995],[-54.27928,-28.47939],[-54.28743,-28.46685],[-54.30607,-28.45746],[-54.29957,-28.44928],[-54.28843,-28.44827],[-54.28875,-28.44304],[-54.30256,-28.43819],[-54.30246,-28.42986],[-54.28662,-28.43352],[-54.27292,-28.44076],[-54.26512,-28.43983],[-54.25644,-28.44569],[-54.2381,-28.4407],[-54.23032,-28.44312],[-54.21468,-28.45434],[-54.20808,-28.44672],[-54.19976,-28.44581],[-54.18684,-28.45803],[-54.18056,-28.45531],[-54.17225,-28.46165],[-54.15947,-28.46371],[-54.1575,-28.45886],[-54.13898,-28.46588],[-54.13873,-28.46004],[-54.1496,-28.44043],[-54.14859,-28.43284],[-54.09326,-28.42596],[-54.1103,-28.39188],[-54.10879,-28.37408],[-54.11767,-28.3611],[-54.12857,-28.35936],[-54.13307,-28.35536],[-54.13535,-28.36486],[-54.14891,-28.36836],[-54.1549,-28.36616],[-54.15677,-28.35446],[-54.15022,-28.34741],[-54.13077,-28.34327],[-54.13082,-28.33681],[-54.14378,-28.33663]]]},"properties":{"CD_MUN":"4306932","NM_MUN":"Entre-Ijuís","AREA_KM2":552.986}},
{"type":"Feature","geometry":{"type":"Polygon","coordinates":[[[-52.79997,-27.49617],[-52.79477,-27.50311],[-52.78336,-27.50111],[-52.77663,-27.5114],[-52.76873,-27.50962],[-52.75711,-27.51274],[-52.76168,-27.52496],[-52.7472,-27.53838],[-52.75332,-27.54495],[-52.76599,-27.55058],[-52.75492,-27.55552],[-52.75034,-27.54752],[-52.74537,-27.54745],[-52.73971,-27.56037],[-52.74796,-27.57073],[-52.74778,-27.58002],[-52.7554,-27.58384],[-52.76102,-27.57956],[-52.76811,-27.58475],[-52.75449,-27.59142],[-52.7342,-27.59095],[-52.72262,-27.58651],[-52.7082,-27.58571],[-52.67026,-27.5795],[-52.67799,-27.57581],[-52.67824,-27.56894],[-52.67052,-27.56642],[-52.67254,-27.55298],[-52.66984,-27.54108],[-52.66326,-27.53381],[-52.67994,-27.52304],[-52.66766,-27.51651],[-52.67218,-27.51224],[-52.69103,-27.51583],[-52.69195,-27.50923],[-52.68297,-27.50245],[-52.70672,-27.4933],[-52.69621,-27.48666],[-52.71192,-27.48546],[-52.70102,-27.46879],[-52.70825,-27.46461],[-52.7173,-27.47048],[-52.71583,-27.45798],[-52.73309,-27.45546],[-52.72202,-27.44648],[-52.72675,-27.43622],[-52.74625,-27.43515],[-52.74431,-27.4448],[-52.75735,-27.44782],[-52.75365,-27.45636],[-52.76643,-27.46046],[-52.76909,-27.4664],[-52.78269,-27.46707],[-52.77631,-27.47953],[-52.77958,-27.48251],[-52.79034,-27.47507],[-52.79997,-27.49617]]]},"properties":{"CD_MUN":"4306957","NM_MUN":"Entre Rios do Sul","AREA_KM2":119.912}},
{"type":"Feature","geometry":{"type":"Polygon","coordinates":[[[-52.27824,-27.87582],[-52.25945,-27.8583],[-52.26874,-27.84711],[-52.26174,-27.84062],[-52.26708,-27.8358],[-52.25935,-27.82893],[-52.26125,-27.82],[-52.25814,-27.80701],[-52.24964,-27.79898],[-52.24301,-27.80174],[-52.23604,-27.79164],[-52.23666,-27.78468],[-52.26325,-27.78536],[-52.27709,-27.78207],[-52.28319,-27.77536],[-52.28417,-27.75622],[-52.29295,-27.75543],[-52.29978,-27.74721],[-52.32488,-27.75075],[-52.3282,-27.74899],[-52.3236,-27.75995],[-52.32673,-27.7704],[-52.34329,-27.78047],[-52.34978,-27.79683],[-52.35582,-27.7989],[-52.36427,-27.79046],[-52.36801,-27.79516],[-52.36539,-27.80764],[-52.3778,-27.8113],[-52.3797,-27.81649],[-52.36833,-27.82591],[-52.37692,-27.82726],[-52.3866,-27.83575],[-52.38686,-27.85012],[-52.40018,-27.84969],[-52.4087,-27.85276],[-52.40899,-27.85799],[-52.37488,-27.87264],[-52.36572,-27.88126],[-52.35681,-27.87763],[-52.3559,-27.88545],[-52.35951,-27.8954],[-52.35041,-27.89808],[-52.34442,-27.89148],[-52.32954,-27.89496],[-52.31477,-27.89402],[-52.30938,-27.90539],[-52.2994,-27.8947],[-52.27824,-27.87582]]]},"properties":{"CD_MUN":"4306973","NM_MUN":"Erebango","AREA_KM2":152.793}},
{"type":"Feature","geometry":{"type":"Polygon","coordinates":[[[-52.3282,-27.74899],[-52.32488,-27.75075],[-52.29978,-27.74721],[-52.29295,-27.75543],[-52.28417,-27.75622],[-52.28319,-27.77536],[-52.27709,-27.78207],[-52.26325,-27.78536],[-52.23666,-27.78468],[-52.21667,-27.76619],[-52.21395,-27.7681],[-52.19887,-27.75026],[-52.18016,-27.74871],[-52.1723,-27.75111],[-52.15663,-27.74135],[-52.14882,-27.7341],[-52.15558,-27.72719],[-52.15225,-27.72181],[-52.15239,-27.70213],[-52.15499,-27.70209],[-52.15511,-27.66903],[-52.1642,-27.6688],[-52.1706,-27.65593],[-52.18167,-27.66435],[-52.18565,-27.56814],[-52.23718,-27.56926],[-52.23818,-27.54347],[-52.22743,-27.55175],[-52.22733,-27.54256],[-52.21743,-27.54179],[-52.21872,-27.52963],[-52.22666,-27.52897],[-52.22619,-27.51029],[-52.23097,-27.50072],[-52.23732,-27.50107],[-52.23867,-27.48235],[-52.2431,-27.48783],[-52.2504,-27.48749],[-52.25291,-27.49799],[-52.26255,-27.50443],[-52.25597,-27.51106],[-52.34415,-27.50936],[-52.344,-27.52762],[-52.34914,-27.52766],[-52.34912,-27.5602],[-52.34398,-27.56021],[-52.34327,-27.63466],[-52.3422,-27.66097],[-52.32159,-27.66094],[-52.32121,-27.70553],[-52.31485,-27.70495],[-52.32036,-27.72065],[-52.32755,-27.73317],[-52.33282,-27.75035],[-52.3282,-27.74899]]]},"properties":{"CD_MUN":"4307005","NM_MUN":"Erechim","AREA_KM2":429.164}},
{"type":"Feature","geometry":{"type":"Polygon","coordinates":[[[-52.6178,-28.51787],[-52.61056,-28.51701],[-52.60435,-28.51094],[-52.59536,-28.51542],[-52.57835,-28.5187],[-52.57318,-28.52468],[-52.55232,-28.5298],[-52.55538,-28.51953],[-52.54442,-28.51678],[-52.54671,-28.50514],[-52.54457,-28.49803],[-52.52564,-28.49926],[-52.51831,-28.49503],[-52.51166,-28.47601],[-52.50456,-28.46681],[-52.48626,-28.46017],[-52.47156,-28.43122],[-52.44952,-28.42065],[-52.44367,-28.40416],[-52.4451,-28.394],[-52.46152,-28.37983],[-52.46885,-28.38796],[-52.4894,-28.39582],[-52.5068,-28.41225],[-52.51035,-28.40547],[-52.50823,-28.39118],[-52.51051,-28.38883],[-52.50802,-28.37257],[-52.51584,-28.35752],[-52.51514,-28.35018],[-52.52238,-28.34957],[-52.53047,-28.33884],[-52.55019,-28.33527],[-52.55699,-28.32159],[-52.56656,-28.32075],[-52.57231,-28.327],[-52.58284,-28.32724],[-52.5925,-28.33463],[-52.60073,-28.33268],[-52.60282,-28.34063],[-52.61254,-28.34153],[-52.63005,-28.35439],[-52.62947,-28.36362],[-52.64348,-28.37303],[-52.64772,-28.3833],[-52.63653,-28.3841],[-52.63838,-28.39021],[-52.63427,-28.40381],[-52.626,-28.41066],[-52.62228,-28.40403],[-52.60474,-28.41165],[-52.59963,-28.42422],[-52.59211,-28.42301],[-52.58908,-28.43536],[-52.59813,-28.45565],[-52.60892,-28.46351],[-52.61468,-28.47305],[-52.61072,-28.48068],[-52.61571,-28.48941],[-52.62277,-28.49054],[-52.61812,-28.50148],[-52.62193,-28.50438],[-52.6178,-28.51787]]]},"properties":{"CD_MUN":"4307054","NM_MUN":"Ernestina","AREA_KM2":238.558}},
{"type":"Feature","geometry":{"type":"Polygon","coordinates":[[[-53.26806,-31.86436],[-53.27239,-31.86206],[-53.28238,-31.86669],[-53.29187,-31.86168],[-53.32023,-31.85056],[-53.33129,-31.84041],[-53.33804,-31.84997],[-53.34511,-31.85062],[-53.34538,-31.84156],[-53.35498,-31.83722],[-53.36268,-31.8372],[-53.37009,-31.84234],[-53.3943,-31.8398],[-53.40676,-31.84337],[-53.42139,-31.83359],[-53.43101,-31.83916],[-53.44278,-31.83881],[-53.44977,-31.84486],[-53.45356,-31.833],[-53.46088,-31.84157],[-53.47087,-31.86017],[-53.47221,-31.86809],[-53.48516,-31.8749],[-53.49259,-31.88295],[-53.50786,-31.88959],[-53.51729,-31.89805],[-53.5321,-31.90122],[-53.5356,-31.91001],[-53.54158,-31.9145],[-53.55501,-31.91791],[-53.55818,-31.92354],[-53.57846,-31.91975],[-53.58548,-31.92241],[-53.58653,-31.91279],[-53.59647,-31.90758],[-53.59527,-31.92506],[-53.60017,-31.92762],[-53.58905,-31.94269],[-53.59223,-31.95117],[-53.60515,-31.95297],[-53.61488,-31.9631],[-53.62851,-31.96645],[-53.63101,-31.96],[-53.64251,-31.97069],[-53.63666,-31.97456],[-53.63529,-31.98159],[-53.64538,-31.98275],[-53.65331,-31.98836],[-53.66821,-31.98505],[-53.67178,-31.99028],[-53.68362,-31.99003],[-53.69731,-31.98144],[-53.70191,-31.98416],[-53.70451,-31.99412],[-53.71432,-32.00053],[-53.71097,-32.02355],[-53.71559,-32.02502],[-53.71943,-32.03628],[-53.71747,-32.04588],[-53.71999,-32.05499],[-53.71557,-32.05771],[-53.71914,-32.06799],[-53.70335,-32.07621],[-53.71134,-32.09955],[-53.72563,-32.09836],[-53.73007,-32.10496],[-53.73759,-32.10558],[-53.74423,-32.11526],[-53.72573,-32.14006],[-53.72716,-32.14649],[-53.7171,-32.15548],[-53.72349,-32.17368],[-53.71264,-32.17806],[-53.71399,-32.18804],[-53.70487,-32.2067],[-53.6946,-32.20398],[-53.69334,-32.21364],[-53.68519,-32.21962],[-53.67649,-32.23811],[-53.67703,-32.22916],[-53.66476,-32.2233],[-53.66557,-32.21591],[-53.65991,-32.21299],[-53.6599,-32.20165],[-53.65217,-32.19287],[-53.64827,-32.18206],[-53.63568,-32.17604],[-53.61929,-32.16309],[-53.60572,-32.16248],[-53.59371,-32.15759],[-53.5843,-32.15663],[-53.58254,-32.14768],[-53.55984,-32.15408],[-53.54699,-32.16069],[-53.54252,-32.16975],[-53.52768,-32.17065],[-53.51548,-32.17622],[-53.51372,-32.18367],[-53.49626,-32.1909],[-53.34969,-32.18522],[-53.34011,-32.19599],[-53.3394,-32.20136],[-53.33072,-32.21045],[-53.33051,-32.21651],[-53.32058,-32.22135],[-53.30564,-32.21764],[-53.30963,-32.19941],[-53.30694,-32.18932],[-53.29127,-32.18622],[-53.2706,-32.17667],[-53.26568,-32.16919],[-53.25721,-32.17198],[-53.24912,-32.15932],[-53.24907,-32.146],[-53.24317,-32.13849],[-53.23951,-32.11776],[-53.23255,-32.10852],[-53.2323,-32.09928],[-53.22194,-32.09661],[-53.21073,-32.0835],[-53.20751,-32.07111],[-53.20017,-32.07036],[-53.19408,-32.06497],[-53.18206,-32.06028],[-53.18129,-32.05156],[-53.17658,-32.04091],[-53.16969,-32.03517],[-53.15894,-32.03667],[-53.14974,-32.03002],[-53.14589,-32.02165],[-53.13294,-32.01332],[-53.12431,-32.00264],[-53.12455,-31.99639],[-53.11563,-31.99426],[-53.11047,-31.98509],[-53.10379,-31.98353],[-53.10062,-31.97349],[-53.10508,-31.9684],[-53.10115,-31.96165],[-53.08593,-31.94787],[-53.07654,-31.94321],[-53.05025,-31.92466],[-53.04597,-31.91523],[-53.0294,-31.91008],[-53.01542,-31.91199],[-52.99963,-31.90532],[-52.98694,-31.90602],[-52.97929,-31.90214],[-52.9701,-31.90479],[-52.95974,-31.90353],[-52.9385,-31.88871],[-52.92745,-31.88626],[-52.91803,-31.88781],[-52.92704,-31.8733],[-52.93633,-31.86407],[-52.94883,-31.86763],[-52.96349,-31.86797],[-52.97443,-31.8762],[-52.97954,-31.87063],[-52.9876,-31.86966],[-53.00349,-31.87215],[-53.01269,-31.87584],[-53.0207,-31.87043],[-53.0327,-31.87974],[-53.04088,-31.87724],[-53.04931,-31.88444],[-53.0578,-31.87648],[-53.0668,-31.87571],[-53.07397,-31.88057],[-53.0793,-31.87582],[-53.08861,-31.8754],[-53.10191,-31.86941],[-53.12144,-31.88264],[-53.13458,-31.87938],[-53.14508,-31.8792],[-53.15636,-31.88333],[-53.15783,-31.89078],[-53.1731,-31.88488],[-53.17825,-31.88903],[-53.18479,-31.88127],[-53.19101,-31.88914],[-53.20407,-31.88514],[-53.23902,-31.88639],[-53.23073,-31.87903],[-53.23387,-31.87116],[-53.25377,-31.87315],[-53.26819,-31.86925],[-53.26806,-31.86436]]]},"properties":{"CD_MUN":"4307104","NM_MUN":"Herval","AREA_KM2":1759.717}},
{"type":"Feature","geometry":{"type":"Polygon","coordinates":[[[-52.59287,-27.46777],[-52.58222,-27.45836],[-52.57027,-27.46415],[-52.53885,-27.49244],[-52.53185,-27.4872],[-52.53102,-27.48125],[-52.52168,-27.47548],[-52.51922,-27.46925],[-52.52763,-27.46387],[-52.50906,-27.43464],[-52.51751,-27.42185],[-52.51636,-27.41173],[-52.50582,-27.40955],[-52.49804,-27.40204],[-52.49685,-27.39324],[-52.50169,-27.37822],[-52.51449,-27.37734],[-52.51142,-27.36968],[-52.50287,-27.36884],[-52.50732,-27.35611],[-52.52041,-27.34107],[-52.52436,-27.33294],[-52.53238,-27.32712],[-52.53131,-27.32255],[-52.53884,-27.30941],[-52.52862,-27.30958],[-52.53168,-27.29494],[-52.54075,-27.28957],[-52.52658,-27.28494],[-52.53073,-27.27636],[-52.53791,-27.27645],[-52.53626,-27.26009],[-52.54218,-27.24383],[-52.55289,-27.23928],[-52.56107,-27.24779],[-52.56647,-27.24934],[-52.58274,-27.24668],[-52.59357,-27.25029],[-52.60536,-27.26109],[-52.61789,-27.26571],[-52.63322,-27.26548],[-52.64489,-27.26167],[-52.65532,-27.24151],[-52.66758,-27.23785],[-52.6764,-27.24574],[-52.67744,-27.26283],[-52.68614,-27.2813],[-52.69152,-27.28442],[-52.6849,-27.29596],[-52.67947,-27.29554],[-52.67111,-27.30596],[-52.66215,-27.30985],[-52.66339,-27.32258],[-52.64652,-27.34099],[-52.62598,-27.35008],[-52.61919,-27.36273],[-52.61273,-27.37004],[-52.61576,-27.37857],[-52.60983,-27.38551],[-52.61345,-27.39441],[-52.60402,-27.40334],[-52.60159,-27.40892],[-52.61043,-27.41757],[-52.61101,-27.4287],[-52.61843,-27.43224],[-52.61598,-27.43872],[-52.6199,-27.45158],[-52.60097,-27.46094],[-52.59287,-27.46777]]]},"properties":{"CD_MUN":"4307203","NM_MUN":"Erval Grande","AREA_KM2":285.677}},
{"type":"Feature","geometry":{"type":"Polygon","coordinates":[[[-53.57052,-27.61704],[-53.56285,-27.60714],[-53.55728,-27.60859],[-53.53179,-27.60802],[-53.51334,-27.60099],[-53.50893,-27.60511],[-53.4967,-27.60506],[-53.49297,-27.61377],[-53.48301,-27.62375],[-53.47088,-27.63055],[-53.45756,-27.62524],[-53.45656,-27.62026],[-53.43124,-27.63508],[-53.42324,-27.63512],[-53.41447,-27.62318],[-53.40048,-27.62051],[-53.39507,-27.61535],[-53.383,-27.61655],[-53.38108,-27.61047],[-53.3886,-27.61135],[-53.39383,-27.60162],[-53.38253,-27.59518],[-53.3908,-27.58036],[-53.39967,-27.58147],[-53.40614,-27.55824],[-53.41073,-27.55584],[-53.411,-27.54515],[-53.40611,-27.53912],[-53.41966,-27.53551],[-53.42486,-27.52829],[-53.43051,-27.52943],[-53.42892,-27.51338],[-53.43725,-27.50903],[-53.43608,-27.49835],[-53.45442,-27.49682],[-53.4593,-27.4934],[-53.46536,-27.47871],[-53.46348,-27.46975],[-53.4793,-27.46972],[-53.46823,-27.45858],[-53.47003,-27.45341],[-53.49152,-27.45926],[-53.4925,-27.45022],[-53.49888,-27.45026],[-53.50601,-27.45749],[-53.50756,-27.44368],[-53.50565,-27.43385],[-53.52071,-27.43205],[-53.53034,-27.43339],[-53.53456,-27.42709],[-53.54524,-27.42936],[-53.54559,-27.42069],[-53.55036,-27.41461],[-53.5624,-27.418],[-53.57183,-27.40497],[-53.5625,-27.40257],[-53.55078,-27.39441],[-53.55625,-27.38967],[-53.57202,-27.39112],[-53.58964,-27.38173],[-53.59297,-27.39275],[-53.6035,-27.38876],[-53.59945,-27.37222],[-53.61178,-27.37127],[-53.61609,-27.38826],[-53.62317,-27.38737],[-53.62654,-27.37097],[-53.62578,-27.36297],[-53.6307,-27.35518],[-53.63773,-27.36134],[-53.64776,-27.35879],[-53.64872,-27.35438],[-53.63679,-27.34715],[-53.64157,-27.3424],[-53.64672,-27.34494],[-53.6665,-27.3706],[-53.65208,-27.37223],[-53.655,-27.37811],[-53.64983,-27.38753],[-53.65456,-27.40367],[-53.63941,-27.41298],[-53.64809,-27.41934],[-53.64573,-27.42906],[-53.6376,-27.44124],[-53.62699,-27.44864],[-53.61998,-27.46022],[-53.61843,-27.46935],[-53.61075,-27.46397],[-53.60193,-27.46269],[-53.58313,-27.45578],[-53.57066,-27.44224],[-53.56247,-27.44701],[-53.55318,-27.45677],[-53.56467,-27.45986],[-53.55991,-27.46484],[-53.55393,-27.47777],[-53.55811,-27.48138],[-53.56575,-27.47527],[-53.57254,-27.4815],[-53.57013,-27.49217],[-53.57173,-27.511],[-53.56661,-27.51712],[-53.57052,-27.52446],[-53.56441,-27.53128],[-53.5705,-27.54589],[-53.58206,-27.54085],[-53.58076,-27.55063],[-53.57578,-27.55834],[-53.59252,-27.5609],[-53.59126,-27.56614],[-53.57989,-27.56088],[-53.58222,-27.57143],[-53.57235,-27.57358],[-53.57188,-27.57889],[-53.58615,-27.58575],[-53.57901,-27.59086],[-53.58139,-27.5993],[-53.57372,-27.60436],[-53.5783,-27.61461],[-53.57052,-27.61704]]]},"properties":{"CD_MUN":"4307302","NM_MUN":"Erval Seco","AREA_KM2":357.181}},
{"type":"Feature","geometry":{"type":"Polygon","coordinates":[[[-51.34996,-27.99874],[-51.3444,-27.99943],[-51.34292,-28.01928],[-51.3437,-28.03798],[-51.31897,-28.05031],[-51.30897,-28.05884],[-51.29467,-28.05864],[-51.27749,-28.06324],[-51.27223,-28.07582],[-51.26447,-28.07597],[-51.25525,-28.09207],[-51.25917,-28.11145],[-51.26087,-28.13436],[-51.24883,-28.14283],[-51.24436,-28.15377],[-51.23404,-28.16493],[-51.21553,-28.17691],[-51.206,-28.17781],[-51.19707,-28.18696],[-51.18703,-28.18658],[-51.17539,-28.1892],[-51.17218,-28.18457],[-51.15897,-28.1826],[-51.15375,-28.17611],[-51.14305,-28.18106],[-51.1236,-28.19961],[-51.11114,-28.19094],[-51.10289,-28.19362],[-51.10352,-28.21059],[-51.09683,-28.22229],[-51.08735,-28.22198],[-51.08129,-28.23291],[-51.05839,-28.23466],[-51.03493,-28.22346],[-51.02309,-28.21636],[-51.01705,-28.21645],[-51.01114,-28.20585],[-51.02807,-28.20163],[-51.03433,-28.20765],[-51.04527,-28.20147],[-51.05407,-28.1898],[-51.06249,-28.18377],[-51.0608,-28.17226],[-51.05241,-28.17237],[-51.04086,-28.15061],[-51.0435,-28.13273],[-51.03728,-28.1236],[-51.03924,-28.0982],[-51.03839,-28.08743],[-51.03493,-28.08501],[-51.03879,-28.06883],[-51.03486,-28.0606],[-51.02715,-28.05838],[-51.03443,-28.04882],[-51.02673,-28.04263],[-51.03849,-28.03382],[-51.04115,-28.02819],[-51.02272,-28.01899],[-51.01792,-28.02231],[-51.01127,-28.00271],[-50.99372,-27.99085],[-51.00137,-27.97595],[-51.00152,-27.96316],[-51.00919,-27.96444],[-51.01896,-27.95705],[-51.02162,-27.94522],[-51.01627,-27.93329],[-51.01991,-27.92249],[-51.0369,-27.91508],[-51.05597,-27.90367],[-51.05828,-27.89684],[-51.05667,-27.88675],[-51.0624,-27.88587],[-51.07091,-27.8907],[-51.07164,-27.90263],[-51.08904,-27.91179],[-51.09869,-27.90998],[-51.10838,-27.91494],[-51.10778,-27.92193],[-51.11394,-27.93655],[-51.12934,-27.93434],[-51.1429,-27.9355],[-51.14991,-27.94578],[-51.16153,-27.95125],[-51.16678,-27.95791],[-51.17713,-27.95599],[-51.18696,-27.95919],[-51.202,-27.96025],[-51.20437,-27.97183],[-51.21422,-27.97842],[-51.21872,-27.97718],[-51.23988,-27.97953],[-51.24394,-27.97432],[-51.24385,-27.96591],[-51.24997,-27.96248],[-51.25061,-27.95383],[-51.26268,-27.94148],[-51.25977,-27.92769],[-51.25166,-27.91623],[-51.25198,-27.903],[-51.26006,-27.89592],[-51.26781,-27.881],[-51.26686,-27.86043],[-51.27726,-27.84253],[-51.29197,-27.8659],[-51.30631,-27.86786],[-51.31963,-27.87447],[-51.33486,-27.87453],[-51.34243,-27.87033],[-51.35425,-27.87097],[-51.35904,-27.86281],[-51.37354,-27.87045],[-51.37629,-27.87758],[-51.36006,-27.88006],[-51.37112,-27.88557],[-51.36586,-27.89534],[-51.3687,-27.91643],[-51.36238,-27.92606],[-51.34787,-27.92727],[-51.34,-27.93145],[-51.33257,-27.93128],[-51.33133,-27.93991],[-51.33585,-27.94668],[-51.34023,-27.9608],[-51.33984,-27.96948],[-51.35867,-27.97574],[-51.35489,-27.98595],[-51.34378,-27.97844],[-51.33467,-27.98239],[-51.34996,-27.99874]]]},"properties":{"CD_MUN":"4307401","NM_MUN":"Esmeralda","AREA_KM2":829.587}},
{"type":"Feature","geometry":{"type":"Polygon","coordinates":[[[-54.02491,-27.40023],[-53.99333,-27.38763],[-53.97928,-27.38958],[-53.95522,-27.37091],[-53.94728,-27.35801],[-53.93619,-27.35511],[-53.93333,-27.33962],[-53.9183,-27.3234],[-53.93066,-27.32297],[-53.93511,-27.31772],[-53.93632,-27.30915],[-53.94664,-27.32124],[-53.95342,-27.31964],[-53.95294,-27.31148],[-53.93757,-27.30579],[-53.93529,-27.29603],[-53.94804,-27.29798],[-53.95845,-27.3024],[-53.96897,-27.29256],[-53.97577,-27.29117],[-53.97879,-27.28375],[-53.98995,-27.28124],[-53.98252,-27.27185],[-53.99289,-27.26867],[-53.99806,-27.26267],[-54.01226,-27.27449],[-54.02549,-27.27986],[-54.03114,-27.27048],[-54.04288,-27.27649],[-54.05279,-27.27353],[-54.05502,-27.26398],[-54.06478,-27.27591],[-54.07228,-27.29095],[-54.08236,-27.29894],[-54.10105,-27.30326],[-54.11146,-27.3025],[-54.10621,-27.31163],[-54.09132,-27.32039],[-54.07902,-27.31874],[-54.07875,-27.32464],[-54.05972,-27.34597],[-54.0547,-27.35888],[-54.0395,-27.36712],[-54.03034,-27.37866],[-54.03005,-27.38848],[-54.02491,-27.40023]]]},"properties":{"CD_MUN":"4307450","NM_MUN":"Esperança do Sul","AREA_KM2":148.909}},
{"type":"Feature","geometry":{"type":"Polygon","coordinates":[[[-52.85524,-29.04257],[-52.84379,-29.03823],[-52.83197,-29.03677],[-52.8247,-29.0324],[-52.81161,-29.03302],[-52.81488,-29.04068],[-52.80466,-29.04345],[-52.80164,-29.0361],[-52.80924,-29.03269],[-52.8101,-29.02663],[-52.79989,-29.02382],[-52.78543,-29.02751],[-52.77833,-29.03214],[-52.77356,-29.01997],[-52.7615,-29.02844],[-52.74736,-29.02358],[-52.7182,-29.00994],[-52.70944,-28.78987],[-52.71483,-28.77656],[-52.72328,-28.77206],[-52.73059,-28.76185],[-52.72675,-28.75465],[-52.72458,-28.73482],[-52.73432,-28.73033],[-52.7307,-28.71258],[-52.71902,-28.70694],[-52.72841,-28.68525],[-52.74017,-28.68803],[-52.74238,-28.67914],[-52.73207,-28.68057],[-52.73111,-28.67266],[-52.76497,-28.6607],[-52.76925,-28.6476],[-52.78174,-28.65709],[-52.77874,-28.67103],[-52.77221,-28.67812],[-52.78257,-28.68108],[-52.77467,-28.69597],[-52.78391,-28.70017],[-52.79175,-28.68791],[-52.80087,-28.69027],[-52.80832,-28.68792],[-52.80723,-28.67978],[-52.81946,-28.67859],[-52.8211,-28.68798],[-52.81075,-28.70467],[-52.81535,-28.70953],[-52.82293,-28.70947],[-52.82444,-28.71544],[-52.83246,-28.72488],[-52.84567,-28.71736],[-52.85364,-28.7237],[-52.85996,-28.71743],[-52.85745,-28.71258],[-52.87417,-28.70627],[-52.87973,-28.70909],[-52.88561,-28.72714],[-52.89603,-28.73133],[-52.91516,-28.73256],[-52.92556,-28.7298],[-52.94379,-28.73856],[-52.95328,-28.73924],[-52.9342,-28.74804],[-52.93489,-28.75516],[-52.93129,-28.76641],[-52.93133,-28.77628],[-52.92739,-28.77843],[-52.93349,-28.80097],[-52.92678,-28.81329],[-52.94616,-28.81482],[-52.96629,-28.81342],[-52.96678,-28.81788],[-52.95582,-28.83176],[-52.94792,-28.82994],[-52.93905,-28.84886],[-52.94242,-28.86704],[-52.94711,-28.87521],[-52.96433,-28.86994],[-52.96609,-28.88175],[-52.95403,-28.88562],[-52.93818,-28.89466],[-52.91973,-28.91327],[-52.92322,-28.92361],[-52.93045,-28.93411],[-52.93871,-28.93428],[-52.95158,-28.92626],[-52.95931,-28.93131],[-52.9649,-28.92823],[-52.96608,-28.91937],[-52.97571,-28.91364],[-52.99352,-28.91799],[-52.99678,-28.91093],[-53.00793,-28.92014],[-53.01644,-28.94663],[-52.99932,-28.95077],[-52.97722,-28.94712],[-52.96505,-28.95571],[-52.9529,-28.95554],[-52.85524,-29.04257]]]},"properties":{"CD_MUN":"4307500","NM_MUN":"Espumoso","AREA_KM2":783.642}},
{"type":"Feature","geometry":{"type":"Polygon","coordinates":[[[-52.22772,-27.97244],[-52.2279,-27.96388],[-52.21823,-27.9499],[-52.21609,-27.93148],[-52.22132,-27.92246],[-52.21966,-27.91227],[-52.23218,-27.91314],[-52.24089,-27.909],[-52.27824,-27.87582],[-52.2994,-27.8947],[-52.30938,-27.90539],[-52.31477,-27.89402],[-52.32954,-27.89496],[-52.34442,-27.89148],[-52.35041,-27.89808],[-52.35238,-27.91249],[-52.36633,-27.91269],[-52.37178,-27.928],[-52.35296,-27.94554],[-52.33943,-27.94657],[-52.3348,-27.97653],[-52.32073,-27.97334],[-52.31731,-27.96536],[-52.31007,-27.96121],[-52.30294,-27.96198],[-52.29523,-27.95465],[-52.28817,-27.95802],[-52.27783,-27.95798],[-52.26855,-27.95478],[-52.2582,-27.96204],[-52.2468,-27.96533],[-52.2327,-27.97393],[-52.22772,-27.97244]]]},"properties":{"CD_MUN":"4307559","NM_MUN":"Estação","AREA_KM2":99.757}},
{"type":"Feature","geometry":{"type":"Polygon","coordinates":[[[-51.17709,-29.67218],[-51.16288,-29.67163],[-51.15518,-29.66896],[-51.14331,-29.66991],[-51.14504,-29.65218],[-51.14217,-29.63701],[-51.1346,-29.63807],[-51.13305,-29.62801],[-51.1664,-29.62418],[-51.16592,-29.62187],[-51.19644,-29.61646],[-51.207,-29.61458],[-51.21438,-29.62143],[-51.23094,-29.61675],[-51.22715,-29.64099],[-51.23053,-29.65012],[-51.22661,-29.65302],[-51.22563,-29.66539],[-51.21921,-29.67329],[-51.21976,-29.68217],[-51.20998,-29.6941],[-51.20807,-29.68529],[-51.20281,-29.67956],[-51.19354,-29.68039],[-51.17709,-29.67218]]]},"properties":{"CD_MUN":"4307609","NM_MUN":"Estância Velha","AREA_KM2":51.779}},
{"type":"Feature","geometry":{"type":"Polygon","coordinates":[[[-51.23161,-29.86231],[-51.19325,-29.8626],[-51.17755,-29.86667],[-51.16568,-29.85925],[-51.15502,-29.864],[-51.1231,-29.86639],[-51.10575,-29.87234],[-51.10126,-29.8687],[-51.11907,-29.85907],[-51.1256,-29.86063],[-51.13688,-29.85014],[-51.14577,-29.84853],[-51.15532,-29.83708],[-51.17028,-29.8313],[-51.18117,-29.82958],[-51.18682,-29.83731],[-51.19291,-29.83283],[-51.19924,-29.83442],[-51.21105,-29.84387],[-51.22587,-29.84295],[-51.23133,-29.85081],[-51.23161,-29.86231]]]},"properties":{"CD_MUN":"4307708","NM_MUN":"Esteio","AREA_KM2":27.676}},
{"type":"Feature","geometry":{"type":"Polygon","coordinates":[[[-51.87249,-29.54392],[-51.87171,-29.5189],[-51.86697,-29.5151],[-51.85821,-29.48815],[-51.84743,-29.46505],[-51.84235,-29.42396],[-51.93268,-29.42561],[-51.93109,-29.41721],[-51.94964,-29.41569],[-51.95571,-29.42159],[-51.94802,-29.42789],[-51.93782,-29.43033],[-51.92588,-29.43651],[-51.91879,-29.45126],[-51.9254,-29.45339],[-51.93643,-29.44942],[-51.94812,-29.46668],[-51.96979,-29.47426],[-51.97804,-29.48709],[-51.96991,-29.49866],[-51.98175,-29.51174],[-51.97458,-29.53104],[-51.97702,-29.54225],[-51.98763,-29.56861],[-52.00013,-29.58404],[-51.99867,-29.5906],[-51.98728,-29.59353],[-51.97515,-29.60299],[-51.96401,-29.60736],[-51.95166,-29.609],[-51.94722,-29.5992],[-51.93525,-29.58157],[-51.9249,-29.58413],[-51.90998,-29.57851],[-51.89142,-29.56864],[-51.8903,-29.56219],[-51.8827,-29.56018],[-51.87681,-29.54657],[-51.87249,-29.54392]]]},"properties":{"CD_MUN":"4307807","NM_MUN":"Estrela","AREA_KM2":185.026}},
{"type":"Feature","geometry":{"type":"Polygon","coordinates":[[[-53.06392,-29.18181],[-53.07254,-29.17779],[-53.06898,-29.16916],[-53.08285,-29.16137],[-53.08837,-29.15464],[-53.09427,-29.13986],[-53.1151,-29.14801],[-53.13007,-29.14339],[-53.14142,-29.13079],[-53.15597,-29.13245],[-53.16369,-29.13717],[-53.17609,-29.13149],[-53.19078,-29.13053],[-53.19631,-29.13748],[-53.21358,-29.13628],[-53.23523,-29.14143],[-53.24037,-29.13786],[-53.25303,-29.13612],[-53.26144,-29.1443],[-53.25806,-29.15284],[-53.25868,-29.16238],[-53.25515,-29.16965],[-53.24311,-29.16863],[-53.24442,-29.17587],[-53.25696,-29.17751],[-53.25967,-29.18797],[-53.26656,-29.19067],[-53.26258,-29.19659],[-53.2455,-29.19362],[-53.24341,-29.2069],[-53.24943,-29.21167],[-53.24813,-29.22606],[-53.24985,-29.23492],[-53.24702,-29.24036],[-53.23497,-29.24289],[-53.2356,-29.25719],[-53.22705,-29.25455],[-53.21078,-29.26412],[-53.21429,-29.27341],[-53.22487,-29.27331],[-53.23242,-29.26429],[-53.24023,-29.26458],[-53.23864,-29.28437],[-53.24753,-29.28809],[-53.24572,-29.29658],[-53.23,-29.30923],[-53.23609,-29.31725],[-53.22914,-29.32315],[-53.23239,-29.33283],[-53.24063,-29.33283],[-53.23948,-29.34035],[-53.23141,-29.34379],[-53.23104,-29.35012],[-53.22289,-29.35044],[-53.20441,-29.35808],[-53.1951,-29.36405],[-53.1921,-29.35265],[-53.18631,-29.34744],[-53.17118,-29.34517],[-53.16805,-29.34167],[-53.17101,-29.3395],[-53.19097,-29.33624],[-53.19176,-29.3257],[-53.17966,-29.32502],[-53.17256,-29.33406],[-53.1653,-29.32079],[-53.15746,-29.32781],[-53.15026,-29.31193],[-53.14167,-29.31319],[-53.14427,-29.29308],[-53.1419,-29.28227],[-53.14656,-29.26737],[-53.12586,-29.26464],[-53.13738,-29.25344],[-53.12306,-29.25008],[-53.12984,-29.22825],[-53.11871,-29.23291],[-53.11472,-29.22411],[-53.10571,-29.2171],[-53.09798,-29.20712],[-53.09036,-29.21224],[-53.08123,-29.19874],[-53.0732,-29.20227],[-53.07144,-29.18916],[-53.06392,-29.18181]]]},"properties":{"CD_MUN":"4307815","NM_MUN":"Estrela Velha","AREA_KM2":281.613}},
{"type":"Feature","geometry":{"type":"Polygon","coordinates":[[[-54.12844,-28.55469],[-54.12801,-28.49012],[-54.13979,-28.48436],[-54.13898,-28.46588],[-54.1575,-28.45886],[-54.15947,-28.46371],[-54.17225,-28.46165],[-54.18056,-28.45531],[-54.18684,-28.45803],[-54.19976,-28.44581],[-54.20808,-28.44672],[-54.21468,-28.45434],[-54.23032,-28.44312],[-54.2381,-28.4407],[-54.25644,-28.44569],[-54.26512,-28.43983],[-54.27292,-28.44076],[-54.28662,-28.43352],[-54.30246,-28.42986],[-54.30256,-28.43819],[-54.28875,-28.44304],[-54.28843,-28.44827],[-54.29957,-28.44928],[-54.30607,-28.45746],[-54.28743,-28.46685],[-54.27928,-28.47939],[-54.25687,-28.48995],[-54.25903,-28.49627],[-54.27573,-28.50216],[-54.28462,-28.5],[-54.30635,-28.51182],[-54.31586,-28.52484],[-54.32244,-28.52908],[-54.32631,-28.53752],[-54.33668,-28.5429],[-54.34573,-28.55307],[-54.33813,-28.56376],[-54.33733,-28.57476],[-54.33346,-28.58243],[-54.3241,-28.58014],[-54.31364,-28.5824],[-54.30958,-28.58686],[-54.31291,-28.59937],[-54.32325,-28.61347],[-54.33582,-28.61955],[-54.3396,-28.62444],[-54.34936,-28.62515],[-54.35919,-28.63584],[-54.36935,-28.6424],[-54.37887,-28.65537],[-54.37806,-28.65968],[-54.37342,-28.66672],[-54.35821,-28.66114],[-54.35005,-28.66633],[-54.36436,-28.6841],[-54.37792,-28.69498],[-54.3773,-28.70197],[-54.36957,-28.70207],[-54.36701,-28.70748],[-54.34931,-28.70674],[-54.3335,-28.72101],[-54.33039,-28.72638],[-54.32285,-28.7244],[-54.31486,-28.70464],[-54.31247,-28.68612],[-54.32275,-28.686],[-54.33443,-28.67991],[-54.33168,-28.67285],[-54.31516,-28.66329],[-54.3098,-28.66631],[-54.3008,-28.66309],[-54.28804,-28.6649],[-54.28267,-28.66138],[-54.28129,-28.67668],[-54.2697,-28.6649],[-54.26379,-28.66488],[-54.24451,-28.65236],[-54.2424,-28.64732],[-54.22846,-28.64975],[-54.21805,-28.65639],[-54.20436,-28.65624],[-54.19705,-28.66006],[-54.19183,-28.64436],[-54.18166,-28.6407],[-54.1773,-28.63307],[-54.1754,-28.61819],[-54.1649,-28.6173],[-54.15918,-28.60817],[-54.15211,-28.60885],[-54.15484,-28.59833],[-54.16344,-28.59164],[-54.15757,-28.58444],[-54.15019,-28.56726],[-54.13805,-28.56647],[-54.14159,-28.55961],[-54.12844,-28.55469]]]},"properties":{"CD_MUN":"4307831","NM_MUN":"Eugênio de Castro","AREA_KM2":418.069}},
{"type":"Feature","geometry":{"type":"Polygon","coordinates":[[[-51.71212,-28.83546],[-51.75468,-28.83598],[-51.75467,-28.85122],[-51.76555,-28.86457],[-51.75829,-28.87261],[-51.77055,-28.87455],[-51.77641,-28.88034],[-51.79107,-28.88394],[-51.79937,-28.88587],[-51.79966,-28.89415],[-51.80823,-28.89512],[-51.81322,-28.90782],[-51.79834,-28.91026],[-51.79117,-28.9169],[-51.7818,-28.91399],[-51.77902,-28.91945],[-51.78982,-28.92796],[-51.79044,-28.93237],[-51.7813,-28.93629],[-51.78091,-28.93749],[-51.6937,-28.93178],[-51.68396,-28.92725],[-51.66914,-28.91113],[-51.65902,-28.91413],[-51.64599,-28.91025],[-51.64559,-28.89119],[-51.63472,-28.87947],[-51.62603,-28.87963],[-51.62078,-28.88639],[-51.62043,-28.87289],[-51.64972,-28.87263],[-51.64656,-28.8648],[-51.65143,-28.84829],[-51.66718,-28.83484],[-51.71212,-28.83546]]]},"properties":{"CD_MUN":"4307864","NM_MUN":"Fagundes Varela","AREA_KM2":134.295}},
{"type":"Feature","geometry":{"type":"Polygon","coordinates":[[[-51.49109,-29.26024],[-51.47791,-29.25856],[-51.47261,-29.25425],[-51.4611,-29.25496],[-51.459,-29.27105],[-51.44004,-29.27069],[-51.43876,-29.29068],[-51.35405,-29.29092],[-51.35558,-29.32128],[-51.35266,-29.33312],[-51.33645,-29.33297],[-51.30945,-29.32318],[-51.29872,-29.31758],[-51.28283,-29.31858],[-51.2697,-29.31282],[-51.25988,-29.30885],[-51.27691,-29.30419],[-51.27843,-29.29494],[-51.2667,-29.29509],[-51.26575,-29.24589],[-51.28869,-29.24541],[-51.28859,-29.19376],[-51.29389,-29.19393],[-51.2947,-29.15396],[-51.29285,-29.15382],[-51.29351,-29.11337],[-51.34322,-29.11493],[-51.34546,-29.11018],[-51.35827,-29.10452],[-51.36168,-29.09076],[-51.36698,-29.08471],[-51.37035,-29.06855],[-51.38498,-29.06587],[-51.39511,-29.05887],[-51.40442,-29.05563],[-51.42209,-29.05984],[-51.4268,-29.07005],[-51.42567,-29.08766],[-51.41288,-29.08746],[-51.41159,-29.12726],[-51.42321,-29.12716],[-51.42315,-29.15617],[-51.38846,-29.15601],[-51.38825,-29.17576],[-51.39094,-29.17582],[-51.39074,-29.19709],[-51.45379,-29.19753],[-51.48476,-29.19941],[-51.4916,-29.1979],[-51.49109,-29.26024]]]},"properties":{"CD_MUN":"4307906","NM_MUN":"Farroupilha","AREA_KM2":361.341}},
{"type":"Feature","geometry":{"type":"Polygon","coordinates":[[[-53.38653,-29.48908],[-53.3968,-29.49267],[-53.40727,-29.49253],[-53.40751,-29.49819],[-53.41809,-29.49809],[-53.41822,-29.50497],[-53.42866,-29.50509],[-53.42894,-29.51241],[-53.45305,-29.51361],[-53.46218,-29.51795],[-53.47186,-29.51755],[-53.4779,-29.52551],[-53.49203,-29.52523],[-53.49454,-29.51533],[-53.5072,-29.51714],[-53.51894,-29.5259],[-53.52953,-29.51558],[-53.54167,-29.51265],[-53.54622,-29.51508],[-53.5649,-29.53299],[-53.56807,-29.539],[-53.55733,-29.54466],[-53.55177,-29.55199],[-53.55319,-29.55752],[-53.54847,-29.56508],[-53.54973,-29.57435],[-53.53686,-29.59194],[-53.53038,-29.59598],[-53.52959,-29.61542],[-53.52274,-29.60784],[-53.51638,-29.61269],[-53.51507,-29.62106],[-53.50921,-29.62363],[-53.50035,-29.61734],[-53.49564,-29.621],[-53.48716,-29.61407],[-53.47739,-29.61241],[-53.46922,-29.58909],[-53.46372,-29.5856],[-53.45469,-29.5895],[-53.44552,-29.59744],[-53.4317,-29.59609],[-53.42444,-29.60384],[-53.42027,-29.59907],[-53.41046,-29.6014],[-53.40409,-29.61065],[-53.37599,-29.60243],[-53.38302,-29.58938],[-53.38322,-29.57626],[-53.37998,-29.56667],[-53.37283,-29.56764],[-53.37355,-29.54674],[-53.37919,-29.54666],[-53.37865,-29.53679],[-53.38723,-29.53652],[-53.38653,-29.48908]]]},"properties":{"CD_MUN":"4308003","NM_MUN":"Faxinal do Soturno","AREA_KM2":169.514}},
{"type":"Feature","geometry":{"type":"Polygon","coordinates":[[[-52.61843,-27.43224],[-52.61101,-27.4287],[-52.61043,-27.41757],[-52.60159,-27.40892],[-52.60402,-27.40334],[-52.61345,-27.39441],[-52.60983,-27.38551],[-52.61576,-27.37857],[-52.61273,-27.37004],[-52.61919,-27.36273],[-52.62598,-27.35008],[-52.64652,-27.34099],[-52.66339,-27.32258],[-52.66215,-27.30985],[-52.67111,-27.30596],[-52.67947,-27.29554],[-52.6849,-27.29596],[-52.69719,-27.29992],[-52.70492,-27.29838],[-52.7148,-27.31815],[-52.72047,-27.32054],[-52.73796,-27.31818],[-52.7428,-27.3227],[-52.73657,-27.33121],[-52.72852,-27.33623],[-52.73411,-27.35589],[-52.72542,-27.3638],[-52.71406,-27.36922],[-52.71554,-27.37543],[-52.73145,-27.37406],[-52.73423,-27.37989],[-52.72872,-27.38524],[-52.71604,-27.38877],[-52.71938,-27.39809],[-52.72897,-27.39288],[-52.73268,-27.40092],[-52.72601,-27.40714],[-52.72256,-27.41529],[-52.73208,-27.42492],[-52.72601,-27.43217],[-52.71885,-27.4362],[-52.70674,-27.43708],[-52.69425,-27.44356],[-52.68144,-27.44125],[-52.6723,-27.42659],[-52.66409,-27.42837],[-52.64011,-27.42719],[-52.61843,-27.43224]]]},"properties":{"CD_MUN":"4308052","NM_MUN":"Faxinalzinho","AREA_KM2":143.321}},
{"type":"Feature","geometry":{"type":"Polygon","coordinates":[[[-51.87354,-29.64258],[-51.8718,-29.63841],[-51.86003,-29.6377],[-51.85396,-29.6422],[-51.84793,-29.63925],[-51.82676,-29.64877],[-51.81444,-29.63542],[-51.80318,-29.62672],[-51.79869,-29.6142],[-51.79459,-29.59763],[-51.79889,-29.59313],[-51.79811,-29.57838],[-51.79556,-29.57371],[-51.79843,-29.55822],[-51.81121,-29.54904],[-51.81035,-29.5377],[-51.81676,-29.52937],[-51.82608,-29.53063],[-51.82995,-29.53524],[-51.84472,-29.53628],[-51.86518,-29.54041],[-51.87249,-29.54392],[-51.87681,-29.54657],[-51.8827,-29.56018],[-51.87443,-29.56575],[-51.87341,-29.57353],[-51.88084,-29.58489],[-51.88173,-29.59408],[-51.87059,-29.6001],[-51.87246,-29.60703],[-51.86992,-29.61553],[-51.88063,-29.63948],[-51.87354,-29.64258]]]},"properties":{"CD_MUN":"4308078","NM_MUN":"Fazenda Vilanova","AREA_KM2":84.794}},
{"type":"Feature","geometry":{"type":"Polygon","coordinates":[[[-51.22629,-29.38988],[-51.23135,-29.39749],[-51.25582,-29.40218],[-51.25707,-29.40738],[-51.26688,-29.41841],[-51.28142,-29.41338],[-51.28032,-29.40483],[-51.3107,-29.41298],[-51.31065,-29.41989],[-51.33011,-29.42719],[-51.3344,-29.43475],[-51.33411,-29.45629],[-51.33841,-29.46012],[-51.34011,-29.47362],[-51.32923,-29.47474],[-51.3247,-29.47902],[-51.31361,-29.48127],[-51.32509,-29.4967],[-51.32508,-29.50658],[-51.33002,-29.51635],[-51.3365,-29.51621],[-51.33655,-29.52314],[-51.32768,-29.52546],[-51.31881,-29.52072],[-51.30302,-29.52314],[-51.29015,-29.52523],[-51.2774,-29.50918],[-51.26529,-29.50298],[-51.27012,-29.49975],[-51.27291,-29.48934],[-51.26768,-29.47765],[-51.25203,-29.46187],[-51.24854,-29.44559],[-51.23447,-29.44858],[-51.23306,-29.44213],[-51.23797,-29.43542],[-51.24885,-29.43358],[-51.23538,-29.42274],[-51.20751,-29.41783],[-51.19668,-29.40939],[-51.20683,-29.40775],[-51.22232,-29.39752],[-51.22629,-29.38988]]]},"properties":{"CD_MUN":"4308102","NM_MUN":"Feliz","AREA_KM2":94.832}},
{"type":"Feature","geometry":{"type":"Polygon","coordinates":[[[-51.11208,-29.03266],[-51.12202,-29.02395],[-51.12255,-29.01298],[-51.12763,-29.00703],[-51.12102,-28.99953],[-51.12145,-28.98786],[-51.12481,-28.98087],[-51.13377,-28.98225],[-51.14068,-28.97708],[-51.14104,-28.97159],[-51.15298,-28.97189],[-51.155,-28.96565],[-51.16788,-28.95032],[-51.17728,-28.94368],[-51.18561,-28.94225],[-51.18948,-28.94041],[-51.193,-28.92964],[-51.20897,-28.93477],[-51.21408,-28.94297],[-51.23641,-28.9393],[-51.24247,-28.94757],[-51.25462,-28.95418],[-51.26086,-28.96252],[-51.27047,-28.96031],[-51.27445,-28.96385],[-51.2768,-28.97503],[-51.27377,-29.02859],[-51.24699,-29.02761],[-51.2465,-29.04312],[-51.2595,-29.03707],[-51.28125,-29.0417],[-51.29011,-29.04097],[-51.3175,-29.04711],[-51.32434,-29.06066],[-51.33281,-29.06578],[-51.34118,-29.05813],[-51.35729,-29.0581],[-51.37035,-29.06855],[-51.36698,-29.08471],[-51.36168,-29.09076],[-51.35827,-29.10452],[-51.34546,-29.11018],[-51.34322,-29.11493],[-51.29351,-29.11337],[-51.2861,-29.10397],[-51.2972,-29.09444],[-51.30449,-29.09382],[-51.30811,-29.08825],[-51.23549,-29.08605],[-51.23547,-29.08803],[-51.20275,-29.08692],[-51.20261,-29.09128],[-51.14495,-29.09036],[-51.14533,-29.08113],[-51.11141,-29.08025],[-51.11208,-29.03266]]]},"properties":{"CD_MUN":"4308201","NM_MUN":"Flores da Cunha","AREA_KM2":276.241}},
{"type":"Feature","geometry":{"type":"Polygon","coordinates":[[[-51.94995,-27.82678],[-51.95636,-27.83053],[-51.963,-27.82284],[-51.97789,-27.81875],[-51.98259,-27.82526],[-51.99682,-27.81788],[-51.99907,-27.82556],[-52.02628,-27.81686],[-52.03402,-27.82326],[-52.04529,-27.8237],[-52.05957,-27.83096],[-52.06012,-27.82123],[-52.0666,-27.82065],[-52.06974,-27.813],[-52.07758,-27.82011],[-52.08268,-27.81853],[-52.08474,-27.80064],[-52.09098,-27.79441],[-52.14624,-27.84567],[-52.13201,-27.85759],[-52.13356,-27.86386],[-52.14232,-27.86274],[-52.14848,-27.87031],[-52.15184,-27.8831],[-52.14862,-27.89438],[-52.13487,-27.89761],[-52.11946,-27.91078],[-52.10708,-27.90683],[-52.08243,-27.90632],[-52.07164,-27.91387],[-52.07163,-27.9051],[-52.06741,-27.89636],[-52.06016,-27.89848],[-52.05876,-27.90527],[-52.05091,-27.90634],[-52.05058,-27.89541],[-52.06076,-27.89448],[-52.06076,-27.88488],[-52.04517,-27.88661],[-52.01755,-27.88125],[-52.00607,-27.89028],[-51.99392,-27.88494],[-51.93834,-27.88452],[-51.92394,-27.88183],[-51.91976,-27.86944],[-51.93597,-27.87051],[-51.93671,-27.86708],[-51.92722,-27.85907],[-51.92687,-27.85305],[-51.9199,-27.84493],[-51.93566,-27.83494],[-51.94014,-27.83461],[-51.94368,-27.82123],[-51.94995,-27.82678]]]},"properties":{"CD_MUN":"4308250","NM_MUN":"Floriano Peixoto","AREA_KM2":168.521}},
{"type":"Feature","geometry":{"type":"Polygon","coordinates":[[[-52.42731,-29.15697],[-52.42051,-29.15004],[-52.40713,-29.15658],[-52.40202,-29.14884],[-52.39291,-29.15109],[-52.38631,-29.14758],[-52.37698,-29.1519],[-52.36944,-29.15073],[-52.3699,-29.1439],[-52.35142,-29.15017],[-52.34246,-29.14063],[-52.32455,-29.1562],[-52.32267,-29.14693],[-52.31049,-29.1585],[-52.30215,-29.15292],[-52.29925,-29.16406],[-52.29236,-29.16391],[-52.2922,-29.1546],[-52.28575,-29.14413],[-52.29046,-29.12966],[-52.28986,-29.11676],[-52.29748,-29.104],[-52.30567,-29.09983],[-52.31418,-29.09013],[-52.31386,-29.08465],[-52.32423,-29.06922],[-52.33657,-29.05909],[-52.33494,-29.04611],[-52.33719,-29.04032],[-52.3302,-29.02006],[-52.32016,-29.01884],[-52.30693,-29.01349],[-52.30594,-29.00536],[-52.28767,-29.01476],[-52.28607,-29.02118],[-52.26651,-29.02589],[-52.22605,-29.03781],[-52.21504,-29.02666],[-52.22646,-29.01889],[-52.21889,-29.00511],[-52.23062,-28.995],[-52.23084,-28.98416],[-52.22829,-28.97006],[-52.2316,-28.97402],[-52.24394,-28.96277],[-52.25028,-28.96452],[-52.25927,-28.95669],[-52.25743,-28.952],[-52.26765,-28.94542],[-52.26075,-28.93259],[-52.27046,-28.93265],[-52.26559,-28.92228],[-52.28034,-28.91247],[-52.27783,-28.90166],[-52.28102,-28.89396],[-52.29105,-28.88465],[-52.28969,-28.87888],[-52.29942,-28.87559],[-52.31075,-28.87578],[-52.32595,-28.87204],[-52.34226,-28.88076],[-52.35668,-28.87568],[-52.36968,-28.87854],[-52.37798,-28.88334],[-52.39053,-28.88526],[-52.40383,-28.88114],[-52.41493,-28.88709],[-52.41883,-28.89248],[-52.44717,-28.896],[-52.44909,-28.9008],[-52.46835,-28.90678],[-52.48168,-28.90201],[-52.48729,-28.90863],[-52.49148,-28.93328],[-52.48602,-28.94037],[-52.49448,-28.94822],[-52.50382,-28.94985],[-52.5012,-28.97054],[-52.49466,-28.98009],[-52.4987,-28.98538],[-52.49099,-28.9919],[-52.49603,-29.00115],[-52.49887,-29.01716],[-52.49545,-29.02361],[-52.49487,-29.034],[-52.49289,-29.05307],[-52.48882,-29.06728],[-52.49546,-29.08478],[-52.47637,-29.08551],[-52.47569,-29.09961],[-52.47827,-29.10533],[-52.4618,-29.1146],[-52.45767,-29.1297],[-52.45047,-29.13033],[-52.44091,-29.14752],[-52.43292,-29.14734],[-52.42731,-29.15697]]]},"properties":{"CD_MUN":"4308300","NM_MUN":"Fontoura Xavier","AREA_KM2":583.239}},
{"type":"Feature","geometry":{"type":"Polygon","coordinates":[[[-53.25393,-29.9578],[-53.25976,-29.95633],[-53.27123,-29.944],[-53.28166,-29.93971],[-53.28792,-29.94071],[-53.29369,-29.93478],[-53.29927,-29.93785],[-53.30982,-29.93167],[-53.31725,-29.93542],[-53.31312,-29.94323],[-53.32742,-29.94352],[-53.32995,-29.93737],[-53.33898,-29.93621],[-53.34103,-29.93003],[-53.36499,-29.92508],[-53.38271,-29.93299],[-53.39762,-29.92806],[-53.40316,-29.93217],[-53.41886,-29.92487],[-53.43529,-29.90714],[-53.44062,-29.90428],[-53.44794,-29.89414],[-53.46264,-29.8869],[-53.468,-29.88044],[-53.48394,-29.88161],[-53.48375,-29.87561],[-53.49911,-29.87383],[-53.50578,-29.88337],[-53.51518,-29.88003],[-53.53411,-29.87808],[-53.53526,-29.87238],[-53.54935,-29.86748],[-53.55818,-29.86168],[-53.57132,-29.86322],[-53.5797,-29.87077],[-53.60909,-29.87195],[-53.61266,-29.87924],[-53.62635,-29.88085],[-53.63432,-29.88631],[-53.65224,-29.89276],[-53.6486,-29.91431],[-53.65189,-29.93014],[-53.63964,-29.95289],[-53.63629,-29.96408],[-53.6411,-29.97661],[-53.63498,-29.98946],[-53.63929,-30.00082],[-53.65402,-30.01837],[-53.67112,-30.05084],[-53.6435,-30.07532],[-53.63407,-30.09409],[-53.61696,-30.09192],[-53.60627,-30.09266],[-53.59256,-30.09809],[-53.5862,-30.09737],[-53.57067,-30.08924],[-53.55173,-30.0822],[-53.53712,-30.06015],[-53.52556,-30.05604],[-53.51206,-30.05851],[-53.50852,-30.06538],[-53.49936,-30.06002],[-53.48233,-30.05955],[-53.4851,-30.04847],[-53.48094,-30.044],[-53.45241,-30.04282],[-53.44956,-30.04751],[-53.43859,-30.04417],[-53.4331,-30.03927],[-53.41885,-30.03791],[-53.40083,-30.03106],[-53.39084,-30.02429],[-53.37457,-30.02246],[-53.35036,-30.0118],[-53.34308,-30.00573],[-53.34075,-29.99633],[-53.33427,-29.99919],[-53.31885,-29.99369],[-53.30891,-29.9819],[-53.29519,-29.97803],[-53.28359,-29.98594],[-53.27614,-29.97799],[-53.26199,-29.96728],[-53.25393,-29.9578]]]},"properties":{"CD_MUN":"4308409","NM_MUN":"Formigueiro","AREA_KM2":578.875}},
{"type":"Feature","geometry":{"type":"Polygon","coordinates":[[[-52.2015,-29.42537],[-52.17121,-29.42356],[-52.16078,-29.42504],[-52.15457,-29.42992],[-52.13899,-29.42965],[-52.12768,-29.4242],[-52.1083,-29.42181],[-52.09346,-29.42502],[-52.08403,-29.42235],[-52.08175,-29.41104],[-52.04507,-29.41493],[-52.03737,-29.40865],[-52.04019,-29.40071],[-52.04814,-29.39986],[-52.0548,-29.38892],[-52.08957,-29.36012],[-52.11238,-29.3619],[-52.12726,-29.34399],[-52.13097,-29.35189],[-52.16361,-29.3287],[-52.16134,-29.33326],[-52.16535,-29.34373],[-52.16488,-29.351],[-52.17885,-29.35468],[-52.1924,-29.36077],[-52.18814,-29.3796],[-52.18183,-29.38362],[-52.18332,-29.3988],[-52.17887,-29.4063],[-52.16936,-29.40824],[-52.16048,-29.40588],[-52.15788,-29.41444],[-52.17424,-29.41616],[-52.19647,-29.42053],[-52.2015,-29.42537]]]},"properties":{"CD_MUN":"4308433","NM_MUN":"Forquetinha","AREA_KM2":93.275}},
{"type":"Feature","geometry":{"type":"Polygon","coordinates":[[[-53.33094,-28.78576],[-53.33276,-28.79562],[-53.32855,-28.80251],[-53.31887,-28.79976],[-53.31182,-28.80593],[-53.31068,-28.81634],[-53.30413,-28.82376],[-53.30409,-28.83599],[-53.31043,-28.84092],[-53.30774,-28.84691],[-53.29744,-28.84561],[-53.29197,-28.85375],[-53.2967,-28.86262],[-53.30497,-28.86186],[-53.31146,-28.87012],[-53.31857,-28.87133],[-53.33231,-28.86626],[-53.33853,-28.8693],[-53.35945,-28.86849],[-53.36979,-28.87239],[-53.37694,-28.87188],[-53.38145,-28.87748],[-53.40864,-28.87357],[-53.41533,-28.87686],[-53.42922,-28.90092],[-53.42287,-28.90513],[-53.41518,-28.91935],[-53.39767,-28.92177],[-53.38825,-28.92497],[-53.38021,-28.94393],[-53.39781,-28.95786],[-53.39705,-28.96924],[-53.40618,-28.97138],[-53.41994,-28.98089],[-53.42718,-28.97315],[-53.43514,-28.97776],[-53.44119,-28.98699],[-53.47127,-28.97952],[-53.47168,-28.98732],[-53.48148,-29.01848],[-53.4937,-29.02157],[-53.4955,-29.03741],[-53.51127,-29.03694],[-53.50497,-29.04604],[-53.50956,-29.05007],[-53.50411,-29.0583],[-53.49647,-29.06275],[-53.49438,-29.07308],[-53.46379,-29.07807],[-53.46122,-29.08917],[-53.4488,-29.09021],[-53.44584,-29.08649],[-53.45283,-29.06808],[-53.44941,-29.04729],[-53.43922,-29.04705],[-53.41597,-29.03875],[-53.40891,-29.01426],[-53.41381,-29.01004],[-53.40656,-29.00174],[-53.39369,-28.99992],[-53.3858,-28.98825],[-53.37129,-28.97547],[-53.35868,-28.98072],[-53.35578,-28.98675],[-53.34482,-28.98347],[-53.34061,-28.988],[-53.34768,-28.99797],[-53.34413,-29.00241],[-53.33054,-29.00942],[-53.31677,-29.01379],[-53.30736,-29.0111],[-53.30111,-29.00064],[-53.29831,-28.98865],[-53.28426,-28.98544],[-53.27712,-28.98049],[-53.27999,-28.97501],[-53.26235,-28.96592],[-53.2587,-28.95902],[-53.24419,-28.9608],[-53.23513,-28.95616],[-53.22851,-28.95849],[-53.21465,-28.95642],[-53.2153,-28.9728],[-53.21039,-28.98206],[-53.19982,-28.98289],[-53.19062,-28.9918],[-53.18651,-29.00714],[-53.17773,-29.02434],[-53.17109,-29.031],[-53.15275,-29.03263],[-53.15155,-29.02473],[-53.148,-29.00142],[-53.12904,-28.98723],[-53.13961,-28.9775],[-53.15375,-28.96999],[-53.15766,-28.95937],[-53.15222,-28.95582],[-53.14083,-28.9624],[-53.13208,-28.96234],[-53.12997,-28.94065],[-53.13692,-28.93308],[-53.13649,-28.92486],[-53.14042,-28.91953],[-53.15729,-28.91281],[-53.16203,-28.92131],[-53.17023,-28.9154],[-53.1661,-28.90699],[-53.15538,-28.90189],[-53.14926,-28.88012],[-53.15356,-28.87479],[-53.16804,-28.87635],[-53.17639,-28.87473],[-53.18173,-28.86131],[-53.17808,-28.85754],[-53.15846,-28.86469],[-53.14379,-28.86239],[-53.14143,-28.85163],[-53.13514,-28.84603],[-53.12386,-28.8471],[-53.11523,-28.83413],[-53.11746,-28.82279],[-53.11273,-28.81431],[-53.11905,-28.80247],[-53.13144,-28.80686],[-53.13925,-28.80645],[-53.14479,-28.79908],[-53.15188,-28.79679],[-53.13924,-28.7775],[-53.14201,-28.76507],[-53.13714,-28.76012],[-53.15354,-28.75185],[-53.16178,-28.75734],[-53.17006,-28.755],[-53.16999,-28.74868],[-53.21398,-28.74578],[-53.21725,-28.75159],[-53.2348,-28.75357],[-53.23919,-28.74405],[-53.24996,-28.73447],[-53.26085,-28.72979],[-53.29083,-28.72587],[-53.29554,-28.7328],[-53.3193,-28.75679],[-53.33094,-28.78576]]]},"properties":{"CD_MUN":"4308458","NM_MUN":"Fortaleza dos Valos","AREA_KM2":650.512}},
{"type":"Feature","geometry":{"type":"Polygon","coordinates":[[[-53.26171,-27.37388],[-53.26569,-27.36924],[-53.25538,-27.36322],[-53.24932,-27.35585],[-53.25124,-27.34789],[-53.26481,-27.35],[-53.26526,-27.34529],[-53.25762,-27.33968],[-53.26387,-27.33051],[-53.27959,-27.32703],[-53.27224,-27.31884],[-53.2761,-27.3107],[-53.29146,-27.30586],[-53.28244,-27.29699],[-53.29263,-27.29111],[-53.29243,-27.28028],[-53.31129,-27.27194],[-53.32164,-27.27491],[-53.31879,-27.26442],[-53.30931,-27.26164],[-53.30291,-27.25381],[-53.30615,-27.2491],[-53.32025,-27.24416],[-53.31885,-27.23921],[-53.30341,-27.23429],[-53.30296,-27.22744],[-53.30964,-27.22557],[-53.32111,-27.22822],[-53.32687,-27.22054],[-53.3351,-27.2227],[-53.3299,-27.23569],[-53.33994,-27.23478],[-53.34183,-27.24132],[-53.34934,-27.23958],[-53.34736,-27.25093],[-53.35537,-27.25778],[-53.35512,-27.26816],[-53.36961,-27.27065],[-53.372,-27.27916],[-53.39013,-27.3014],[-53.38893,-27.30703],[-53.40268,-27.32055],[-53.42206,-27.31838],[-53.4367,-27.31336],[-53.44879,-27.30046],[-53.46252,-27.29565],[-53.48769,-27.29028],[-53.48376,-27.29635],[-53.49307,-27.30027],[-53.48122,-27.31785],[-53.47759,-27.3307],[-53.47137,-27.3391],[-53.46305,-27.34105],[-53.46053,-27.35114],[-53.44211,-27.36483],[-53.43064,-27.38352],[-53.43702,-27.38946],[-53.43692,-27.40122],[-53.42512,-27.40149],[-53.42464,-27.41592],[-53.42711,-27.4236],[-53.419,-27.42675],[-53.39665,-27.42185],[-53.38972,-27.41706],[-53.37034,-27.41673],[-53.35244,-27.42047],[-53.3432,-27.41495],[-53.32367,-27.40702],[-53.3034,-27.38853],[-53.28769,-27.39643],[-53.27804,-27.38688],[-53.26301,-27.37992],[-53.26171,-27.37388]]]},"properties":{"CD_MUN":"4308508","NM_MUN":"Frederico Westphalen","AREA_KM2":265.181}},
{"type":"Feature","geometry":{"type":"Polygon","coordinates":[[[-51.49109,-29.26024],[-51.4916,-29.1979],[-51.52299,-29.19897],[-51.52323,-29.19675],[-51.55611,-29.19669],[-51.65408,-29.19815],[-51.67799,-29.19853],[-51.67753,-29.21263],[-51.68483,-29.21264],[-51.67946,-29.22324],[-51.68024,-29.23976],[-51.67669,-29.24691],[-51.65226,-29.24707],[-51.64643,-29.25379],[-51.64603,-29.27366],[-51.65064,-29.27358],[-51.65,-29.29392],[-51.63191,-29.2935],[-51.54565,-29.29281],[-51.54591,-29.27769],[-51.54098,-29.27495],[-51.49062,-29.27645],[-51.49109,-29.26024]]]},"properties":{"CD_MUN":"4308607","NM_MUN":"Garibaldi","AREA_KM2":168.492}},
{"type":"Feature","geometry":{"type":"Polygon","coordinates":[[[-55.43844,-28.08633],[-55.44256,-28.09431],[-55.45454,-28.0956],[-55.48788,-28.07646],[-55.49941,-28.08106],[-55.50671,-28.10278],[-55.51324,-28.11465],[-55.53058,-28.11546],[-55.53983,-28.12261],[-55.5476,-28.13648],[-55.54933,-28.15596],[-55.55755,-28.16456],[-55.56416,-28.16351],[-55.58534,-28.14795],[-55.5891,-28.14178],[-55.58341,-28.12517],[-55.58694,-28.11954],[-55.59627,-28.11575],[-55.61073,-28.11746],[-55.62078,-28.13098],[-55.62236,-28.13845],[-55.61968,-28.15355],[-55.62806,-28.17235],[-55.63423,-28.17784],[-55.65302,-28.1821],[-55.69258,-28.21879],[-55.70473,-28.2243],[-55.73386,-28.22931],[-55.77125,-28.24145],[-55.77845,-28.24767],[-55.78256,-28.25606],[-55.78004,-28.26516],[-55.77318,-28.27424],[-55.75468,-28.27985],[-55.74306,-28.28145],[-55.72358,-28.29268],[-55.70177,-28.31119],[-55.6802,-28.32223],[-55.67042,-28.33439],[-55.66915,-28.34076],[-55.68015,-28.36991],[-55.68877,-28.38816],[-55.69218,-28.41638],[-55.68657,-28.41469],[-55.67079,-28.39819],[-55.66903,-28.38852],[-55.66349,-28.38957],[-55.65139,-28.37995],[-55.63871,-28.37773],[-55.63423,-28.37321],[-55.63564,-28.36636],[-55.61025,-28.3719],[-55.59397,-28.3627],[-55.59026,-28.35009],[-55.58308,-28.33943],[-55.56538,-28.3435],[-55.56645,-28.35393],[-55.56313,-28.36184],[-55.54474,-28.37523],[-55.53625,-28.38959],[-55.5286,-28.38832],[-55.51352,-28.39446],[-55.50691,-28.40319],[-55.50346,-28.39232],[-55.49998,-28.36613],[-55.50938,-28.36206],[-55.52533,-28.34335],[-55.50416,-28.3312],[-55.49795,-28.32054],[-55.49478,-28.31003],[-55.49026,-28.30528],[-55.48818,-28.29182],[-55.49018,-28.28598],[-55.48623,-28.27227],[-55.46403,-28.2569],[-55.46073,-28.25169],[-55.44833,-28.25316],[-55.44357,-28.24877],[-55.42938,-28.26995],[-55.41838,-28.27696],[-55.40977,-28.29456],[-55.40027,-28.29982],[-55.38372,-28.30491],[-55.38091,-28.28723],[-55.3702,-28.27245],[-55.36444,-28.2616],[-55.35945,-28.26221],[-55.35144,-28.25412],[-55.35047,-28.24657],[-55.342,-28.23758],[-55.32667,-28.21247],[-55.31811,-28.20894],[-55.31641,-28.20301],[-55.32811,-28.20313],[-55.33567,-28.20697],[-55.34207,-28.2036],[-55.34047,-28.1918],[-55.32965,-28.19499],[-55.32586,-28.18876],[-55.31647,-28.18919],[-55.3036,-28.17844],[-55.30823,-28.17456],[-55.32322,-28.17697],[-55.32853,-28.18521],[-55.3385,-28.18484],[-55.34542,-28.17429],[-55.35867,-28.17293],[-55.35451,-28.16241],[-55.3662,-28.16484],[-55.36856,-28.16173],[-55.36695,-28.14882],[-55.36094,-28.1455],[-55.35498,-28.13357],[-55.35602,-28.1226],[-55.36625,-28.12346],[-55.36847,-28.11576],[-55.37893,-28.12066],[-55.38963,-28.11585],[-55.39043,-28.12996],[-55.39664,-28.12905],[-55.39432,-28.12038],[-55.40254,-28.11511],[-55.40296,-28.10583],[-55.41196,-28.09791],[-55.40884,-28.08969],[-55.41487,-28.08782],[-55.42193,-28.09978],[-55.42872,-28.09205],[-55.43844,-28.08633]]]},"properties":{"CD_MUN":"4308656","NM_MUN":"Garruchos","AREA_KM2":803.737}},
{"type":"Feature","geometry":{"type":"Polygon","coordinates":[[[-52.15511,-27.66903],[-52.14398,-27.66924],[-52.14037,-27.66045],[-52.13004,-27.66911],[-52.11025,-27.67218],[-52.10626,-27.66742],[-52.07835,-27.67166],[-52.06558,-27.67907],[-52.06781,-27.66255],[-52.05332,-27.65417],[-52.04176,-27.66077],[-52.03875,-27.65398],[-52.0412,-27.64552],[-52.04112,-27.5951],[-52.0487,-27.58969],[-52.06565,-27.59029],[-52.06922,-27.58532],[-52.05422,-27.54253],[-52.06596,-27.5426],[-52.06568,-27.53467],[-52.07683,-27.53443],[-52.07617,-27.51899],[-52.08792,-27.52005],[-52.08297,-27.51114],[-52.0888,-27.50768],[-52.10695,-27.50752],[-52.10725,-27.51641],[-52.13238,-27.51752],[-52.13011,-27.53859],[-52.1356,-27.54689],[-52.15202,-27.54416],[-52.16135,-27.53324],[-52.16659,-27.53137],[-52.18031,-27.53527],[-52.1871,-27.54361],[-52.18565,-27.56814],[-52.18167,-27.66435],[-52.1706,-27.65593],[-52.1642,-27.6688],[-52.15511,-27.66903]]]},"properties":{"CD_MUN":"4308706","NM_MUN":"Gaurama","AREA_KM2":204.428}},
{"type":"Feature","geometry":{"type":"Polygon","coordinates":[[[-51.71642,-29.86074],[-51.73403,-29.85346],[-51.748,-29.852],[-51.76975,-29.86167],[-51.78182,-29.86028],[-51.8013,-29.86246],[-51.81554,-29.86182],[-51.82765,-29.83855],[-51.84078,-29.82377],[-51.87143,-29.81588],[-51.88645,-29.80402],[-51.89373,-29.80436],[-51.90441,-29.81149],[-51.91402,-29.80844],[-51.92038,-29.79248],[-51.9206,-29.7856],[-51.91011,-29.77672],[-51.91028,-29.76658],[-51.92511,-29.76111],[-51.94298,-29.75865],[-51.94959,-29.75949],[-51.95531,-29.76551],[-51.9618,-29.76082],[-51.9582,-29.75573],[-51.95836,-29.74454],[-51.9622,-29.7347],[-51.97266,-29.73673],[-51.98465,-29.73068],[-51.98634,-29.72626],[-52.00135,-29.72358],[-52.00536,-29.71683],[-52.0028,-29.709],[-52.007,-29.70555],[-52.01991,-29.70918],[-52.03027,-29.70293],[-52.03742,-29.70377],[-52.02996,-29.71942],[-52.0215,-29.72633],[-52.0144,-29.73611],[-52.01711,-29.74717],[-52.02503,-29.75308],[-52.02925,-29.76317],[-52.03511,-29.76699],[-52.04055,-29.78446],[-52.05422,-29.79728],[-52.05323,-29.80466],[-52.05866,-29.81426],[-52.05285,-29.82161],[-52.05467,-29.83414],[-52.04809,-29.84879],[-52.03792,-29.85843],[-52.04893,-29.86161],[-52.05052,-29.87485],[-52.04215,-29.89273],[-52.04806,-29.89987],[-52.0472,-29.90606],[-52.05467,-29.92285],[-52.047,-29.92718],[-52.03929,-29.92414],[-52.01895,-29.93056],[-52.0179,-29.93786],[-52.00693,-29.94963],[-52.00148,-29.95554],[-52.00287,-29.97083],[-51.99203,-29.97186],[-51.98576,-29.96581],[-51.98489,-29.95608],[-51.98901,-29.94955],[-51.98444,-29.94228],[-51.9661,-29.93781],[-51.95683,-29.94018],[-51.95014,-29.93806],[-51.94744,-29.93131],[-51.94069,-29.93188],[-51.94459,-29.94628],[-51.93931,-29.94886],[-51.9086,-29.95242],[-51.89868,-29.94685],[-51.88741,-29.95049],[-51.86813,-29.96004],[-51.8476,-29.95701],[-51.8398,-29.95371],[-51.81941,-29.95299],[-51.79533,-29.95427],[-51.78216,-29.95939],[-51.7648,-29.95636],[-51.75003,-29.95979],[-51.73414,-29.95325],[-51.72664,-29.94667],[-51.73193,-29.93823],[-51.74015,-29.91651],[-51.74978,-29.90431],[-51.75028,-29.8884],[-51.74426,-29.8818],[-51.72465,-29.87222],[-51.71642,-29.86074]]]},"properties":{"CD_MUN":"4308805","NM_MUN":"General Câmara","AREA_KM2":510.01}},
{"type":"Feature","geometry":{"type":"Polygon","coordinates":[[[-52.08301,-28.34481],[-52.09345,-28.35107],[-52.10154,-28.35216],[-52.09683,-28.3626],[-52.09689,-28.38456],[-52.10768,-28.38899],[-52.11073,-28.39895],[-52.10553,-28.41676],[-52.10441,-28.4275],[-52.10956,-28.43607],[-52.10133,-28.43882],[-52.09222,-28.44768],[-52.08612,-28.45883],[-52.09008,-28.46346],[-52.08437,-28.47633],[-52.06964,-28.47254],[-52.06245,-28.47409],[-52.05841,-28.46489],[-52.04952,-28.46439],[-52.04274,-28.45749],[-52.02719,-28.44999],[-52.01785,-28.45123],[-52.01255,-28.44579],[-51.99822,-28.43775],[-51.99105,-28.43943],[-51.98491,-28.4344],[-51.9884,-28.42743],[-51.98029,-28.40914],[-51.98116,-28.40517],[-51.974,-28.39427],[-51.96812,-28.3663],[-51.97613,-28.34419],[-51.96379,-28.33121],[-51.98021,-28.32555],[-51.98868,-28.32558],[-52.00561,-28.31746],[-52.01192,-28.30628],[-52.01991,-28.30265],[-52.0285,-28.30676],[-52.05058,-28.3029],[-52.07356,-28.3052],[-52.06481,-28.31539],[-52.06252,-28.32176],[-52.06713,-28.32679],[-52.07144,-28.33929],[-52.08301,-28.34481]]]},"properties":{"CD_MUN":"4308854","NM_MUN":"Gentil","AREA_KM2":184.715}},
{"type":"Feature","geometry":{"type":"Polygon","coordinates":[[[-52.27824,-27.87582],[-52.24089,-27.909],[-52.23218,-27.91314],[-52.21966,-27.91227],[-52.22132,-27.92246],[-52.21609,-27.93148],[-52.21823,-27.9499],[-52.2279,-27.96388],[-52.22772,-27.97244],[-52.21579,-27.97222],[-52.20043,-27.96303],[-52.18879,-27.95965],[-52.17042,-27.94308],[-52.1573,-27.94869],[-52.14697,-27.94591],[-52.14302,-27.9534],[-52.1306,-27.94914],[-52.126,-27.95263],[-52.11501,-27.94673],[-52.10621,-27.94763],[-52.10357,-27.94052],[-52.09135,-27.93592],[-52.0944,-27.92844],[-52.08563,-27.92508],[-52.08068,-27.93336],[-52.06896,-27.93196],[-52.07102,-27.92348],[-52.08199,-27.92186],[-52.08243,-27.90632],[-52.10708,-27.90683],[-52.11946,-27.91078],[-52.13487,-27.89761],[-52.14862,-27.89438],[-52.15184,-27.8831],[-52.14848,-27.87031],[-52.14232,-27.86274],[-52.13356,-27.86386],[-52.13201,-27.85759],[-52.14624,-27.84567],[-52.09098,-27.79441],[-52.09728,-27.77854],[-52.10814,-27.7726],[-52.11424,-27.76269],[-52.14882,-27.7341],[-52.15663,-27.74135],[-52.1723,-27.75111],[-52.18016,-27.74871],[-52.19887,-27.75026],[-52.21395,-27.7681],[-52.21667,-27.76619],[-52.23666,-27.78468],[-52.23604,-27.79164],[-52.24301,-27.80174],[-52.24964,-27.79898],[-52.25814,-27.80701],[-52.26125,-27.82],[-52.25935,-27.82893],[-52.26708,-27.8358],[-52.26174,-27.84062],[-52.26874,-27.84711],[-52.25945,-27.8583],[-52.27824,-27.87582]]]},"properties":{"CD_MUN":"4308904","NM_MUN":"Getúlio Vargas","AREA_KM2":287.466}},
{"type":"Feature","geometry":{"type":"Polygon","coordinates":[[[-54.51561,-28.09293],[-54.51004,-28.10077],[-54.49414,-28.09887],[-54.48234,-28.08587],[-54.47501,-28.0853],[-54.46454,-28.07729],[-54.44292,-28.07139],[-54.4268,-28.06995],[-54.42464,-28.07601],[-54.42927,-28.08642],[-54.42736,-28.09361],[-54.4112,-28.10217],[-54.416,-28.11203],[-54.39614,-28.12876],[-54.40381,-28.13943],[-54.40254,-28.14829],[-54.3941,-28.15132],[-54.3964,-28.15881],[-54.3902,-28.16117],[-54.37755,-28.15813],[-54.37463,-28.15121],[-54.36401,-28.15811],[-54.3492,-28.16022],[-54.34354,-28.1562],[-54.33599,-28.16149],[-54.32377,-28.15819],[-54.31419,-28.16248],[-54.30386,-28.15879],[-54.28099,-28.1655],[-54.26701,-28.16421],[-54.2489,-28.15654],[-54.24008,-28.15617],[-54.23824,-28.15032],[-54.22157,-28.14294],[-54.21231,-28.14146],[-54.20254,-28.14547],[-54.19499,-28.14048],[-54.18821,-28.14175],[-54.18019,-28.13821],[-54.17181,-28.13525],[-54.15771,-28.1261],[-54.14005,-28.12613],[-54.12212,-28.1149],[-54.09808,-28.11185],[-54.07971,-28.11272],[-54.06905,-28.10783],[-54.07686,-28.07783],[-54.08232,-28.06666],[-54.07248,-28.05962],[-54.0753,-28.05386],[-54.09297,-28.04314],[-54.09706,-28.04469],[-54.10604,-28.03633],[-54.1165,-28.03536],[-54.1224,-28.02974],[-54.13684,-28.02545],[-54.13994,-28.01871],[-54.1453,-28.00974],[-54.15516,-28.00782],[-54.17328,-27.98773],[-54.18296,-27.98024],[-54.18222,-27.9717],[-54.19427,-27.97144],[-54.19106,-27.9626],[-54.20237,-27.96026],[-54.20477,-27.95041],[-54.21489,-27.94679],[-54.21643,-27.94243],[-54.22655,-27.93857],[-54.22031,-27.93251],[-54.22495,-27.92581],[-54.23918,-27.91926],[-54.24233,-27.91386],[-54.2515,-27.90843],[-54.25819,-27.90939],[-54.27149,-27.90536],[-54.27916,-27.89224],[-54.30555,-27.89278],[-54.31247,-27.88558],[-54.31355,-27.87714],[-54.30038,-27.86933],[-54.30632,-27.86445],[-54.31157,-27.8718],[-54.32461,-27.86823],[-54.32481,-27.85508],[-54.34273,-27.86648],[-54.34921,-27.86058],[-54.33934,-27.85732],[-54.34238,-27.85082],[-54.33999,-27.84387],[-54.3495,-27.83251],[-54.33531,-27.83032],[-54.33316,-27.82142],[-54.33878,-27.82838],[-54.35027,-27.83048],[-54.36309,-27.83708],[-54.36937,-27.83515],[-54.37282,-27.84343],[-54.37479,-27.85785],[-54.38255,-27.87233],[-54.38087,-27.87941],[-54.38004,-27.91674],[-54.411,-27.91752],[-54.4116,-27.9213],[-54.42468,-27.92335],[-54.43091,-27.93343],[-54.44862,-27.9477],[-54.45534,-27.9493],[-54.45145,-27.95858],[-54.46284,-27.97142],[-54.47105,-27.97456],[-54.47441,-27.98326],[-54.46447,-27.99074],[-54.45708,-28.00636],[-54.45753,-28.01796],[-54.46151,-28.02859],[-54.47136,-28.02691],[-54.47889,-28.02935],[-54.48378,-28.03661],[-54.48629,-28.05014],[-54.49182,-28.05845],[-54.50373,-28.05845],[-54.50551,-28.06471],[-54.51412,-28.07559],[-54.51974,-28.07883],[-54.51561,-28.09293]]]},"properties":{"CD_MUN":"4309001","NM_MUN":"Giruá","AREA_KM2":857.059}},
{"type":"Feature","geometry":{"type":"Polygon","coordinates":[[[-50.69367,-29.79015],[-50.71216,-29.78197],[-50.71518,-29.77438],[-50.72831,-29.76925],[-50.75146,-29.77346],[-50.7676,-29.77241],[-50.77285,-29.77619],[-50.787,-29.76628],[-50.80103,-29.77508],[-50.81204,-29.77376],[-50.81126,-29.77885],[-50.82052,-29.78809],[-50.82036,-29.79291],[-50.85279,-29.83546],[-50.85524,-29.87199],[-50.84275,-29.88466],[-50.83924,-29.89292],[-50.84811,-29.90881],[-50.84265,-29.92013],[-50.84596,-29.92906],[-50.8359,-29.94683],[-50.83953,-29.94951],[-50.84171,-29.9635],[-50.84029,-29.97677],[-50.83033,-29.98961],[-50.82075,-29.99879],[-50.76733,-29.99217],[-50.7439,-29.98645],[-50.73158,-29.98068],[-50.71785,-29.97893],[-50.70231,-29.97551],[-50.69716,-29.96478],[-50.68627,-29.95539],[-50.68703,-29.94894],[-50.70419,-29.94074],[-50.70623,-29.92617],[-50.69405,-29.91343],[-50.69153,-29.9046],[-50.67909,-29.88646],[-50.68369,-29.87355],[-50.67962,-29.86773],[-50.67994,-29.85674],[-50.68482,-29.84055],[-50.69883,-29.83308],[-50.70889,-29.82389],[-50.71498,-29.8255],[-50.72168,-29.81888],[-50.73408,-29.81357],[-50.73522,-29.80797],[-50.74378,-29.80355],[-50.74485,-29.79565],[-50.75206,-29.78883],[-50.74034,-29.78203],[-50.72925,-29.7851],[-50.71967,-29.79074],[-50.69367,-29.79015]]]},"properties":{"CD_MUN":"4309050","NM_MUN":"Glorinha","AREA_KM2":323.955}},
{"type":"Feature","geometry":{"type":"Polygon","coordinates":[[[-50.78846,-29.43896],[-50.80915,-29.43271],[-50.82244,-29.41817],[-50.83343,-29.41221],[-50.8462,-29.38753],[-50.85275,-29.37902],[-50.84653,-29.36394],[-50.84205,-29.35965],[-50.84925,-29.35093],[-50.84462,-29.34241],[-50.85452,-29.33046],[-50.85688,-29.3049],[-50.869,-29.30223],[-50.87768,-29.29147],[-50.8901,-29.28775],[-50.90971,-29.28766],[-50.90747,-29.30221],[-50.91968,-29.30819],[-50.92665,-29.29022],[-50.94181,-29.28353],[-50.94947,-29.28907],[-50.94675,-29.2941],[-50.95195,-29.30648],[-50.9636,-29.30594],[-50.96962,-29.29755],[-50.98809,-29.30919],[-50.98542,-29.32079],[-50.96655,-29.3386],[-50.96861,-29.34761],[-50.96167,-29.36506],[-50.95526,-29.3743],[-50.96637,-29.38707],[-50.97549,-29.38195],[-50.98132,-29.3904],[-50.95678,-29.42537],[-50.93993,-29.42455],[-50.92805,-29.43849],[-50.92003,-29.43859],[-50.90973,-29.45095],[-50.9103,-29.50165],[-50.90742,-29.50021],[-50.89704,-29.49861],[-50.8837,-29.48979],[-50.87517,-29.48052],[-50.8671,-29.47603],[-50.85353,-29.47753],[-50.84863,-29.47379],[-50.83464,-29.47583],[-50.78846,-29.43896]]]},"properties":{"CD_MUN":"4309100","NM_MUN":"Gramado","AREA_KM2":239.341}},
{"type":"Feature","geometry":{"type":"Polygon","coordinates":[[[-53.01666,-27.46169],[-53.0062,-27.46793],[-53.00441,-27.47625],[-52.99621,-27.48126],[-52.98517,-27.47861],[-52.98226,-27.48356],[-52.97185,-27.48569],[-52.96094,-27.47753],[-52.94329,-27.47927],[-52.90368,-27.46722],[-52.90084,-27.47323],[-52.88493,-27.47322],[-52.88045,-27.47076],[-52.86565,-27.47126],[-52.85414,-27.48621],[-52.83603,-27.49396],[-52.82823,-27.50437],[-52.81848,-27.50275],[-52.82248,-27.49697],[-52.82177,-27.48678],[-52.82478,-27.48285],[-52.81438,-27.47262],[-52.80935,-27.45614],[-52.81304,-27.45031],[-52.83423,-27.44205],[-52.83861,-27.43807],[-52.8473,-27.44359],[-52.85974,-27.4392],[-52.86835,-27.43321],[-52.87212,-27.42581],[-52.88576,-27.4179],[-52.88348,-27.41427],[-52.88861,-27.39205],[-52.89177,-27.38656],[-52.90387,-27.38443],[-52.91948,-27.39681],[-52.92841,-27.39962],[-52.93593,-27.39625],[-52.94323,-27.40392],[-52.94991,-27.40096],[-52.95931,-27.40373],[-52.97346,-27.41147],[-53.01666,-27.46169]]]},"properties":{"CD_MUN":"4309126","NM_MUN":"Gramado dos Loureiros","AREA_KM2":131.396}},
{"type":"Feature","geometry":{"type":"Polygon","coordinates":[[[-52.70963,-29.30578],[-52.69988,-29.30451],[-52.68562,-29.30936],[-52.67205,-29.31942],[-52.66088,-29.32035],[-52.64476,-29.3308],[-52.6343,-29.33037],[-52.62559,-29.33878],[-52.62157,-29.35993],[-52.6076,-29.35631],[-52.59653,-29.36564],[-52.59036,-29.36443],[-52.57856,-29.36775],[-52.57171,-29.37581],[-52.56525,-29.36876],[-52.55246,-29.37542],[-52.54284,-29.37637],[-52.53635,-29.36195],[-52.53809,-29.34879],[-52.53182,-29.34277],[-52.53512,-29.32898],[-52.53357,-29.31702],[-52.52912,-29.31214],[-52.52498,-29.29775],[-52.52626,-29.28046],[-52.52549,-29.26313],[-52.52818,-29.25992],[-52.51923,-29.24772],[-52.51118,-29.24512],[-52.50101,-29.24728],[-52.51252,-29.24181],[-52.52035,-29.23366],[-52.52634,-29.21917],[-52.53561,-29.22455],[-52.55315,-29.22352],[-52.55874,-29.21993],[-52.58011,-29.22829],[-52.5913,-29.2246],[-52.58646,-29.21762],[-52.6036,-29.21618],[-52.61027,-29.22776],[-52.61955,-29.23085],[-52.62742,-29.2284],[-52.6421,-29.23367],[-52.64963,-29.22837],[-52.65652,-29.23182],[-52.67403,-29.23315],[-52.67584,-29.25381],[-52.68379,-29.25975],[-52.69645,-29.26269],[-52.69378,-29.27157],[-52.69612,-29.28656],[-52.70475,-29.29361],[-52.70782,-29.28881],[-52.71683,-29.2926],[-52.71673,-29.30236],[-52.70963,-29.30578]]]},"properties":{"CD_MUN":"4309159","NM_MUN":"Gramado Xavier","AREA_KM2":217.515}},
{"type":"Feature","geometry":{"type":"Polygon","coordinates":[[[-51.074,-29.96696],[-51.06696,-29.97228],[-51.0623,-29.96521],[-51.0478,-29.96333],[-51.04014,-29.96788],[-51.01686,-29.95781],[-51.0064,-29.95735],[-51.00455,-29.96348],[-50.97583,-29.96496],[-50.96532,-29.96731],[-50.96388,-29.96215],[-50.94872,-29.96068],[-50.94931,-29.96628],[-50.93832,-29.97705],[-50.92531,-29.99562],[-50.91434,-30.00259],[-50.86871,-30.01557],[-50.85938,-30.01432],[-50.82762,-29.99983],[-50.82075,-29.99879],[-50.83033,-29.98961],[-50.84029,-29.97677],[-50.84171,-29.9635],[-50.83953,-29.94951],[-50.8359,-29.94683],[-50.84596,-29.92906],[-50.84265,-29.92013],[-50.84811,-29.90881],[-50.83924,-29.89292],[-50.84275,-29.88466],[-50.85524,-29.87199],[-50.85279,-29.83546],[-50.82036,-29.79291],[-50.82052,-29.78809],[-50.81126,-29.77885],[-50.81204,-29.77376],[-50.82223,-29.76535],[-50.83547,-29.76574],[-50.84509,-29.78467],[-50.85841,-29.79334],[-50.86365,-29.78914],[-50.95774,-29.78928],[-51.07834,-29.83082],[-51.08114,-29.82976],[-51.08971,-29.84884],[-51.09385,-29.85167],[-51.09557,-29.86416],[-51.10078,-29.86848],[-51.09161,-29.87801],[-51.06588,-29.89097],[-51.06296,-29.90564],[-51.07392,-29.92297],[-51.07579,-29.93332],[-51.074,-29.96696]]]},"properties":{"CD_MUN":"4309209","NM_MUN":"Gravataí","AREA_KM2":468.288}},
{"type":"Feature","geometry":{"type":"Polygon","coordinates":[[[-51.70659,-28.60965],[-51.69595,-28.61953],[-51.67731,-28.62119],[-51.67025,-28.62874],[-51.64955,-28.64468],[-51.64263,-28.65414],[-51.61779,-28.66001],[-51.59942,-28.66605],[-51.59595,-28.66912],[-51.59344,-28.66203],[-51.60899,-28.65159],[-51.61012,-28.6439],[-51.61569,-28.6353],[-51.61497,-28.6281],[-51.60912,-28.61747],[-51.60214,-28.61186],[-51.61104,-28.60518],[-51.61455,-28.59554],[-51.60781,-28.59456],[-51.60132,-28.57224],[-51.60833,-28.56262],[-51.61231,-28.55202],[-51.59706,-28.54106],[-51.59913,-28.53653],[-51.60828,-28.53667],[-51.61494,-28.53108],[-51.61492,-28.52395],[-51.6239,-28.51489],[-51.626,-28.51084],[-51.64494,-28.51532],[-51.6554,-28.52404],[-51.66452,-28.51807],[-51.67616,-28.52072],[-51.69868,-28.52043],[-51.70128,-28.52643],[-51.71165,-28.52642],[-51.73995,-28.53058],[-51.74044,-28.54859],[-51.72726,-28.56631],[-51.72832,-28.57472],[-51.71237,-28.58495],[-51.70796,-28.59241],[-51.70659,-28.60965]]]},"properties":{"CD_MUN":"4309258","NM_MUN":"Guabiju","AREA_KM2":146.925}},
{"type":"Feature","geometry":{"type":"Polygon","coordinates":[[[-51.32829,-30.22649],[-51.32242,-30.21279],[-51.31482,-30.18875],[-51.32368,-30.17283],[-51.32179,-30.15101],[-51.30622,-30.13196],[-51.31316,-30.13038],[-51.31437,-30.11383],[-51.3076,-30.09056],[-51.3133,-30.08473],[-51.30519,-30.05399],[-51.30115,-30.05418],[-51.31104,-30.05231],[-51.31601,-30.05779],[-51.33112,-30.0569],[-51.34371,-30.06479],[-51.35421,-30.07696],[-51.35706,-30.08399],[-51.36676,-30.09112],[-51.3697,-30.09671],[-51.38244,-30.09594],[-51.39336,-30.10125],[-51.41302,-30.09442],[-51.43032,-30.09294],[-51.43953,-30.09487],[-51.45746,-30.10539],[-51.46347,-30.11719],[-51.47134,-30.12122],[-51.4767,-30.11903],[-51.49415,-30.12178],[-51.49573,-30.13077],[-51.50556,-30.13459],[-51.51002,-30.14081],[-51.52299,-30.1486],[-51.53879,-30.15361],[-51.54242,-30.16231],[-51.53907,-30.17442],[-51.54346,-30.18439],[-51.54838,-30.18462],[-51.55853,-30.20306],[-51.57378,-30.2021],[-51.58273,-30.21277],[-51.57722,-30.21902],[-51.57525,-30.23145],[-51.58165,-30.2488],[-51.58195,-30.25711],[-51.57515,-30.25846],[-51.56567,-30.26639],[-51.52967,-30.2772],[-51.51588,-30.27291],[-51.5062,-30.26699],[-51.50227,-30.25949],[-51.48336,-30.26123],[-51.46935,-30.25428],[-51.44643,-30.25205],[-51.43872,-30.25728],[-51.43135,-30.25534],[-51.40685,-30.26519],[-51.40544,-30.24934],[-51.40628,-30.2304],[-51.38522,-30.22922],[-51.38014,-30.23146],[-51.36366,-30.22616],[-51.36353,-30.22197],[-51.33997,-30.22997],[-51.32829,-30.22649]]]},"properties":{"CD_MUN":"4309308","NM_MUN":"Guaíba","AREA_KM2":376.166}},
{"type":"Feature","geometry":{"type":"Polygon","coordinates":[[[-51.79107,-28.88394],[-51.8012,-28.8768],[-51.802,-28.86864],[-51.81258,-28.86599],[-51.81251,-28.87233],[-51.82937,-28.86876],[-51.82649,-28.85747],[-51.83199,-28.85476],[-51.83471,-28.83733],[-51.8387,-28.83586],[-51.85954,-28.84119],[-51.86372,-28.83041],[-51.84075,-28.82823],[-51.83498,-28.81858],[-51.8482,-28.80828],[-51.86124,-28.80896],[-51.87026,-28.80283],[-51.86643,-28.79525],[-51.85172,-28.79107],[-51.84768,-28.78053],[-51.83956,-28.78563],[-51.83359,-28.77821],[-51.82918,-28.77273],[-51.83528,-28.76705],[-51.83222,-28.75756],[-51.84978,-28.76032],[-51.85608,-28.75503],[-51.95892,-28.76133],[-51.95614,-28.82195],[-52.00036,-28.82529],[-52.01518,-28.82549],[-52.01839,-28.83413],[-52.01696,-28.84191],[-52.03275,-28.85493],[-52.02342,-28.8632],[-52.0067,-28.86563],[-52.00985,-28.87703],[-52.00886,-28.88351],[-51.99001,-28.8885],[-52.00356,-28.89877],[-51.99283,-28.90293],[-51.98225,-28.90042],[-51.98048,-28.91124],[-51.97025,-28.92292],[-51.96705,-28.90572],[-51.96004,-28.90916],[-51.95722,-28.91732],[-51.96506,-28.92447],[-51.95394,-28.92922],[-51.95083,-28.92165],[-51.95268,-28.90792],[-51.94399,-28.90813],[-51.94517,-28.92277],[-51.93295,-28.92817],[-51.91957,-28.92094],[-51.91325,-28.93217],[-51.91959,-28.93436],[-51.92343,-28.94181],[-51.91363,-28.94789],[-51.88971,-28.94637],[-51.88962,-28.93248],[-51.86999,-28.93263],[-51.85931,-28.92908],[-51.85609,-28.91926],[-51.84278,-28.91942],[-51.84243,-28.93666],[-51.7813,-28.93629],[-51.79044,-28.93237],[-51.78982,-28.92796],[-51.77902,-28.91945],[-51.7818,-28.91399],[-51.79117,-28.9169],[-51.79834,-28.91026],[-51.81322,-28.90782],[-51.80823,-28.89512],[-51.79966,-28.89415],[-51.79937,-28.88587],[-51.79107,-28.88394]]]},"properties":{"CD_MUN":"4309407","NM_MUN":"Guaporé","AREA_KM2":297.545}},
{"type":"Feature","geometry":{"type":"Polygon","coordinates":[[[-54.63443,-28.20743],[-54.62046,-28.22101],[-54.61345,-28.22179],[-54.61192,-28.21185],[-54.60311,-28.21292],[-54.60239,-28.2206],[-54.59344,-28.22333],[-54.57826,-28.23497],[-54.56231,-28.23497],[-54.55715,-28.242],[-54.56459,-28.25109],[-54.57517,-28.2587],[-54.57916,-28.28072],[-54.58382,-28.28556],[-54.58525,-28.29635],[-54.57302,-28.29856],[-54.5669,-28.27602],[-54.55731,-28.27736],[-54.54387,-28.27044],[-54.53284,-28.27774],[-54.5265,-28.26932],[-54.50213,-28.25874],[-54.48735,-28.24598],[-54.4923,-28.24213],[-54.49156,-28.12434],[-54.49532,-28.12706],[-54.50637,-28.11248],[-54.51511,-28.12115],[-54.53195,-28.12959],[-54.54151,-28.12468],[-54.54419,-28.11573],[-54.55401,-28.11651],[-54.56099,-28.11239],[-54.56101,-28.10233],[-54.57445,-28.1024],[-54.57442,-28.09331],[-54.58473,-28.09367],[-54.62704,-28.09363],[-54.64039,-28.09775],[-54.65196,-28.08744],[-54.65481,-28.0952],[-54.66135,-28.09576],[-54.65664,-28.08028],[-54.66327,-28.07407],[-54.66904,-28.07633],[-54.67883,-28.06992],[-54.66645,-28.06187],[-54.67405,-28.05867],[-54.67839,-28.06438],[-54.69245,-28.0651],[-54.68937,-28.05594],[-54.69361,-28.05384],[-54.70077,-28.06269],[-54.69676,-28.06754],[-54.69543,-28.15995],[-54.63446,-28.20175],[-54.63443,-28.20743]]]},"properties":{"CD_MUN":"4309506","NM_MUN":"Guarani das Missões","AREA_KM2":290.7}},
{"type":"Feature","geometry":{"type":"Polygon","coordinates":[[[-51.462,-29.56897],[-51.45406,-29.56344],[-51.44217,-29.57119],[-51.42247,-29.57292],[-51.42891,-29.57983],[-51.42404,-29.5883],[-51.40674,-29.59071],[-51.41387,-29.57607],[-51.38665,-29.58364],[-51.38738,-29.57625],[-51.39487,-29.57103],[-51.39085,-29.56319],[-51.39673,-29.55185],[-51.383,-29.55051],[-51.37624,-29.55243],[-51.38786,-29.52759],[-51.39653,-29.52496],[-51.4048,-29.51858],[-51.41942,-29.51549],[-51.43716,-29.5185],[-51.439,-29.51347],[-51.4534,-29.50171],[-51.45772,-29.51017],[-51.46891,-29.54853],[-51.47024,-29.55728],[-51.46516,-29.55922],[-51.462,-29.56897]]]},"properties":{"CD_MUN":"4309555","NM_MUN":"Harmonia","AREA_KM2":48.557}},
{"type":"Feature","geometry":{"type":"Polygon","coordinates":[[[-52.67977,-29.50019],[-52.666,-29.4974],[-52.64467,-29.49805],[-52.63492,-29.49441],[-52.61404,-29.49297],[-52.60727,-29.48684],[-52.61241,-29.48145],[-52.60684,-29.47376],[-52.58823,-29.47536],[-52.57176,-29.47287],[-52.5713,-29.4658],[-52.58031,-29.46568],[-52.59668,-29.45048],[-52.60824,-29.43663],[-52.61299,-29.42717],[-52.62293,-29.42484],[-52.64162,-29.39795],[-52.65223,-29.39025],[-52.65977,-29.39572],[-52.66861,-29.39286],[-52.67204,-29.39674],[-52.70248,-29.40138],[-52.71099,-29.39782],[-52.73469,-29.40096],[-52.75098,-29.39987],[-52.75783,-29.40492],[-52.76717,-29.41404],[-52.76185,-29.42008],[-52.77008,-29.42369],[-52.77518,-29.43819],[-52.77374,-29.44269],[-52.75157,-29.43984],[-52.74233,-29.43622],[-52.73624,-29.43923],[-52.73157,-29.43342],[-52.72202,-29.43382],[-52.71795,-29.44299],[-52.70699,-29.4454],[-52.70172,-29.45177],[-52.6893,-29.45295],[-52.68781,-29.46383],[-52.67389,-29.47398],[-52.68165,-29.48356],[-52.67977,-29.50019]]]},"properties":{"CD_MUN":"4309571","NM_MUN":"Herveiras","AREA_KM2":118.261}},
{"type":"Feature","geometry":{"type":"Polygon","coordinates":[[[-54.28475,-27.67542],[-54.27432,-27.65751],[-54.26413,-27.63065],[-54.2404,-27.61917],[-54.23609,-27.61052],[-54.22578,-27.60768],[-54.19998,-27.59122],[-54.20507,-27.5717],[-54.1989,-27.55891],[-54.2029,-27.54743],[-54.21498,-27.53967],[-54.22118,-27.54488],[-54.2305,-27.54284],[-54.23627,-27.52943],[-54.2275,-27.51019],[-54.2346,-27.50476],[-54.25207,-27.50455],[-54.25746,-27.49895],[-54.26477,-27.49791],[-54.26926,-27.5045],[-54.2689,-27.5121],[-54.27696,-27.51139],[-54.28551,-27.51794],[-54.30092,-27.52008],[-54.29635,-27.52885],[-54.31328,-27.52894],[-54.31208,-27.53461],[-54.33218,-27.53494],[-54.32921,-27.54579],[-54.33919,-27.55673],[-54.34913,-27.56442],[-54.3559,-27.56259],[-54.35599,-27.55243],[-54.36906,-27.55569],[-54.37105,-27.54796],[-54.37968,-27.55395],[-54.37957,-27.56887],[-54.3863,-27.57358],[-54.39874,-27.56999],[-54.40903,-27.57491],[-54.39606,-27.58098],[-54.40477,-27.59073],[-54.39182,-27.59078],[-54.3964,-27.59866],[-54.39281,-27.60603],[-54.38068,-27.6139],[-54.38937,-27.62296],[-54.37448,-27.64528],[-54.34635,-27.66383],[-54.33317,-27.66658],[-54.32456,-27.67192],[-54.3019,-27.67481],[-54.2943,-27.67807],[-54.28475,-27.67542]]]},"properties":{"CD_MUN":"4309605","NM_MUN":"Horizontina","AREA_KM2":229.694}},
{"type":"Feature","geometry":{"type":"Polygon","coordinates":[[[-53.9058,-31.80793],[-53.90513,-31.80034],[-53.9155,-31.78283],[-53.92003,-31.78252],[-53.92638,-31.76512],[-53.92024,-31.75795],[-53.91424,-31.76059],[-53.90849,-31.74546],[-53.90201,-31.74257],[-53.89984,-31.73535],[-53.90327,-31.72565],[-53.89394,-31.70875],[-53.89368,-31.6989],[-53.88899,-31.69392],[-53.89219,-31.68041],[-53.88963,-31.66599],[-53.88085,-31.66238],[-53.86903,-31.64062],[-53.86246,-31.63771],[-53.86158,-31.62995],[-53.84927,-31.62514],[-53.8484,-31.61406],[-53.84025,-31.60761],[-53.84368,-31.60216],[-53.83755,-31.58819],[-53.84162,-31.57649],[-53.83912,-31.55111],[-53.82696,-31.5461],[-53.83262,-31.53689],[-53.82382,-31.53119],[-53.82189,-31.51516],[-53.82437,-31.5124],[-53.82506,-31.49582],[-53.83153,-31.48844],[-53.82905,-31.48046],[-53.83263,-31.47023],[-53.80571,-31.46285],[-53.80253,-31.4569],[-53.78931,-31.4504],[-53.79038,-31.44379],[-53.78121,-31.43859],[-53.78818,-31.42502],[-53.78808,-31.41515],[-53.79204,-31.41112],[-53.79243,-31.39114],[-53.80093,-31.37394],[-53.79331,-31.36119],[-53.79628,-31.3527],[-53.79116,-31.34393],[-53.78459,-31.3429],[-53.77766,-31.33632],[-53.77478,-31.31627],[-53.76525,-31.31219],[-53.76423,-31.30458],[-53.75807,-31.29701],[-53.74782,-31.27608],[-53.74494,-31.25588],[-53.73363,-31.23886],[-53.75794,-31.23228],[-53.77467,-31.23219],[-53.78985,-31.23715],[-53.81958,-31.24367],[-53.82653,-31.24238],[-53.83873,-31.22932],[-53.85634,-31.22127],[-53.86198,-31.22059],[-53.87623,-31.22676],[-53.90355,-31.22793],[-53.92349,-31.2392],[-53.93109,-31.24683],[-53.94728,-31.25233],[-53.95803,-31.25067],[-53.98422,-31.26197],[-53.99185,-31.26985],[-53.99643,-31.2803],[-53.9978,-31.30015],[-54.00916,-31.30337],[-54.01267,-31.31411],[-53.97936,-31.32955],[-53.95432,-31.34607],[-53.95619,-31.35066],[-53.97029,-31.35358],[-53.97141,-31.36305],[-53.98388,-31.36896],[-53.98687,-31.37803],[-53.99906,-31.37935],[-53.98388,-31.39298],[-53.97462,-31.39922],[-53.96628,-31.40136],[-53.96163,-31.40716],[-53.96009,-31.42062],[-53.94925,-31.43038],[-53.93614,-31.43799],[-53.92183,-31.45547],[-53.92404,-31.46533],[-53.93246,-31.46601],[-53.93674,-31.47836],[-53.95763,-31.49316],[-53.96261,-31.49656],[-53.9695,-31.50806],[-53.97806,-31.51113],[-53.98219,-31.52223],[-53.97954,-31.52549],[-53.99185,-31.53756],[-53.99078,-31.54985],[-53.98124,-31.5556],[-53.98297,-31.56768],[-53.97585,-31.57466],[-53.96452,-31.59067],[-53.96447,-31.60279],[-53.95778,-31.61292],[-53.96382,-31.62538],[-53.96565,-31.64716],[-53.96864,-31.65488],[-53.95996,-31.66309],[-53.95757,-31.66947],[-53.96498,-31.67964],[-53.96057,-31.68714],[-53.96279,-31.70352],[-53.96711,-31.70458],[-53.97293,-31.7236],[-53.97188,-31.73315],[-53.97991,-31.749],[-53.97574,-31.76068],[-53.97608,-31.76962],[-53.95692,-31.76736],[-53.94652,-31.77384],[-53.94666,-31.78168],[-53.93018,-31.78097],[-53.91157,-31.79744],[-53.9058,-31.80793]]]},"properties":{"CD_MUN":"4309654","NM_MUN":"Hulha Negra","AREA_KM2":822.608}},
{"type":"Feature","geometry":{"type":"Polygon","coordinates":[[[-54.03717,-27.65484],[-54.02931,-27.64316],[-54.03553,-27.63308],[-54.03145,-27.62709],[-54.00789,-27.62098],[-54.00479,-27.60532],[-54.02012,-27.60007],[-54.01999,-27.59118],[-54.00942,-27.59141],[-54.00638,-27.58746],[-53.99163,-27.59491],[-53.98362,-27.5903],[-53.97613,-27.59516],[-53.97742,-27.603],[-53.97338,-27.61028],[-53.9425,-27.60415],[-53.93636,-27.59461],[-53.93149,-27.60094],[-53.92205,-27.60162],[-53.90924,-27.59235],[-53.89771,-27.5953],[-53.89294,-27.56952],[-53.89001,-27.56137],[-53.89542,-27.55539],[-53.89285,-27.55024],[-53.89615,-27.53753],[-53.90633,-27.52977],[-53.92252,-27.51883],[-53.93667,-27.52225],[-53.94607,-27.5209],[-53.95846,-27.5268],[-53.98137,-27.52424],[-53.99237,-27.52199],[-54.00421,-27.53387],[-54.01202,-27.54763],[-54.02432,-27.55534],[-54.03454,-27.56616],[-54.03306,-27.57179],[-54.0464,-27.58084],[-54.07225,-27.57612],[-54.08511,-27.58423],[-54.08777,-27.60049],[-54.07796,-27.60099],[-54.07012,-27.60848],[-54.05777,-27.61379],[-54.0535,-27.61939],[-54.0549,-27.63074],[-54.04831,-27.63209],[-54.04376,-27.64243],[-54.04628,-27.65234],[-54.03717,-27.65484]]]},"properties":{"CD_MUN":"4309704","NM_MUN":"Humaitá","AREA_KM2":135.01}},
{"type":"Feature","geometry":{"type":"Polygon","coordinates":[[[-53.09483,-29.46687],[-53.08631,-29.41351],[-53.08307,-29.37192],[-53.09025,-29.37235],[-53.10216,-29.3603],[-53.1058,-29.36402],[-53.12986,-29.36574],[-53.1276,-29.35909],[-53.14059,-29.35831],[-53.15486,-29.35495],[-53.1591,-29.34519],[-53.16805,-29.34167],[-53.17118,-29.34517],[-53.18631,-29.34744],[-53.1921,-29.35265],[-53.1951,-29.36405],[-53.20441,-29.35808],[-53.22289,-29.35044],[-53.23104,-29.35012],[-53.23202,-29.35544],[-53.21992,-29.36988],[-53.2256,-29.37784],[-53.2286,-29.40528],[-53.23824,-29.41191],[-53.2444,-29.42261],[-53.25082,-29.42428],[-53.2577,-29.43281],[-53.26505,-29.4342],[-53.27281,-29.42908],[-53.28623,-29.43557],[-53.28529,-29.44417],[-53.27823,-29.44757],[-53.26655,-29.44467],[-53.26535,-29.44933],[-53.25613,-29.44785],[-53.24909,-29.45187],[-53.23531,-29.46532],[-53.21164,-29.47061],[-53.20231,-29.46596],[-53.18433,-29.46735],[-53.18012,-29.47092],[-53.13696,-29.49483],[-53.12923,-29.48825],[-53.1194,-29.48584],[-53.11294,-29.47738],[-53.10484,-29.47357],[-53.10034,-29.46594],[-53.09483,-29.46687]]]},"properties":{"CD_MUN":"4309753","NM_MUN":"Ibarama","AREA_KM2":195.426}},
{"type":"Feature","geometry":{"type":"Polygon","coordinates":[[[-51.91839,-28.11212],[-51.90909,-28.11853],[-51.88972,-28.11485],[-51.87676,-28.1285],[-51.87998,-28.13725],[-51.87664,-28.14178],[-51.86757,-28.1375],[-51.86003,-28.14583],[-51.85054,-28.15147],[-51.84583,-28.14877],[-51.83553,-28.15272],[-51.83035,-28.14879],[-51.81168,-28.15727],[-51.79681,-28.16611],[-51.78841,-28.18529],[-51.79054,-28.19414],[-51.7809,-28.20559],[-51.77731,-28.20361],[-51.75926,-28.21116],[-51.74936,-28.21009],[-51.73583,-28.21402],[-51.72797,-28.20698],[-51.73771,-28.20328],[-51.7317,-28.18437],[-51.71919,-28.19601],[-51.71025,-28.19713],[-51.69908,-28.19493],[-51.6924,-28.19046],[-51.69131,-28.18324],[-51.69474,-28.17358],[-51.70461,-28.16143],[-51.70356,-28.15624],[-51.69375,-28.14997],[-51.69002,-28.13892],[-51.67409,-28.13472],[-51.65922,-28.13682],[-51.65398,-28.1326],[-51.63432,-28.13477],[-51.63182,-28.11978],[-51.62027,-28.10993],[-51.61432,-28.09737],[-51.6288,-28.08962],[-51.62168,-28.08002],[-51.62313,-28.07051],[-51.61363,-28.06333],[-51.62204,-28.05282],[-51.63389,-28.04764],[-51.65324,-28.06052],[-51.66795,-28.07575],[-51.68127,-28.08283],[-51.69193,-28.09182],[-51.69617,-28.1005],[-51.69376,-28.12361],[-51.70362,-28.13804],[-51.71305,-28.12551],[-51.72964,-28.11018],[-51.73263,-28.1031],[-51.75207,-28.07664],[-51.76196,-28.06849],[-51.76884,-28.05891],[-51.77053,-28.04117],[-51.7762,-28.0275],[-51.803,-28.03991],[-51.80857,-28.02657],[-51.81744,-28.0222],[-51.83262,-28.02095],[-51.83741,-28.01587],[-51.85111,-28.01253],[-51.85227,-28.00942],[-51.87036,-28.01043],[-51.87754,-28.00808],[-51.89674,-28.00637],[-51.91003,-28.00237],[-51.92674,-28.00024],[-51.92939,-27.99064],[-51.93449,-27.99975],[-51.93178,-28.01082],[-51.94226,-28.01221],[-51.92897,-28.02229],[-51.92461,-28.01775],[-51.90918,-28.02467],[-51.91312,-28.04459],[-51.92191,-28.05423],[-51.91718,-28.06389],[-51.90908,-28.0673],[-51.91529,-28.07912],[-51.90969,-28.08511],[-51.91679,-28.08837],[-51.91719,-28.09571],[-51.90782,-28.10507],[-51.91255,-28.1139],[-51.91839,-28.11212]]]},"properties":{"CD_MUN":"4309803","NM_MUN":"Ibiaçá","AREA_KM2":348.778}},
{"type":"Feature","geometry":{"type":"Polygon","coordinates":[[[-51.61976,-28.47965],[-51.61747,-28.47305],[-51.62237,-28.46593],[-51.61698,-28.46195],[-51.61423,-28.44712],[-51.60512,-28.45055],[-51.60155,-28.44259],[-51.59298,-28.43394],[-51.5875,-28.43531],[-51.58465,-28.42433],[-51.57247,-28.41965],[-51.54781,-28.42178],[-51.54027,-28.4167],[-51.52415,-28.41245],[-51.51572,-28.40604],[-51.50293,-28.40365],[-51.49875,-28.39815],[-51.50191,-28.38901],[-51.50829,-28.38635],[-51.52418,-28.39198],[-51.52406,-28.38129],[-51.5352,-28.37415],[-51.53971,-28.35977],[-51.52979,-28.33399],[-51.5343,-28.32637],[-51.5416,-28.32607],[-51.54475,-28.31363],[-51.56552,-28.30625],[-51.59401,-28.30136],[-51.60502,-28.29258],[-51.61134,-28.27932],[-51.62184,-28.27124],[-51.6213,-28.26784],[-51.62957,-28.2565],[-51.63567,-28.25249],[-51.63236,-28.26187],[-51.63486,-28.26565],[-51.62772,-28.27992],[-51.63805,-28.28712],[-51.63848,-28.29293],[-51.64977,-28.30632],[-51.65513,-28.30527],[-51.66549,-28.3239],[-51.68394,-28.31542],[-51.70522,-28.31273],[-51.70344,-28.33468],[-51.70417,-28.34936],[-51.69931,-28.35216],[-51.70805,-28.36083],[-51.71414,-28.36108],[-51.71661,-28.36969],[-51.71444,-28.37544],[-51.70443,-28.37941],[-51.70774,-28.39045],[-51.71368,-28.39859],[-51.71274,-28.40552],[-51.72142,-28.41793],[-51.7291,-28.42063],[-51.72205,-28.43638],[-51.73515,-28.43696],[-51.74523,-28.44912],[-51.75268,-28.44381],[-51.76026,-28.44933],[-51.73815,-28.44971],[-51.71149,-28.4551],[-51.69769,-28.4634],[-51.68712,-28.4667],[-51.65454,-28.46588],[-51.65146,-28.47054],[-51.64168,-28.46561],[-51.62198,-28.47614],[-51.61976,-28.47965]]]},"properties":{"CD_MUN":"4309902","NM_MUN":"Ibiraiaras","AREA_KM2":292.16}},
{"type":"Feature","geometry":{"type":"Polygon","coordinates":[[[-52.56446,-28.65402],[-52.55135,-28.65784],[-52.54356,-28.66885],[-52.53102,-28.66819],[-52.52385,-28.66443],[-52.51236,-28.66883],[-52.50282,-28.67664],[-52.48703,-28.67315],[-52.48108,-28.67541],[-52.46958,-28.69088],[-52.45197,-28.69115],[-52.43752,-28.6994],[-52.42572,-28.69881],[-52.41341,-28.6947],[-52.40697,-28.68926],[-52.39749,-28.69451],[-52.39175,-28.6937],[-52.38309,-28.70249],[-52.37787,-28.70009],[-52.35742,-28.7003],[-52.34634,-28.7036],[-52.33285,-28.69576],[-52.33203,-28.68624],[-52.32269,-28.6787],[-52.31408,-28.64823],[-52.33752,-28.60571],[-52.35335,-28.60268],[-52.34834,-28.59428],[-52.35135,-28.58615],[-52.36106,-28.57906],[-52.37469,-28.58038],[-52.3869,-28.57454],[-52.39095,-28.56913],[-52.42143,-28.55656],[-52.42491,-28.55091],[-52.43438,-28.54898],[-52.44305,-28.55941],[-52.45754,-28.56518],[-52.47019,-28.5626],[-52.48098,-28.5567],[-52.48919,-28.55543],[-52.4952,-28.54936],[-52.50167,-28.55151],[-52.49908,-28.56096],[-52.50612,-28.57164],[-52.51176,-28.57396],[-52.51504,-28.56348],[-52.5239,-28.56217],[-52.52278,-28.54372],[-52.52558,-28.53609],[-52.53373,-28.53064],[-52.54085,-28.53665],[-52.54617,-28.54738],[-52.5441,-28.56353],[-52.55538,-28.56251],[-52.5605,-28.57302],[-52.5806,-28.58189],[-52.58038,-28.60078],[-52.56182,-28.60627],[-52.556,-28.61467],[-52.55143,-28.61478],[-52.54438,-28.62433],[-52.5459,-28.63979],[-52.55129,-28.6468],[-52.56446,-28.65402]]]},"properties":{"CD_MUN":"4309951","NM_MUN":"Ibirapuitã","AREA_KM2":307.164}},
{"type":"Feature","geometry":{"type":"Polygon","coordinates":[[[-53.01754,-28.58917],[-53.02526,-28.57453],[-53.02035,-28.57216],[-53.01797,-28.56317],[-53.03162,-28.5608],[-53.02858,-28.55349],[-53.04568,-28.54823],[-53.04268,-28.53773],[-53.05233,-28.53687],[-53.06257,-28.51051],[-53.07245,-28.50324],[-53.07917,-28.49247],[-53.09513,-28.49451],[-53.1025,-28.48909],[-53.1335,-28.48346],[-53.13771,-28.47973],[-53.14183,-28.47958],[-53.14965,-28.48825],[-53.16533,-28.49011],[-53.18177,-28.48351],[-53.17663,-28.47838],[-53.18382,-28.47026],[-53.19343,-28.46393],[-53.20226,-28.46333],[-53.22334,-28.46678],[-53.24531,-28.48265],[-53.25473,-28.51247],[-53.24971,-28.53776],[-53.25277,-28.55381],[-53.26264,-28.56754],[-53.3006,-28.56385],[-53.3065,-28.55651],[-53.31206,-28.56326],[-53.33106,-28.55869],[-53.34941,-28.56366],[-53.36303,-28.57502],[-53.38522,-28.57197],[-53.40368,-28.58167],[-53.41629,-28.58546],[-53.42052,-28.58982],[-53.4176,-28.59855],[-53.4106,-28.60331],[-53.37764,-28.60644],[-53.33868,-28.60408],[-53.32194,-28.61087],[-53.31459,-28.61658],[-53.30509,-28.63726],[-53.29868,-28.6411],[-53.29015,-28.6399],[-53.28008,-28.64783],[-53.27555,-28.66107],[-53.26353,-28.66442],[-53.26343,-28.66921],[-53.25445,-28.67441],[-53.24503,-28.67635],[-53.24066,-28.6821],[-53.22573,-28.69885],[-53.21097,-28.70351],[-53.19997,-28.70294],[-53.191,-28.70673],[-53.18891,-28.7167],[-53.18063,-28.72507],[-53.16437,-28.72578],[-53.1575,-28.71879],[-53.15431,-28.7101],[-53.15721,-28.70183],[-53.12967,-28.69625],[-53.12047,-28.69947],[-53.10297,-28.69689],[-53.09591,-28.7013],[-53.07832,-28.6943],[-53.06329,-28.69361],[-53.05743,-28.68975],[-53.0304,-28.69004],[-53.03531,-28.68524],[-53.03173,-28.67339],[-53.02509,-28.66927],[-53.02804,-28.66067],[-53.02942,-28.64337],[-53.02534,-28.64062],[-53.02747,-28.63025],[-53.02577,-28.61496],[-53.01785,-28.60391],[-53.01522,-28.59198],[-53.01754,-28.58917]]]},"properties":{"CD_MUN":"4310009","NM_MUN":"Ibirubá","AREA_KM2":607.185}},
{"type":"Feature","geometry":{"type":"Polygon","coordinates":[[[-50.71556,-29.51636],[-50.74163,-29.53535],[-50.77033,-29.54012],[-50.77287,-29.53631],[-50.79039,-29.53488],[-50.81677,-29.52491],[-50.86362,-29.52518],[-50.87458,-29.51252],[-50.89479,-29.51833],[-50.90808,-29.51628],[-50.91209,-29.54523],[-50.90005,-29.55049],[-50.89509,-29.55345],[-50.85606,-29.55622],[-50.85761,-29.57087],[-50.85655,-29.58443],[-50.837,-29.5924],[-50.83145,-29.60341],[-50.81581,-29.59844],[-50.80963,-29.61517],[-50.80596,-29.61743],[-50.76153,-29.60788],[-50.75478,-29.60354],[-50.75667,-29.59098],[-50.75148,-29.5828],[-50.7344,-29.58432],[-50.71977,-29.58953],[-50.69637,-29.59232],[-50.69249,-29.58794],[-50.69597,-29.57492],[-50.69099,-29.56479],[-50.69361,-29.55323],[-50.7011,-29.54697],[-50.71006,-29.52226],[-50.71556,-29.51636]]]},"properties":{"CD_MUN":"4310108","NM_MUN":"Igrejinha","AREA_KM2":138.303}},
{"type":"Feature","geometry":{"type":"Polygon","coordinates":[[[-53.98212,-28.44189],[-53.97414,-28.45158],[-53.97257,-28.46615],[-53.96092,-28.46533],[-53.95694,-28.4616],[-53.94659,-28.47181],[-53.96157,-28.47206],[-53.95854,-28.48857],[-53.94712,-28.48642],[-53.93874,-28.49554],[-53.93506,-28.48391],[-53.92066,-28.49223],[-53.92051,-28.50054],[-53.91528,-28.50629],[-53.90699,-28.49862],[-53.89644,-28.51373],[-53.89283,-28.52229],[-53.88122,-28.52328],[-53.87251,-28.53143],[-53.85983,-28.5234],[-53.85795,-28.51735],[-53.83878,-28.51264],[-53.82609,-28.49926],[-53.82225,-28.48687],[-53.81667,-28.48275],[-53.81103,-28.48802],[-53.79565,-28.49208],[-53.78117,-28.48838],[-53.77792,-28.4715],[-53.78156,-28.45397],[-53.77748,-28.43655],[-53.77913,-28.43027],[-53.78794,-28.42191],[-53.81153,-28.41456],[-53.80964,-28.40513],[-53.81519,-28.39815],[-53.82628,-28.40223],[-53.82843,-28.39343],[-53.83597,-28.38836],[-53.82639,-28.38044],[-53.82952,-28.37158],[-53.8197,-28.36886],[-53.82246,-28.28525],[-53.81109,-28.28475],[-53.79859,-28.28205],[-53.79883,-28.27495],[-53.81835,-28.27368],[-53.81376,-28.2826],[-53.82307,-28.2826],[-53.83241,-28.27558],[-53.82877,-28.2616],[-53.84287,-28.25823],[-53.83776,-28.25127],[-53.84205,-28.24453],[-53.83215,-28.23669],[-53.84352,-28.22588],[-53.83926,-28.22011],[-53.84635,-28.21524],[-53.83892,-28.21002],[-53.84091,-28.20194],[-53.83717,-28.19627],[-53.84203,-28.18874],[-53.83488,-28.18462],[-53.8374,-28.16761],[-53.82911,-28.15484],[-53.8199,-28.14888],[-53.81438,-28.13403],[-53.81263,-28.12316],[-53.80699,-28.10646],[-53.80172,-28.10234],[-53.79511,-28.0963],[-53.79135,-28.08579],[-53.79647,-28.06343],[-53.81422,-28.0557],[-53.83341,-28.0631],[-53.84208,-28.07386],[-53.86821,-28.07885],[-53.87285,-28.08342],[-53.87831,-28.09811],[-53.90006,-28.11101],[-53.91002,-28.1154],[-53.93116,-28.11866],[-53.92445,-28.13109],[-53.91276,-28.16046],[-53.91689,-28.17244],[-53.91799,-28.18489],[-53.91474,-28.19275],[-53.91846,-28.19974],[-53.91658,-28.2145],[-53.92174,-28.22002],[-53.92939,-28.23814],[-53.93933,-28.23358],[-53.94826,-28.22483],[-53.9536,-28.22604],[-53.95488,-28.23536],[-53.96113,-28.23851],[-53.96299,-28.25759],[-53.96863,-28.26677],[-53.96886,-28.28948],[-53.99294,-28.28276],[-54.00572,-28.29971],[-54.00442,-28.30626],[-54.01726,-28.30612],[-54.01298,-28.2858],[-54.02,-28.28595],[-54.03299,-28.27538],[-54.04047,-28.28043],[-54.0451,-28.29237],[-54.06607,-28.30492],[-54.07557,-28.31489],[-54.06696,-28.32035],[-54.0718,-28.32664],[-54.07331,-28.33576],[-54.06667,-28.34229],[-54.04979,-28.35036],[-54.04135,-28.35968],[-54.03215,-28.34175],[-54.03707,-28.33073],[-54.02655,-28.31849],[-54.02139,-28.32127],[-54.02761,-28.33444],[-54.02583,-28.33875],[-54.01282,-28.34311],[-54.00743,-28.3498],[-54.00078,-28.34723],[-54.0078,-28.33808],[-53.9971,-28.33431],[-53.98459,-28.34687],[-53.98212,-28.44189]]]},"properties":{"CD_MUN":"4310207","NM_MUN":"Ijuí","AREA_KM2":688.982}},
{"type":"Feature","geometry":{"type":"Polygon","coordinates":[[[-52.22829,-28.97006],[-52.19377,-28.9685],[-52.19436,-28.95925],[-52.17702,-28.95831],[-52.17778,-28.94939],[-52.16113,-28.94831],[-52.15759,-28.97512],[-52.12251,-28.97293],[-52.12162,-28.98283],[-52.09204,-28.98044],[-52.06959,-28.97962],[-52.0708,-28.96078],[-52.06973,-28.94337],[-52.067,-28.94312],[-52.07074,-28.88706],[-52.07758,-28.88764],[-52.079,-28.87766],[-52.10153,-28.87911],[-52.10308,-28.88608],[-52.11961,-28.88299],[-52.1345,-28.89028],[-52.14844,-28.89219],[-52.16599,-28.88606],[-52.16903,-28.8913],[-52.18204,-28.9002],[-52.18239,-28.90578],[-52.19109,-28.91667],[-52.21002,-28.93202],[-52.21257,-28.93973],[-52.23023,-28.9607],[-52.22829,-28.97006]]]},"properties":{"CD_MUN":"4310306","NM_MUN":"Ilópolis","AREA_KM2":123.602}},
{"type":"Feature","geometry":{"type":"Polygon","coordinates":[[[-50.11924,-29.97617],[-50.07527,-29.88447],[-50.10906,-29.88452],[-50.11391,-29.89345],[-50.12111,-29.89699],[-50.12783,-29.90718],[-50.1348,-29.90547],[-50.14678,-29.91891],[-50.14273,-29.92835],[-50.13219,-29.9345],[-50.1288,-29.94036],[-50.13636,-29.95037],[-50.13373,-29.95683],[-50.15376,-29.96545],[-50.15505,-29.98665],[-50.13932,-29.98324],[-50.11924,-29.97617]]]},"properties":{"CD_MUN":"4310330","NM_MUN":"Imbé","AREA_KM2":39.766}},
{"type":"Feature","geometry":{"type":"Polygon","coordinates":[[[-51.72789,-29.36216],[-51.72896,-29.33406],[-51.70189,-29.33445],[-51.70178,-29.3242],[-51.72904,-29.32486],[-51.72893,-29.31619],[-51.70908,-29.31261],[-51.70093,-29.30433],[-51.71323,-29.30378],[-51.71531,-29.29697],[-51.72537,-29.29465],[-51.72978,-29.30084],[-51.74347,-29.30921],[-51.76158,-29.29529],[-51.78003,-29.29892],[-51.77591,-29.34259],[-51.8321,-29.34404],[-51.83932,-29.34366],[-51.83937,-29.35499],[-51.86213,-29.36014],[-51.85862,-29.36846],[-51.84634,-29.36819],[-51.83975,-29.373],[-51.83959,-29.38007],[-51.80754,-29.37971],[-51.79826,-29.38974],[-51.78106,-29.38794],[-51.77036,-29.38042],[-51.76955,-29.36984],[-51.75549,-29.36872],[-51.75076,-29.36214],[-51.72789,-29.36216]]]},"properties":{"CD_MUN":"4310363","NM_MUN":"Imigrante","AREA_KM2":71.716}},
{"type":"Feature","geometry":{"type":"Polygon","coordinates":[[[-54.33316,-27.82142],[-54.33531,-27.83032],[-54.3495,-27.83251],[-54.33999,-27.84387],[-54.34238,-27.85082],[-54.33934,-27.85732],[-54.34921,-27.86058],[-54.34273,-27.86648],[-54.32481,-27.85508],[-54.32461,-27.86823],[-54.31157,-27.8718],[-54.30632,-27.86445],[-54.30038,-27.86933],[-54.31355,-27.87714],[-54.31247,-27.88558],[-54.30555,-27.89278],[-54.27916,-27.89224],[-54.27149,-27.90536],[-54.25819,-27.90939],[-54.2515,-27.90843],[-54.24233,-27.91386],[-54.23918,-27.91926],[-54.22495,-27.92581],[-54.22031,-27.93251],[-54.22655,-27.93857],[-54.21643,-27.94243],[-54.21489,-27.94679],[-54.20477,-27.95041],[-54.20237,-27.96026],[-54.19106,-27.9626],[-54.19427,-27.97144],[-54.18222,-27.9717],[-54.18296,-27.98024],[-54.17328,-27.98773],[-54.15516,-28.00782],[-54.1453,-28.00974],[-54.13994,-28.01871],[-54.12781,-28.01535],[-54.10899,-28.01457],[-54.09364,-28.00854],[-54.08954,-28.00267],[-54.07816,-28.00631],[-54.06672,-28.00065],[-54.05522,-27.98904],[-54.04209,-27.96778],[-54.04182,-27.95728],[-54.04586,-27.94074],[-54.05396,-27.94337],[-54.05838,-27.93966],[-54.07626,-27.93813],[-54.08591,-27.92989],[-54.07766,-27.91739],[-54.08919,-27.90978],[-54.09222,-27.90281],[-54.10492,-27.89904],[-54.10849,-27.88788],[-54.11479,-27.88267],[-54.12379,-27.8811],[-54.12543,-27.87263],[-54.11477,-27.86101],[-54.12721,-27.84274],[-54.1419,-27.84227],[-54.14547,-27.83766],[-54.13905,-27.82961],[-54.14654,-27.82552],[-54.13657,-27.81873],[-54.12886,-27.81667],[-54.1313,-27.80695],[-54.14326,-27.79868],[-54.15381,-27.80077],[-54.1603,-27.79755],[-54.16165,-27.80116],[-54.17834,-27.81072],[-54.19261,-27.8116],[-54.20175,-27.80711],[-54.202,-27.81934],[-54.2093,-27.82228],[-54.22061,-27.8193],[-54.23149,-27.82213],[-54.25232,-27.81602],[-54.26079,-27.81522],[-54.27404,-27.81789],[-54.28563,-27.81451],[-54.2846,-27.80825],[-54.29395,-27.80637],[-54.301,-27.82532],[-54.31015,-27.83157],[-54.32146,-27.82946],[-54.33316,-27.82142]]]},"properties":{"CD_MUN":"4310405","NM_MUN":"Independência","AREA_KM2":358.283}},
{"type":"Feature","geometry":{"type":"Polygon","coordinates":[[[-53.96632,-27.82412],[-53.97719,-27.83631],[-53.98556,-27.83747],[-53.98969,-27.84301],[-53.99736,-27.84425],[-54.00451,-27.84111],[-54.04731,-27.86526],[-54.05034,-27.87626],[-54.06099,-27.87863],[-54.08978,-27.8742],[-54.09689,-27.87709],[-54.1109,-27.87818],[-54.11479,-27.88267],[-54.10849,-27.88788],[-54.10492,-27.89904],[-54.09222,-27.90281],[-54.08919,-27.90978],[-54.07766,-27.91739],[-54.08591,-27.92989],[-54.07626,-27.93813],[-54.05838,-27.93966],[-54.05396,-27.94337],[-54.04586,-27.94074],[-54.04182,-27.95728],[-54.04209,-27.96778],[-54.05522,-27.98904],[-54.06672,-28.00065],[-54.07816,-28.00631],[-54.07194,-28.01193],[-54.06329,-28.01431],[-54.05999,-28.02162],[-54.04179,-28.00331],[-54.03432,-27.98469],[-54.02333,-27.97297],[-54.01959,-27.96564],[-54.01995,-27.95208],[-54.02915,-27.94702],[-54.02684,-27.93334],[-54.01783,-27.92337],[-54.00372,-27.91479],[-53.99899,-27.91689],[-53.97544,-27.88406],[-53.97762,-27.87837],[-53.97272,-27.8686],[-53.95872,-27.86175],[-53.95338,-27.85155],[-53.95192,-27.83054],[-53.95983,-27.8308],[-53.96632,-27.82412]]]},"properties":{"CD_MUN":"4310413","NM_MUN":"Inhacorá","AREA_KM2":113.749}},
{"type":"Feature","geometry":{"type":"Polygon","coordinates":[[[-51.43804,-28.8059],[-51.43379,-28.80739],[-51.41039,-28.80028],[-51.39247,-28.81473],[-51.3868,-28.81755],[-51.37272,-28.83054],[-51.36233,-28.83524],[-51.34874,-28.83585],[-51.33988,-28.82804],[-51.33384,-28.83264],[-51.32956,-28.8427],[-51.31861,-28.85002],[-51.31686,-28.83862],[-51.30302,-28.83636],[-51.29221,-28.82815],[-51.27647,-28.82929],[-51.25378,-28.81749],[-51.22819,-28.82069],[-51.20452,-28.84073],[-51.20414,-28.84663],[-51.19257,-28.8518],[-51.18276,-28.85292],[-51.17667,-28.85755],[-51.15888,-28.85402],[-51.16087,-28.84851],[-51.16874,-28.84352],[-51.16409,-28.83455],[-51.17111,-28.82718],[-51.17591,-28.81716],[-51.19226,-28.80938],[-51.21122,-28.80984],[-51.21787,-28.80149],[-51.21247,-28.79739],[-51.2039,-28.80126],[-51.19109,-28.78454],[-51.1866,-28.78193],[-51.19743,-28.75055],[-51.19963,-28.72882],[-51.20733,-28.71455],[-51.20525,-28.70832],[-51.19515,-28.7023],[-51.15959,-28.69933],[-51.15368,-28.68736],[-51.14628,-28.67929],[-51.14276,-28.67112],[-51.14599,-28.65288],[-51.15883,-28.64969],[-51.16641,-28.64026],[-51.16742,-28.62863],[-51.18503,-28.62665],[-51.2088,-28.61999],[-51.21667,-28.62017],[-51.21749,-28.60826],[-51.22569,-28.60344],[-51.24108,-28.60211],[-51.24525,-28.59641],[-51.25965,-28.59269],[-51.25572,-28.58859],[-51.25503,-28.5822],[-51.26848,-28.5777],[-51.27172,-28.59003],[-51.28319,-28.58244],[-51.28703,-28.58659],[-51.29657,-28.58245],[-51.30372,-28.5829],[-51.31198,-28.59396],[-51.31761,-28.58324],[-51.33518,-28.58386],[-51.33586,-28.5892],[-51.32111,-28.59432],[-51.32327,-28.59754],[-51.33911,-28.59438],[-51.34641,-28.58986],[-51.34782,-28.59968],[-51.33978,-28.60689],[-51.34836,-28.61057],[-51.35243,-28.61935],[-51.36037,-28.61373],[-51.36431,-28.62373],[-51.37288,-28.62158],[-51.36886,-28.63335],[-51.3826,-28.63551],[-51.38004,-28.64492],[-51.38289,-28.65076],[-51.39871,-28.63878],[-51.40976,-28.64594],[-51.42241,-28.66994],[-51.43661,-28.66782],[-51.44509,-28.67366],[-51.45074,-28.68403],[-51.43564,-28.68747],[-51.43587,-28.69742],[-51.43192,-28.70787],[-51.44031,-28.71597],[-51.43182,-28.73385],[-51.42585,-28.73845],[-51.43576,-28.75208],[-51.43105,-28.77074],[-51.45986,-28.78967],[-51.45867,-28.79355],[-51.43578,-28.79242],[-51.43292,-28.79767],[-51.43804,-28.8059]]]},"properties":{"CD_MUN":"4310439","NM_MUN":"Ipê","AREA_KM2":599.032}},
{"type":"Feature","geometry":{"type":"Polygon","coordinates":[[[-52.52412,-27.94206],[-52.50492,-27.94381],[-52.4967,-27.94918],[-52.49576,-27.95921],[-52.47691,-27.95904],[-52.47611,-27.97067],[-52.45292,-27.97659],[-52.45014,-27.98444],[-52.44314,-27.98196],[-52.43895,-27.98773],[-52.42647,-27.9832],[-52.42321,-27.98735],[-52.40442,-27.9914],[-52.40104,-27.98339],[-52.37843,-27.98239],[-52.37251,-27.97704],[-52.36025,-27.98746],[-52.35019,-27.98159],[-52.34204,-27.98221],[-52.3348,-27.97653],[-52.33943,-27.94657],[-52.35296,-27.94554],[-52.37178,-27.928],[-52.36633,-27.91269],[-52.35238,-27.91249],[-52.35041,-27.89808],[-52.35951,-27.8954],[-52.3559,-27.88545],[-52.35681,-27.87763],[-52.36572,-27.88126],[-52.37488,-27.87264],[-52.40899,-27.85799],[-52.43032,-27.86481],[-52.4344,-27.87938],[-52.44111,-27.88045],[-52.44911,-27.88653],[-52.45224,-27.89627],[-52.46275,-27.90921],[-52.48891,-27.91269],[-52.49528,-27.92057],[-52.51392,-27.92058],[-52.5199,-27.92451],[-52.52412,-27.94206]]]},"properties":{"CD_MUN":"4310462","NM_MUN":"Ipiranga do Sul","AREA_KM2":158.71}},
{"type":"Feature","geometry":{"type":"Polygon","coordinates":[[[-53.32687,-27.22054],[-53.32111,-27.22822],[-53.30964,-27.22557],[-53.30296,-27.22744],[-53.30341,-27.23429],[-53.31885,-27.23921],[-53.32025,-27.24416],[-53.30615,-27.2491],[-53.30291,-27.25381],[-53.30931,-27.26164],[-53.31879,-27.26442],[-53.32164,-27.27491],[-53.31129,-27.27194],[-53.29243,-27.28028],[-53.29263,-27.29111],[-53.28244,-27.29699],[-53.29146,-27.30586],[-53.2761,-27.3107],[-53.27224,-27.31884],[-53.27959,-27.32703],[-53.26387,-27.33051],[-53.25762,-27.33968],[-53.25214,-27.33758],[-53.24602,-27.32125],[-53.2284,-27.32174],[-53.22796,-27.30601],[-53.21987,-27.30999],[-53.20231,-27.31186],[-53.20144,-27.30509],[-53.19566,-27.30136],[-53.20452,-27.29357],[-53.19347,-27.29151],[-53.19084,-27.28602],[-53.17537,-27.28931],[-53.17083,-27.2846],[-53.15932,-27.28239],[-53.16019,-27.26893],[-53.16974,-27.26495],[-53.16628,-27.2596],[-53.17837,-27.22275],[-53.18058,-27.20786],[-53.19037,-27.20227],[-53.17949,-27.19898],[-53.18769,-27.19226],[-53.19722,-27.19265],[-53.23209,-27.17111],[-53.24474,-27.17283],[-53.25958,-27.18327],[-53.29307,-27.19692],[-53.31099,-27.21873],[-53.32145,-27.2149],[-53.32246,-27.20989],[-53.32687,-27.22054]]]},"properties":{"CD_MUN":"4310504","NM_MUN":"Iraí","AREA_KM2":181.579}},
{"type":"Feature","geometry":{"type":"Polygon","coordinates":[[[-53.85606,-29.59227],[-53.83815,-29.59404],[-53.83244,-29.60126],[-53.82813,-29.61885],[-53.81989,-29.62148],[-53.80116,-29.64592],[-53.78345,-29.64274],[-53.7747,-29.6508],[-53.77797,-29.65725],[-53.7672,-29.65776],[-53.7554,-29.65445],[-53.74746,-29.6468],[-53.7386,-29.64842],[-53.72392,-29.64186],[-53.71522,-29.64465],[-53.71053,-29.63124],[-53.71585,-29.61766],[-53.70702,-29.61399],[-53.70173,-29.60733],[-53.71359,-29.60237],[-53.69924,-29.58612],[-53.70512,-29.56756],[-53.69743,-29.55932],[-53.70144,-29.54949],[-53.70773,-29.54732],[-53.70651,-29.5392],[-53.71658,-29.52174],[-53.72162,-29.51802],[-53.70861,-29.50971],[-53.69567,-29.49319],[-53.68729,-29.48616],[-53.68758,-29.46611],[-53.69506,-29.46572],[-53.69611,-29.4785],[-53.70345,-29.48013],[-53.71668,-29.49037],[-53.73955,-29.49315],[-53.74208,-29.50069],[-53.75606,-29.50794],[-53.75877,-29.51692],[-53.76927,-29.51848],[-53.77227,-29.52573],[-53.78821,-29.52683],[-53.79914,-29.53945],[-53.80879,-29.54344],[-53.82732,-29.55769],[-53.84094,-29.56374],[-53.84144,-29.58461],[-53.85383,-29.58746],[-53.85606,-29.59227]]]},"properties":{"CD_MUN":"4310538","NM_MUN":"Itaara","AREA_KM2":172.801}},
{"type":"Feature","geometry":{"type":"Polygon","coordinates":[[[-54.96058,-28.80844],[-54.96458,-28.80827],[-54.98245,-28.78939],[-54.98981,-28.78592],[-54.99643,-28.77774],[-55.0034,-28.77603],[-55.00785,-28.79647],[-55.02133,-28.78768],[-55.02487,-28.79831],[-55.03397,-28.79817],[-55.03055,-28.78942],[-55.03452,-28.7807],[-55.04279,-28.77435],[-55.04309,-28.76273],[-55.05601,-28.76669],[-55.06461,-28.77745],[-55.07111,-28.77617],[-55.07879,-28.76841],[-55.07304,-28.76119],[-55.08586,-28.75671],[-55.08686,-28.75132],[-55.09861,-28.75348],[-55.11215,-28.74254],[-55.13263,-28.745],[-55.13912,-28.74117],[-55.15537,-28.73673],[-55.1648,-28.75167],[-55.18671,-28.76194],[-55.19266,-28.75608],[-55.18301,-28.74924],[-55.18902,-28.74364],[-55.19427,-28.7326],[-55.19151,-28.72762],[-55.20299,-28.72167],[-55.20753,-28.7115],[-55.22204,-28.71313],[-55.22472,-28.70436],[-55.23266,-28.69638],[-55.22687,-28.69204],[-55.223,-28.66926],[-55.24219,-28.6775],[-55.23856,-28.68824],[-55.25327,-28.69088],[-55.25544,-28.68271],[-55.27497,-28.67226],[-55.2801,-28.68132],[-55.28776,-28.67533],[-55.28449,-28.66896],[-55.2909,-28.66521],[-55.30322,-28.67134],[-55.31452,-28.66463],[-55.31599,-28.65756],[-55.32064,-28.65527],[-55.33046,-28.66744],[-55.34067,-28.66561],[-55.34771,-28.66091],[-55.34597,-28.65236],[-55.35403,-28.65287],[-55.36355,-28.66078],[-55.3676,-28.65382],[-55.37578,-28.65795],[-55.37528,-28.666],[-55.3816,-28.66884],[-55.39475,-28.65797],[-55.39539,-28.65119],[-55.40577,-28.65188],[-55.41221,-28.64899],[-55.42968,-28.65095],[-55.43973,-28.673],[-55.46386,-28.66383],[-55.48012,-28.66862],[-55.48631,-28.66178],[-55.49096,-28.66471],[-55.49503,-28.6802],[-55.48778,-28.68764],[-55.49317,-28.69482],[-55.50055,-28.69873],[-55.50865,-28.69388],[-55.51484,-28.70356],[-55.52231,-28.70343],[-55.52623,-28.69041],[-55.53161,-28.68637],[-55.53682,-28.69872],[-55.54984,-28.70747],[-55.53545,-28.71066],[-55.53766,-28.72235],[-55.53432,-28.73012],[-55.52005,-28.72631],[-55.5093,-28.7333],[-55.49933,-28.73045],[-55.49716,-28.74091],[-55.50763,-28.74475],[-55.5029,-28.76523],[-55.49546,-28.76484],[-55.49201,-28.7767],[-55.48469,-28.78139],[-55.47886,-28.7981],[-55.46989,-28.80273],[-55.46581,-28.81212],[-55.45832,-28.81463],[-55.44881,-28.81288],[-55.44429,-28.82236],[-55.43277,-28.82744],[-55.43143,-28.84439],[-55.42194,-28.84325],[-55.419,-28.84963],[-55.43115,-28.85785],[-55.428,-28.86487],[-55.41371,-28.86444],[-55.40072,-28.87097],[-55.39642,-28.88012],[-55.38798,-28.87547],[-55.37796,-28.87404],[-55.36751,-28.87999],[-55.37436,-28.88989],[-55.37586,-28.9007],[-55.37313,-28.90885],[-55.37303,-28.92057],[-55.35806,-28.9318],[-55.34985,-28.93157],[-55.34232,-28.94277],[-55.3293,-28.93911],[-55.32097,-28.94203],[-55.3195,-28.95396],[-55.3022,-28.95513],[-55.28875,-28.96403],[-55.28124,-28.96448],[-55.27291,-28.97183],[-55.26285,-28.97424],[-55.24487,-28.97293],[-55.24505,-28.97802],[-55.23039,-28.97781],[-55.22789,-28.98181],[-55.19757,-28.97914],[-55.19644,-28.95777],[-55.17797,-28.94316],[-55.16942,-28.94819],[-55.13398,-28.94582],[-55.12488,-28.9513],[-55.1011,-28.95519],[-55.08957,-28.95011],[-55.08765,-28.94622],[-55.07292,-28.93269],[-55.07283,-28.92156],[-55.08358,-28.91483],[-55.08319,-28.91034],[-55.09521,-28.90988],[-55.09558,-28.90448],[-55.08502,-28.90114],[-55.08026,-28.89603],[-55.06821,-28.89257],[-55.05634,-28.89653],[-55.03605,-28.89619],[-55.04658,-28.88755],[-55.05107,-28.87706],[-55.05291,-28.85846],[-55.05171,-28.84808],[-55.04209,-28.83574],[-55.03683,-28.83331],[-55.02405,-28.83824],[-55.0179,-28.83261],[-55.00971,-28.83061],[-54.9973,-28.82344],[-54.97948,-28.81873],[-54.96058,-28.80844]]]},"properties":{"CD_MUN":"4310553","NM_MUN":"Itacurubi","AREA_KM2":1120.874}},
{"type":"Feature","geometry":{"type":"Polygon","coordinates":[[[-52.06334,-28.80959],[-52.06097,-28.80579],[-52.07441,-28.78232],[-52.06869,-28.77096],[-52.07949,-28.76004],[-52.07119,-28.75414],[-52.06852,-28.74736],[-52.07845,-28.74144],[-52.08155,-28.74542],[-52.09234,-28.74512],[-52.10816,-28.74094],[-52.13673,-28.74211],[-52.14479,-28.74807],[-52.15219,-28.74774],[-52.15694,-28.75279],[-52.18159,-28.75208],[-52.1786,-28.74335],[-52.19767,-28.74639],[-52.21336,-28.75756],[-52.22467,-28.76145],[-52.22981,-28.75614],[-52.23871,-28.75739],[-52.24751,-28.74985],[-52.24794,-28.73691],[-52.25359,-28.73739],[-52.25757,-28.73026],[-52.25802,-28.72084],[-52.24608,-28.70609],[-52.24611,-28.69931],[-52.25806,-28.68583],[-52.25696,-28.68052],[-52.26771,-28.69338],[-52.27849,-28.69608],[-52.2769,-28.72849],[-52.27775,-28.73518],[-52.30081,-28.74798],[-52.29525,-28.76257],[-52.30448,-28.77206],[-52.31452,-28.79592],[-52.32136,-28.79852],[-52.32062,-28.80518],[-52.32732,-28.81363],[-52.32117,-28.80973],[-52.30997,-28.81122],[-52.29847,-28.8061],[-52.2835,-28.81325],[-52.27038,-28.80768],[-52.25857,-28.81643],[-52.2549,-28.8234],[-52.24411,-28.8288],[-52.23626,-28.8164],[-52.23093,-28.81201],[-52.21409,-28.80928],[-52.20652,-28.81344],[-52.20528,-28.81913],[-52.18226,-28.82391],[-52.17048,-28.81983],[-52.1657,-28.81378],[-52.1561,-28.8115],[-52.14289,-28.81341],[-52.14064,-28.80831],[-52.13182,-28.8048],[-52.12134,-28.80636],[-52.11273,-28.81089],[-52.08319,-28.80622],[-52.06926,-28.80529],[-52.06334,-28.80959]]]},"properties":{"CD_MUN":"4310579","NM_MUN":"Itapuca","AREA_KM2":184.673}},
{"type":"Feature","geometry":{"type":"Polygon","coordinates":[[[-56.66047,-29.42334],[-56.64834,-29.41813],[-56.63451,-29.41704],[-56.61817,-29.42533],[-56.60698,-29.42238],[-56.60563,-29.41156],[-56.6118,-29.40198],[-56.6058,-29.39159],[-56.59748,-29.39329],[-56.59338,-29.40503],[-56.58298,-29.40465],[-56.57673,-29.40105],[-56.5713,-29.39253],[-56.56226,-29.39101],[-56.55446,-29.39485],[-56.52555,-29.39583],[-56.50971,-29.38831],[-56.49469,-29.3879],[-56.48173,-29.39338],[-56.47843,-29.40894],[-56.47184,-29.41573],[-56.46053,-29.42048],[-56.43003,-29.42737],[-56.41837,-29.42544],[-56.39832,-29.41729],[-56.38026,-29.41177],[-56.37075,-29.4061],[-56.36359,-29.39773],[-56.31961,-29.40739],[-56.2966,-29.41678],[-56.29132,-29.41722],[-56.25646,-29.39973],[-56.24562,-29.39906],[-56.2313,-29.40208],[-56.21987,-29.40016],[-56.20781,-29.38463],[-56.19782,-29.37921],[-56.17805,-29.37727],[-56.17583,-29.34665],[-56.1819,-29.32213],[-56.17806,-29.31347],[-56.17049,-29.31097],[-56.1491,-29.31479],[-56.13342,-29.32718],[-56.1223,-29.35704],[-56.11936,-29.36031],[-56.10542,-29.36353],[-56.09487,-29.36973],[-56.08567,-29.3674],[-56.07751,-29.3553],[-56.08089,-29.33839],[-56.07778,-29.33213],[-56.05845,-29.32431],[-56.0546,-29.32009],[-56.0497,-29.2974],[-56.03783,-29.29593],[-56.02951,-29.30086],[-56.01869,-29.31555],[-55.9983,-29.33509],[-55.97925,-29.34092],[-55.9656,-29.35774],[-55.95562,-29.36194],[-55.93575,-29.35155],[-55.91636,-29.34908],[-55.91107,-29.35375],[-55.91173,-29.3602],[-55.91768,-29.36501],[-55.91902,-29.37249],[-55.90888,-29.38792],[-55.89022,-29.39929],[-55.87876,-29.41452],[-55.8657,-29.42261],[-55.85756,-29.42083],[-55.85012,-29.41128],[-55.85361,-29.4066],[-55.84613,-29.39693],[-55.83235,-29.39378],[-55.82615,-29.39565],[-55.81836,-29.38622],[-55.81605,-29.37661],[-55.82549,-29.36466],[-55.81507,-29.36199],[-55.80656,-29.36603],[-55.80056,-29.36216],[-55.79866,-29.34467],[-55.77253,-29.3421],[-55.76225,-29.3284],[-55.75672,-29.32805],[-55.74924,-29.34083],[-55.73637,-29.33695],[-55.72735,-29.3193],[-55.72045,-29.32251],[-55.71142,-29.31551],[-55.70508,-29.30434],[-55.70076,-29.3089],[-55.6938,-29.28572],[-55.6789,-29.28639],[-55.6732,-29.28914],[-55.6701,-29.27807],[-55.65482,-29.284],[-55.64512,-29.27693],[-55.63951,-29.25839],[-55.64217,-29.25387],[-55.63915,-29.24191],[-55.62804,-29.24047],[-55.62141,-29.23458],[-55.61878,-29.22498],[-55.61198,-29.2172],[-55.60501,-29.22265],[-55.58534,-29.21883],[-55.56859,-29.22363],[-55.5606,-29.21027],[-55.55941,-29.20383],[-55.53628,-29.20375],[-55.53895,-29.19725],[-55.52192,-29.19607],[-55.51307,-29.19832],[-55.49578,-29.19469],[-55.48958,-29.19919],[-55.48037,-29.19855],[-55.4771,-29.17068],[-55.48691,-29.16008],[-55.49624,-29.13265],[-55.50518,-29.12732],[-55.50811,-29.10339],[-55.51247,-29.09566],[-55.52742,-29.08507],[-55.53236,-29.07199],[-55.562,-29.08709],[-55.56716,-29.09209],[-55.57656,-29.09436],[-55.59778,-29.09512],[-55.61578,-29.09248],[-55.62717,-29.09335],[-55.64716,-29.10794],[-55.6804,-29.10681],[-55.69259,-29.10796],[-55.73094,-29.12346],[-55.80888,-29.12765],[-55.85496,-29.137],[-55.91236,-29.15639],[-55.9803,-29.15243],[-56.00058,-29.15234],[-56.05084,-29.14995],[-56.11179,-29.15295],[-56.17112,-29.16078],[-56.18017,-29.15922],[-56.18383,-29.15421],[-56.18455,-29.13827],[-56.17978,-29.13352],[-56.21893,-29.12181],[-56.23777,-29.11758],[-56.26125,-29.10898],[-56.25967,-29.10041],[-56.26874,-29.09515],[-56.18768,-29.01423],[-56.17072,-28.99502],[-56.14189,-28.96592],[-56.11937,-28.94121],[-56.09702,-28.91976],[-56.0903,-28.90508],[-56.08158,-28.85668],[-56.08755,-28.85376],[-56.09628,-28.85786],[-56.10335,-28.84904],[-56.12238,-28.85516],[-56.13214,-28.86635],[-56.13726,-28.86051],[-56.14587,-28.86474],[-56.16014,-28.86279],[-56.16681,-28.86485],[-56.17276,-28.88396],[-56.1793,-28.88613],[-56.17871,-28.90099],[-56.19054,-28.90187],[-56.20528,-28.91079],[-56.20617,-28.91814],[-56.21304,-28.92966],[-56.22041,-28.92954],[-56.2318,-28.93752],[-56.24284,-28.93499],[-56.25479,-28.93688],[-56.26095,-28.94413],[-56.27067,-28.93542],[-56.27917,-28.94064],[-56.30105,-28.93421],[-56.31155,-28.93301],[-56.32327,-28.92473],[-56.34419,-28.94006],[-56.37899,-28.94803],[-56.38984,-28.9553],[-56.40634,-28.9726],[-56.41596,-28.99226],[-56.41617,-29.00074],[-56.40223,-29.01206],[-56.39912,-29.01735],[-56.40436,-29.03248],[-56.41,-29.03866],[-56.4131,-29.06192],[-56.42177,-29.07549],[-56.43042,-29.0795],[-56.47652,-29.08621],[-56.50303,-29.08866],[-56.51486,-29.09266],[-56.53275,-29.1047],[-56.53767,-29.11148],[-56.55013,-29.11665],[-56.56798,-29.11408],[-56.58875,-29.11981],[-56.59391,-29.12626],[-56.59487,-29.13629],[-56.61692,-29.17107],[-56.64584,-29.20029],[-56.65476,-29.22379],[-56.65485,-29.23115],[-56.64921,-29.25496],[-56.65071,-29.26435],[-56.66452,-29.29499],[-56.68912,-29.33397],[-56.69997,-29.35644],[-56.71297,-29.36735],[-56.73007,-29.36885],[-56.74619,-29.36836],[-56.7587,-29.3709],[-56.7684,-29.378],[-56.77315,-29.38699],[-56.78036,-29.41629],[-56.77996,-29.41996],[-56.75157,-29.41192],[-56.74316,-29.41085],[-56.73074,-29.40553],[-56.70311,-29.40019],[-56.69502,-29.40051],[-56.68191,-29.40657],[-56.67447,-29.42356],[-56.66047,-29.42334]]]},"properties":{"CD_MUN":"4310603","NM_MUN":"Itaqui","AREA_KM2":3406.606}},
{"type":"Feature","geometry":{"type":"Polygon","coordinates":[[[-50.16801,-29.53513],[-50.17011,-29.54341],[-50.16227,-29.56298],[-50.16202,-29.5734],[-50.16924,-29.57736],[-50.17378,-29.5868],[-50.16801,-29.60221],[-50.16044,-29.59791],[-50.15191,-29.60028],[-50.1324,-29.59187],[-50.12268,-29.58187],[-50.11187,-29.57397],[-50.1094,-29.55948],[-50.09063,-29.54784],[-50.07532,-29.54537],[-50.08055,-29.54199],[-50.08004,-29.53281],[-50.08801,-29.52699],[-50.09324,-29.51722],[-50.09163,-29.51025],[-50.09947,-29.50001],[-50.09837,-29.49112],[-50.10107,-29.4821],[-50.11614,-29.47768],[-50.12597,-29.46455],[-50.12439,-29.45902],[-50.13053,-29.44151],[-50.14767,-29.43601],[-50.15456,-29.43091],[-50.16029,-29.42144],[-50.16997,-29.41902],[-50.17449,-29.40796],[-50.18255,-29.4003],[-50.18242,-29.39062],[-50.1725,-29.3805],[-50.17063,-29.37319],[-50.15518,-29.35524],[-50.14368,-29.35081],[-50.09943,-29.33871],[-50.08421,-29.34945],[-50.09914,-29.33415],[-50.11322,-29.3268],[-50.12019,-29.3343],[-50.15096,-29.34019],[-50.16063,-29.33944],[-50.17584,-29.35063],[-50.17972,-29.35984],[-50.18504,-29.35953],[-50.20395,-29.36633],[-50.20418,-29.35646],[-50.19454,-29.35236],[-50.1935,-29.34218],[-50.20765,-29.33815],[-50.20913,-29.33131],[-50.21785,-29.32887],[-50.23093,-29.33662],[-50.23903,-29.33699],[-50.24925,-29.33036],[-50.24902,-29.34547],[-50.23824,-29.36159],[-50.24182,-29.36884],[-50.23692,-29.38016],[-50.2352,-29.39418],[-50.22004,-29.38944],[-50.21327,-29.3988],[-50.22309,-29.40358],[-50.22028,-29.41331],[-50.22999,-29.41657],[-50.23401,-29.41325],[-50.24366,-29.4224],[-50.22834,-29.43535],[-50.22348,-29.44395],[-50.20987,-29.44202],[-50.21007,-29.4577],[-50.20436,-29.46651],[-50.21553,-29.47645],[-50.20123,-29.47761],[-50.2007,-29.48282],[-50.18852,-29.48423],[-50.18289,-29.47782],[-50.16748,-29.47396],[-50.16787,-29.46555],[-50.15728,-29.47098],[-50.18227,-29.48985],[-50.18819,-29.5064],[-50.17611,-29.52199],[-50.17042,-29.52332],[-50.16801,-29.53513]]]},"properties":{"CD_MUN":"4310652","NM_MUN":"Itati","AREA_KM2":205.06}},
{"type":"Feature","geometry":{"type":"Polygon","coordinates":[[[-52.53626,-27.26009],[-52.53791,-27.27645],[-52.53073,-27.27636],[-52.52658,-27.28494],[-52.54075,-27.28957],[-52.53168,-27.29494],[-52.52862,-27.30958],[-52.53884,-27.30941],[-52.53131,-27.32255],[-52.53238,-27.32712],[-52.52436,-27.33294],[-52.52041,-27.34107],[-52.50732,-27.35611],[-52.50287,-27.36884],[-52.51142,-27.36968],[-52.51449,-27.37734],[-52.50169,-27.37822],[-52.49685,-27.39324],[-52.49804,-27.40204],[-52.50582,-27.40955],[-52.51636,-27.41173],[-52.51751,-27.42185],[-52.50906,-27.43464],[-52.52763,-27.46387],[-52.51922,-27.46925],[-52.52168,-27.47548],[-52.51854,-27.48268],[-52.51198,-27.48669],[-52.50035,-27.48972],[-52.49136,-27.48702],[-52.48027,-27.48783],[-52.47242,-27.49227],[-52.46224,-27.49291],[-52.45594,-27.49009],[-52.44702,-27.49443],[-52.43682,-27.49459],[-52.44481,-27.47561],[-52.44557,-27.45558],[-52.45316,-27.43699],[-52.45325,-27.4086],[-52.44301,-27.39391],[-52.43055,-27.39376],[-52.42634,-27.39047],[-52.44259,-27.37658],[-52.43382,-27.36838],[-52.43604,-27.35359],[-52.43022,-27.34129],[-52.4372,-27.3372],[-52.43695,-27.32289],[-52.44452,-27.31222],[-52.44495,-27.3067],[-52.42403,-27.2983],[-52.4192,-27.28238],[-52.43909,-27.2644],[-52.44207,-27.25051],[-52.43733,-27.23665],[-52.43104,-27.22651],[-52.43254,-27.21784],[-52.44783,-27.21819],[-52.46245,-27.22921],[-52.47981,-27.23554],[-52.48157,-27.24663],[-52.47642,-27.2592],[-52.4793,-27.26594],[-52.49302,-27.26715],[-52.50807,-27.26411],[-52.52722,-27.26285],[-52.53626,-27.26009]]]},"properties":{"CD_MUN":"4310702","NM_MUN":"Itatiba do Sul","AREA_KM2":212.669}},
{"type":"Feature","geometry":{"type":"Polygon","coordinates":[[[-53.5184,-29.47102],[-53.54316,-29.44906],[-53.54974,-29.44154],[-53.55498,-29.45054],[-53.56836,-29.45936],[-53.56327,-29.46417],[-53.57212,-29.48111],[-53.59019,-29.46566],[-53.61158,-29.46258],[-53.61656,-29.46861],[-53.62273,-29.46767],[-53.62262,-29.47798],[-53.61949,-29.48583],[-53.6389,-29.49164],[-53.6476,-29.49693],[-53.65466,-29.50807],[-53.65496,-29.51969],[-53.6498,-29.53565],[-53.63375,-29.55907],[-53.62354,-29.55879],[-53.62986,-29.56837],[-53.62017,-29.57166],[-53.60231,-29.5644],[-53.59491,-29.56683],[-53.58285,-29.57704],[-53.56568,-29.58008],[-53.55322,-29.57246],[-53.54973,-29.57435],[-53.54847,-29.56508],[-53.55319,-29.55752],[-53.55177,-29.55199],[-53.55733,-29.54466],[-53.56807,-29.539],[-53.5649,-29.53299],[-53.54622,-29.51508],[-53.54167,-29.51265],[-53.52953,-29.51558],[-53.51894,-29.5259],[-53.5072,-29.51714],[-53.51297,-29.50862],[-53.51199,-29.48912],[-53.51537,-29.48097],[-53.52379,-29.47566],[-53.5184,-29.47102]]]},"properties":{"CD_MUN":"4310751","NM_MUN":"Ivorá","AREA_KM2":122.93}},
{"type":"Feature","geometry":{"type":"Polygon","coordinates":[[[-51.19644,-29.61646],[-51.16592,-29.62187],[-51.1664,-29.62418],[-51.13305,-29.62801],[-51.1346,-29.63807],[-51.12988,-29.63857],[-51.12664,-29.61989],[-51.12769,-29.60879],[-51.11765,-29.55095],[-51.11637,-29.54406],[-51.14086,-29.5404],[-51.14034,-29.53425],[-51.15096,-29.53212],[-51.15782,-29.53873],[-51.17762,-29.54225],[-51.18776,-29.54866],[-51.19624,-29.54734],[-51.2053,-29.55723],[-51.19004,-29.55933],[-51.19589,-29.58689],[-51.19008,-29.60355],[-51.19027,-29.61009],[-51.19644,-29.61646]]]},"properties":{"CD_MUN":"4310801","NM_MUN":"Ivoti","AREA_KM2":63.092}},
{"type":"Feature","geometry":{"type":"Polygon","coordinates":[[[-53.31856,-27.60058],[-53.31263,-27.60955],[-53.31362,-27.61856],[-53.29967,-27.61754],[-53.29836,-27.63019],[-53.30123,-27.6417],[-53.29622,-27.64876],[-53.30016,-27.67292],[-53.30807,-27.68266],[-53.29939,-27.69516],[-53.29578,-27.70585],[-53.27825,-27.70775],[-53.2679,-27.71424],[-53.25953,-27.71201],[-53.234,-27.69122],[-53.22402,-27.66943],[-53.21839,-27.66297],[-53.21992,-27.65271],[-53.21979,-27.6435],[-53.21128,-27.62293],[-53.21152,-27.61622],[-53.20415,-27.60472],[-53.20629,-27.60008],[-53.22419,-27.59189],[-53.23095,-27.5786],[-53.24264,-27.58681],[-53.2562,-27.58476],[-53.25531,-27.58059],[-53.26175,-27.57149],[-53.26646,-27.55998],[-53.27023,-27.52463],[-53.27582,-27.51799],[-53.28617,-27.52185],[-53.29111,-27.52991],[-53.28302,-27.5461],[-53.28953,-27.54705],[-53.29302,-27.55407],[-53.28955,-27.5588],[-53.29271,-27.57028],[-53.29133,-27.57765],[-53.29547,-27.58373],[-53.30206,-27.58463],[-53.31856,-27.60058]]]},"properties":{"CD_MUN":"4310850","NM_MUN":"Jaboticaba","AREA_KM2":127.589}},
{"type":"Feature","geometry":{"type":"Polygon","coordinates":[[[-52.99945,-29.13899],[-52.99343,-29.13693],[-53.00089,-29.12301],[-52.99899,-29.11686],[-52.98797,-29.12344],[-52.98945,-29.11327],[-52.98742,-29.10567],[-52.9742,-29.09616],[-52.96226,-29.09509],[-52.95214,-29.09862],[-52.94843,-29.0958],[-52.9514,-29.08112],[-52.95689,-29.07473],[-52.95765,-29.066],[-52.94426,-29.06825],[-52.93512,-29.06698],[-52.92756,-29.07478],[-52.92542,-29.06164],[-52.91635,-29.05385],[-52.90953,-29.0606],[-52.90105,-29.04902],[-52.89599,-29.0548],[-52.88917,-29.04505],[-52.87876,-29.05058],[-52.87556,-29.04406],[-52.85524,-29.04257],[-52.9529,-28.95554],[-52.96505,-28.95571],[-52.97722,-28.94712],[-52.99932,-28.95077],[-53.01644,-28.94663],[-53.01997,-28.95089],[-53.02111,-28.96252],[-53.02731,-28.95971],[-53.03351,-28.96827],[-53.02269,-28.97875],[-53.07573,-28.96164],[-53.10141,-28.96873],[-53.09833,-28.9749],[-53.11114,-28.97748],[-53.11913,-28.98544],[-53.12904,-28.98723],[-53.148,-29.00142],[-53.15155,-29.02473],[-53.1397,-29.02699],[-53.14124,-29.03226],[-53.13094,-29.04404],[-53.11786,-29.04427],[-53.10863,-29.05032],[-53.10652,-29.06601],[-53.09486,-29.06769],[-53.07822,-29.07595],[-53.07706,-29.08533],[-53.06978,-29.0991],[-53.07689,-29.10148],[-53.07804,-29.11343],[-53.07597,-29.12471],[-53.06426,-29.12949],[-53.05955,-29.12776],[-53.04336,-29.1321],[-53.04089,-29.14026],[-53.01675,-29.15568],[-53.00838,-29.15402],[-53.01181,-29.13904],[-52.99945,-29.13899]]]},"properties":{"CD_MUN":"4310876","NM_MUN":"Jacuizinho","AREA_KM2":339.399}},
{"type":"Feature","geometry":{"type":"Polygon","coordinates":[[[-52.4828,-27.71942],[-52.50032,-27.71276],[-52.50754,-27.70354],[-52.49808,-27.69808],[-52.50131,-27.69314],[-52.51988,-27.69186],[-52.52845,-27.6885],[-52.54959,-27.68745],[-52.55199,-27.69217],[-52.56363,-27.68915],[-52.55921,-27.70179],[-52.5596,-27.71491],[-52.56433,-27.71919],[-52.56579,-27.72847],[-52.57423,-27.74383],[-52.57334,-27.75675],[-52.58449,-27.7674],[-52.57929,-27.77562],[-52.58761,-27.77926],[-52.59518,-27.78678],[-52.59526,-27.80197],[-52.57851,-27.80124],[-52.57321,-27.80322],[-52.59147,-27.81969],[-52.59384,-27.82881],[-52.60523,-27.83906],[-52.61923,-27.83752],[-52.63172,-27.84183],[-52.64554,-27.85269],[-52.64318,-27.85714],[-52.64398,-27.86948],[-52.64761,-27.87635],[-52.63509,-27.87926],[-52.62906,-27.86662],[-52.61906,-27.87487],[-52.61639,-27.86876],[-52.60723,-27.86962],[-52.60908,-27.87997],[-52.5975,-27.88408],[-52.57723,-27.87591],[-52.57062,-27.88148],[-52.56074,-27.87499],[-52.56105,-27.8646],[-52.55023,-27.85818],[-52.53646,-27.84469],[-52.52625,-27.83986],[-52.52168,-27.83178],[-52.51076,-27.82363],[-52.50596,-27.81585],[-52.4947,-27.80656],[-52.49106,-27.78118],[-52.48666,-27.77909],[-52.48925,-27.76927],[-52.47398,-27.75886],[-52.46303,-27.75405],[-52.45778,-27.74215],[-52.4657,-27.73725],[-52.4723,-27.72983],[-52.48117,-27.72591],[-52.4828,-27.71942]]]},"properties":{"CD_MUN":"4310900","NM_MUN":"Jacutinga","AREA_KM2":178.009}},
{"type":"Feature","geometry":{"type":"Polygon","coordinates":[[[-53.67649,-32.23811],[-53.67934,-32.24306],[-53.67779,-32.2586],[-53.66474,-32.275],[-53.65563,-32.28023],[-53.65738,-32.28816],[-53.64409,-32.2952],[-53.6432,-32.30158],[-53.64789,-32.31263],[-53.65652,-32.3122],[-53.65255,-32.32112],[-53.64309,-32.32492],[-53.64498,-32.33239],[-53.63312,-32.35398],[-53.64362,-32.36825],[-53.64402,-32.38493],[-53.62787,-32.38911],[-53.61438,-32.3984],[-53.61209,-32.40343],[-53.61582,-32.41511],[-53.5964,-32.43295],[-53.58884,-32.43517],[-53.58404,-32.45131],[-53.56706,-32.45853],[-53.56218,-32.46659],[-53.5526,-32.47389],[-53.52249,-32.48618],[-53.49955,-32.48104],[-53.47806,-32.48384],[-53.47094,-32.48069],[-53.46261,-32.48764],[-53.46614,-32.492],[-53.46352,-32.50272],[-53.45658,-32.51675],[-53.4575,-32.5223],[-53.44945,-32.52863],[-53.4369,-32.54816],[-53.43243,-32.56493],[-53.42468,-32.55892],[-53.41742,-32.5609],[-53.41665,-32.568],[-53.40339,-32.57999],[-53.38812,-32.58693],[-53.38024,-32.57831],[-53.37868,-32.5716],[-53.3697,-32.56987],[-53.35272,-32.59193],[-53.34623,-32.59162],[-53.33882,-32.58462],[-53.31319,-32.59908],[-53.30316,-32.60683],[-53.29684,-32.61611],[-53.28881,-32.6211],[-53.27859,-32.61863],[-53.27784,-32.61154],[-53.26857,-32.60406],[-53.2549,-32.60196],[-53.24559,-32.60711],[-53.24348,-32.62318],[-53.23706,-32.62977],[-53.21468,-32.63882],[-53.19327,-32.64164],[-53.18441,-32.64653],[-53.17641,-32.65846],[-53.16672,-32.64859],[-53.14671,-32.64061],[-53.12838,-32.63846],[-53.10853,-32.64301],[-53.08365,-32.65673],[-53.08041,-32.64696],[-53.08083,-32.63749],[-53.07697,-32.62782],[-53.063,-32.61806],[-53.04307,-32.61357],[-53.0201,-32.61307],[-53.00929,-32.6077],[-52.99744,-32.59125],[-52.99415,-32.57514],[-52.99187,-32.54523],[-52.98859,-32.53768],[-52.98421,-32.51513],[-52.98775,-32.51063],[-52.98333,-32.50424],[-52.96796,-32.49048],[-52.97269,-32.48078],[-52.9724,-32.47041],[-52.97748,-32.45291],[-52.98489,-32.44231],[-52.99301,-32.4413],[-53.00156,-32.43554],[-53.00861,-32.42434],[-53.01929,-32.42467],[-53.03169,-32.42916],[-53.03934,-32.41597],[-53.04862,-32.41687],[-53.06016,-32.40626],[-53.05337,-32.39607],[-53.05216,-32.38905],[-53.06514,-32.39192],[-53.07653,-32.38827],[-53.09021,-32.39281],[-53.10011,-32.37758],[-53.10883,-32.37991],[-53.12349,-32.37015],[-53.14334,-32.36442],[-53.15195,-32.36981],[-53.16225,-32.36863],[-53.16971,-32.37243],[-53.17603,-32.37011],[-53.18603,-32.37185],[-53.21435,-32.35275],[-53.22485,-32.35587],[-53.23583,-32.34524],[-53.24125,-32.34664],[-53.25391,-32.33442],[-53.26137,-32.32394],[-53.25423,-32.31833],[-53.25583,-32.30968],[-53.26105,-32.30232],[-53.28157,-32.29057],[-53.29108,-32.27527],[-53.29277,-32.26767],[-53.28933,-32.25743],[-53.28976,-32.2348],[-53.30564,-32.21764],[-53.32058,-32.22135],[-53.33051,-32.21651],[-53.33072,-32.21045],[-53.3394,-32.20136],[-53.34011,-32.19599],[-53.34969,-32.18522],[-53.49626,-32.1909],[-53.51372,-32.18367],[-53.51548,-32.17622],[-53.52768,-32.17065],[-53.54252,-32.16975],[-53.54699,-32.16069],[-53.55984,-32.15408],[-53.58254,-32.14768],[-53.5843,-32.15663],[-53.59371,-32.15759],[-53.60572,-32.16248],[-53.61929,-32.16309],[-53.63568,-32.17604],[-53.64827,-32.18206],[-53.65217,-32.19287],[-53.6599,-32.20165],[-53.65991,-32.21299],[-53.66557,-32.21591],[-53.66476,-32.2233],[-53.67703,-32.22916],[-53.67649,-32.23811]]]},"properties":{"CD_MUN":"4311007","NM_MUN":"Jaguarão","AREA_KM2":2051.845}},
{"type":"Feature","geometry":{"type":"Polygon","coordinates":[[[-54.50189,-29.32761],[-54.50968,-29.32718],[-54.51283,-29.31777],[-54.52873,-29.31674],[-54.53844,-29.31129],[-54.54934,-29.31001],[-54.56381,-29.31547],[-54.56624,-29.32144],[-54.57991,-29.3281],[-54.58523,-29.34084],[-54.59212,-29.34327],[-54.58955,-29.35838],[-54.59986,-29.35549],[-54.61019,-29.34944],[-54.61707,-29.34873],[-54.62116,-29.33257],[-54.63006,-29.32773],[-54.62649,-29.31235],[-54.63553,-29.31012],[-54.64453,-29.31178],[-54.65405,-29.32034],[-54.66568,-29.32383],[-54.68246,-29.31934],[-54.68662,-29.32473],[-54.68629,-29.39405],[-54.69501,-29.39362],[-54.70626,-29.38839],[-54.71613,-29.39391],[-54.72556,-29.39241],[-54.73949,-29.39562],[-54.74269,-29.39041],[-54.75088,-29.39146],[-54.75624,-29.39842],[-54.75968,-29.40968],[-54.75407,-29.41773],[-54.73969,-29.41852],[-54.75325,-29.43118],[-54.74888,-29.44366],[-54.75139,-29.44813],[-54.75056,-29.46098],[-54.77784,-29.47485],[-54.78758,-29.48738],[-54.79792,-29.49231],[-54.80909,-29.49265],[-54.8212,-29.50109],[-54.8345,-29.50554],[-54.84197,-29.51964],[-54.86166,-29.53294],[-54.86225,-29.54491],[-54.84289,-29.55043],[-54.83683,-29.55936],[-54.84034,-29.56549],[-54.83285,-29.57456],[-54.82141,-29.57175],[-54.81414,-29.57557],[-54.797,-29.57749],[-54.79153,-29.59039],[-54.7838,-29.59851],[-54.78331,-29.60399],[-54.79262,-29.61837],[-54.8,-29.62278],[-54.79318,-29.62915],[-54.77833,-29.62156],[-54.77634,-29.61092],[-54.76728,-29.61016],[-54.75439,-29.61282],[-54.7515,-29.60331],[-54.74381,-29.60006],[-54.74863,-29.59176],[-54.73605,-29.58943],[-54.72749,-29.59474],[-54.71914,-29.59052],[-54.70158,-29.58569],[-54.69694,-29.57617],[-54.68698,-29.57203],[-54.67311,-29.56256],[-54.65826,-29.56118],[-54.64983,-29.56847],[-54.63286,-29.57277],[-54.62736,-29.55054],[-54.62226,-29.54719],[-54.59971,-29.54258],[-54.59283,-29.53744],[-54.58758,-29.52882],[-54.57811,-29.53521],[-54.56938,-29.5309],[-54.56519,-29.52569],[-54.56398,-29.5069],[-54.56859,-29.50213],[-54.56808,-29.48555],[-54.55856,-29.4792],[-54.55186,-29.46762],[-54.54057,-29.45789],[-54.53286,-29.46052],[-54.51896,-29.45792],[-54.51024,-29.444],[-54.4989,-29.44835],[-54.49232,-29.455],[-54.48365,-29.45812],[-54.47406,-29.45611],[-54.44458,-29.46618],[-54.43089,-29.46478],[-54.42095,-29.46115],[-54.40603,-29.46109],[-54.39513,-29.4523],[-54.39465,-29.45207],[-54.39738,-29.44113],[-54.40755,-29.43734],[-54.42763,-29.43626],[-54.43049,-29.42452],[-54.44074,-29.42441],[-54.44469,-29.41903],[-54.45737,-29.41826],[-54.46385,-29.41402],[-54.48438,-29.40903],[-54.4937,-29.40093],[-54.49633,-29.39078],[-54.5048,-29.39323],[-54.51306,-29.38957],[-54.51223,-29.38244],[-54.5036,-29.381],[-54.48693,-29.38586],[-54.48562,-29.38053],[-54.50216,-29.3692],[-54.50166,-29.354],[-54.50711,-29.34777],[-54.5054,-29.34128],[-54.49467,-29.34357],[-54.49248,-29.33172],[-54.50189,-29.32761]]]},"properties":{"CD_MUN":"4311106","NM_MUN":"Jaguari","AREA_KM2":675.314}},
{"type":"Feature","geometry":{"type":"Polygon","coordinates":[[[-50.35753,-29.11707],[-50.35153,-29.1199],[-50.33687,-29.10973],[-50.33036,-29.11402],[-50.29939,-29.11968],[-50.2707,-29.13761],[-50.24795,-29.13216],[-50.24643,-29.12429],[-50.2514,-29.11998],[-50.24057,-29.10233],[-50.22236,-29.09983],[-50.21993,-29.09598],[-50.2033,-29.10331],[-50.19754,-29.10301],[-50.19164,-29.09634],[-50.19569,-29.08135],[-50.18883,-29.07236],[-50.18852,-29.05965],[-50.19796,-29.06022],[-50.21046,-29.05026],[-50.21852,-29.04957],[-50.22621,-29.04255],[-50.22985,-29.02101],[-50.23472,-29.00955],[-50.24256,-29.01025],[-50.23704,-29.01917],[-50.24864,-29.02431],[-50.25849,-29.0175],[-50.27017,-29.01438],[-50.26953,-28.99587],[-50.26066,-28.99087],[-50.25487,-28.99418],[-50.25057,-28.98318],[-50.25478,-28.97738],[-50.24517,-28.95842],[-50.25407,-28.94206],[-50.26138,-28.93937],[-50.2531,-28.92847],[-50.245,-28.93383],[-50.22542,-28.93318],[-50.21678,-28.91919],[-50.20847,-28.92436],[-50.20822,-28.93001],[-50.19071,-28.92971],[-50.1812,-28.91946],[-50.16727,-28.91316],[-50.15939,-28.90651],[-50.15969,-28.894],[-50.16884,-28.88883],[-50.17598,-28.89004],[-50.18263,-28.88358],[-50.17863,-28.86894],[-50.18487,-28.84551],[-50.1935,-28.8395],[-50.20087,-28.84898],[-50.20613,-28.84081],[-50.21557,-28.83732],[-50.20803,-28.82992],[-50.21082,-28.82308],[-50.21837,-28.81974],[-50.23377,-28.8184],[-50.25237,-28.82191],[-50.25763,-28.81777],[-50.26378,-28.83614],[-50.27207,-28.83899],[-50.28172,-28.83142],[-50.29872,-28.83318],[-50.29342,-28.84092],[-50.30082,-28.84259],[-50.3139,-28.83989],[-50.31616,-28.83308],[-50.32954,-28.81701],[-50.33204,-28.81162],[-50.34757,-28.8138],[-50.35311,-28.8205],[-50.36936,-28.82522],[-50.36868,-28.83534],[-50.38451,-28.82644],[-50.39364,-28.82418],[-50.39296,-28.81625],[-50.40565,-28.80555],[-50.41977,-28.80852],[-50.43281,-28.81647],[-50.42946,-28.79964],[-50.43277,-28.7922],[-50.43919,-28.78807],[-50.44719,-28.79055],[-50.46031,-28.80092],[-50.45165,-28.80556],[-50.46188,-28.81888],[-50.49108,-28.81655],[-50.49597,-28.80523],[-50.50399,-28.80926],[-50.51773,-28.81047],[-50.52475,-28.79935],[-50.53529,-28.81031],[-50.5344,-28.82746],[-50.54641,-28.82643],[-50.55243,-28.81247],[-50.54449,-28.80536],[-50.54629,-28.80031],[-50.56263,-28.7956],[-50.56407,-28.78989],[-50.55685,-28.78219],[-50.5715,-28.77893],[-50.58028,-28.77916],[-50.57271,-28.796],[-50.58602,-28.80331],[-50.59516,-28.81793],[-50.60426,-28.81006],[-50.60047,-28.82184],[-50.60475,-28.83185],[-50.57863,-28.84322],[-50.58456,-28.85276],[-50.57315,-28.85565],[-50.5631,-28.86501],[-50.54968,-28.86504],[-50.5622,-28.88661],[-50.54678,-28.89391],[-50.53953,-28.88794],[-50.52906,-28.88947],[-50.52629,-28.89346],[-50.51501,-28.89787],[-50.51608,-28.9099],[-50.5075,-28.91402],[-50.50714,-28.92052],[-50.49769,-28.92752],[-50.48947,-28.92564],[-50.48612,-28.93276],[-50.47543,-28.93715],[-50.47499,-28.94267],[-50.46352,-28.95957],[-50.46301,-28.98481],[-50.45868,-28.9929],[-50.46439,-28.99503],[-50.4572,-29.00398],[-50.46011,-29.01382],[-50.45328,-29.04025],[-50.44342,-29.05116],[-50.43151,-29.07599],[-50.43762,-29.08832],[-50.43742,-29.09755],[-50.44419,-29.11569],[-50.44389,-29.12924],[-50.42706,-29.13289],[-50.4112,-29.11891],[-50.40214,-29.11869],[-50.37324,-29.10741],[-50.35753,-29.11707]]]},"properties":{"CD_MUN":"4311122","NM_MUN":"Jaquirana","AREA_KM2":908.879}},
{"type":"Feature","geometry":{"type":"Polygon","coordinates":[[[-54.07006,-29.19876],[-54.08171,-29.19089],[-54.12706,-29.19013],[-54.1393,-29.19287],[-54.17016,-29.19244],[-54.16544,-29.17933],[-54.19655,-29.16377],[-54.21505,-29.16181],[-54.22656,-29.15859],[-54.23685,-29.15291],[-54.24583,-29.15246],[-54.25587,-29.14133],[-54.27134,-29.12985],[-54.28522,-29.11299],[-54.2865,-29.10122],[-54.29146,-29.0894],[-54.29702,-29.09393],[-54.29382,-29.10722],[-54.29947,-29.12668],[-54.30719,-29.1264],[-54.31699,-29.13674],[-54.32582,-29.14198],[-54.34247,-29.14388],[-54.34743,-29.15769],[-54.33473,-29.16254],[-54.33459,-29.17014],[-54.34272,-29.17574],[-54.33096,-29.17906],[-54.3292,-29.1887],[-54.34309,-29.18141],[-54.36807,-29.17651],[-54.36674,-29.18747],[-54.37753,-29.19579],[-54.37476,-29.20231],[-54.39661,-29.20144],[-54.39232,-29.2151],[-54.40326,-29.22857],[-54.41821,-29.23911],[-54.42803,-29.23712],[-54.4235,-29.24741],[-54.4322,-29.25431],[-54.42747,-29.26331],[-54.4328,-29.26511],[-54.44022,-29.27704],[-54.43624,-29.28395],[-54.425,-29.29246],[-54.4305,-29.29868],[-54.43173,-29.30676],[-54.44138,-29.30248],[-54.45578,-29.30793],[-54.46794,-29.31918],[-54.4774,-29.31855],[-54.48705,-29.32454],[-54.49412,-29.32287],[-54.50189,-29.32761],[-54.49248,-29.33172],[-54.49467,-29.34357],[-54.5054,-29.34128],[-54.50711,-29.34777],[-54.50166,-29.354],[-54.50216,-29.3692],[-54.48562,-29.38053],[-54.48693,-29.38586],[-54.5036,-29.381],[-54.51223,-29.38244],[-54.51306,-29.38957],[-54.5048,-29.39323],[-54.49633,-29.39078],[-54.4937,-29.40093],[-54.48438,-29.40903],[-54.46385,-29.41402],[-54.45737,-29.41826],[-54.44469,-29.41903],[-54.44074,-29.42441],[-54.43049,-29.42452],[-54.42763,-29.43626],[-54.40755,-29.43734],[-54.39738,-29.44113],[-54.39465,-29.45207],[-54.39178,-29.4373],[-54.37637,-29.42908],[-54.37061,-29.41047],[-54.36225,-29.41721],[-54.34993,-29.41963],[-54.34368,-29.42904],[-54.32021,-29.43199],[-54.30818,-29.43183],[-54.31234,-29.41492],[-54.29634,-29.41578],[-54.2908,-29.4206],[-54.27811,-29.4231],[-54.27389,-29.41717],[-54.27676,-29.41117],[-54.26676,-29.40969],[-54.24568,-29.41149],[-54.22512,-29.41024],[-54.20865,-29.42635],[-54.20803,-29.41987],[-54.19985,-29.41666],[-54.19973,-29.40712],[-54.2038,-29.40429],[-54.19908,-29.39229],[-54.18615,-29.38194],[-54.187,-29.37275],[-54.17972,-29.36483],[-54.17771,-29.35591],[-54.1701,-29.34578],[-54.16604,-29.32255],[-54.15849,-29.32615],[-54.15172,-29.31038],[-54.15831,-29.29777],[-54.15197,-29.29024],[-54.15727,-29.28519],[-54.13402,-29.27247],[-54.12415,-29.26878],[-54.13035,-29.26193],[-54.11996,-29.25122],[-54.11301,-29.25298],[-54.107,-29.24761],[-54.11267,-29.24127],[-54.08818,-29.23935],[-54.08312,-29.22501],[-54.07457,-29.21647],[-54.06509,-29.21093],[-54.07006,-29.19876]]]},"properties":{"CD_MUN":"4311130","NM_MUN":"Jari","AREA_KM2":853.08}},
{"type":"Feature","geometry":{"type":"Polygon","coordinates":[[[-53.9061,-28.81154],[-53.91178,-28.81979],[-53.92501,-28.81748],[-53.92728,-28.80765],[-53.94731,-28.81435],[-53.95521,-28.79958],[-53.9689,-28.79585],[-53.97517,-28.79741],[-53.97788,-28.78827],[-53.98595,-28.77962],[-53.97586,-28.77502],[-53.96139,-28.77976],[-53.95724,-28.77438],[-53.96966,-28.76945],[-53.9786,-28.75875],[-53.97565,-28.754],[-53.98059,-28.74184],[-53.9731,-28.74304],[-53.95716,-28.73224],[-53.96773,-28.72129],[-53.96877,-28.7108],[-53.97454,-28.70271],[-53.97694,-28.68785],[-53.96503,-28.68398],[-53.96687,-28.67948],[-53.98058,-28.67043],[-53.9776,-28.66425],[-53.96836,-28.66268],[-53.95984,-28.65408],[-53.97061,-28.65243],[-53.97454,-28.64771],[-53.98251,-28.64522],[-53.98253,-28.63809],[-54.00748,-28.63309],[-54.00144,-28.62765],[-54.00159,-28.62192],[-54.00995,-28.62063],[-54.01137,-28.61177],[-54.021,-28.61132],[-54.02859,-28.59836],[-54.03601,-28.59362],[-54.04818,-28.59242],[-54.06343,-28.58803],[-54.07394,-28.58006],[-54.07696,-28.5709],[-54.0839,-28.56858],[-54.08864,-28.57694],[-54.08733,-28.5848],[-54.0966,-28.58376],[-54.09692,-28.5767],[-54.1055,-28.5775],[-54.10721,-28.56914],[-54.09143,-28.57133],[-54.09111,-28.56482],[-54.10237,-28.56396],[-54.1101,-28.55702],[-54.11843,-28.56103],[-54.12844,-28.55469],[-54.14159,-28.55961],[-54.13805,-28.56647],[-54.15019,-28.56726],[-54.15757,-28.58444],[-54.16344,-28.59164],[-54.15484,-28.59833],[-54.15211,-28.60885],[-54.15918,-28.60817],[-54.1649,-28.6173],[-54.1754,-28.61819],[-54.1773,-28.63307],[-54.18166,-28.6407],[-54.19183,-28.64436],[-54.19705,-28.66006],[-54.20436,-28.65624],[-54.21805,-28.65639],[-54.22846,-28.64975],[-54.2424,-28.64732],[-54.24451,-28.65236],[-54.26379,-28.66488],[-54.2697,-28.6649],[-54.28129,-28.67668],[-54.28267,-28.66138],[-54.28804,-28.6649],[-54.3008,-28.66309],[-54.3098,-28.66631],[-54.31516,-28.66329],[-54.33168,-28.67285],[-54.33443,-28.67991],[-54.32275,-28.686],[-54.31247,-28.68612],[-54.31486,-28.70464],[-54.32285,-28.7244],[-54.33039,-28.72638],[-54.3335,-28.72101],[-54.34931,-28.70674],[-54.36701,-28.70748],[-54.36957,-28.70207],[-54.3773,-28.70197],[-54.37792,-28.69498],[-54.39013,-28.70375],[-54.40281,-28.70975],[-54.4108,-28.72694],[-54.39956,-28.73389],[-54.39209,-28.75445],[-54.39335,-28.76515],[-54.38943,-28.77481],[-54.39376,-28.79008],[-54.37953,-28.78595],[-54.37262,-28.79135],[-54.36402,-28.78437],[-54.35865,-28.78676],[-54.3611,-28.79825],[-54.35781,-28.82334],[-54.36101,-28.83699],[-54.35614,-28.85129],[-54.36044,-28.85341],[-54.36315,-28.86553],[-54.35421,-28.89386],[-54.34671,-28.89851],[-54.33149,-28.91815],[-54.33091,-28.93108],[-54.31672,-28.92866],[-54.29363,-28.92831],[-54.28092,-28.92149],[-54.26842,-28.91201],[-54.2611,-28.91255],[-54.23398,-28.92497],[-54.22706,-28.9258],[-54.21415,-28.91861],[-54.20159,-28.90202],[-54.18931,-28.89445],[-54.16921,-28.89669],[-54.15051,-28.89519],[-54.13487,-28.88261],[-54.11833,-28.88767],[-54.10562,-28.8999],[-54.09563,-28.90481],[-54.06869,-28.90841],[-54.06502,-28.90533],[-54.05378,-28.907],[-54.04818,-28.91179],[-54.02375,-28.90399],[-54.02118,-28.89486],[-54.01566,-28.89455],[-54.01106,-28.90336],[-53.9962,-28.90398],[-53.9912,-28.90051],[-53.97935,-28.89883],[-53.96833,-28.90044],[-53.95291,-28.89836],[-53.95909,-28.88662],[-53.95504,-28.87526],[-53.94215,-28.87582],[-53.93703,-28.86752],[-53.94207,-28.86167],[-53.92534,-28.84051],[-53.90549,-28.8225],[-53.8984,-28.81834],[-53.9061,-28.81154]]]},"properties":{"CD_MUN":"4311155","NM_MUN":"Jóia","AREA_KM2":1238.918}},
{"type":"Feature","geometry":{"type":"Polygon","coordinates":[[[-53.62723,-29.60473],[-53.58285,-29.57704],[-53.59491,-29.56683],[-53.60231,-29.5644],[-53.62017,-29.57166],[-53.62986,-29.56837],[-53.62354,-29.55879],[-53.63375,-29.55907],[-53.6498,-29.53565],[-53.65496,-29.51969],[-53.65466,-29.50807],[-53.6476,-29.49693],[-53.6389,-29.49164],[-53.61949,-29.48583],[-53.62262,-29.47798],[-53.62273,-29.46767],[-53.61656,-29.46861],[-53.61158,-29.46258],[-53.59019,-29.46566],[-53.57212,-29.48111],[-53.56327,-29.46417],[-53.56836,-29.45936],[-53.55498,-29.45054],[-53.54974,-29.44154],[-53.54316,-29.44906],[-53.5184,-29.47102],[-53.51637,-29.46227],[-53.49909,-29.45502],[-53.49974,-29.44044],[-53.50859,-29.43313],[-53.50581,-29.42525],[-53.51377,-29.41528],[-53.51994,-29.41611],[-53.52611,-29.39956],[-53.51298,-29.38832],[-53.5143,-29.37716],[-53.51107,-29.3712],[-53.50019,-29.36484],[-53.49481,-29.35845],[-53.478,-29.35683],[-53.46863,-29.3508],[-53.45475,-29.35208],[-53.44865,-29.3482],[-53.43887,-29.34937],[-53.43941,-29.33865],[-53.45364,-29.32465],[-53.45757,-29.31553],[-53.46768,-29.30397],[-53.44664,-29.28719],[-53.44195,-29.27678],[-53.44837,-29.26979],[-53.44589,-29.2637],[-53.4651,-29.25245],[-53.46412,-29.24386],[-53.46641,-29.23136],[-53.46275,-29.22277],[-53.46141,-29.20678],[-53.45682,-29.20029],[-53.4428,-29.19687],[-53.44721,-29.19076],[-53.44203,-29.18467],[-53.4336,-29.18199],[-53.42102,-29.18994],[-53.40945,-29.19391],[-53.40456,-29.18541],[-53.38507,-29.1825],[-53.37285,-29.17867],[-53.36177,-29.18116],[-53.35091,-29.18969],[-53.3445,-29.17661],[-53.3303,-29.16978],[-53.30538,-29.1836],[-53.30671,-29.19071],[-53.29138,-29.18899],[-53.28366,-29.1953],[-53.26656,-29.19067],[-53.25967,-29.18797],[-53.25696,-29.17751],[-53.24442,-29.17587],[-53.24311,-29.16863],[-53.25515,-29.16965],[-53.25868,-29.16238],[-53.25806,-29.15284],[-53.26144,-29.1443],[-53.26722,-29.13987],[-53.27856,-29.14349],[-53.27875,-29.13139],[-53.28681,-29.13548],[-53.29021,-29.12781],[-53.29906,-29.12631],[-53.30953,-29.12871],[-53.33212,-29.12822],[-53.34845,-29.11849],[-53.35042,-29.11152],[-53.36675,-29.12211],[-53.38578,-29.12374],[-53.3937,-29.11896],[-53.40761,-29.11892],[-53.40861,-29.11225],[-53.43002,-29.09497],[-53.44584,-29.08649],[-53.4488,-29.09021],[-53.46122,-29.08917],[-53.46379,-29.07807],[-53.49438,-29.07308],[-53.49647,-29.06275],[-53.50411,-29.0583],[-53.50956,-29.05007],[-53.50497,-29.04604],[-53.51127,-29.03694],[-53.5075,-29.0334],[-53.5173,-29.02635],[-53.52593,-29.01641],[-53.53456,-29.00218],[-53.53373,-28.99451],[-53.52168,-28.98953],[-53.52553,-28.98438],[-53.52415,-28.97327],[-53.52891,-28.96704],[-53.53588,-28.9734],[-53.54575,-28.97503],[-53.54919,-28.96265],[-53.56708,-28.96245],[-53.56487,-28.96775],[-53.57634,-28.9714],[-53.58641,-28.98196],[-53.58512,-28.98913],[-53.59585,-28.98767],[-53.61262,-29.00798],[-53.62278,-29.02649],[-53.63007,-29.03098],[-53.64209,-29.0275],[-53.66408,-29.05834],[-53.66429,-29.08818],[-53.67241,-29.09898],[-53.67143,-29.10242],[-53.68384,-29.11204],[-53.69263,-29.11516],[-53.69437,-29.12388],[-53.70935,-29.13964],[-53.71788,-29.13945],[-53.7267,-29.14571],[-53.73936,-29.15077],[-53.75763,-29.16389],[-53.77911,-29.15366],[-53.81032,-29.14745],[-53.81906,-29.15316],[-53.82779,-29.14691],[-53.83842,-29.14598],[-53.84856,-29.14176],[-53.85609,-29.14856],[-53.86863,-29.14524],[-53.87765,-29.15259],[-53.87694,-29.16328],[-53.89592,-29.16989],[-53.8863,-29.17431],[-53.89399,-29.18417],[-53.90683,-29.19462],[-53.91377,-29.2112],[-53.90959,-29.2175],[-53.91991,-29.22067],[-53.92077,-29.23087],[-53.91358,-29.24085],[-53.92746,-29.24085],[-53.93533,-29.24812],[-53.94201,-29.24653],[-53.94765,-29.27346],[-53.95893,-29.28472],[-53.96126,-29.29132],[-53.96902,-29.29788],[-53.9813,-29.29421],[-53.98723,-29.29826],[-53.98434,-29.30613],[-53.99318,-29.31768],[-53.98907,-29.33137],[-53.99688,-29.33511],[-54.00077,-29.34564],[-54.0004,-29.35286],[-54.00527,-29.35744],[-54.01525,-29.35844],[-54.00868,-29.36771],[-53.99993,-29.3668],[-54.00311,-29.3756],[-54.0124,-29.37353],[-54.01437,-29.38202],[-54.00201,-29.38878],[-54.00055,-29.39636],[-54.01477,-29.39699],[-54.0224,-29.38854],[-54.02706,-29.40475],[-54.00909,-29.41296],[-54.01102,-29.42301],[-53.99649,-29.41776],[-53.99643,-29.4088],[-53.98336,-29.40556],[-53.97293,-29.40582],[-53.96536,-29.40183],[-53.95822,-29.40565],[-53.94586,-29.40397],[-53.93343,-29.39547],[-53.91382,-29.39526],[-53.9125,-29.40057],[-53.90207,-29.39733],[-53.90554,-29.39032],[-53.89535,-29.38361],[-53.88519,-29.3948],[-53.88122,-29.38496],[-53.86874,-29.38351],[-53.86178,-29.37431],[-53.85223,-29.37043],[-53.83788,-29.35801],[-53.83491,-29.36856],[-53.82494,-29.36724],[-53.79961,-29.37027],[-53.7913,-29.36673],[-53.79354,-29.34788],[-53.79213,-29.34501],[-53.77671,-29.34684],[-53.76555,-29.34476],[-53.75897,-29.35651],[-53.76288,-29.36242],[-53.75434,-29.37164],[-53.7433,-29.37709],[-53.74215,-29.3846],[-53.73071,-29.38609],[-53.72645,-29.39264],[-53.71809,-29.39464],[-53.7199,-29.405],[-53.6967,-29.41089],[-53.69297,-29.41556],[-53.69477,-29.42498],[-53.69192,-29.42982],[-53.69033,-29.44368],[-53.69247,-29.45204],[-53.68758,-29.46611],[-53.68729,-29.48616],[-53.69567,-29.49319],[-53.70861,-29.50971],[-53.72162,-29.51802],[-53.71658,-29.52174],[-53.70651,-29.5392],[-53.70773,-29.54732],[-53.70144,-29.54949],[-53.69537,-29.55624],[-53.68715,-29.5759],[-53.67231,-29.58069],[-53.65552,-29.59418],[-53.63039,-29.60133],[-53.62723,-29.60473]]]},"properties":{"CD_MUN":"4311205","NM_MUN":"Júlio de Castilhos","AREA_KM2":1929.544}},
{"type":"Feature","geometry":{"type":"Polygon","coordinates":[[[-53.02919,-29.5532],[-53.0382,-29.5392],[-53.03459,-29.53459],[-53.02155,-29.53097],[-53.00463,-29.5502],[-52.98602,-29.55113],[-52.97973,-29.55685],[-52.97345,-29.54719],[-52.97644,-29.54423],[-52.97047,-29.53494],[-52.97097,-29.5196],[-52.96247,-29.51554],[-52.96367,-29.51046],[-52.97265,-29.51009],[-52.97282,-29.50091],[-52.98037,-29.48905],[-52.98851,-29.48054],[-52.99977,-29.47546],[-53.0027,-29.47069],[-53.01444,-29.46398],[-53.02395,-29.46297],[-53.03279,-29.45721],[-53.04039,-29.45908],[-53.04744,-29.45405],[-53.05757,-29.4628],[-53.08843,-29.45916],[-53.09483,-29.46687],[-53.10034,-29.46594],[-53.10484,-29.47357],[-53.11294,-29.47738],[-53.1194,-29.48584],[-53.12923,-29.48825],[-53.13696,-29.49483],[-53.12624,-29.49978],[-53.09659,-29.51642],[-53.09384,-29.52873],[-53.07688,-29.5285],[-53.06948,-29.53767],[-53.0517,-29.54061],[-53.02919,-29.5532]]]},"properties":{"CD_MUN":"4311239","NM_MUN":"Lagoa Bonita do Sul","AREA_KM2":109.758}},
{"type":"Feature","geometry":{"type":"Polygon","coordinates":[[[-52.82451,-29.32747],[-52.82047,-29.31626],[-52.81597,-29.3159],[-52.78537,-29.33655],[-52.77941,-29.34249],[-52.77596,-29.35169],[-52.75424,-29.3642],[-52.74346,-29.36516],[-52.73906,-29.34851],[-52.74148,-29.34246],[-52.72024,-29.31194],[-52.71874,-29.30567],[-52.70963,-29.30578],[-52.71673,-29.30236],[-52.71683,-29.2926],[-52.70782,-29.28881],[-52.70475,-29.29361],[-52.69612,-29.28656],[-52.69378,-29.27157],[-52.69645,-29.26269],[-52.68379,-29.25975],[-52.67584,-29.25381],[-52.67403,-29.23315],[-52.67881,-29.21973],[-52.66704,-29.21631],[-52.66307,-29.20858],[-52.66956,-29.20238],[-52.66146,-29.19419],[-52.67253,-29.18295],[-52.68148,-29.18035],[-52.68564,-29.18605],[-52.6986,-29.19287],[-52.71265,-29.17318],[-52.72495,-29.16604],[-52.73491,-29.16404],[-52.75247,-29.16515],[-52.75097,-29.14409],[-52.75801,-29.14045],[-52.77337,-29.12426],[-52.78461,-29.11505],[-52.79097,-29.11713],[-52.79718,-29.11466],[-52.80358,-29.12022],[-52.81675,-29.11856],[-52.82413,-29.12664],[-52.82565,-29.13289],[-52.83555,-29.14017],[-52.84067,-29.14021],[-52.87307,-29.19189],[-52.87919,-29.19295],[-52.88381,-29.20574],[-52.88528,-29.20932],[-52.89746,-29.21563],[-52.89983,-29.23217],[-52.88979,-29.23691],[-52.89255,-29.24541],[-52.88547,-29.24998],[-52.88596,-29.26288],[-52.89635,-29.26767],[-52.89295,-29.27975],[-52.88596,-29.28507],[-52.886,-29.29459],[-52.88258,-29.30093],[-52.89114,-29.30831],[-52.89175,-29.31304],[-52.87779,-29.3213],[-52.86016,-29.31782],[-52.84484,-29.3241],[-52.82451,-29.32747]]]},"properties":{"CD_MUN":"4311254","NM_MUN":"Lagoão","AREA_KM2":387.486}},
{"type":"Feature","geometry":{"type":"Polygon","coordinates":[[[-52.91678,-28.59575],[-52.90007,-28.59951],[-52.89546,-28.59509],[-52.88737,-28.59863],[-52.87137,-28.60027],[-52.8636,-28.59786],[-52.84583,-28.60385],[-52.83778,-28.61225],[-52.78879,-28.62353],[-52.77517,-28.62899],[-52.76279,-28.62683],[-52.76078,-28.62034],[-52.7653,-28.61449],[-52.76121,-28.60677],[-52.7494,-28.59771],[-52.75172,-28.59201],[-52.7634,-28.58679],[-52.76698,-28.56908],[-52.75721,-28.55738],[-52.76327,-28.54981],[-52.7601,-28.54289],[-52.76794,-28.54275],[-52.77702,-28.53685],[-52.78181,-28.52625],[-52.79546,-28.51868],[-52.8034,-28.5266],[-52.80866,-28.52637],[-52.81729,-28.53279],[-52.83286,-28.53084],[-52.84066,-28.52132],[-52.85235,-28.53514],[-52.86482,-28.53139],[-52.88047,-28.52046],[-52.88961,-28.52509],[-52.88791,-28.52953],[-52.89629,-28.53877],[-52.90495,-28.53214],[-52.92064,-28.54012],[-52.92061,-28.55429],[-52.91597,-28.56076],[-52.91771,-28.57142],[-52.92486,-28.57284],[-52.92158,-28.58062],[-52.92695,-28.58466],[-52.91678,-28.59575]]]},"properties":{"CD_MUN":"4311270","NM_MUN":"Lagoa dos Três Cantos","AREA_KM2":138.602}},
{"type":"Feature","geometry":{"type":"Polygon","coordinates":[[[-51.59913,-28.53653],[-51.59986,-28.52973],[-51.58624,-28.5204],[-51.58205,-28.52298],[-51.57285,-28.51957],[-51.5665,-28.52347],[-51.53713,-28.52648],[-51.53035,-28.53652],[-51.53028,-28.54605],[-51.51777,-28.54221],[-51.48804,-28.52356],[-51.47225,-28.52571],[-51.47391,-28.51681],[-51.46765,-28.50024],[-51.45851,-28.49644],[-51.45647,-28.48641],[-51.4467,-28.4864],[-51.43755,-28.49918],[-51.42845,-28.50217],[-51.42073,-28.50118],[-51.41165,-28.51822],[-51.4,-28.51379],[-51.39813,-28.51926],[-51.41229,-28.52332],[-51.41593,-28.53191],[-51.40901,-28.53304],[-51.39644,-28.54004],[-51.38948,-28.53836],[-51.39292,-28.53022],[-51.37069,-28.53049],[-51.37745,-28.51846],[-51.36628,-28.5127],[-51.35684,-28.51677],[-51.35389,-28.50789],[-51.36931,-28.50302],[-51.36778,-28.49646],[-51.37659,-28.49189],[-51.36956,-28.48474],[-51.37423,-28.4753],[-51.35968,-28.47444],[-51.36095,-28.46921],[-51.37162,-28.46407],[-51.35439,-28.45404],[-51.35627,-28.44994],[-51.34707,-28.44468],[-51.34756,-28.43581],[-51.35685,-28.43144],[-51.36077,-28.42122],[-51.35075,-28.41803],[-51.33441,-28.41854],[-51.33759,-28.40769],[-51.34849,-28.39797],[-51.33784,-28.38628],[-51.34086,-28.37383],[-51.3348,-28.37097],[-51.33712,-28.3569],[-51.3235,-28.34951],[-51.32826,-28.34276],[-51.32678,-28.33331],[-51.34075,-28.32153],[-51.35657,-28.31748],[-51.36958,-28.30556],[-51.37998,-28.30352],[-51.38874,-28.29594],[-51.40213,-28.3003],[-51.41401,-28.29484],[-51.4239,-28.31034],[-51.42308,-28.32402],[-51.41246,-28.33135],[-51.4315,-28.34061],[-51.43059,-28.34771],[-51.43976,-28.34907],[-51.44584,-28.33996],[-51.45831,-28.34592],[-51.45896,-28.33593],[-51.46737,-28.32934],[-51.4706,-28.31963],[-51.46986,-28.29703],[-51.4663,-28.28369],[-51.45707,-28.28202],[-51.44997,-28.27249],[-51.44695,-28.2535],[-51.44993,-28.24856],[-51.44956,-28.23618],[-51.45669,-28.23351],[-51.45894,-28.22043],[-51.4736,-28.21463],[-51.48305,-28.2043],[-51.48335,-28.19459],[-51.4919,-28.18904],[-51.49194,-28.18292],[-51.51037,-28.17025],[-51.51211,-28.15643],[-51.50844,-28.1462],[-51.49994,-28.15563],[-51.49449,-28.15569],[-51.49759,-28.14305],[-51.49377,-28.13776],[-51.50112,-28.13087],[-51.4998,-28.11577],[-51.50996,-28.09104],[-51.51392,-28.07742],[-51.51204,-28.05923],[-51.50007,-28.05682],[-51.45958,-28.05599],[-51.4344,-28.06322],[-51.42548,-28.06824],[-51.41355,-28.05654],[-51.40763,-28.04647],[-51.39776,-28.0354],[-51.38547,-28.02596],[-51.37742,-28.01576],[-51.36604,-28.00814],[-51.3529,-28.00378],[-51.34996,-27.99874],[-51.33467,-27.98239],[-51.34378,-27.97844],[-51.35489,-27.98595],[-51.35867,-27.97574],[-51.33984,-27.96948],[-51.34023,-27.9608],[-51.33585,-27.94668],[-51.33133,-27.93991],[-51.33257,-27.93128],[-51.34,-27.93145],[-51.34787,-27.92727],[-51.36238,-27.92606],[-51.3687,-27.91643],[-51.36586,-27.89534],[-51.37112,-27.88557],[-51.36006,-27.88006],[-51.37629,-27.87758],[-51.37354,-27.87045],[-51.35904,-27.86281],[-51.36665,-27.85955],[-51.36947,-27.8534],[-51.37843,-27.84879],[-51.37807,-27.85555],[-51.38582,-27.86662],[-51.3827,-27.87392],[-51.39175,-27.8893],[-51.40375,-27.88541],[-51.40933,-27.89424],[-51.40801,-27.90211],[-51.41735,-27.91626],[-51.42556,-27.91516],[-51.43992,-27.91825],[-51.44544,-27.92574],[-51.45837,-27.92901],[-51.46015,-27.94923],[-51.4683,-27.9523],[-51.48873,-27.95364],[-51.5034,-27.95239],[-51.50924,-27.95538],[-51.51592,-27.97049],[-51.52573,-27.98396],[-51.54374,-27.9908],[-51.55654,-27.9856],[-51.57433,-27.98784],[-51.58265,-27.98225],[-51.58574,-27.97425],[-51.5974,-27.97659],[-51.61585,-27.96926],[-51.63623,-27.96625],[-51.67274,-27.97794],[-51.67654,-27.98312],[-51.66917,-27.98429],[-51.66814,-27.9911],[-51.65508,-27.98868],[-51.64595,-27.99317],[-51.64594,-28.00374],[-51.65541,-28.00473],[-51.67467,-28.02214],[-51.65811,-28.02691],[-51.65591,-28.02104],[-51.64591,-28.01792],[-51.65363,-28.03173],[-51.64021,-28.0376],[-51.63934,-28.04493],[-51.63389,-28.04764],[-51.62204,-28.05282],[-51.61363,-28.06333],[-51.62313,-28.07051],[-51.62168,-28.08002],[-51.6288,-28.08962],[-51.61432,-28.09737],[-51.62027,-28.10993],[-51.63182,-28.11978],[-51.63432,-28.13477],[-51.65398,-28.1326],[-51.65922,-28.13682],[-51.67409,-28.13472],[-51.69002,-28.13892],[-51.69375,-28.14997],[-51.68594,-28.15721],[-51.66734,-28.16928],[-51.65767,-28.17338],[-51.6501,-28.18671],[-51.65722,-28.18921],[-51.66679,-28.202],[-51.65237,-28.21244],[-51.64671,-28.22353],[-51.64684,-28.23135],[-51.63724,-28.23918],[-51.63997,-28.24552],[-51.63567,-28.25249],[-51.62957,-28.2565],[-51.6213,-28.26784],[-51.62184,-28.27124],[-51.61134,-28.27932],[-51.60502,-28.29258],[-51.59401,-28.30136],[-51.56552,-28.30625],[-51.54475,-28.31363],[-51.5416,-28.32607],[-51.5343,-28.32637],[-51.52979,-28.33399],[-51.53971,-28.35977],[-51.5352,-28.37415],[-51.52406,-28.38129],[-51.52418,-28.39198],[-51.50829,-28.38635],[-51.50191,-28.38901],[-51.49875,-28.39815],[-51.50293,-28.40365],[-51.51572,-28.40604],[-51.52415,-28.41245],[-51.54027,-28.4167],[-51.54781,-28.42178],[-51.57247,-28.41965],[-51.58465,-28.42433],[-51.5875,-28.43531],[-51.59298,-28.43394],[-51.60155,-28.44259],[-51.60512,-28.45055],[-51.61423,-28.44712],[-51.61698,-28.46195],[-51.62237,-28.46593],[-51.61747,-28.47305],[-51.61976,-28.47965],[-51.61685,-28.48899],[-51.61881,-28.4954],[-51.61416,-28.50415],[-51.61818,-28.51311],[-51.6239,-28.51489],[-51.61492,-28.52395],[-51.61494,-28.53108],[-51.60828,-28.53667],[-51.59913,-28.53653]]]},"properties":{"CD_MUN":"4311304","NM_MUN":"Lagoa Vermelha","AREA_KM2":1260.227}},
{"type":"Feature","geometry":{"type":"Polygon","coordinates":[[[-51.96991,-29.49866],[-51.97804,-29.48709],[-51.96979,-29.47426],[-51.94812,-29.46668],[-51.93643,-29.44942],[-51.9254,-29.45339],[-51.91879,-29.45126],[-51.92588,-29.43651],[-51.93782,-29.43033],[-51.94802,-29.42789],[-51.95571,-29.42159],[-51.97416,-29.42326],[-51.98421,-29.42077],[-51.98545,-29.41217],[-51.99648,-29.40771],[-52.01692,-29.40788],[-52.03486,-29.40121],[-52.04019,-29.40071],[-52.03737,-29.40865],[-52.04507,-29.41493],[-52.08175,-29.41104],[-52.08403,-29.42235],[-52.09346,-29.42502],[-52.1083,-29.42181],[-52.12768,-29.4242],[-52.12837,-29.43261],[-52.11775,-29.42807],[-52.10262,-29.43414],[-52.0944,-29.43042],[-52.07728,-29.43173],[-52.07858,-29.44095],[-52.04172,-29.4452],[-52.04187,-29.45127],[-52.04786,-29.46934],[-52.01386,-29.47813],[-52.01479,-29.48218],[-52.00017,-29.48567],[-52.00086,-29.49126],[-51.96991,-29.49866]]]},"properties":{"CD_MUN":"4311403","NM_MUN":"Lajeado","AREA_KM2":91.231}},
{"type":"Feature","geometry":{"type":"Polygon","coordinates":[[[-53.19749,-27.73289],[-53.19331,-27.72849],[-53.17181,-27.71899],[-53.1678,-27.7053],[-53.16116,-27.70545],[-53.15192,-27.69919],[-53.15053,-27.67842],[-53.15507,-27.66191],[-53.16109,-27.66416],[-53.16998,-27.65852],[-53.17664,-27.66279],[-53.17449,-27.66942],[-53.18329,-27.67034],[-53.1946,-27.66529],[-53.20424,-27.66483],[-53.21801,-27.65718],[-53.21992,-27.65271],[-53.21839,-27.66297],[-53.22402,-27.66943],[-53.234,-27.69122],[-53.25953,-27.71201],[-53.26154,-27.72101],[-53.25704,-27.72681],[-53.24652,-27.74048],[-53.24632,-27.75495],[-53.22772,-27.74441],[-53.21198,-27.74779],[-53.20079,-27.74539],[-53.20247,-27.7361],[-53.19749,-27.73289]]]},"properties":{"CD_MUN":"4311429","NM_MUN":"Lajeado do Bugre","AREA_KM2":67.947}},
{"type":"Feature","geometry":{"type":"Polygon","coordinates":[[[-53.6672,-30.84274],[-53.68013,-30.8357],[-53.69029,-30.82241],[-53.69054,-30.8142],[-53.69986,-30.81632],[-53.70576,-30.80858],[-53.70714,-30.8011],[-53.71349,-30.79823],[-53.72171,-30.78788],[-53.73516,-30.78279],[-53.73993,-30.77586],[-53.74726,-30.77264],[-53.75296,-30.77733],[-53.76294,-30.77886],[-53.76839,-30.78888],[-53.76848,-30.79783],[-53.78547,-30.79991],[-53.79211,-30.793],[-53.80519,-30.78791],[-53.80354,-30.76532],[-53.81392,-30.76031],[-53.81817,-30.7394],[-53.80389,-30.72918],[-53.81342,-30.71789],[-53.79726,-30.70569],[-53.79639,-30.68474],[-53.7941,-30.67612],[-53.79978,-30.66291],[-53.8003,-30.64881],[-53.79757,-30.64325],[-53.79841,-30.63086],[-53.78309,-30.62792],[-53.77488,-30.62021],[-53.78562,-30.6064],[-53.77556,-30.6078],[-53.7741,-30.59932],[-53.76897,-30.59768],[-53.76278,-30.58735],[-53.75189,-30.57995],[-53.74901,-30.5746],[-53.73822,-30.56995],[-53.74074,-30.5628],[-53.73671,-30.54749],[-53.73894,-30.54172],[-53.74897,-30.53315],[-53.74205,-30.52606],[-53.74519,-30.51371],[-53.76677,-30.5196],[-53.78492,-30.51746],[-53.80449,-30.5212],[-53.82062,-30.51753],[-53.82515,-30.50649],[-53.84136,-30.49251],[-53.83608,-30.48789],[-53.84524,-30.48298],[-53.85889,-30.47628],[-53.87182,-30.48143],[-53.88061,-30.49438],[-53.88728,-30.49719],[-53.88252,-30.50541],[-53.8821,-30.51632],[-53.89096,-30.52074],[-53.90255,-30.53272],[-53.90446,-30.53823],[-53.92062,-30.54794],[-53.93229,-30.56696],[-53.93444,-30.5744],[-53.95314,-30.59175],[-53.96245,-30.59006],[-53.97519,-30.60968],[-53.9866,-30.61626],[-53.97832,-30.63026],[-53.98128,-30.63942],[-53.99531,-30.64724],[-54.00254,-30.6482],[-54.01271,-30.66317],[-54.0174,-30.68175],[-54.01816,-30.69346],[-54.02772,-30.69252],[-54.03765,-30.70016],[-54.05283,-30.69247],[-54.0585,-30.68692],[-54.08013,-30.69589],[-54.08644,-30.70082],[-54.0943,-30.69853],[-54.11729,-30.7057],[-54.12613,-30.7052],[-54.1366,-30.71065],[-54.14116,-30.71805],[-54.14539,-30.73494],[-54.13856,-30.74659],[-54.14254,-30.76188],[-54.15025,-30.76658],[-54.16038,-30.77736],[-54.17148,-30.77308],[-54.17648,-30.76749],[-54.19431,-30.75853],[-54.21384,-30.75791],[-54.21839,-30.74918],[-54.23244,-30.74312],[-54.24774,-30.74995],[-54.26301,-30.74404],[-54.26434,-30.73807],[-54.27887,-30.73015],[-54.2869,-30.73083],[-54.29399,-30.72723],[-54.30827,-30.73125],[-54.32202,-30.71874],[-54.32326,-30.72823],[-54.33006,-30.73518],[-54.3463,-30.73708],[-54.35227,-30.73097],[-54.35329,-30.71538],[-54.35663,-30.70306],[-54.36254,-30.69402],[-54.37112,-30.68671],[-54.37395,-30.67697],[-54.3849,-30.67232],[-54.39027,-30.67416],[-54.40145,-30.66676],[-54.40991,-30.65489],[-54.40775,-30.64977],[-54.41456,-30.63998],[-54.43191,-30.6303],[-54.43902,-30.62285],[-54.44849,-30.6268],[-54.45582,-30.62074],[-54.46586,-30.62392],[-54.47491,-30.62238],[-54.49595,-30.63157],[-54.50402,-30.63135],[-54.51069,-30.62501],[-54.52141,-30.62123],[-54.52662,-30.61408],[-54.54771,-30.62151],[-54.55907,-30.61384],[-54.56757,-30.61469],[-54.58058,-30.6118],[-54.58551,-30.61579],[-54.60813,-30.62318],[-54.61965,-30.61744],[-54.67579,-30.60509],[-54.67674,-30.61163],[-54.68387,-30.61384],[-54.68138,-30.62867],[-54.68968,-30.62865],[-54.68175,-30.63502],[-54.67557,-30.65001],[-54.67758,-30.65514],[-54.67358,-30.66971],[-54.6874,-30.6716],[-54.69271,-30.6835],[-54.69037,-30.68878],[-54.67929,-30.69375],[-54.68704,-30.7046],[-54.69337,-30.70828],[-54.70324,-30.70385],[-54.72302,-30.71324],[-54.71442,-30.72379],[-54.72064,-30.73485],[-54.71147,-30.74142],[-54.71775,-30.74466],[-54.70874,-30.75913],[-54.69905,-30.75879],[-54.68574,-30.75187],[-54.6832,-30.75893],[-54.67611,-30.7622],[-54.67302,-30.7704],[-54.66058,-30.76672],[-54.65592,-30.7769],[-54.65079,-30.77549],[-54.63334,-30.78061],[-54.62926,-30.78729],[-54.61164,-30.77954],[-54.59748,-30.78507],[-54.596,-30.79094],[-54.58658,-30.79921],[-54.57904,-30.79801],[-54.57978,-30.8071],[-54.558,-30.81505],[-54.55885,-30.82373],[-54.54525,-30.83722],[-54.54586,-30.84568],[-54.53864,-30.84768],[-54.53696,-30.85977],[-54.54543,-30.86414],[-54.54515,-30.86874],[-54.53567,-30.87175],[-54.53011,-30.86791],[-54.51541,-30.86475],[-54.5031,-30.87839],[-54.48531,-30.88005],[-54.48383,-30.8871],[-54.47722,-30.88762],[-54.4683,-30.88184],[-54.46728,-30.87529],[-54.44924,-30.87448],[-54.43771,-30.88971],[-54.42365,-30.88679],[-54.41856,-30.89131],[-54.40336,-30.89137],[-54.38928,-30.8945],[-54.37859,-30.88849],[-54.37695,-30.88137],[-54.37064,-30.88021],[-54.36761,-30.89396],[-54.35734,-30.89698],[-54.34735,-30.8904],[-54.34045,-30.90488],[-54.33304,-30.90629],[-54.32834,-30.91281],[-54.30994,-30.91877],[-54.30051,-30.92692],[-54.29222,-30.92207],[-54.28013,-30.9248],[-54.27929,-30.93355],[-54.26351,-30.93321],[-54.25869,-30.93784],[-54.24681,-30.93631],[-54.23769,-30.92976],[-54.22644,-30.93565],[-54.22184,-30.9421],[-54.20893,-30.9437],[-54.20714,-30.95253],[-54.20121,-30.95492],[-54.19126,-30.94797],[-54.18065,-30.95806],[-54.16579,-30.95283],[-54.1646,-30.95915],[-54.13578,-30.9803],[-54.11897,-30.98133],[-54.09977,-30.96688],[-54.09343,-30.96641],[-54.08856,-30.95995],[-54.07525,-30.95754],[-54.0622,-30.96454],[-54.05244,-30.96207],[-54.0345,-30.96264],[-54.02534,-30.96977],[-54.01446,-30.97401],[-54.00695,-30.98084],[-53.98845,-30.98886],[-53.97834,-30.98542],[-53.97349,-30.98014],[-53.96551,-30.98327],[-53.95663,-30.97808],[-53.94177,-30.98117],[-53.93316,-30.97142],[-53.93499,-30.96047],[-53.92637,-30.95476],[-53.92344,-30.93981],[-53.91096,-30.93653],[-53.90502,-30.94224],[-53.89483,-30.94539],[-53.88593,-30.93068],[-53.87875,-30.93051],[-53.86968,-30.92518],[-53.88721,-30.91699],[-53.87326,-30.90947],[-53.86558,-30.91606],[-53.8475,-30.91101],[-53.84111,-30.91577],[-53.83542,-30.90856],[-53.82671,-30.90525],[-53.8181,-30.9085],[-53.81341,-30.90342],[-53.79459,-30.90932],[-53.78259,-30.90212],[-53.78056,-30.89576],[-53.76802,-30.88634],[-53.76138,-30.88901],[-53.75933,-30.88003],[-53.73805,-30.86992],[-53.72998,-30.87618],[-53.72078,-30.87501],[-53.7175,-30.8695],[-53.70649,-30.865],[-53.69988,-30.85916],[-53.67107,-30.85354],[-53.6672,-30.84274]]]},"properties":{"CD_MUN":"4311502","NM_MUN":"Lavras do Sul","AREA_KM2":2600.969}},
{"type":"Feature","geometry":{"type":"Polygon","coordinates":[[[-52.9627,-27.5811],[-52.97679,-27.58472],[-52.99342,-27.57706],[-52.99999,-27.57921],[-53.00825,-27.57331],[-53.00683,-27.56195],[-53.03051,-27.55079],[-53.02757,-27.54337],[-53.04803,-27.53397],[-53.04933,-27.52959],[-53.02288,-27.51868],[-53.0153,-27.50964],[-53.02684,-27.49941],[-53.02402,-27.48359],[-53.04238,-27.48028],[-53.05082,-27.47312],[-53.03968,-27.46906],[-53.03546,-27.45398],[-53.05107,-27.44376],[-53.06617,-27.43879],[-53.07471,-27.4432],[-53.08063,-27.43597],[-53.09846,-27.45072],[-53.10901,-27.44497],[-53.13223,-27.44407],[-53.13915,-27.44581],[-53.13622,-27.45756],[-53.12146,-27.45645],[-53.1204,-27.46322],[-53.12773,-27.46955],[-53.13686,-27.46823],[-53.15115,-27.4706],[-53.15048,-27.47761],[-53.13788,-27.47815],[-53.12705,-27.49436],[-53.14333,-27.49032],[-53.16005,-27.49924],[-53.14499,-27.50149],[-53.1284,-27.50812],[-53.13133,-27.51667],[-53.1442,-27.52249],[-53.13849,-27.53168],[-53.10947,-27.52915],[-53.11039,-27.53872],[-53.11736,-27.54066],[-53.12433,-27.53506],[-53.13068,-27.54251],[-53.11507,-27.5439],[-53.11234,-27.54829],[-53.12445,-27.55218],[-53.12664,-27.55989],[-53.1341,-27.56667],[-53.12921,-27.57237],[-53.11564,-27.56647],[-53.10128,-27.56871],[-53.09844,-27.5746],[-53.11334,-27.57969],[-53.12073,-27.57552],[-53.12723,-27.58004],[-53.1187,-27.5885],[-53.11464,-27.59883],[-53.10113,-27.60731],[-53.1037,-27.61547],[-53.12275,-27.62082],[-53.10817,-27.62798],[-53.09364,-27.64077],[-53.10053,-27.64645],[-53.1017,-27.65432],[-53.07903,-27.65112],[-53.06685,-27.64412],[-53.05479,-27.64496],[-53.04831,-27.63627],[-53.04202,-27.63697],[-53.03074,-27.63118],[-52.99901,-27.60981],[-52.98558,-27.62987],[-52.97285,-27.63912],[-52.9689,-27.62911],[-52.95155,-27.62575],[-52.94646,-27.58825],[-52.95795,-27.58806],[-52.9627,-27.5811]]]},"properties":{"CD_MUN":"4311601","NM_MUN":"Liberato Salzano","AREA_KM2":245.627}},
{"type":"Feature","geometry":{"type":"Polygon","coordinates":[[[-51.19644,-29.61646],[-51.19027,-29.61009],[-51.19008,-29.60355],[-51.19589,-29.58689],[-51.19004,-29.55933],[-51.2053,-29.55723],[-51.21805,-29.55679],[-51.22414,-29.54712],[-51.2374,-29.55257],[-51.24912,-29.56209],[-51.25399,-29.558],[-51.26204,-29.55988],[-51.26001,-29.57125],[-51.25198,-29.57362],[-51.24501,-29.58367],[-51.23779,-29.58069],[-51.23094,-29.61675],[-51.21438,-29.62143],[-51.207,-29.61458],[-51.19644,-29.61646]]]},"properties":{"CD_MUN":"4311627","NM_MUN":"Lindolfo Collor","AREA_KM2":33.351}},
{"type":"Feature","geometry":{"type":"Polygon","coordinates":[[[-51.19668,-29.40939],[-51.20751,-29.41783],[-51.23538,-29.42274],[-51.24885,-29.43358],[-51.23797,-29.43542],[-51.23306,-29.44213],[-51.23447,-29.44858],[-51.24854,-29.44559],[-51.25203,-29.46187],[-51.26768,-29.47765],[-51.27291,-29.48934],[-51.27012,-29.49975],[-51.26529,-29.50298],[-51.25424,-29.5016],[-51.25243,-29.49675],[-51.22606,-29.50118],[-51.22237,-29.48276],[-51.20583,-29.48502],[-51.17781,-29.49411],[-51.17994,-29.49006],[-51.17342,-29.48289],[-51.169,-29.43944],[-51.16859,-29.43543],[-51.17887,-29.42912],[-51.18158,-29.42276],[-51.19183,-29.41654],[-51.19668,-29.40939]]]},"properties":{"CD_MUN":"4311643","NM_MUN":"Linha Nova","AREA_KM2":63.502}},
{"type":"Feature","geometry":{"type":"Polygon","coordinates":[[[-51.75465,-27.66716],[-51.74275,-27.66992],[-51.73664,-27.66713],[-51.72269,-27.68364],[-51.70557,-27.68644],[-51.70096,-27.68991],[-51.70308,-27.69498],[-51.69466,-27.6999],[-51.67976,-27.6909],[-51.67593,-27.68361],[-51.67046,-27.68337],[-51.64938,-27.67622],[-51.6363,-27.67873],[-51.62192,-27.66719],[-51.61645,-27.66642],[-51.61228,-27.65828],[-51.60545,-27.66137],[-51.58407,-27.66345],[-51.5776,-27.66091],[-51.56214,-27.63196],[-51.56942,-27.6269],[-51.56628,-27.61644],[-51.57215,-27.61393],[-51.57167,-27.60532],[-51.57946,-27.60566],[-51.57912,-27.59573],[-51.5822,-27.58753],[-51.57837,-27.57699],[-51.58564,-27.56961],[-51.58737,-27.56318],[-51.58049,-27.54495],[-51.57769,-27.53013],[-51.57997,-27.52362],[-51.59076,-27.52297],[-51.59938,-27.52856],[-51.60833,-27.54137],[-51.62349,-27.54606],[-51.63113,-27.54146],[-51.63067,-27.52746],[-51.61978,-27.5021],[-51.62027,-27.49655],[-51.63041,-27.48914],[-51.64258,-27.49149],[-51.64622,-27.49731],[-51.64743,-27.51633],[-51.65117,-27.51952],[-51.66472,-27.51727],[-51.6775,-27.50489],[-51.67325,-27.48805],[-51.68421,-27.47955],[-51.69965,-27.47906],[-51.70973,-27.48779],[-51.71732,-27.51144],[-51.72809,-27.51278],[-51.73802,-27.50415],[-51.75155,-27.48811],[-51.75968,-27.48676],[-51.78552,-27.49146],[-51.79396,-27.48993],[-51.80179,-27.49396],[-51.8017,-27.50381],[-51.79843,-27.50943],[-51.788,-27.51481],[-51.7798,-27.51424],[-51.76355,-27.52689],[-51.74104,-27.52918],[-51.74155,-27.53856],[-51.75578,-27.53554],[-51.76762,-27.53959],[-51.75653,-27.54847],[-51.76839,-27.55453],[-51.75735,-27.56258],[-51.73666,-27.57063],[-51.75828,-27.58418],[-51.74384,-27.60163],[-51.752,-27.61381],[-51.75268,-27.62997],[-51.74344,-27.62601],[-51.7379,-27.62856],[-51.73686,-27.64115],[-51.75297,-27.64769],[-51.74558,-27.65105],[-51.72766,-27.65259],[-51.72613,-27.65851],[-51.7465,-27.65913],[-51.75465,-27.66716]]]},"properties":{"CD_MUN":"4311700","NM_MUN":"Machadinho","AREA_KM2":335.198}},
{"type":"Feature","geometry":{"type":"Polygon","coordinates":[[[-56.08158,-28.85668],[-56.0903,-28.90508],[-56.09702,-28.91976],[-56.11937,-28.94121],[-56.14189,-28.96592],[-56.17072,-28.99502],[-56.18768,-29.01423],[-56.26874,-29.09515],[-56.25967,-29.10041],[-56.26125,-29.10898],[-56.23777,-29.11758],[-56.21893,-29.12181],[-56.17978,-29.13352],[-56.18455,-29.13827],[-56.18383,-29.15421],[-56.18017,-29.15922],[-56.17112,-29.16078],[-56.11179,-29.15295],[-56.05084,-29.14995],[-56.00058,-29.15234],[-55.9803,-29.15243],[-55.91236,-29.15639],[-55.85496,-29.137],[-55.80888,-29.12765],[-55.73094,-29.12346],[-55.69259,-29.10796],[-55.6804,-29.10681],[-55.64716,-29.10794],[-55.62717,-29.09335],[-55.61578,-29.09248],[-55.59778,-29.09512],[-55.57656,-29.09436],[-55.56716,-29.09209],[-55.562,-29.08709],[-55.53236,-29.07199],[-55.52742,-29.08507],[-55.51247,-29.09566],[-55.50811,-29.10339],[-55.50518,-29.12732],[-55.49624,-29.13265],[-55.48691,-29.16008],[-55.4771,-29.17068],[-55.48037,-29.19855],[-55.47289,-29.20151],[-55.46224,-29.19932],[-55.45911,-29.21514],[-55.45096,-29.20598],[-55.44267,-29.21243],[-55.4337,-29.21344],[-55.42703,-29.20862],[-55.41759,-29.21102],[-55.40538,-29.20989],[-55.40161,-29.20473],[-55.39318,-29.20753],[-55.40091,-29.21977],[-55.40187,-29.23419],[-55.3951,-29.23711],[-55.38751,-29.22987],[-55.37658,-29.23692],[-55.36704,-29.23093],[-55.36887,-29.21942],[-55.36186,-29.20681],[-55.35277,-29.20543],[-55.34377,-29.20773],[-55.34486,-29.22117],[-55.33652,-29.22343],[-55.32175,-29.21601],[-55.31638,-29.21567],[-55.31257,-29.20478],[-55.30014,-29.20255],[-55.28663,-29.18567],[-55.27916,-29.18213],[-55.28312,-29.17491],[-55.27434,-29.16075],[-55.27667,-29.15333],[-55.26838,-29.14255],[-55.26956,-29.12146],[-55.27623,-29.11242],[-55.28549,-29.10481],[-55.27404,-29.08956],[-55.27519,-29.08453],[-55.27136,-29.07062],[-55.27289,-29.05704],[-55.26449,-29.05368],[-55.26188,-29.0482],[-55.27048,-29.04054],[-55.28148,-29.02415],[-55.27905,-29.01018],[-55.28231,-29.00199],[-55.29299,-28.99151],[-55.31835,-28.99247],[-55.34366,-28.98602],[-55.37322,-28.97187],[-55.38564,-28.97601],[-55.37426,-28.98561],[-55.38471,-28.99693],[-55.39318,-29.00038],[-55.39987,-29.0098],[-55.40005,-29.01909],[-55.41255,-29.04749],[-55.42422,-29.05823],[-55.43873,-29.06291],[-55.44801,-29.07179],[-55.46527,-29.08223],[-55.47298,-29.07063],[-55.48127,-29.064],[-55.4828,-29.05878],[-55.49286,-29.05316],[-55.49842,-29.03592],[-55.49904,-29.01983],[-55.5046,-29.00067],[-55.52362,-29.00511],[-55.53103,-29.00202],[-55.54925,-29.00621],[-55.55876,-29.00319],[-55.57485,-29.00513],[-55.57544,-29.01448],[-55.58431,-29.01952],[-55.59387,-29.01033],[-55.5999,-29.01426],[-55.6232,-29.00821],[-55.63676,-29.01347],[-55.66132,-29.01168],[-55.67009,-29.01998],[-55.68202,-29.01627],[-55.69575,-29.00225],[-55.71844,-28.99849],[-55.72622,-28.98229],[-55.74431,-28.98606],[-55.76661,-28.98573],[-55.77317,-28.98032],[-55.79574,-28.9869],[-55.79979,-28.9943],[-55.81782,-28.99274],[-55.82834,-28.9792],[-55.84,-28.97587],[-55.84258,-28.96875],[-55.86607,-28.96894],[-55.87692,-28.96103],[-55.89185,-28.95788],[-55.89471,-28.95367],[-55.91414,-28.9486],[-55.92885,-28.94987],[-55.93441,-28.94529],[-55.9534,-28.94475],[-55.95616,-28.94038],[-55.96604,-28.9432],[-55.99523,-28.94442],[-56.00194,-28.9404],[-56.00982,-28.92638],[-56.0215,-28.91696],[-56.0518,-28.91893],[-56.06685,-28.9113],[-56.05714,-28.90051],[-56.05503,-28.89163],[-56.06631,-28.87944],[-56.08158,-28.85668]]]},"properties":{"CD_MUN":"4311718","NM_MUN":"Maçambará","AREA_KM2":1682.82}},
{"type":"Feature","geometry":{"type":"Polygon","coordinates":[[[-49.90155,-29.21529],[-49.91287,-29.20794],[-49.92499,-29.20619],[-49.93323,-29.20839],[-49.94533,-29.20151],[-49.96273,-29.19885],[-49.97114,-29.20476],[-49.96905,-29.21146],[-49.9792,-29.21875],[-49.99682,-29.22828],[-50.00993,-29.22541],[-50.03483,-29.23281],[-50.03655,-29.23785],[-50.05011,-29.24177],[-50.06088,-29.24129],[-50.07065,-29.24821],[-50.08933,-29.25427],[-50.09533,-29.25162],[-50.11548,-29.26228],[-50.10847,-29.28013],[-50.07645,-29.30777],[-50.06511,-29.31052],[-50.05122,-29.32411],[-50.05112,-29.32934],[-50.03404,-29.34961],[-50.03005,-29.34251],[-50.02937,-29.33333],[-50.03458,-29.32527],[-50.02238,-29.31187],[-50.00631,-29.30248],[-49.99903,-29.30388],[-49.9881,-29.30111],[-49.97189,-29.29291],[-49.96405,-29.28702],[-49.95454,-29.28536],[-49.94336,-29.27305],[-49.94039,-29.26318],[-49.92985,-29.25257],[-49.90374,-29.25361],[-49.88673,-29.25839],[-49.88894,-29.2418],[-49.90155,-29.21529]]]},"properties":{"CD_MUN":"4311734","NM_MUN":"Mampituba","AREA_KM2":156.653}},
{"type":"Feature","geometry":{"type":"Polygon","coordinates":[[[-55.85012,-29.41128],[-55.84123,-29.40917],[-55.83328,-29.41435],[-55.82929,-29.42887],[-55.81476,-29.4288],[-55.80527,-29.42368],[-55.77918,-29.42041],[-55.77227,-29.42306],[-55.77176,-29.4335],[-55.7642,-29.43727],[-55.75618,-29.43644],[-55.74798,-29.43977],[-55.74237,-29.45049],[-55.74909,-29.45434],[-55.76392,-29.45026],[-55.771,-29.45476],[-55.76848,-29.4628],[-55.75727,-29.47271],[-55.76709,-29.48308],[-55.76083,-29.49455],[-55.74069,-29.49366],[-55.72879,-29.48689],[-55.72693,-29.48281],[-55.73049,-29.4632],[-55.71699,-29.46228],[-55.71036,-29.4826],[-55.71097,-29.49446],[-55.68892,-29.49348],[-55.68576,-29.50121],[-55.6892,-29.52163],[-55.68333,-29.52166],[-55.6712,-29.51345],[-55.6664,-29.51443],[-55.66804,-29.52535],[-55.66082,-29.53115],[-55.65947,-29.53701],[-55.67129,-29.54037],[-55.68993,-29.54911],[-55.69288,-29.55314],[-55.69152,-29.56447],[-55.68104,-29.56601],[-55.68181,-29.55515],[-55.67458,-29.55236],[-55.65751,-29.56004],[-55.64131,-29.55944],[-55.62572,-29.56126],[-55.61637,-29.56789],[-55.6131,-29.57969],[-55.58523,-29.588],[-55.57555,-29.5955],[-55.55784,-29.59734],[-55.54755,-29.60288],[-55.55155,-29.61769],[-55.5346,-29.62928],[-55.53532,-29.63861],[-55.53932,-29.64659],[-55.53962,-29.6623],[-55.53135,-29.66534],[-55.51354,-29.65559],[-55.49508,-29.65686],[-55.48776,-29.6554],[-55.47627,-29.6483],[-55.46933,-29.64726],[-55.45209,-29.65862],[-55.45086,-29.6641],[-55.44097,-29.66153],[-55.42711,-29.66277],[-55.41444,-29.65995],[-55.41583,-29.64023],[-55.40879,-29.62751],[-55.41108,-29.62015],[-55.40055,-29.61535],[-55.3859,-29.61719],[-55.37813,-29.61487],[-55.37267,-29.58429],[-55.37347,-29.57362],[-55.36914,-29.57213],[-55.36707,-29.55541],[-55.35424,-29.54914],[-55.34788,-29.54202],[-55.35188,-29.53787],[-55.34355,-29.53151],[-55.33043,-29.53126],[-55.3284,-29.52221],[-55.33324,-29.51002],[-55.33953,-29.50652],[-55.34534,-29.49789],[-55.34643,-29.48768],[-55.33844,-29.47708],[-55.35785,-29.48013],[-55.36469,-29.47284],[-55.36325,-29.4688],[-55.36918,-29.45956],[-55.36018,-29.45721],[-55.37047,-29.44775],[-55.38106,-29.449],[-55.37857,-29.44077],[-55.3912,-29.44181],[-55.39768,-29.43695],[-55.39152,-29.43199],[-55.40235,-29.42406],[-55.40509,-29.40988],[-55.40998,-29.40244],[-55.43168,-29.40166],[-55.43917,-29.39605],[-55.42948,-29.38125],[-55.42748,-29.36802],[-55.43015,-29.36213],[-55.44006,-29.36551],[-55.45231,-29.37417],[-55.46564,-29.37813],[-55.4825,-29.37939],[-55.48267,-29.36841],[-55.47062,-29.35734],[-55.46257,-29.35253],[-55.46234,-29.34254],[-55.45783,-29.34011],[-55.45917,-29.32526],[-55.44508,-29.31855],[-55.43442,-29.31672],[-55.42039,-29.32271],[-55.41646,-29.32175],[-55.41536,-29.30833],[-55.41691,-29.29654],[-55.42072,-29.28902],[-55.42062,-29.27051],[-55.43242,-29.25645],[-55.4433,-29.22754],[-55.45911,-29.21514],[-55.46224,-29.19932],[-55.47289,-29.20151],[-55.48037,-29.19855],[-55.48958,-29.19919],[-55.49578,-29.19469],[-55.51307,-29.19832],[-55.52192,-29.19607],[-55.53895,-29.19725],[-55.53628,-29.20375],[-55.55941,-29.20383],[-55.5606,-29.21027],[-55.56859,-29.22363],[-55.58534,-29.21883],[-55.60501,-29.22265],[-55.61198,-29.2172],[-55.61878,-29.22498],[-55.62141,-29.23458],[-55.62804,-29.24047],[-55.63915,-29.24191],[-55.64217,-29.25387],[-55.63951,-29.25839],[-55.64512,-29.27693],[-55.65482,-29.284],[-55.6701,-29.27807],[-55.6732,-29.28914],[-55.6789,-29.28639],[-55.6938,-29.28572],[-55.70076,-29.3089],[-55.70508,-29.30434],[-55.71142,-29.31551],[-55.72045,-29.32251],[-55.72735,-29.3193],[-55.73637,-29.33695],[-55.74924,-29.34083],[-55.75672,-29.32805],[-55.76225,-29.3284],[-55.77253,-29.3421],[-55.79866,-29.34467],[-55.80056,-29.36216],[-55.80656,-29.36603],[-55.81507,-29.36199],[-55.82549,-29.36466],[-55.81605,-29.37661],[-55.81836,-29.38622],[-55.82615,-29.39565],[-55.83235,-29.39378],[-55.84613,-29.39693],[-55.85361,-29.4066],[-55.85012,-29.41128]]]},"properties":{"CD_MUN":"4311759","NM_MUN":"Manoel Viana","AREA_KM2":1390.696}},
{"type":"Feature","geometry":{"type":"Polygon","coordinates":[[[-50.3156,-29.67839],[-50.31282,-29.6853],[-50.30212,-29.68432],[-50.29775,-29.68805],[-50.28843,-29.68473],[-50.27805,-29.68815],[-50.27614,-29.69346],[-50.27963,-29.70147],[-50.2746,-29.70764],[-50.26341,-29.7082],[-50.24124,-29.71271],[-50.23049,-29.70789],[-50.22334,-29.72594],[-50.19899,-29.73479],[-50.18574,-29.74405],[-50.1864,-29.7565],[-50.18231,-29.76698],[-50.18283,-29.77768],[-50.17321,-29.79396],[-50.15891,-29.79364],[-50.14523,-29.79862],[-50.14629,-29.78424],[-50.11614,-29.78574],[-50.11594,-29.78823],[-50.10922,-29.78356],[-50.09366,-29.78922],[-50.08588,-29.78544],[-50.08535,-29.7712],[-50.08007,-29.76904],[-50.06201,-29.76774],[-50.05495,-29.76165],[-50.04939,-29.75447],[-50.03517,-29.72187],[-50.02999,-29.7123],[-50.02219,-29.6912],[-50.02755,-29.67615],[-50.04174,-29.65824],[-50.04907,-29.65366],[-50.12148,-29.64854],[-50.14921,-29.63137],[-50.15433,-29.63211],[-50.16292,-29.62487],[-50.16167,-29.61142],[-50.15191,-29.60028],[-50.16044,-29.59791],[-50.16801,-29.60221],[-50.17378,-29.5868],[-50.16924,-29.57736],[-50.16202,-29.5734],[-50.16227,-29.56298],[-50.17011,-29.54341],[-50.16801,-29.53513],[-50.18498,-29.5307],[-50.19724,-29.51687],[-50.2073,-29.51661],[-50.22003,-29.51263],[-50.22166,-29.50649],[-50.21381,-29.5042],[-50.21604,-29.49676],[-50.22696,-29.49269],[-50.26073,-29.49609],[-50.26404,-29.4902],[-50.27618,-29.48941],[-50.28086,-29.50596],[-50.2923,-29.50639],[-50.2965,-29.49509],[-50.29436,-29.4853],[-50.28527,-29.4785],[-50.26865,-29.47656],[-50.26682,-29.46638],[-50.28441,-29.45978],[-50.2925,-29.45944],[-50.30283,-29.44766],[-50.32399,-29.44021],[-50.31478,-29.45709],[-50.32142,-29.45958],[-50.31493,-29.47434],[-50.32306,-29.47434],[-50.33738,-29.48772],[-50.34772,-29.49433],[-50.35515,-29.5033],[-50.35598,-29.52588],[-50.3449,-29.52579],[-50.34045,-29.53476],[-50.34158,-29.54487],[-50.35509,-29.55072],[-50.3478,-29.57894],[-50.3268,-29.5881],[-50.34819,-29.58845],[-50.34646,-29.59737],[-50.33348,-29.60341],[-50.34042,-29.6082],[-50.34598,-29.62011],[-50.35935,-29.63027],[-50.35042,-29.64109],[-50.35356,-29.64962],[-50.35132,-29.66038],[-50.34179,-29.65359],[-50.33789,-29.66135],[-50.33005,-29.66205],[-50.32101,-29.65627],[-50.31488,-29.66297],[-50.3156,-29.67839]]]},"properties":{"CD_MUN":"4311775","NM_MUN":"Maquiné","AREA_KM2":613.58}},
{"type":"Feature","geometry":{"type":"Polygon","coordinates":[[[-51.50324,-29.57699],[-51.50285,-29.56603],[-51.51717,-29.54188],[-51.51423,-29.5267],[-51.50979,-29.5228],[-51.52164,-29.51151],[-51.53161,-29.4963],[-51.54136,-29.50405],[-51.54755,-29.49496],[-51.55827,-29.49105],[-51.57368,-29.47805],[-51.5882,-29.47681],[-51.58952,-29.48821],[-51.58741,-29.49641],[-51.57973,-29.51123],[-51.58992,-29.52303],[-51.58866,-29.53765],[-51.57079,-29.55066],[-51.57043,-29.5632],[-51.57969,-29.58968],[-51.58403,-29.5948],[-51.57714,-29.60283],[-51.57571,-29.61296],[-51.55561,-29.61448],[-51.54992,-29.61206],[-51.53804,-29.61276],[-51.53272,-29.60468],[-51.536,-29.59731],[-51.5269,-29.59444],[-51.52554,-29.5875],[-51.51394,-29.58276],[-51.51213,-29.5772],[-51.50324,-29.57699]]]},"properties":{"CD_MUN":"4311791","NM_MUN":"Maratá","AREA_KM2":82.063}},
{"type":"Feature","geometry":{"type":"Polygon","coordinates":[[[-52.06245,-28.47409],[-52.06964,-28.47254],[-52.08437,-28.47633],[-52.09008,-28.46346],[-52.08612,-28.45883],[-52.09222,-28.44768],[-52.10133,-28.43882],[-52.10956,-28.43607],[-52.10441,-28.4275],[-52.10553,-28.41676],[-52.11073,-28.39895],[-52.10768,-28.38899],[-52.09689,-28.38456],[-52.09683,-28.3626],[-52.10154,-28.35216],[-52.09345,-28.35107],[-52.08301,-28.34481],[-52.08976,-28.34],[-52.09009,-28.33229],[-52.09566,-28.33081],[-52.09405,-28.32087],[-52.10921,-28.31753],[-52.12551,-28.32537],[-52.12905,-28.33276],[-52.13962,-28.33751],[-52.15327,-28.33997],[-52.15843,-28.33695],[-52.17608,-28.345],[-52.19752,-28.3379],[-52.2143,-28.34675],[-52.21373,-28.35279],[-52.21296,-28.36041],[-52.23028,-28.36558],[-52.235,-28.36217],[-52.25096,-28.36866],[-52.25086,-28.38718],[-52.26916,-28.38392],[-52.26586,-28.37213],[-52.25874,-28.36589],[-52.26903,-28.35097],[-52.27115,-28.34298],[-52.28202,-28.33494],[-52.29049,-28.3409],[-52.30397,-28.33944],[-52.30893,-28.3469],[-52.3096,-28.36109],[-52.2961,-28.37055],[-52.29512,-28.38927],[-52.3053,-28.39409],[-52.32078,-28.39711],[-52.34173,-28.39396],[-52.34584,-28.38804],[-52.35687,-28.38635],[-52.36171,-28.37964],[-52.37285,-28.37685],[-52.38376,-28.38127],[-52.38598,-28.39121],[-52.39538,-28.38614],[-52.40007,-28.38809],[-52.40335,-28.39772],[-52.41427,-28.39749],[-52.42116,-28.4048],[-52.43771,-28.3963],[-52.44367,-28.40416],[-52.44952,-28.42065],[-52.47156,-28.43122],[-52.48626,-28.46017],[-52.50456,-28.46681],[-52.51166,-28.47601],[-52.49372,-28.48144],[-52.47658,-28.47704],[-52.46451,-28.47671],[-52.4584,-28.47363],[-52.44589,-28.4731],[-52.43182,-28.48593],[-52.41787,-28.47814],[-52.39164,-28.46763],[-52.38406,-28.47761],[-52.37541,-28.47705],[-52.37209,-28.48147],[-52.38211,-28.48874],[-52.37585,-28.49835],[-52.37648,-28.50674],[-52.36227,-28.50913],[-52.34905,-28.53009],[-52.35328,-28.53952],[-52.35051,-28.54654],[-52.36303,-28.55296],[-52.36534,-28.56376],[-52.37094,-28.56935],[-52.37779,-28.56513],[-52.39095,-28.56913],[-52.3869,-28.57454],[-52.37469,-28.58038],[-52.36106,-28.57906],[-52.35135,-28.58615],[-52.34834,-28.59428],[-52.35335,-28.60268],[-52.33752,-28.60571],[-52.31408,-28.64823],[-52.30134,-28.65095],[-52.28827,-28.64228],[-52.29242,-28.63213],[-52.28578,-28.6269],[-52.30042,-28.61241],[-52.30578,-28.60153],[-52.29978,-28.58951],[-52.29475,-28.58519],[-52.27887,-28.59009],[-52.26809,-28.58529],[-52.2521,-28.58702],[-52.24454,-28.58107],[-52.2348,-28.56682],[-52.24872,-28.56091],[-52.24339,-28.5515],[-52.23541,-28.5484],[-52.23459,-28.5371],[-52.24432,-28.53474],[-52.23749,-28.52758],[-52.25486,-28.52019],[-52.25015,-28.51452],[-52.24309,-28.51407],[-52.24163,-28.50099],[-52.23423,-28.50521],[-52.2289,-28.50104],[-52.2228,-28.48731],[-52.21174,-28.48276],[-52.19707,-28.48914],[-52.19601,-28.49604],[-52.186,-28.49961],[-52.17849,-28.48953],[-52.1663,-28.48239],[-52.16488,-28.47763],[-52.136,-28.47652],[-52.13333,-28.48281],[-52.13922,-28.48756],[-52.1292,-28.50546],[-52.12611,-28.4961],[-52.11599,-28.49365],[-52.10482,-28.50225],[-52.09906,-28.4959],[-52.08856,-28.49562],[-52.06971,-28.49086],[-52.06246,-28.47894],[-52.06245,-28.47409]]]},"properties":{"CD_MUN":"4311809","NM_MUN":"Marau","AREA_KM2":649.77}},
{"type":"Feature","geometry":{"type":"Polygon","coordinates":[[[-52.02975,-27.43594],[-52.02008,-27.43229],[-52.01151,-27.43888],[-52.0111,-27.44677],[-52.00453,-27.45373],[-51.99786,-27.45343],[-51.99205,-27.46254],[-51.99711,-27.46496],[-51.99805,-27.48715],[-51.98851,-27.4868],[-51.98858,-27.4997],[-51.97909,-27.49955],[-51.95637,-27.51237],[-51.95507,-27.52113],[-51.96118,-27.52475],[-51.97005,-27.54307],[-51.97584,-27.54666],[-51.96712,-27.5636],[-51.97504,-27.5772],[-51.94866,-27.58836],[-51.94411,-27.58054],[-51.93707,-27.57889],[-51.91114,-27.5952],[-51.89857,-27.59449],[-51.90016,-27.58587],[-51.89167,-27.57897],[-51.87563,-27.5613],[-51.8493,-27.56421],[-51.85604,-27.55567],[-51.85219,-27.54776],[-51.84177,-27.54557],[-51.84419,-27.53924],[-51.8615,-27.53686],[-51.85556,-27.53047],[-51.83137,-27.53843],[-51.82799,-27.53386],[-51.83707,-27.52223],[-51.85027,-27.52546],[-51.85535,-27.51827],[-51.84588,-27.49782],[-51.84363,-27.48314],[-51.84764,-27.47848],[-51.85904,-27.475],[-51.8683,-27.47658],[-51.87615,-27.48163],[-51.88045,-27.49238],[-51.87377,-27.51328],[-51.88059,-27.52096],[-51.89479,-27.51702],[-51.90135,-27.49927],[-51.90255,-27.49138],[-51.90036,-27.47834],[-51.90049,-27.46406],[-51.90393,-27.45984],[-51.91838,-27.45843],[-51.93652,-27.46882],[-51.95082,-27.47533],[-51.95988,-27.47342],[-51.96391,-27.46832],[-51.96214,-27.46146],[-51.94167,-27.44888],[-51.93412,-27.43938],[-51.93578,-27.42875],[-51.9513,-27.41731],[-51.96878,-27.41065],[-51.99644,-27.41024],[-52.00847,-27.40207],[-52.00657,-27.39503],[-52.00059,-27.39149],[-51.98221,-27.38864],[-51.95715,-27.39512],[-51.95063,-27.39451],[-51.94894,-27.38576],[-51.95209,-27.38025],[-51.96241,-27.37452],[-51.97517,-27.37243],[-51.99671,-27.37823],[-52.00645,-27.37463],[-52.02289,-27.36215],[-52.02273,-27.35482],[-52.01083,-27.34661],[-52.00811,-27.33368],[-52.01985,-27.33195],[-52.03837,-27.3442],[-52.04903,-27.34631],[-52.04735,-27.3553],[-52.0479,-27.37243],[-52.06205,-27.38786],[-52.06532,-27.40476],[-52.07415,-27.40114],[-52.07385,-27.41518],[-52.06569,-27.417],[-52.05131,-27.40908],[-52.03266,-27.41954],[-52.03416,-27.42775],[-52.02975,-27.43594]]]},"properties":{"CD_MUN":"4311908","NM_MUN":"Marcelino Ramos","AREA_KM2":229.759}},
{"type":"Feature","geometry":{"type":"Polygon","coordinates":[[[-51.68092,-30.38368],[-51.65044,-30.38393],[-51.65057,-30.39889],[-51.53636,-30.40012],[-51.53623,-30.4124],[-51.52503,-30.41872],[-51.49355,-30.41232],[-51.48288,-30.39877],[-51.46508,-30.38628],[-51.44408,-30.38954],[-51.4317,-30.37784],[-51.42946,-30.35398],[-51.43539,-30.35395],[-51.45622,-30.34847],[-51.46858,-30.352],[-51.47547,-30.34899],[-51.4877,-30.35474],[-51.49501,-30.35371],[-51.49705,-30.34382],[-51.49378,-30.33989],[-51.49711,-30.33133],[-51.50834,-30.31802],[-51.52515,-30.32508],[-51.52048,-30.31389],[-51.5117,-30.31042],[-51.50748,-30.29652],[-51.50991,-30.28221],[-51.51588,-30.27291],[-51.52967,-30.2772],[-51.56567,-30.26639],[-51.57515,-30.25846],[-51.58195,-30.25711],[-51.58165,-30.2488],[-51.57525,-30.23145],[-51.57722,-30.21902],[-51.58273,-30.21277],[-51.6029,-30.20986],[-51.60908,-30.20533],[-51.61093,-30.19669],[-51.61857,-30.18948],[-51.6271,-30.18622],[-51.63471,-30.17402],[-51.68195,-30.18348],[-51.68466,-30.18769],[-51.67884,-30.20384],[-51.68566,-30.2127],[-51.67702,-30.22053],[-51.67041,-30.22102],[-51.66909,-30.23568],[-51.68051,-30.24044],[-51.67171,-30.2453],[-51.67363,-30.25034],[-51.67168,-30.26428],[-51.68697,-30.28191],[-51.67778,-30.28883],[-51.66573,-30.29297],[-51.66075,-30.2981],[-51.65367,-30.29716],[-51.64748,-30.31442],[-51.65166,-30.32132],[-51.65045,-30.33861],[-51.65828,-30.34034],[-51.65675,-30.34722],[-51.6669,-30.34856],[-51.66884,-30.36115],[-51.67445,-30.36859],[-51.67293,-30.37473],[-51.68092,-30.38368]]]},"properties":{"CD_MUN":"4311981","NM_MUN":"Mariana Pimentel","AREA_KM2":338.45}},
{"type":"Feature","geometry":{"type":"Polygon","coordinates":[[[-52.1071,-27.34341],[-52.11081,-27.33324],[-52.10574,-27.32281],[-52.10569,-27.31335],[-52.11204,-27.30627],[-52.12633,-27.30252],[-52.14193,-27.30604],[-52.16129,-27.31429],[-52.16906,-27.30929],[-52.15931,-27.28156],[-52.1648,-27.27219],[-52.1723,-27.27152],[-52.1801,-27.27664],[-52.19101,-27.29172],[-52.20314,-27.32303],[-52.20944,-27.33052],[-52.22477,-27.33061],[-52.22651,-27.33775],[-52.21867,-27.35917],[-52.20985,-27.3675],[-52.21622,-27.37161],[-52.21018,-27.37997],[-52.21292,-27.38917],[-52.22509,-27.38814],[-52.23006,-27.39635],[-52.22243,-27.40114],[-52.22919,-27.4079],[-52.19419,-27.40836],[-52.20014,-27.40161],[-52.17329,-27.3783],[-52.17804,-27.37406],[-52.11185,-27.37381],[-52.11171,-27.36017],[-52.11536,-27.35131],[-52.10752,-27.35136],[-52.1071,-27.34341]]]},"properties":{"CD_MUN":"4312005","NM_MUN":"Mariano Moro","AREA_KM2":98.727}},
{"type":"Feature","geometry":{"type":"Polygon","coordinates":[[[-52.16361,-29.3287],[-52.13097,-29.35189],[-52.12726,-29.34399],[-52.11238,-29.3619],[-52.08957,-29.36012],[-52.0548,-29.38892],[-52.04814,-29.39986],[-52.04019,-29.40071],[-52.03486,-29.40121],[-52.03102,-29.39291],[-52.03253,-29.38463],[-52.05178,-29.37965],[-52.05334,-29.37349],[-52.06233,-29.36478],[-52.06366,-29.35405],[-52.06808,-29.34341],[-52.06039,-29.33557],[-52.06413,-29.33006],[-52.07764,-29.32794],[-52.08933,-29.33283],[-52.09225,-29.32156],[-52.10077,-29.31962],[-52.09162,-29.31008],[-52.0878,-29.30251],[-52.10547,-29.30057],[-52.10634,-29.29115],[-52.11894,-29.28733],[-52.12035,-29.27796],[-52.12735,-29.27518],[-52.13631,-29.27658],[-52.14202,-29.25831],[-52.15815,-29.25717],[-52.15856,-29.24735],[-52.15147,-29.23594],[-52.1536,-29.22281],[-52.16621,-29.22657],[-52.17438,-29.21327],[-52.18198,-29.21645],[-52.18396,-29.20916],[-52.19626,-29.19907],[-52.19751,-29.20858],[-52.20429,-29.21407],[-52.20713,-29.20287],[-52.2124,-29.20018],[-52.22236,-29.20523],[-52.23105,-29.19341],[-52.2487,-29.19734],[-52.25814,-29.21347],[-52.2475,-29.21848],[-52.252,-29.23272],[-52.2476,-29.24136],[-52.24257,-29.24172],[-52.2195,-29.22377],[-52.20629,-29.22187],[-52.20971,-29.23172],[-52.20068,-29.24336],[-52.19748,-29.25995],[-52.18968,-29.26598],[-52.19829,-29.27038],[-52.20085,-29.27987],[-52.18782,-29.28655],[-52.1822,-29.29035],[-52.18124,-29.30071],[-52.17151,-29.3022],[-52.16536,-29.31247],[-52.16652,-29.32583],[-52.16361,-29.3287]]]},"properties":{"CD_MUN":"4312054","NM_MUN":"Marques de Souza","AREA_KM2":125.714}},
{"type":"Feature","geometry":{"type":"Polygon","coordinates":[[[-54.39513,-29.4523],[-54.40603,-29.46109],[-54.42095,-29.46115],[-54.43089,-29.46478],[-54.44458,-29.46618],[-54.47406,-29.45611],[-54.48365,-29.45812],[-54.49232,-29.455],[-54.4989,-29.44835],[-54.51024,-29.444],[-54.51896,-29.45792],[-54.53286,-29.46052],[-54.54057,-29.45789],[-54.55186,-29.46762],[-54.55856,-29.4792],[-54.56808,-29.48555],[-54.56859,-29.50213],[-54.56398,-29.5069],[-54.56519,-29.52569],[-54.56938,-29.5309],[-54.56968,-29.53974],[-54.54927,-29.54283],[-54.543,-29.54812],[-54.55184,-29.56697],[-54.56879,-29.56917],[-54.57177,-29.58476],[-54.56417,-29.58938],[-54.56464,-29.5957],[-54.55888,-29.60162],[-54.54271,-29.60765],[-54.53544,-29.61287],[-54.52587,-29.61419],[-54.51194,-29.62715],[-54.50219,-29.62837],[-54.4889,-29.64025],[-54.47789,-29.64767],[-54.46646,-29.6354],[-54.47015,-29.62556],[-54.46476,-29.62275],[-54.46439,-29.61546],[-54.45835,-29.61197],[-54.43199,-29.61551],[-54.41332,-29.60421],[-54.42051,-29.58537],[-54.41849,-29.57169],[-54.40561,-29.57046],[-54.40427,-29.57679],[-54.38837,-29.58241],[-54.38286,-29.56358],[-54.37573,-29.5673],[-54.37853,-29.57283],[-54.36201,-29.57976],[-54.34961,-29.58058],[-54.33081,-29.5753],[-54.33048,-29.56855],[-54.34166,-29.56771],[-54.34215,-29.54932],[-54.35298,-29.54427],[-54.35606,-29.52591],[-54.36188,-29.52453],[-54.36348,-29.51626],[-54.37482,-29.50239],[-54.38366,-29.49942],[-54.38887,-29.47038],[-54.3882,-29.46274],[-54.39513,-29.4523]]]},"properties":{"CD_MUN":"4312104","NM_MUN":"Mata","AREA_KM2":316.121}},
{"type":"Feature","geometry":{"type":"Polygon","coordinates":[[[-52.14396,-28.24281],[-52.16005,-28.23912],[-52.16943,-28.23395],[-52.17465,-28.23956],[-52.17953,-28.22961],[-52.19432,-28.22249],[-52.1973,-28.20732],[-52.2062,-28.20195],[-52.21267,-28.19286],[-52.20214,-28.18428],[-52.20404,-28.17663],[-52.21598,-28.17076],[-52.23326,-28.1771],[-52.24672,-28.18779],[-52.24924,-28.19357],[-52.25853,-28.19792],[-52.26861,-28.21008],[-52.27135,-28.22428],[-52.27716,-28.22831],[-52.26711,-28.24129],[-52.26824,-28.2542],[-52.27234,-28.26321],[-52.28717,-28.26808],[-52.28925,-28.27863],[-52.29498,-28.28099],[-52.29651,-28.28985],[-52.30509,-28.30167],[-52.28048,-28.32304],[-52.25801,-28.32922],[-52.24386,-28.33098],[-52.23573,-28.34232],[-52.21373,-28.35279],[-52.2143,-28.34675],[-52.19752,-28.3379],[-52.17608,-28.345],[-52.15843,-28.33695],[-52.15327,-28.33997],[-52.13962,-28.33751],[-52.12905,-28.33276],[-52.12551,-28.32537],[-52.10921,-28.31753],[-52.09405,-28.32087],[-52.09566,-28.33081],[-52.09009,-28.33229],[-52.08976,-28.34],[-52.08301,-28.34481],[-52.07144,-28.33929],[-52.06713,-28.32679],[-52.06252,-28.32176],[-52.06481,-28.31539],[-52.07356,-28.3052],[-52.09204,-28.30634],[-52.10086,-28.27761],[-52.10816,-28.28124],[-52.11615,-28.27908],[-52.11506,-28.27332],[-52.12583,-28.26322],[-52.12858,-28.2564],[-52.12822,-28.24552],[-52.13712,-28.24893],[-52.14396,-28.24281]]]},"properties":{"CD_MUN":"4312138","NM_MUN":"Mato Castelhano","AREA_KM2":238.268}},
{"type":"Feature","geometry":{"type":"Polygon","coordinates":[[[-52.10118,-29.54855],[-52.09745,-29.54573],[-52.09694,-29.53429],[-52.09236,-29.53012],[-52.10897,-29.52254],[-52.10687,-29.49757],[-52.12301,-29.49423],[-52.13097,-29.49464],[-52.14224,-29.48406],[-52.1558,-29.4769],[-52.1563,-29.50037],[-52.18007,-29.50022],[-52.17442,-29.50639],[-52.175,-29.51447],[-52.16828,-29.5166],[-52.16752,-29.54554],[-52.14822,-29.5645],[-52.12828,-29.55316],[-52.10612,-29.55993],[-52.10118,-29.54855]]]},"properties":{"CD_MUN":"4312153","NM_MUN":"Mato Leitão","AREA_KM2":46.799}},
{"type":"Feature","geometry":{"type":"Polygon","coordinates":[[[-54.58525,-28.29635],[-54.58382,-28.28556],[-54.57916,-28.28072],[-54.57517,-28.2587],[-54.56459,-28.25109],[-54.55715,-28.242],[-54.56231,-28.23497],[-54.57826,-28.23497],[-54.59344,-28.22333],[-54.60239,-28.2206],[-54.60311,-28.21292],[-54.61192,-28.21185],[-54.61345,-28.22179],[-54.62046,-28.22101],[-54.63443,-28.20743],[-54.64069,-28.20112],[-54.66189,-28.19515],[-54.6674,-28.2008],[-54.66328,-28.20873],[-54.67595,-28.22664],[-54.68518,-28.20802],[-54.69066,-28.20103],[-54.69731,-28.20202],[-54.69651,-28.21346],[-54.69027,-28.22757],[-54.69465,-28.23429],[-54.70646,-28.23139],[-54.71014,-28.20821],[-54.71658,-28.20576],[-54.73918,-28.2131],[-54.74569,-28.20803],[-54.75256,-28.21159],[-54.7541,-28.22959],[-54.75982,-28.24739],[-54.7416,-28.25541],[-54.74512,-28.26731],[-54.72189,-28.256],[-54.6989,-28.25546],[-54.69382,-28.26729],[-54.67904,-28.27527],[-54.65427,-28.2728],[-54.63765,-28.27671],[-54.6196,-28.27731],[-54.60475,-28.28909],[-54.59718,-28.28828],[-54.58525,-28.29635]]]},"properties":{"CD_MUN":"4312179","NM_MUN":"Mato Queimado","AREA_KM2":114.653}},
{"type":"Feature","geometry":{"type":"Polygon","coordinates":[[[-51.75465,-27.66716],[-51.7465,-27.65913],[-51.72613,-27.65851],[-51.72766,-27.65259],[-51.74558,-27.65105],[-51.75297,-27.64769],[-51.73686,-27.64115],[-51.7379,-27.62856],[-51.74344,-27.62601],[-51.75268,-27.62997],[-51.752,-27.61381],[-51.74384,-27.60163],[-51.75828,-27.58418],[-51.73666,-27.57063],[-51.75735,-27.56258],[-51.76839,-27.55453],[-51.75653,-27.54847],[-51.76762,-27.53959],[-51.75578,-27.53554],[-51.74155,-27.53856],[-51.74104,-27.52918],[-51.76355,-27.52689],[-51.7798,-27.51424],[-51.788,-27.51481],[-51.7857,-27.52822],[-51.7987,-27.53004],[-51.80813,-27.52452],[-51.82179,-27.51279],[-51.83149,-27.51545],[-51.83707,-27.52223],[-51.82799,-27.53386],[-51.83137,-27.53843],[-51.85556,-27.53047],[-51.8615,-27.53686],[-51.84419,-27.53924],[-51.84177,-27.54557],[-51.85219,-27.54776],[-51.85604,-27.55567],[-51.8493,-27.56421],[-51.87563,-27.5613],[-51.89167,-27.57897],[-51.8827,-27.59274],[-51.88815,-27.59866],[-51.89871,-27.60201],[-51.89232,-27.61636],[-51.8842,-27.6256],[-51.87265,-27.62227],[-51.86887,-27.63157],[-51.88777,-27.63188],[-51.88776,-27.63988],[-51.88071,-27.64323],[-51.87269,-27.65501],[-51.87613,-27.66046],[-51.89109,-27.64879],[-51.8964,-27.65216],[-51.88789,-27.66564],[-51.89277,-27.67905],[-51.84344,-27.67576],[-51.84291,-27.67664],[-51.76651,-27.66757],[-51.75465,-27.66716]]]},"properties":{"CD_MUN":"4312203","NM_MUN":"Maximiliano de Almeida","AREA_KM2":208.439}},
{"type":"Feature","geometry":{"type":"Polygon","coordinates":[[[-52.0179,-29.93786],[-52.02776,-29.94448],[-52.02653,-29.95475],[-52.03308,-29.95726],[-52.04903,-29.94159],[-52.07042,-29.93253],[-52.08369,-29.94563],[-52.10457,-29.94561],[-52.11154,-29.94519],[-52.12676,-29.93764],[-52.13942,-29.93936],[-52.14796,-29.95152],[-52.14854,-29.96371],[-52.15403,-29.98358],[-52.15026,-29.9995],[-52.15076,-30.00928],[-52.14631,-30.02027],[-52.15308,-30.02711],[-52.15037,-30.03852],[-52.15341,-30.04385],[-52.15253,-30.05346],[-52.1628,-30.0663],[-52.1662,-30.09354],[-52.15865,-30.10268],[-52.16627,-30.10846],[-52.16567,-30.11677],[-52.16959,-30.12553],[-52.15781,-30.1365],[-52.15237,-30.14611],[-52.15161,-30.1598],[-52.14804,-30.16239],[-52.15155,-30.17427],[-52.16099,-30.18326],[-52.15876,-30.19132],[-52.15612,-30.19337],[-52.12969,-30.19694],[-52.10844,-30.19065],[-52.103,-30.19595],[-52.09191,-30.20002],[-52.08638,-30.21312],[-52.07965,-30.21652],[-52.06379,-30.20714],[-52.05223,-30.20564],[-52.03492,-30.20956],[-52.01759,-30.20241],[-51.99353,-30.20034],[-52.01731,-30.1394],[-52.01327,-30.12444],[-51.98009,-30.06722],[-51.97287,-30.06157],[-51.97058,-30.02779],[-52.01554,-30.04182],[-52.015,-29.98869],[-52.00693,-29.94963],[-52.0179,-29.93786]]]},"properties":{"CD_MUN":"4312252","NM_MUN":"Minas do Leão","AREA_KM2":424.339}},
{"type":"Feature","geometry":{"type":"Polygon","coordinates":[[[-53.68119,-27.54798],[-53.67636,-27.55122],[-53.66516,-27.54869],[-53.65926,-27.54033],[-53.67038,-27.53021],[-53.67768,-27.50446],[-53.68197,-27.49625],[-53.68391,-27.48485],[-53.6913,-27.46672],[-53.69264,-27.45746],[-53.70012,-27.44684],[-53.71853,-27.44774],[-53.73612,-27.45464],[-53.75151,-27.44744],[-53.75949,-27.45063],[-53.76725,-27.44463],[-53.78783,-27.44081],[-53.79551,-27.44326],[-53.8005,-27.43907],[-53.81204,-27.44043],[-53.81982,-27.44553],[-53.82563,-27.43888],[-53.83358,-27.44539],[-53.8432,-27.44624],[-53.84137,-27.4542],[-53.82892,-27.46214],[-53.83522,-27.46551],[-53.8259,-27.47209],[-53.83322,-27.4833],[-53.82734,-27.48916],[-53.81316,-27.4856],[-53.80784,-27.48721],[-53.81122,-27.49836],[-53.80616,-27.50316],[-53.79111,-27.50615],[-53.7759,-27.51216],[-53.77267,-27.51959],[-53.76229,-27.53018],[-53.74313,-27.53336],[-53.74257,-27.53618],[-53.72638,-27.53797],[-53.72215,-27.55103],[-53.70891,-27.54679],[-53.69314,-27.54545],[-53.68119,-27.54798]]]},"properties":{"CD_MUN":"4312302","NM_MUN":"Miraguaí","AREA_KM2":131.236}},
{"type":"Feature","geometry":{"type":"Polygon","coordinates":[[[-52.10007,-28.66896],[-52.09294,-28.67643],[-52.08445,-28.67684],[-52.08981,-28.69165],[-52.07717,-28.68715],[-52.07967,-28.7003],[-52.08676,-28.69911],[-52.09801,-28.70254],[-52.09476,-28.70926],[-52.08163,-28.71199],[-51.98606,-28.70689],[-51.98697,-28.68909],[-51.99268,-28.68235],[-52.00878,-28.67944],[-51.99881,-28.67005],[-52.00346,-28.66047],[-51.99898,-28.65174],[-52.0066,-28.63874],[-52.0131,-28.63877],[-52.02346,-28.64852],[-52.03856,-28.64455],[-52.04428,-28.63632],[-52.05956,-28.6416],[-52.06556,-28.6346],[-52.05492,-28.62794],[-52.05414,-28.62084],[-52.06651,-28.61444],[-52.09298,-28.61592],[-52.09165,-28.62882],[-52.09821,-28.63003],[-52.1097,-28.65584],[-52.1012,-28.65719],[-52.10007,-28.66896]]]},"properties":{"CD_MUN":"4312351","NM_MUN":"Montauri","AREA_KM2":82.23}},
{"type":"Feature","geometry":{"type":"Polygon","coordinates":[[[-50.70502,-28.79513],[-50.6996,-28.79355],[-50.69364,-28.78053],[-50.68444,-28.77702],[-50.69323,-28.76627],[-50.68044,-28.75992],[-50.68976,-28.75169],[-50.68178,-28.7477],[-50.67443,-28.739],[-50.67822,-28.72639],[-50.67805,-28.7161],[-50.68538,-28.70514],[-50.68042,-28.68619],[-50.68087,-28.67281],[-50.67806,-28.66116],[-50.68222,-28.65132],[-50.67439,-28.64752],[-50.68295,-28.62683],[-50.69208,-28.62225],[-50.70006,-28.62202],[-50.70326,-28.6137],[-50.71877,-28.60198],[-50.72661,-28.59976],[-50.74664,-28.59732],[-50.77255,-28.5834],[-50.78614,-28.55823],[-50.79216,-28.56193],[-50.80454,-28.55714],[-50.822,-28.55567],[-50.82849,-28.55332],[-50.84995,-28.5672],[-50.86386,-28.5735],[-50.86269,-28.58184],[-50.86813,-28.5898],[-50.86759,-28.60259],[-50.87114,-28.60868],[-50.89046,-28.60997],[-50.89891,-28.61893],[-50.89763,-28.62565],[-50.88977,-28.6293],[-50.8943,-28.63804],[-50.90291,-28.63925],[-50.9059,-28.64673],[-50.90249,-28.65173],[-50.91251,-28.66188],[-50.9102,-28.67211],[-50.89784,-28.68553],[-50.90315,-28.69318],[-50.89202,-28.70025],[-50.89675,-28.71516],[-50.90467,-28.71619],[-50.90884,-28.73452],[-50.92218,-28.74267],[-50.94256,-28.7618],[-50.94635,-28.77173],[-50.95462,-28.77526],[-50.95287,-28.78366],[-50.95839,-28.79025],[-50.96289,-28.79448],[-50.93145,-28.80752],[-50.91419,-28.80177],[-50.90256,-28.80612],[-50.89067,-28.80632],[-50.88529,-28.81409],[-50.88465,-28.83885],[-50.87914,-28.84086],[-50.85968,-28.83418],[-50.84995,-28.83268],[-50.84978,-28.81721],[-50.83955,-28.81465],[-50.82979,-28.82346],[-50.81872,-28.82566],[-50.80887,-28.81981],[-50.78652,-28.81445],[-50.79837,-28.80042],[-50.78614,-28.79324],[-50.76379,-28.78741],[-50.76109,-28.77349],[-50.75543,-28.772],[-50.74592,-28.78268],[-50.74506,-28.79552],[-50.7393,-28.79859],[-50.73265,-28.78489],[-50.72234,-28.78164],[-50.71788,-28.78662],[-50.72968,-28.79556],[-50.72884,-28.80141],[-50.72048,-28.80188],[-50.70502,-28.79513]]]},"properties":{"CD_MUN":"4312377","NM_MUN":"Monte Alegre dos Campos","AREA_KM2":549.455}},
{"type":"Feature","geometry":{"type":"Polygon","coordinates":[[[-51.69548,-29.09725],[-51.69543,-29.15839],[-51.66515,-29.15889],[-51.6655,-29.18812],[-51.61665,-29.18724],[-51.61677,-29.16726],[-51.58844,-29.16753],[-51.58877,-29.15825],[-51.60384,-29.15822],[-51.60409,-29.14499],[-51.61478,-29.1448],[-51.61504,-29.1253],[-51.62618,-29.12509],[-51.62697,-29.10989],[-51.63768,-29.1097],[-51.63766,-29.09909],[-51.6492,-29.09902],[-51.64934,-29.09376],[-51.6724,-29.09367],[-51.68171,-29.08899],[-51.68609,-29.09595],[-51.69548,-29.09725]]]},"properties":{"CD_MUN":"4312385","NM_MUN":"Monte Belo do Sul","AREA_KM2":69.726}},
{"type":"Feature","geometry":{"type":"Polygon","coordinates":[[[-51.64189,-29.63577],[-51.5659,-29.73658],[-51.57558,-29.73976],[-51.57863,-29.75205],[-51.58547,-29.75275],[-51.58653,-29.77602],[-51.57881,-29.77942],[-51.5667,-29.77987],[-51.55842,-29.78503],[-51.54211,-29.77379],[-51.52213,-29.781],[-51.50892,-29.79387],[-51.50815,-29.80051],[-51.49707,-29.81007],[-51.49224,-29.82319],[-51.48162,-29.82372],[-51.45209,-29.82898],[-51.44458,-29.83396],[-51.43817,-29.84437],[-51.42411,-29.84416],[-51.41341,-29.83819],[-51.39957,-29.837],[-51.39513,-29.83901],[-51.37509,-29.84044],[-51.36674,-29.83733],[-51.37217,-29.83373],[-51.37036,-29.82658],[-51.35629,-29.83067],[-51.34995,-29.81865],[-51.35451,-29.80774],[-51.36741,-29.80013],[-51.35706,-29.79694],[-51.36014,-29.78865],[-51.36546,-29.78805],[-51.37474,-29.7871],[-51.38707,-29.77847],[-51.39187,-29.76444],[-51.40311,-29.77208],[-51.40986,-29.77011],[-51.40775,-29.76096],[-51.41794,-29.75466],[-51.41293,-29.74765],[-51.41404,-29.73465],[-51.40768,-29.72901],[-51.41441,-29.72259],[-51.41384,-29.71693],[-51.42687,-29.71535],[-51.4367,-29.72617],[-51.44404,-29.71765],[-51.45697,-29.71138],[-51.45712,-29.70585],[-51.43464,-29.69772],[-51.42709,-29.69155],[-51.42335,-29.68022],[-51.4279,-29.67461],[-51.42587,-29.66467],[-51.43203,-29.66016],[-51.42807,-29.65311],[-51.42817,-29.63424],[-51.45176,-29.6277],[-51.4671,-29.62137],[-51.48494,-29.60619],[-51.49528,-29.60175],[-51.50267,-29.58693],[-51.50324,-29.57699],[-51.51213,-29.5772],[-51.51394,-29.58276],[-51.52554,-29.5875],[-51.5269,-29.59444],[-51.536,-29.59731],[-51.53272,-29.60468],[-51.53804,-29.61276],[-51.54992,-29.61206],[-51.55561,-29.61448],[-51.57571,-29.61296],[-51.59102,-29.61055],[-51.59929,-29.59834],[-51.60815,-29.59223],[-51.62132,-29.59446],[-51.63004,-29.59236],[-51.63121,-29.58331],[-51.64272,-29.57463],[-51.64834,-29.57676],[-51.64946,-29.59017],[-51.66274,-29.5901],[-51.65251,-29.6004],[-51.64454,-29.62342],[-51.63806,-29.62893],[-51.64189,-29.63577]]]},"properties":{"CD_MUN":"4312401","NM_MUN":"Montenegro","AREA_KM2":425.023}},
{"type":"Feature","geometry":{"type":"Polygon","coordinates":[[[-52.66057,-28.61163],[-52.66883,-28.61815],[-52.66448,-28.62546],[-52.67864,-28.62895],[-52.6897,-28.63609],[-52.70231,-28.62871],[-52.71098,-28.63372],[-52.70093,-28.64349],[-52.70056,-28.65306],[-52.6949,-28.65875],[-52.69539,-28.66633],[-52.70657,-28.66825],[-52.72108,-28.66596],[-52.72561,-28.67337],[-52.71447,-28.68382],[-52.72841,-28.68525],[-52.71902,-28.70694],[-52.7307,-28.71258],[-52.73432,-28.73033],[-52.72458,-28.73482],[-52.71,-28.74647],[-52.69738,-28.74569],[-52.67468,-28.75117],[-52.63964,-28.75595],[-52.63219,-28.75169],[-52.62398,-28.75934],[-52.6024,-28.75262],[-52.58869,-28.75654],[-52.59754,-28.74033],[-52.60857,-28.73304],[-52.61323,-28.72364],[-52.61092,-28.70537],[-52.60397,-28.69383],[-52.59587,-28.68789],[-52.59538,-28.68236],[-52.60302,-28.67931],[-52.61117,-28.66672],[-52.61479,-28.63698],[-52.6175,-28.64157],[-52.62858,-28.6353],[-52.62923,-28.62664],[-52.63829,-28.62823],[-52.65704,-28.62057],[-52.66057,-28.61163]]]},"properties":{"CD_MUN":"4312427","NM_MUN":"Mormaço","AREA_KM2":146.191}},
{"type":"Feature","geometry":{"type":"Polygon","coordinates":[[[-49.88673,-29.25839],[-49.90374,-29.25361],[-49.92985,-29.25257],[-49.94039,-29.26318],[-49.94336,-29.27305],[-49.95454,-29.28536],[-49.96405,-29.28702],[-49.97189,-29.29291],[-49.9881,-29.30111],[-49.99903,-29.30388],[-50.00631,-29.30248],[-50.02238,-29.31187],[-50.03458,-29.32527],[-50.02937,-29.33333],[-50.03005,-29.34251],[-50.01705,-29.34611],[-50.00455,-29.35298],[-50.00697,-29.36136],[-50.01669,-29.36284],[-50.02029,-29.3741],[-50.01943,-29.38035],[-50.01226,-29.38506],[-50.0136,-29.39042],[-50.00972,-29.40112],[-50.02175,-29.41211],[-50.03353,-29.41837],[-50.03227,-29.42242],[-50.02035,-29.42287],[-50.02431,-29.43233],[-49.98151,-29.3981],[-49.961,-29.40559],[-49.95312,-29.40032],[-49.94371,-29.40189],[-49.92854,-29.39507],[-49.90267,-29.37696],[-49.89069,-29.37225],[-49.89404,-29.35411],[-49.8972,-29.35372],[-49.89481,-29.33155],[-49.88405,-29.32621],[-49.88862,-29.3124],[-49.89714,-29.28176],[-49.88524,-29.26085],[-49.88673,-29.25839]]]},"properties":{"CD_MUN":"4312443","NM_MUN":"Morrinhos do Sul","AREA_KM2":166.224}},
{"type":"Feature","geometry":{"type":"Polygon","coordinates":[[[-52.57925,-31.68192],[-52.56596,-31.68423],[-52.55436,-31.67801],[-52.55826,-31.67174],[-52.56976,-31.66576],[-52.56913,-31.66072],[-52.57534,-31.65186],[-52.57777,-31.63804],[-52.58277,-31.62958],[-52.5722,-31.62014],[-52.58546,-31.61402],[-52.58918,-31.60843],[-52.58229,-31.5984],[-52.58312,-31.59112],[-52.57125,-31.58235],[-52.57172,-31.576],[-52.56286,-31.57568],[-52.56137,-31.57026],[-52.54842,-31.55934],[-52.55649,-31.5544],[-52.56929,-31.54028],[-52.58856,-31.52757],[-52.60449,-31.5096],[-52.61216,-31.50405],[-52.66024,-31.5799],[-52.6756,-31.58226],[-52.68678,-31.59321],[-52.69736,-31.59745],[-52.69877,-31.60862],[-52.70966,-31.61135],[-52.71003,-31.6247],[-52.69881,-31.63672],[-52.7024,-31.64492],[-52.70369,-31.66335],[-52.70028,-31.67279],[-52.70534,-31.68217],[-52.70371,-31.69419],[-52.71393,-31.69861],[-52.71176,-31.71122],[-52.72526,-31.71973],[-52.72509,-31.72626],[-52.73575,-31.73314],[-52.73655,-31.74057],[-52.66898,-31.7384],[-52.65103,-31.73159],[-52.62031,-31.72765],[-52.60489,-31.71462],[-52.61136,-31.70235],[-52.61012,-31.69508],[-52.60194,-31.69714],[-52.57925,-31.68192]]]},"properties":{"CD_MUN":"4312450","NM_MUN":"Morro Redondo","AREA_KM2":244.645}},
{"type":"Feature","geometry":{"type":"Polygon","coordinates":[[[-51.0637,-29.46751],[-51.07755,-29.46517],[-51.0788,-29.48005],[-51.10613,-29.47695],[-51.11247,-29.51074],[-51.11637,-29.54406],[-51.11765,-29.55095],[-51.08225,-29.55579],[-51.04886,-29.56171],[-51.04378,-29.54491],[-51.01402,-29.54802],[-51.00268,-29.54165],[-50.98684,-29.54715],[-50.96816,-29.54497],[-50.95958,-29.55024],[-50.94694,-29.5526],[-50.94342,-29.54698],[-50.94781,-29.54087],[-50.94653,-29.53311],[-50.95962,-29.53142],[-50.96801,-29.52499],[-50.96864,-29.51949],[-51.01686,-29.51489],[-51.01736,-29.5199],[-51.03273,-29.51783],[-51.02702,-29.50451],[-51.03373,-29.49271],[-51.04334,-29.49141],[-51.04812,-29.49626],[-51.06176,-29.48302],[-51.0597,-29.47599],[-51.0637,-29.46751]]]},"properties":{"CD_MUN":"4312476","NM_MUN":"Morro Reuter","AREA_KM2":89.412}},
{"type":"Feature","geometry":{"type":"Polygon","coordinates":[[[-50.84213,-31.19003],[-50.83365,-31.18211],[-50.81134,-31.15749],[-50.77932,-31.1239],[-50.76724,-31.11011],[-50.74254,-31.07545],[-50.70372,-31.01475],[-50.66785,-30.9629],[-50.64502,-30.93166],[-50.60537,-30.87905],[-50.55831,-30.8182],[-50.50659,-30.74353],[-50.48446,-30.70889],[-50.46491,-30.68071],[-50.4287,-30.63216],[-50.37398,-30.56289],[-50.34829,-30.52465],[-50.33426,-30.5008],[-50.45702,-30.50091],[-50.68643,-30.5008],[-50.67954,-30.60917],[-50.68328,-30.6636],[-50.68993,-30.70029],[-50.69012,-30.70692],[-50.70026,-30.73321],[-50.70199,-30.74633],[-50.72077,-30.77975],[-50.74083,-30.80538],[-50.74446,-30.81229],[-50.75378,-30.81894],[-50.77524,-30.82733],[-50.79048,-30.8294],[-50.81649,-30.8412],[-50.82275,-30.84547],[-50.8256,-30.85349],[-50.84634,-30.85892],[-50.85693,-30.86541],[-50.87226,-30.87932],[-50.88234,-30.89159],[-50.90459,-30.90404],[-50.91964,-30.90639],[-50.94153,-30.90398],[-50.96809,-30.89782],[-50.96645,-30.90886],[-50.96121,-30.92437],[-50.95144,-30.95955],[-50.95251,-30.98208],[-50.95598,-30.99312],[-50.95458,-31.00319],[-50.96447,-31.01606],[-50.97239,-31.03293],[-50.97807,-31.03884],[-50.99495,-31.0481],[-51.0237,-31.05154],[-51.04853,-31.06159],[-51.08482,-31.08758],[-51.09121,-31.09354],[-51.10362,-31.09938],[-51.12465,-31.09817],[-51.14912,-31.0875],[-51.16033,-31.07839],[-51.16643,-31.06833],[-51.17689,-31.07977],[-51.18013,-31.10329],[-51.18084,-31.12539],[-51.17899,-31.1342],[-51.13384,-31.1234],[-51.12272,-31.12904],[-51.12525,-31.1339],[-51.1172,-31.15076],[-51.08464,-31.15639],[-51.08654,-31.1602],[-51.05275,-31.16395],[-51.03366,-31.17492],[-51.02595,-31.182],[-50.98562,-31.20624],[-50.96225,-31.18325],[-50.84213,-31.19003]]]},"properties":{"CD_MUN":"4312500","NM_MUN":"Mostardas","AREA_KM2":1977.442}},
{"type":"Feature","geometry":{"type":"Polygon","coordinates":[[[-51.88612,-29.1714],[-51.87261,-29.1718],[-51.85995,-29.16407],[-51.85391,-29.15779],[-51.85986,-29.1456],[-51.85062,-29.13813],[-51.83576,-29.13441],[-51.83108,-29.14136],[-51.84002,-29.14543],[-51.84249,-29.15123],[-51.82892,-29.17606],[-51.82228,-29.18315],[-51.81636,-29.18344],[-51.80676,-29.175],[-51.80162,-29.17519],[-51.78985,-29.18604],[-51.76981,-29.18242],[-51.75801,-29.18517],[-51.74005,-29.1864],[-51.7338,-29.17776],[-51.74683,-29.16505],[-51.75649,-29.14071],[-51.75339,-29.13681],[-51.73913,-29.13675],[-51.73213,-29.12898],[-51.739,-29.11883],[-51.75222,-29.11437],[-51.75851,-29.10365],[-51.77963,-29.09424],[-51.79169,-29.10278],[-51.79549,-29.11272],[-51.80078,-29.11584],[-51.82923,-29.1153],[-51.83229,-29.1077],[-51.83075,-29.09683],[-51.86047,-29.09713],[-51.85994,-29.10801],[-51.86268,-29.11623],[-51.89367,-29.11644],[-51.89381,-29.10672],[-51.90772,-29.10748],[-51.91481,-29.11096],[-51.90703,-29.13371],[-51.89709,-29.14577],[-51.89781,-29.15359],[-51.88708,-29.16212],[-51.88612,-29.1714]]]},"properties":{"CD_MUN":"4312609","NM_MUN":"Muçum","AREA_KM2":111.247}},
{"type":"Feature","geometry":{"type":"Polygon","coordinates":[[[-51.08129,-28.23291],[-51.08735,-28.22198],[-51.09683,-28.22229],[-51.10352,-28.21059],[-51.10289,-28.19362],[-51.11114,-28.19094],[-51.1236,-28.19961],[-51.14305,-28.18106],[-51.15375,-28.17611],[-51.15897,-28.1826],[-51.17218,-28.18457],[-51.17539,-28.1892],[-51.18703,-28.18658],[-51.19707,-28.18696],[-51.206,-28.17781],[-51.21553,-28.17691],[-51.23404,-28.16493],[-51.24436,-28.15377],[-51.25042,-28.15787],[-51.25551,-28.17654],[-51.26226,-28.18063],[-51.27299,-28.1791],[-51.28002,-28.18584],[-51.29542,-28.19058],[-51.30083,-28.20169],[-51.31835,-28.21587],[-51.32734,-28.22009],[-51.32741,-28.23151],[-51.34138,-28.23618],[-51.35463,-28.23215],[-51.36764,-28.23751],[-51.38404,-28.24071],[-51.3895,-28.26392],[-51.39535,-28.27697],[-51.38766,-28.28902],[-51.38874,-28.29594],[-51.37998,-28.30352],[-51.36958,-28.30556],[-51.35657,-28.31748],[-51.34075,-28.32153],[-51.32678,-28.33331],[-51.32826,-28.34276],[-51.3235,-28.34951],[-51.33712,-28.3569],[-51.3348,-28.37097],[-51.34086,-28.37383],[-51.33784,-28.38628],[-51.34849,-28.39797],[-51.33759,-28.40769],[-51.33441,-28.41854],[-51.35075,-28.41803],[-51.36077,-28.42122],[-51.35685,-28.43144],[-51.34756,-28.43581],[-51.34707,-28.44468],[-51.35627,-28.44994],[-51.35439,-28.45404],[-51.37162,-28.46407],[-51.36095,-28.46921],[-51.35968,-28.47444],[-51.37423,-28.4753],[-51.36956,-28.48474],[-51.37659,-28.49189],[-51.36778,-28.49646],[-51.36931,-28.50302],[-51.35389,-28.50789],[-51.35684,-28.51677],[-51.36628,-28.5127],[-51.37745,-28.51846],[-51.37069,-28.53049],[-51.39292,-28.53022],[-51.38948,-28.53836],[-51.39644,-28.54004],[-51.40368,-28.54895],[-51.39376,-28.56623],[-51.40652,-28.56893],[-51.39451,-28.57619],[-51.40324,-28.58411],[-51.39839,-28.59025],[-51.40251,-28.60399],[-51.38974,-28.61504],[-51.39318,-28.62025],[-51.40174,-28.62101],[-51.4026,-28.6323],[-51.39871,-28.63878],[-51.38289,-28.65076],[-51.38004,-28.64492],[-51.3826,-28.63551],[-51.36886,-28.63335],[-51.37288,-28.62158],[-51.36431,-28.62373],[-51.36037,-28.61373],[-51.35243,-28.61935],[-51.34836,-28.61057],[-51.33978,-28.60689],[-51.34782,-28.59968],[-51.34641,-28.58986],[-51.33911,-28.59438],[-51.32327,-28.59754],[-51.32111,-28.59432],[-51.33586,-28.5892],[-51.33518,-28.58386],[-51.31761,-28.58324],[-51.31198,-28.59396],[-51.30372,-28.5829],[-51.29657,-28.58245],[-51.28703,-28.58659],[-51.28319,-28.58244],[-51.27172,-28.59003],[-51.26848,-28.5777],[-51.25503,-28.5822],[-51.25572,-28.58859],[-51.24552,-28.58857],[-51.22709,-28.58107],[-51.21797,-28.5851],[-51.19254,-28.59065],[-51.17714,-28.58665],[-51.17489,-28.57496],[-51.15989,-28.58344],[-51.14797,-28.57062],[-51.15245,-28.5649],[-51.14844,-28.55531],[-51.1517,-28.5498],[-51.14888,-28.53821],[-51.14362,-28.53534],[-51.14654,-28.52344],[-51.14344,-28.51535],[-51.13515,-28.51042],[-51.12298,-28.507],[-51.13306,-28.49288],[-51.14271,-28.49349],[-51.15482,-28.4881],[-51.15928,-28.47962],[-51.15642,-28.47501],[-51.14113,-28.47498],[-51.13434,-28.47036],[-51.11502,-28.46448],[-51.10702,-28.4639],[-51.10171,-28.45875],[-51.09042,-28.45885],[-51.08595,-28.46222],[-51.07237,-28.4645],[-51.07875,-28.44808],[-51.08934,-28.43376],[-51.09226,-28.42248],[-51.09881,-28.42084],[-51.0972,-28.41184],[-51.08416,-28.41464],[-51.08053,-28.40671],[-51.06825,-28.40871],[-51.05963,-28.40109],[-51.04987,-28.38254],[-51.03751,-28.37642],[-51.04107,-28.36366],[-51.04902,-28.35685],[-51.04678,-28.34355],[-51.05126,-28.33295],[-51.06301,-28.31888],[-51.07182,-28.31419],[-51.08555,-28.31437],[-51.07963,-28.2995],[-51.07424,-28.29785],[-51.06466,-28.28518],[-51.0619,-28.25388],[-51.07251,-28.24517],[-51.08129,-28.23291]]]},"properties":{"CD_MUN":"4312617","NM_MUN":"Muitos Capões","AREA_KM2":1193.23}},
{"type":"Feature","geometry":{"type":"Polygon","coordinates":[[[-51.70522,-28.31273],[-51.74035,-28.31037],[-51.74883,-28.30803],[-51.74691,-28.29586],[-51.75102,-28.2915],[-51.76429,-28.28808],[-51.77461,-28.29118],[-51.82155,-28.29796],[-51.8181,-28.28115],[-51.81901,-28.2723],[-51.80834,-28.24989],[-51.81041,-28.2424],[-51.8281,-28.25117],[-51.84101,-28.24981],[-51.85755,-28.25231],[-51.8454,-28.26107],[-51.8454,-28.26969],[-51.83694,-28.27749],[-51.83209,-28.2895],[-51.83806,-28.29692],[-51.83339,-28.30814],[-51.83384,-28.3141],[-51.82633,-28.32283],[-51.81755,-28.3385],[-51.83344,-28.35688],[-51.82117,-28.3661],[-51.8085,-28.37271],[-51.79587,-28.37616],[-51.78568,-28.3819],[-51.74069,-28.36922],[-51.73106,-28.37136],[-51.7231,-28.36776],[-51.71661,-28.36969],[-51.71414,-28.36108],[-51.70805,-28.36083],[-51.69931,-28.35216],[-51.70417,-28.34936],[-51.70344,-28.33468],[-51.70522,-28.31273]]]},"properties":{"CD_MUN":"4312625","NM_MUN":"Muliterno","AREA_KM2":111.132}},
{"type":"Feature","geometry":{"type":"Polygon","coordinates":[[[-52.92064,-28.54012],[-52.90495,-28.53214],[-52.89629,-28.53877],[-52.88791,-28.52953],[-52.88961,-28.52509],[-52.88047,-28.52046],[-52.86482,-28.53139],[-52.85235,-28.53514],[-52.84066,-28.52132],[-52.83286,-28.53084],[-52.81729,-28.53279],[-52.80866,-28.52637],[-52.8034,-28.5266],[-52.79546,-28.51868],[-52.78181,-28.52625],[-52.77702,-28.53685],[-52.76794,-28.54275],[-52.7601,-28.54289],[-52.74613,-28.54899],[-52.73517,-28.54707],[-52.72714,-28.54859],[-52.72369,-28.53312],[-52.73119,-28.52609],[-52.71791,-28.52076],[-52.71497,-28.50131],[-52.70646,-28.49345],[-52.69445,-28.50552],[-52.69013,-28.49928],[-52.68763,-28.48635],[-52.69488,-28.47558],[-52.69247,-28.46901],[-52.69831,-28.46987],[-52.6981,-28.45313],[-52.70266,-28.44468],[-52.71468,-28.44314],[-52.71447,-28.42885],[-52.73207,-28.42769],[-52.74805,-28.40336],[-52.76079,-28.39497],[-52.76477,-28.38968],[-52.76803,-28.37735],[-52.77426,-28.37083],[-52.78937,-28.3723],[-52.79355,-28.36782],[-52.80849,-28.37275],[-52.81658,-28.38266],[-52.8376,-28.38633],[-52.8966,-28.3782],[-52.90746,-28.3778],[-52.92268,-28.3728],[-52.93081,-28.38076],[-52.93982,-28.37971],[-52.93774,-28.38821],[-52.9267,-28.40182],[-52.92882,-28.40637],[-52.92854,-28.42719],[-52.93582,-28.42877],[-52.93328,-28.44299],[-52.93943,-28.44219],[-52.94082,-28.4593],[-52.93993,-28.47725],[-52.94506,-28.48612],[-52.9462,-28.49631],[-52.93939,-28.49884],[-52.93768,-28.51018],[-52.92361,-28.50661],[-52.91969,-28.52104],[-52.93397,-28.52805],[-52.92786,-28.53864],[-52.92064,-28.54012]]]},"properties":{"CD_MUN":"4312658","NM_MUN":"Não-Me-Toque","AREA_KM2":361.689}},
{"type":"Feature","geometry":{"type":"Polygon","coordinates":[[[-52.39095,-28.56913],[-52.37779,-28.56513],[-52.37094,-28.56935],[-52.36534,-28.56376],[-52.36303,-28.55296],[-52.35051,-28.54654],[-52.35328,-28.53952],[-52.34905,-28.53009],[-52.36227,-28.50913],[-52.37648,-28.50674],[-52.37585,-28.49835],[-52.38211,-28.48874],[-52.37209,-28.48147],[-52.37541,-28.47705],[-52.38406,-28.47761],[-52.39164,-28.46763],[-52.41787,-28.47814],[-52.43182,-28.48593],[-52.44589,-28.4731],[-52.4584,-28.47363],[-52.46451,-28.47671],[-52.47658,-28.47704],[-52.49372,-28.48144],[-52.51166,-28.47601],[-52.51831,-28.49503],[-52.52564,-28.49926],[-52.54457,-28.49803],[-52.54671,-28.50514],[-52.54442,-28.51678],[-52.55538,-28.51953],[-52.55232,-28.5298],[-52.55226,-28.54319],[-52.54617,-28.54738],[-52.54085,-28.53665],[-52.53373,-28.53064],[-52.52558,-28.53609],[-52.52278,-28.54372],[-52.5239,-28.56217],[-52.51504,-28.56348],[-52.51176,-28.57396],[-52.50612,-28.57164],[-52.49908,-28.56096],[-52.50167,-28.55151],[-52.4952,-28.54936],[-52.48919,-28.55543],[-52.48098,-28.5567],[-52.47019,-28.5626],[-52.45754,-28.56518],[-52.44305,-28.55941],[-52.43438,-28.54898],[-52.42491,-28.55091],[-52.42143,-28.55656],[-52.39095,-28.56913]]]},"properties":{"CD_MUN":"4312674","NM_MUN":"Nicolau Vergueiro","AREA_KM2":154.995}},
{"type":"Feature","geometry":{"type":"Polygon","coordinates":[[[-53.01666,-27.46169],[-52.97346,-27.41147],[-52.95931,-27.40373],[-52.94991,-27.40096],[-52.94323,-27.40392],[-52.93593,-27.39625],[-52.92841,-27.39962],[-52.91948,-27.39681],[-52.90387,-27.38443],[-52.89177,-27.38656],[-52.88861,-27.39205],[-52.88348,-27.41427],[-52.88576,-27.4179],[-52.87212,-27.42581],[-52.86835,-27.43321],[-52.85974,-27.4392],[-52.8473,-27.44359],[-52.83861,-27.43807],[-52.83423,-27.44205],[-52.81304,-27.45031],[-52.80935,-27.45614],[-52.81438,-27.47262],[-52.82478,-27.48285],[-52.82177,-27.48678],[-52.82248,-27.49697],[-52.81848,-27.50275],[-52.81256,-27.50325],[-52.79997,-27.49617],[-52.79034,-27.47507],[-52.77958,-27.48251],[-52.77631,-27.47953],[-52.78269,-27.46707],[-52.76909,-27.4664],[-52.76643,-27.46046],[-52.75365,-27.45636],[-52.75735,-27.44782],[-52.74431,-27.4448],[-52.74625,-27.43515],[-52.72675,-27.43622],[-52.72601,-27.43217],[-52.73208,-27.42492],[-52.72256,-27.41529],[-52.72601,-27.40714],[-52.73268,-27.40092],[-52.72897,-27.39288],[-52.71938,-27.39809],[-52.71604,-27.38877],[-52.72872,-27.38524],[-52.73423,-27.37989],[-52.73145,-27.37406],[-52.71554,-27.37543],[-52.71406,-27.36922],[-52.72542,-27.3638],[-52.73411,-27.35589],[-52.72852,-27.33623],[-52.73657,-27.33121],[-52.7428,-27.3227],[-52.73796,-27.31818],[-52.72047,-27.32054],[-52.7148,-27.31815],[-52.70492,-27.29838],[-52.69719,-27.29992],[-52.6849,-27.29596],[-52.69152,-27.28442],[-52.70348,-27.27929],[-52.70724,-27.27078],[-52.70631,-27.25612],[-52.71378,-27.23769],[-52.72701,-27.236],[-52.73402,-27.24265],[-52.7392,-27.25435],[-52.74878,-27.25997],[-52.75632,-27.25841],[-52.763,-27.24919],[-52.76312,-27.2384],[-52.75831,-27.22564],[-52.76052,-27.2132],[-52.77476,-27.20752],[-52.80097,-27.20343],[-52.79607,-27.21433],[-52.79875,-27.22322],[-52.78339,-27.23302],[-52.78341,-27.23933],[-52.79371,-27.24401],[-52.78956,-27.25648],[-52.80004,-27.26554],[-52.79461,-27.26909],[-52.79705,-27.27746],[-52.79429,-27.29213],[-52.80981,-27.29756],[-52.82044,-27.31212],[-52.82726,-27.32731],[-52.83496,-27.33581],[-52.84759,-27.34018],[-52.87302,-27.33625],[-52.87233,-27.32778],[-52.89475,-27.31878],[-52.90794,-27.31161],[-52.92293,-27.31781],[-52.93376,-27.31278],[-52.95102,-27.30831],[-52.94499,-27.32337],[-52.94959,-27.32832],[-52.95011,-27.33633],[-52.95594,-27.34597],[-52.95597,-27.3716],[-52.96536,-27.36758],[-52.97144,-27.37814],[-52.97866,-27.38248],[-52.99156,-27.38403],[-52.99559,-27.38708],[-53.01236,-27.37992],[-53.02141,-27.37379],[-53.0337,-27.37206],[-53.03615,-27.38358],[-53.04345,-27.38158],[-53.04403,-27.39374],[-53.05334,-27.39066],[-53.05648,-27.38124],[-53.06666,-27.38222],[-53.07577,-27.37326],[-53.1241,-27.43429],[-53.13223,-27.44407],[-53.10901,-27.44497],[-53.09846,-27.45072],[-53.08063,-27.43597],[-53.07471,-27.4432],[-53.06617,-27.43879],[-53.05107,-27.44376],[-53.03546,-27.45398],[-53.02938,-27.45816],[-53.02025,-27.45568],[-53.01666,-27.46169]]]},"properties":{"CD_MUN":"4312708","NM_MUN":"Nonoai","AREA_KM2":468.962}},
{"type":"Feature","geometry":{"type":"Polygon","coordinates":[[[-52.15595,-28.65171],[-52.16263,-28.65936],[-52.17621,-28.66069],[-52.19324,-28.65614],[-52.19202,-28.66975],[-52.20321,-28.67357],[-52.21048,-28.66995],[-52.2288,-28.66807],[-52.23569,-28.67115],[-52.24333,-28.66101],[-52.2494,-28.66243],[-52.24947,-28.6698],[-52.25696,-28.68052],[-52.25806,-28.68583],[-52.24611,-28.69931],[-52.24608,-28.70609],[-52.25802,-28.72084],[-52.25757,-28.73026],[-52.25359,-28.73739],[-52.24794,-28.73691],[-52.24751,-28.74985],[-52.23871,-28.75739],[-52.22981,-28.75614],[-52.22467,-28.76145],[-52.21336,-28.75756],[-52.19767,-28.74639],[-52.1786,-28.74335],[-52.18159,-28.75208],[-52.15694,-28.75279],[-52.15219,-28.74774],[-52.14479,-28.74807],[-52.13673,-28.74211],[-52.10816,-28.74094],[-52.09234,-28.74512],[-52.08155,-28.74542],[-52.07845,-28.74144],[-52.07667,-28.72915],[-52.08544,-28.71786],[-52.08163,-28.71199],[-52.09476,-28.70926],[-52.09801,-28.70254],[-52.08676,-28.69911],[-52.07967,-28.7003],[-52.07717,-28.68715],[-52.08981,-28.69165],[-52.08445,-28.67684],[-52.09294,-28.67643],[-52.10007,-28.66896],[-52.11177,-28.67177],[-52.13354,-28.673],[-52.14757,-28.6669],[-52.15595,-28.65171]]]},"properties":{"CD_MUN":"4312757","NM_MUN":"Nova Alvorada","AREA_KM2":148.861}},
{"type":"Feature","geometry":{"type":"Polygon","coordinates":[[[-51.8364,-28.67954],[-51.82839,-28.67681],[-51.81631,-28.66857],[-51.80898,-28.67364],[-51.79645,-28.66759],[-51.78311,-28.66583],[-51.75874,-28.6748],[-51.74687,-28.67734],[-51.74018,-28.67607],[-51.72883,-28.68244],[-51.72167,-28.6827],[-51.71188,-28.67345],[-51.69738,-28.67319],[-51.69279,-28.66438],[-51.68687,-28.66452],[-51.66872,-28.65773],[-51.67025,-28.62874],[-51.67731,-28.62119],[-51.69595,-28.61953],[-51.70659,-28.60965],[-51.71808,-28.60993],[-51.73015,-28.62842],[-51.75615,-28.63612],[-51.77366,-28.63508],[-51.7786,-28.63091],[-51.78967,-28.63891],[-51.79907,-28.65291],[-51.81873,-28.64988],[-51.83131,-28.65844],[-51.83959,-28.65196],[-51.84932,-28.64892],[-51.85681,-28.66197],[-51.84815,-28.66347],[-51.84758,-28.67108],[-51.85652,-28.66904],[-51.86376,-28.67577],[-51.85685,-28.67865],[-51.84679,-28.67657],[-51.8364,-28.67954]]]},"properties":{"CD_MUN":"4312807","NM_MUN":"Nova Araçá","AREA_KM2":75.514}},
{"type":"Feature","geometry":{"type":"Polygon","coordinates":[[[-51.71405,-28.78422],[-51.71368,-28.77399],[-51.66228,-28.77392],[-51.66199,-28.75386],[-51.66477,-28.75389],[-51.66239,-28.72294],[-51.66736,-28.68442],[-51.66872,-28.65773],[-51.68687,-28.66452],[-51.69279,-28.66438],[-51.69738,-28.67319],[-51.71188,-28.67345],[-51.72167,-28.6827],[-51.72883,-28.68244],[-51.74018,-28.67607],[-51.74687,-28.67734],[-51.75874,-28.6748],[-51.78311,-28.66583],[-51.79645,-28.66759],[-51.80898,-28.67364],[-51.81631,-28.66857],[-51.82839,-28.67681],[-51.8364,-28.67954],[-51.85664,-28.68806],[-51.85328,-28.69778],[-51.84813,-28.70197],[-51.82491,-28.70856],[-51.83358,-28.71491],[-51.84791,-28.71114],[-51.85275,-28.71472],[-51.84697,-28.7249],[-51.8495,-28.73686],[-51.83817,-28.74454],[-51.8446,-28.75277],[-51.85608,-28.75503],[-51.84978,-28.76032],[-51.83222,-28.75756],[-51.83528,-28.76705],[-51.82918,-28.77273],[-51.83359,-28.77821],[-51.76297,-28.77817],[-51.76745,-28.78382],[-51.76103,-28.79569],[-51.71405,-28.78422]]]},"properties":{"CD_MUN":"4312906","NM_MUN":"Nova Bassano","AREA_KM2":211.611}},
{"type":"Feature","geometry":{"type":"Polygon","coordinates":[[[-53.01651,-28.0372],[-53.0082,-28.03973],[-52.98701,-28.03325],[-52.96968,-28.03686],[-52.9563,-28.03562],[-52.95399,-28.04279],[-52.9444,-28.04428],[-52.9353,-28.04233],[-52.9352,-28.03736],[-52.92344,-28.02562],[-52.9088,-28.0145],[-52.91895,-28.0009],[-52.92686,-27.98546],[-52.93539,-27.98732],[-52.93464,-27.96145],[-52.94826,-27.96677],[-52.94792,-27.95452],[-52.96978,-27.96959],[-52.97636,-27.95342],[-52.98667,-27.95348],[-52.9864,-27.94825],[-53.00397,-27.95116],[-53.01347,-27.95608],[-53.03235,-27.96182],[-53.04699,-27.96045],[-53.05315,-27.96272],[-53.04328,-27.98263],[-53.0314,-27.9909],[-53.03105,-28.00393],[-53.02201,-28.00387],[-53.02017,-28.02163],[-53.02097,-28.03603],[-53.01651,-28.0372]]]},"properties":{"CD_MUN":"4312955","NM_MUN":"Nova Boa Vista","AREA_KM2":93.733}},
{"type":"Feature","geometry":{"type":"Polygon","coordinates":[[[-51.96458,-29.23801],[-51.96158,-29.23798],[-51.96138,-29.21489],[-51.95815,-29.20199],[-51.97929,-29.20158],[-51.97994,-29.17429],[-52.00146,-29.17456],[-52.00175,-29.16614],[-52.00742,-29.16265],[-52.01801,-29.16727],[-52.03225,-29.17479],[-52.04564,-29.19],[-52.05304,-29.18969],[-52.06546,-29.1962],[-52.07437,-29.19641],[-52.07833,-29.20391],[-52.07742,-29.21254],[-52.09246,-29.21274],[-52.08798,-29.22064],[-52.09478,-29.22394],[-52.09622,-29.23278],[-52.1134,-29.23282],[-52.11224,-29.27063],[-52.07282,-29.27046],[-52.07397,-29.26409],[-52.06551,-29.25995],[-52.05754,-29.25041],[-52.04203,-29.25143],[-52.04216,-29.26295],[-52.03665,-29.26763],[-52.02983,-29.267],[-52.01631,-29.25988],[-52.00224,-29.24834],[-51.99359,-29.23383],[-51.97657,-29.23416],[-51.96458,-29.23801]]]},"properties":{"CD_MUN":"4313003","NM_MUN":"Nova Bréscia","AREA_KM2":102.994}},
{"type":"Feature","geometry":{"type":"Polygon","coordinates":[[[-54.14352,-27.62575],[-54.11375,-27.63539],[-54.10759,-27.64305],[-54.09578,-27.62862],[-54.08494,-27.62694],[-54.06848,-27.63622],[-54.06147,-27.64691],[-54.06258,-27.65359],[-54.04628,-27.65234],[-54.04376,-27.64243],[-54.04831,-27.63209],[-54.0549,-27.63074],[-54.0535,-27.61939],[-54.05777,-27.61379],[-54.07012,-27.60848],[-54.07796,-27.60099],[-54.08777,-27.60049],[-54.08511,-27.58423],[-54.07225,-27.57612],[-54.06148,-27.55906],[-54.07076,-27.55076],[-54.07745,-27.55335],[-54.08503,-27.55109],[-54.09482,-27.55534],[-54.12171,-27.56146],[-54.12591,-27.55739],[-54.13761,-27.56372],[-54.1538,-27.56332],[-54.16024,-27.57511],[-54.16775,-27.56963],[-54.16708,-27.56038],[-54.17849,-27.5562],[-54.18899,-27.56167],[-54.1989,-27.55891],[-54.20507,-27.5717],[-54.19998,-27.59122],[-54.19602,-27.59597],[-54.1977,-27.60453],[-54.18885,-27.61477],[-54.17975,-27.61625],[-54.16833,-27.61163],[-54.15503,-27.62197],[-54.14352,-27.62575]]]},"properties":{"CD_MUN":"4313011","NM_MUN":"Nova Candelária","AREA_KM2":97.579}},
{"type":"Feature","geometry":{"type":"Polygon","coordinates":[[[-54.8345,-29.50554],[-54.8212,-29.50109],[-54.80909,-29.49265],[-54.79792,-29.49231],[-54.78758,-29.48738],[-54.77784,-29.47485],[-54.75056,-29.46098],[-54.75139,-29.44813],[-54.74888,-29.44366],[-54.75325,-29.43118],[-54.73969,-29.41852],[-54.75407,-29.41773],[-54.75968,-29.40968],[-54.75624,-29.39842],[-54.75088,-29.39146],[-54.75115,-29.37886],[-54.7618,-29.36174],[-54.76781,-29.361],[-54.77483,-29.34774],[-54.77991,-29.34542],[-54.79423,-29.34995],[-54.79963,-29.34498],[-54.80622,-29.3486],[-54.81682,-29.34789],[-54.83498,-29.35137],[-54.84577,-29.34607],[-54.85324,-29.33871],[-54.82755,-29.33288],[-54.82755,-29.32496],[-54.83372,-29.31871],[-54.86298,-29.3206],[-54.87302,-29.32479],[-54.8858,-29.3232],[-54.90018,-29.31371],[-54.9088,-29.31206],[-54.92165,-29.31959],[-54.92773,-29.32696],[-54.91321,-29.34058],[-54.90098,-29.34241],[-54.89567,-29.34932],[-54.89416,-29.3643],[-54.88487,-29.37185],[-54.88405,-29.37821],[-54.87554,-29.38328],[-54.86568,-29.39766],[-54.86542,-29.40526],[-54.86993,-29.41221],[-54.86771,-29.42033],[-54.85116,-29.44319],[-54.85354,-29.46072],[-54.84806,-29.46707],[-54.85,-29.47709],[-54.8418,-29.48842],[-54.83325,-29.48791],[-54.83638,-29.49824],[-54.8345,-29.50554]]]},"properties":{"CD_MUN":"4313037","NM_MUN":"Nova Esperança do Sul","AREA_KM2":191}},
{"type":"Feature","geometry":{"type":"Polygon","coordinates":[[[-50.90599,-29.63138],[-50.89229,-29.63075],[-50.88048,-29.63672],[-50.85942,-29.60791],[-50.85655,-29.58443],[-50.85761,-29.57087],[-50.85606,-29.55622],[-50.89509,-29.55345],[-50.90005,-29.55049],[-50.94342,-29.54698],[-50.94694,-29.5526],[-50.94463,-29.55735],[-50.94823,-29.57137],[-50.9473,-29.5826],[-50.94989,-29.59594],[-50.9117,-29.59949],[-50.91293,-29.62467],[-50.90599,-29.63138]]]},"properties":{"CD_MUN":"4313060","NM_MUN":"Nova Hartz","AREA_KM2":62.319}},
{"type":"Feature","geometry":{"type":"Polygon","coordinates":[[[-51.27047,-28.96031],[-51.2707,-28.9531],[-51.26459,-28.93615],[-51.27518,-28.92594],[-51.28736,-28.92941],[-51.29397,-28.94107],[-51.3015,-28.94531],[-51.30936,-28.95569],[-51.31683,-28.95893],[-51.33172,-28.95559],[-51.33846,-28.95813],[-51.34017,-28.96461],[-51.34519,-28.9754],[-51.35891,-28.9723],[-51.36916,-28.98133],[-51.38247,-28.99985],[-51.38095,-29.00901],[-51.35892,-29.01769],[-51.35661,-29.03025],[-51.36257,-29.03897],[-51.35729,-29.0581],[-51.34118,-29.05813],[-51.33281,-29.06578],[-51.32434,-29.06066],[-51.3175,-29.04711],[-51.29011,-29.04097],[-51.28125,-29.0417],[-51.2595,-29.03707],[-51.2465,-29.04312],[-51.24699,-29.02761],[-51.27377,-29.02859],[-51.2768,-28.97503],[-51.27445,-28.96385],[-51.27047,-28.96031]]]},"properties":{"CD_MUN":"4313086","NM_MUN":"Nova Pádua","AREA_KM2":102.643}},
{"type":"Feature","geometry":{"type":"Polygon","coordinates":[[[-53.43941,-29.33865],[-53.43887,-29.34937],[-53.44865,-29.3482],[-53.45475,-29.35208],[-53.46863,-29.3508],[-53.478,-29.35683],[-53.49481,-29.35845],[-53.50019,-29.36484],[-53.51107,-29.3712],[-53.5143,-29.37716],[-53.51298,-29.38832],[-53.52611,-29.39956],[-53.51994,-29.41611],[-53.51377,-29.41528],[-53.50581,-29.42525],[-53.50859,-29.43313],[-53.49974,-29.44044],[-53.49909,-29.45502],[-53.51637,-29.46227],[-53.5184,-29.47102],[-53.52379,-29.47566],[-53.51537,-29.48097],[-53.51199,-29.48912],[-53.51297,-29.50862],[-53.5072,-29.51714],[-53.49454,-29.51533],[-53.49203,-29.52523],[-53.4779,-29.52551],[-53.47186,-29.51755],[-53.46218,-29.51795],[-53.45305,-29.51361],[-53.42894,-29.51241],[-53.42866,-29.50509],[-53.41822,-29.50497],[-53.41809,-29.49809],[-53.40751,-29.49819],[-53.40727,-29.49253],[-53.3968,-29.49267],[-53.38653,-29.48908],[-53.31717,-29.49047],[-53.31634,-29.48548],[-53.29391,-29.48591],[-53.2808,-29.47826],[-53.29086,-29.46391],[-53.29417,-29.45257],[-53.29137,-29.44847],[-53.27956,-29.45411],[-53.26535,-29.44933],[-53.26655,-29.44467],[-53.27823,-29.44757],[-53.28529,-29.44417],[-53.28623,-29.43557],[-53.27281,-29.42908],[-53.26505,-29.4342],[-53.2577,-29.43281],[-53.25082,-29.42428],[-53.2444,-29.42261],[-53.23824,-29.41191],[-53.31266,-29.43753],[-53.31994,-29.42605],[-53.33224,-29.41918],[-53.33806,-29.40009],[-53.34296,-29.39643],[-53.3469,-29.37792],[-53.35883,-29.37161],[-53.35675,-29.36487],[-53.36708,-29.35735],[-53.37885,-29.35713],[-53.38205,-29.35359],[-53.39576,-29.35436],[-53.40505,-29.34997],[-53.41755,-29.35163],[-53.42432,-29.34603],[-53.43941,-29.33865]]]},"properties":{"CD_MUN":"4313102","NM_MUN":"Nova Palma","AREA_KM2":314.613}},
{"type":"Feature","geometry":{"type":"Polygon","coordinates":[[[-51.169,-29.43944],[-51.14437,-29.44078],[-51.13429,-29.43726],[-51.13253,-29.4238],[-51.1275,-29.41344],[-51.13235,-29.41055],[-51.12659,-29.40162],[-51.11786,-29.40665],[-51.09676,-29.40949],[-51.10248,-29.43939],[-51.08601,-29.443],[-51.0875,-29.4503],[-51.06807,-29.45333],[-51.06076,-29.44972],[-51.04774,-29.44946],[-51.0425,-29.43944],[-51.01931,-29.43677],[-51.01556,-29.43021],[-51.00357,-29.42283],[-51.00269,-29.41489],[-50.99317,-29.40208],[-50.99105,-29.38722],[-50.98132,-29.3904],[-50.97549,-29.38195],[-50.96637,-29.38707],[-50.95526,-29.3743],[-50.96167,-29.36506],[-50.96861,-29.34761],[-50.96655,-29.3386],[-50.98542,-29.32079],[-50.99129,-29.31696],[-51.00106,-29.3175],[-50.99633,-29.30674],[-51.00209,-29.30413],[-51.01006,-29.30779],[-51.01397,-29.30147],[-51.03231,-29.29425],[-51.03862,-29.30164],[-51.0491,-29.30771],[-51.05474,-29.30175],[-51.06988,-29.2917],[-51.08862,-29.29094],[-51.092,-29.30488],[-51.09982,-29.31765],[-51.1129,-29.3091],[-51.11901,-29.30833],[-51.12692,-29.31582],[-51.12703,-29.32343],[-51.13691,-29.3388],[-51.14699,-29.33722],[-51.15897,-29.33129],[-51.16937,-29.33133],[-51.17015,-29.32614],[-51.1805,-29.32619],[-51.19037,-29.34124],[-51.19736,-29.34486],[-51.20384,-29.35553],[-51.2123,-29.35857],[-51.20769,-29.37308],[-51.22397,-29.3779],[-51.22105,-29.38509],[-51.22629,-29.38988],[-51.22232,-29.39752],[-51.20683,-29.40775],[-51.19668,-29.40939],[-51.19183,-29.41654],[-51.18158,-29.42276],[-51.17887,-29.42912],[-51.16859,-29.43543],[-51.169,-29.43944]]]},"properties":{"CD_MUN":"4313201","NM_MUN":"Nova Petrópolis","AREA_KM2":290.164}},
{"type":"Feature","geometry":{"type":"Polygon","coordinates":[[[-51.49374,-28.82364],[-51.50096,-28.81808],[-51.49772,-28.80957],[-51.50054,-28.80406],[-51.49586,-28.79643],[-51.50606,-28.79442],[-51.50654,-28.78698],[-51.51332,-28.78516],[-51.51315,-28.77174],[-51.5214,-28.77096],[-51.53432,-28.75281],[-51.52794,-28.74458],[-51.54669,-28.74455],[-51.54593,-28.73335],[-51.55221,-28.72813],[-51.55166,-28.71919],[-51.56365,-28.71537],[-51.55658,-28.70703],[-51.56675,-28.70621],[-51.57329,-28.69711],[-51.56169,-28.69288],[-51.57342,-28.69307],[-51.59065,-28.68336],[-51.59896,-28.67494],[-51.59595,-28.66912],[-51.59942,-28.66605],[-51.61779,-28.66001],[-51.64263,-28.65414],[-51.64955,-28.64468],[-51.67025,-28.62874],[-51.66872,-28.65773],[-51.66736,-28.68442],[-51.66239,-28.72294],[-51.66477,-28.75389],[-51.66199,-28.75386],[-51.66228,-28.77392],[-51.71368,-28.77399],[-51.71405,-28.78422],[-51.7067,-28.78424],[-51.70647,-28.7918],[-51.68886,-28.79212],[-51.68915,-28.8032],[-51.68365,-28.80329],[-51.68384,-28.81499],[-51.70397,-28.81487],[-51.70434,-28.82432],[-51.71228,-28.82433],[-51.71212,-28.83546],[-51.66718,-28.83484],[-51.57524,-28.83337],[-51.57642,-28.83117],[-51.50002,-28.8272],[-51.49374,-28.82364]]]},"properties":{"CD_MUN":"4313300","NM_MUN":"Nova Prata","AREA_KM2":259.941}},
{"type":"Feature","geometry":{"type":"Polygon","coordinates":[[[-53.80172,-28.10234],[-53.79089,-28.10216],[-53.78162,-28.10654],[-53.78626,-28.11341],[-53.7845,-28.11905],[-53.78688,-28.12944],[-53.77316,-28.12722],[-53.7705,-28.13833],[-53.76473,-28.1435],[-53.75449,-28.13289],[-53.74691,-28.14051],[-53.73647,-28.14352],[-53.7356,-28.15251],[-53.71688,-28.15123],[-53.71638,-28.16243],[-53.70906,-28.16758],[-53.70181,-28.1675],[-53.69525,-28.14969],[-53.68139,-28.14866],[-53.67298,-28.13955],[-53.66845,-28.14628],[-53.6554,-28.15554],[-53.63872,-28.13266],[-53.6261,-28.13842],[-53.61992,-28.14569],[-53.61764,-28.12145],[-53.6232,-28.11945],[-53.62354,-28.10911],[-53.62064,-28.1012],[-53.62281,-28.09262],[-53.60894,-28.06994],[-53.60401,-28.05722],[-53.59756,-28.05268],[-53.59061,-28.04171],[-53.58555,-28.03909],[-53.589,-28.03738],[-53.60311,-28.04014],[-53.60735,-28.03382],[-53.61767,-28.0307],[-53.63394,-28.03637],[-53.64252,-28.03388],[-53.65859,-28.03534],[-53.66407,-28.02679],[-53.67556,-28.02562],[-53.67755,-28.01852],[-53.67587,-28.00542],[-53.68402,-28.00481],[-53.6961,-27.98715],[-53.7053,-27.98809],[-53.72021,-27.98258],[-53.72823,-27.98329],[-53.73521,-27.98927],[-53.74904,-27.99258],[-53.75454,-27.99748],[-53.75804,-28.0183],[-53.76791,-28.02664],[-53.77709,-28.03999],[-53.78538,-28.04475],[-53.81422,-28.0557],[-53.79647,-28.06343],[-53.79135,-28.08579],[-53.79511,-28.0963],[-53.80172,-28.10234]]]},"properties":{"CD_MUN":"4313334","NM_MUN":"Nova Ramada","AREA_KM2":255.264}},
{"type":"Feature","geometry":{"type":"Polygon","coordinates":[[[-51.42209,-29.05984],[-51.40442,-29.05563],[-51.39511,-29.05887],[-51.38498,-29.06587],[-51.37035,-29.06855],[-51.35729,-29.0581],[-51.36257,-29.03897],[-51.35661,-29.03025],[-51.35892,-29.01769],[-51.38095,-29.00901],[-51.38247,-28.99985],[-51.36916,-28.98133],[-51.35891,-28.9723],[-51.34519,-28.9754],[-51.34017,-28.96461],[-51.344,-28.95261],[-51.35495,-28.94252],[-51.35646,-28.92956],[-51.35461,-28.9193],[-51.46425,-28.92489],[-51.46603,-28.93791],[-51.44689,-28.9381],[-51.44046,-28.94176],[-51.45056,-28.95201],[-51.46131,-28.94798],[-51.46746,-28.94893],[-51.47164,-28.96122],[-51.46828,-28.96995],[-51.45278,-28.97302],[-51.45332,-28.97781],[-51.46294,-28.98355],[-51.47321,-28.98518],[-51.47214,-28.99171],[-51.45899,-28.99483],[-51.45468,-29.00009],[-51.46323,-29.00737],[-51.47817,-29.01014],[-51.47699,-29.01871],[-51.46577,-29.01647],[-51.45989,-29.02068],[-51.45815,-29.02764],[-51.45015,-29.03822],[-51.44091,-29.05943],[-51.43299,-29.06338],[-51.42209,-29.05984]]]},"properties":{"CD_MUN":"4313359","NM_MUN":"Nova Roma do Sul","AREA_KM2":149.767}},
{"type":"Feature","geometry":{"type":"Polygon","coordinates":[[[-51.36674,-29.83733],[-51.35357,-29.8439],[-51.36346,-29.8661],[-51.36425,-29.87877],[-51.36763,-29.88921],[-51.36491,-29.89312],[-51.35396,-29.89508],[-51.34759,-29.90009],[-51.32753,-29.90963],[-51.31032,-29.93155],[-51.29156,-29.92928],[-51.26732,-29.93515],[-51.24566,-29.93262],[-51.2335,-29.93874],[-51.24409,-29.92306],[-51.24068,-29.91638],[-51.2487,-29.90661],[-51.24958,-29.8841],[-51.23481,-29.87249],[-51.23161,-29.86231],[-51.23133,-29.85081],[-51.22587,-29.84295],[-51.21105,-29.84387],[-51.19924,-29.83442],[-51.19291,-29.83283],[-51.18682,-29.83731],[-51.18117,-29.82958],[-51.19064,-29.82475],[-51.1975,-29.80915],[-51.19263,-29.8034],[-51.19564,-29.79637],[-51.20597,-29.79027],[-51.2153,-29.79388],[-51.23098,-29.78085],[-51.24748,-29.77952],[-51.25304,-29.77455],[-51.2678,-29.78119],[-51.2871,-29.78196],[-51.29158,-29.77958],[-51.30216,-29.78183],[-51.30734,-29.77568],[-51.33372,-29.75664],[-51.34495,-29.76891],[-51.3546,-29.76981],[-51.3664,-29.78336],[-51.36546,-29.78805],[-51.36014,-29.78865],[-51.35706,-29.79694],[-51.36741,-29.80013],[-51.35451,-29.80774],[-51.34995,-29.81865],[-51.35629,-29.83067],[-51.37036,-29.82658],[-51.37217,-29.83373],[-51.36674,-29.83733]]]},"properties":{"CD_MUN":"4313375","NM_MUN":"Nova Santa Rita","AREA_KM2":218.153}},
{"type":"Feature","geometry":{"type":"Polygon","coordinates":[[[-53.07851,-29.79362],[-53.06741,-29.8063],[-53.05823,-29.82342],[-53.04838,-29.8202],[-53.03967,-29.82402],[-53.01684,-29.81852],[-53.00763,-29.81135],[-52.99921,-29.80855],[-52.97978,-29.81566],[-52.97005,-29.81169],[-52.96952,-29.82398],[-52.97202,-29.82903],[-52.96416,-29.83407],[-52.93744,-29.83053],[-52.92379,-29.83142],[-52.90289,-29.84124],[-52.89966,-29.84609],[-52.90329,-29.83301],[-52.90849,-29.82985],[-52.90598,-29.82049],[-52.91274,-29.80876],[-52.91747,-29.8054],[-52.92749,-29.77114],[-52.92529,-29.75366],[-52.92982,-29.74439],[-52.9292,-29.73237],[-52.92587,-29.72528],[-52.92971,-29.7192],[-52.93571,-29.72275],[-52.95296,-29.71194],[-52.96869,-29.7061],[-52.97311,-29.70029],[-52.99891,-29.70072],[-53.00946,-29.69715],[-53.01745,-29.68691],[-53.01689,-29.6783],[-53.01146,-29.67028],[-53.01644,-29.66197],[-53.0283,-29.65781],[-53.0386,-29.66024],[-53.04198,-29.67534],[-53.05069,-29.69748],[-53.06625,-29.71884],[-53.06848,-29.72781],[-53.06013,-29.74965],[-53.05567,-29.76864],[-53.06423,-29.77691],[-53.06643,-29.78783],[-53.07851,-29.79362]]]},"properties":{"CD_MUN":"4313391","NM_MUN":"Novo Cabrais","AREA_KM2":192.998}},
{"type":"Feature","geometry":{"type":"Polygon","coordinates":[[[-51.17709,-29.67218],[-51.17869,-29.69311],[-51.16722,-29.69546],[-51.15955,-29.69271],[-51.1577,-29.71638],[-51.14691,-29.71667],[-51.1465,-29.72829],[-51.13228,-29.74098],[-51.12199,-29.73658],[-51.08482,-29.7351],[-51.08706,-29.74549],[-51.08708,-29.76235],[-51.07913,-29.77987],[-51.07186,-29.78514],[-51.07651,-29.79358],[-51.06951,-29.8031],[-51.06812,-29.81128],[-51.08114,-29.82976],[-51.07834,-29.83082],[-50.95774,-29.78928],[-50.94743,-29.77661],[-50.94011,-29.77625],[-50.93424,-29.7691],[-50.93917,-29.7593],[-50.93758,-29.73499],[-50.94138,-29.73221],[-50.94211,-29.71871],[-50.94747,-29.70968],[-50.9469,-29.69311],[-50.95815,-29.6889],[-50.96287,-29.70243],[-50.97381,-29.70103],[-50.99624,-29.70633],[-51.00816,-29.70833],[-51.08054,-29.71552],[-51.07569,-29.6861],[-51.0822,-29.68598],[-51.0901,-29.67413],[-51.08879,-29.66607],[-51.0958,-29.65436],[-51.09785,-29.64377],[-51.10527,-29.64115],[-51.12988,-29.63857],[-51.1346,-29.63807],[-51.14217,-29.63701],[-51.14504,-29.65218],[-51.14331,-29.66991],[-51.15518,-29.66896],[-51.16288,-29.67163],[-51.17709,-29.67218]]]},"properties":{"CD_MUN":"4313409","NM_MUN":"Novo Hamburgo","AREA_KM2":222.536}},
{"type":"Feature","geometry":{"type":"Polygon","coordinates":[[[-54.47462,-27.48123],[-54.5006,-27.48035],[-54.51031,-27.48549],[-54.51782,-27.49899],[-54.52492,-27.50617],[-54.53713,-27.50281],[-54.54241,-27.48675],[-54.56137,-27.4625],[-54.57335,-27.45361],[-54.58097,-27.45326],[-54.58939,-27.45818],[-54.59495,-27.48737],[-54.60954,-27.51042],[-54.61579,-27.53224],[-54.6269,-27.54402],[-54.632,-27.5457],[-54.63566,-27.55469],[-54.61821,-27.55755],[-54.62042,-27.56618],[-54.63077,-27.5682],[-54.6372,-27.57523],[-54.62936,-27.58178],[-54.62345,-27.57503],[-54.62052,-27.59085],[-54.60691,-27.59131],[-54.60344,-27.5729],[-54.59534,-27.58387],[-54.60099,-27.59321],[-54.59359,-27.5983],[-54.58515,-27.59702],[-54.56361,-27.60374],[-54.58278,-27.62177],[-54.5667,-27.63084],[-54.5589,-27.6224],[-54.55,-27.6199],[-54.54797,-27.61384],[-54.52073,-27.61219],[-54.50889,-27.60579],[-54.49264,-27.60527],[-54.48384,-27.60187],[-54.47872,-27.59342],[-54.44414,-27.57976],[-54.4486,-27.56565],[-54.42391,-27.54736],[-54.4413,-27.53245],[-54.44935,-27.53685],[-54.45741,-27.52733],[-54.47005,-27.52885],[-54.46761,-27.52261],[-54.47236,-27.51366],[-54.46884,-27.50963],[-54.47175,-27.49984],[-54.47822,-27.49201],[-54.47217,-27.48617],[-54.47462,-27.48123]]]},"properties":{"CD_MUN":"4313425","NM_MUN":"Novo Machado","AREA_KM2":218.836}},
{"type":"Feature","geometry":{"type":"Polygon","coordinates":[[[-53.20629,-27.60008],[-53.19887,-27.59951],[-53.19598,-27.59216],[-53.18396,-27.58774],[-53.16125,-27.59169],[-53.15667,-27.60345],[-53.14796,-27.60524],[-53.12743,-27.59234],[-53.1187,-27.5885],[-53.12723,-27.58004],[-53.12073,-27.57552],[-53.11334,-27.57969],[-53.09844,-27.5746],[-53.10128,-27.56871],[-53.11564,-27.56647],[-53.12921,-27.57237],[-53.1341,-27.56667],[-53.12664,-27.55989],[-53.12445,-27.55218],[-53.11234,-27.54829],[-53.11507,-27.5439],[-53.13068,-27.54251],[-53.12433,-27.53506],[-53.11736,-27.54066],[-53.11039,-27.53872],[-53.10947,-27.52915],[-53.13849,-27.53168],[-53.1442,-27.52249],[-53.16383,-27.5178],[-53.16424,-27.50989],[-53.18011,-27.50925],[-53.19092,-27.5199],[-53.19501,-27.52014],[-53.16986,-27.53543],[-53.17598,-27.54129],[-53.18241,-27.53518],[-53.19166,-27.53959],[-53.19609,-27.53661],[-53.20342,-27.54248],[-53.20241,-27.5494],[-53.22778,-27.56104],[-53.22014,-27.57248],[-53.23095,-27.5786],[-53.22419,-27.59189],[-53.20629,-27.60008]]]},"properties":{"CD_MUN":"4313441","NM_MUN":"Novo Tiradentes","AREA_KM2":75.428}},
{"type":"Feature","geometry":{"type":"Polygon","coordinates":[[[-53.11257,-27.75816],[-53.09846,-27.76055],[-53.08971,-27.76494],[-53.08738,-27.77005],[-53.07832,-27.77606],[-53.06592,-27.77486],[-53.06446,-27.78442],[-53.0584,-27.78934],[-53.05616,-27.79713],[-53.03894,-27.79675],[-53.01914,-27.80482],[-53.01314,-27.80309],[-53.00177,-27.79309],[-52.98443,-27.79049],[-52.98524,-27.78373],[-53.00593,-27.78725],[-53.00967,-27.78148],[-53.01667,-27.78181],[-53.01901,-27.77496],[-53.00986,-27.76622],[-53.01068,-27.76103],[-53.02481,-27.76031],[-53.02611,-27.74975],[-53.01984,-27.74578],[-53.02472,-27.73784],[-53.02459,-27.72641],[-53.03608,-27.72669],[-53.03983,-27.7051],[-53.05302,-27.69958],[-53.06263,-27.69787],[-53.06934,-27.69285],[-53.06861,-27.686],[-53.0751,-27.67515],[-53.08625,-27.67247],[-53.09993,-27.6752],[-53.10435,-27.68186],[-53.10084,-27.70035],[-53.0936,-27.70343],[-53.08647,-27.69852],[-53.07954,-27.71096],[-53.08361,-27.71467],[-53.09664,-27.71097],[-53.10433,-27.71765],[-53.09499,-27.72869],[-53.08581,-27.72333],[-53.07105,-27.72591],[-53.0875,-27.73628],[-53.09988,-27.73448],[-53.10638,-27.7401],[-53.11257,-27.75816]]]},"properties":{"CD_MUN":"4313466","NM_MUN":"Novo Xingu","AREA_KM2":79.851}},
{"type":"Feature","geometry":{"type":"Polygon","coordinates":[[[-53.06908,-27.8138],[-53.08236,-27.81631],[-53.08772,-27.82428],[-53.09739,-27.8196],[-53.10291,-27.82321],[-53.09911,-27.83455],[-53.09135,-27.83876],[-53.0946,-27.84588],[-53.11387,-27.83624],[-53.11883,-27.86296],[-53.13185,-27.87124],[-53.13586,-27.88078],[-53.14397,-27.88148],[-53.15246,-27.88659],[-53.14512,-27.8917],[-53.15411,-27.89967],[-53.16215,-27.90128],[-53.17853,-27.91391],[-53.1853,-27.90947],[-53.19663,-27.93359],[-53.18877,-27.94314],[-53.1959,-27.9483],[-53.20281,-27.96024],[-53.21136,-27.96602],[-53.20536,-27.9889],[-53.19263,-27.99379],[-53.1928,-27.98718],[-53.17989,-27.96771],[-53.17713,-27.96114],[-53.16527,-27.95558],[-53.15627,-27.94333],[-53.14341,-27.93811],[-53.12367,-27.93959],[-53.11173,-27.9356],[-53.11065,-27.93179],[-53.09199,-27.93116],[-53.08845,-27.93395],[-53.0812,-27.92173],[-53.07211,-27.92369],[-53.06713,-27.93283],[-53.07049,-27.94123],[-53.05746,-27.94163],[-53.05166,-27.93757],[-53.05741,-27.92426],[-53.05013,-27.9151],[-53.05236,-27.91097],[-53.07285,-27.91019],[-53.0812,-27.90747],[-53.09461,-27.91032],[-53.09734,-27.90053],[-53.08365,-27.90452],[-53.07393,-27.89805],[-53.04889,-27.90258],[-53.04214,-27.89519],[-53.05229,-27.89179],[-53.04917,-27.88171],[-53.05678,-27.87439],[-53.04332,-27.8718],[-53.04338,-27.8651],[-53.05679,-27.85714],[-53.06825,-27.8627],[-53.07502,-27.85646],[-53.0691,-27.85078],[-53.05142,-27.85022],[-53.05053,-27.84206],[-53.06431,-27.84454],[-53.05926,-27.8352],[-53.05722,-27.82322],[-53.04368,-27.83051],[-53.04191,-27.82183],[-53.05359,-27.81766],[-53.06125,-27.818],[-53.06908,-27.8138]]]},"properties":{"CD_MUN":"4313490","NM_MUN":"Novo Barreiro","AREA_KM2":123.344}},
{"type":"Feature","geometry":{"type":"Polygon","coordinates":[[[-50.34869,-30.05324],[-50.34651,-30.03905],[-50.33961,-30.03443],[-50.32607,-30.03625],[-50.31761,-30.03238],[-50.30686,-30.02136],[-50.2874,-30.01199],[-50.26776,-30.0007],[-50.24429,-29.9844],[-50.22965,-29.9669],[-50.22084,-29.97746],[-50.20219,-29.98118],[-50.18474,-29.99504],[-50.17738,-29.98915],[-50.15505,-29.98665],[-50.15376,-29.96545],[-50.13373,-29.95683],[-50.13636,-29.95037],[-50.1288,-29.94036],[-50.13219,-29.9345],[-50.14273,-29.92835],[-50.14678,-29.91891],[-50.1348,-29.90547],[-50.12783,-29.90718],[-50.12111,-29.89699],[-50.11391,-29.89345],[-50.10906,-29.88452],[-50.07527,-29.88447],[-50.06366,-29.86005],[-50.09603,-29.85249],[-50.10377,-29.84438],[-50.09877,-29.83677],[-50.11116,-29.83381],[-50.11212,-29.82694],[-50.10604,-29.82372],[-50.10827,-29.81556],[-50.114,-29.81074],[-50.10666,-29.80155],[-50.1076,-29.79659],[-50.11594,-29.78823],[-50.11614,-29.78574],[-50.14629,-29.78424],[-50.14523,-29.79862],[-50.15891,-29.79364],[-50.17321,-29.79396],[-50.18283,-29.77768],[-50.18231,-29.76698],[-50.1864,-29.7565],[-50.18574,-29.74405],[-50.19899,-29.73479],[-50.22334,-29.72594],[-50.23176,-29.73422],[-50.23227,-29.74834],[-50.24713,-29.7504],[-50.25591,-29.75712],[-50.25198,-29.7767],[-50.25665,-29.78531],[-50.25356,-29.8017],[-50.26453,-29.82591],[-50.27617,-29.83478],[-50.27515,-29.8407],[-50.28139,-29.85918],[-50.29817,-29.85035],[-50.30892,-29.8482],[-50.32267,-29.85539],[-50.33379,-29.85397],[-50.33931,-29.84943],[-50.35134,-29.84864],[-50.35572,-29.84001],[-50.37248,-29.85827],[-50.37264,-29.88405],[-50.3861,-29.8849],[-50.39915,-29.97173],[-50.4083,-29.97941],[-50.41795,-29.98284],[-50.43979,-30.00258],[-50.45953,-30.01676],[-50.45962,-30.02325],[-50.46508,-30.02855],[-50.4581,-30.0369],[-50.45657,-30.05172],[-50.41881,-30.09654],[-50.41519,-30.10283],[-50.39491,-30.09411],[-50.38576,-30.09509],[-50.37893,-30.08081],[-50.36698,-30.0759],[-50.36379,-30.06351],[-50.34869,-30.05324]]]},"properties":{"CD_MUN":"4313508","NM_MUN":"Osório","AREA_KM2":663.878}},
{"type":"Feature","geometry":{"type":"Polygon","coordinates":[[[-51.70096,-27.68991],[-51.70557,-27.68644],[-51.72269,-27.68364],[-51.73664,-27.66713],[-51.74275,-27.66992],[-51.75465,-27.66716],[-51.76651,-27.66757],[-51.84291,-27.67664],[-51.84344,-27.67576],[-51.89277,-27.67905],[-51.88016,-27.68328],[-51.87408,-27.6891],[-51.87527,-27.69406],[-51.89037,-27.697],[-51.89296,-27.70193],[-51.87775,-27.71476],[-51.88103,-27.71978],[-51.87537,-27.72855],[-51.85695,-27.75011],[-51.8334,-27.75341],[-51.82788,-27.75882],[-51.77681,-27.76028],[-51.77686,-27.76565],[-51.76228,-27.76852],[-51.75425,-27.7675],[-51.74548,-27.77471],[-51.75192,-27.78153],[-51.75095,-27.78942],[-51.744,-27.79682],[-51.7365,-27.79849],[-51.73457,-27.80544],[-51.71502,-27.80705],[-51.71725,-27.77329],[-51.71403,-27.76631],[-51.70249,-27.75818],[-51.70268,-27.75344],[-51.69215,-27.74236],[-51.67334,-27.73331],[-51.67461,-27.72979],[-51.69599,-27.71929],[-51.70896,-27.70368],[-51.70543,-27.69191],[-51.70096,-27.68991]]]},"properties":{"CD_MUN":"4313607","NM_MUN":"Paim Filho","AREA_KM2":182.115}},
{"type":"Feature","geometry":{"type":"Polygon","coordinates":[[[-50.33426,-30.5008],[-50.32072,-30.47687],[-50.30606,-30.44712],[-50.28944,-30.40527],[-50.2777,-30.37123],[-50.2519,-30.30488],[-50.28938,-30.29143],[-50.29074,-30.2831],[-50.28095,-30.27172],[-50.2891,-30.2614],[-50.28389,-30.25278],[-50.28321,-30.24224],[-50.26899,-30.24054],[-50.26211,-30.23693],[-50.26864,-30.23116],[-50.269,-30.22239],[-50.29191,-30.21395],[-50.34148,-30.20305],[-50.35691,-30.19676],[-50.36276,-30.20555],[-50.38046,-30.2111],[-50.3903,-30.21106],[-50.40513,-30.21622],[-50.41226,-30.20989],[-50.43137,-30.20995],[-50.44594,-30.20129],[-50.45645,-30.20427],[-50.47164,-30.2051],[-50.47706,-30.20165],[-50.49123,-30.20983],[-50.51017,-30.21453],[-50.52438,-30.22205],[-50.52932,-30.20926],[-50.53733,-30.20294],[-50.54132,-30.20779],[-50.54354,-30.23824],[-50.54263,-30.25233],[-50.53778,-30.27387],[-50.54383,-30.28195],[-50.54301,-30.29992],[-50.55538,-30.31683],[-50.55544,-30.32206],[-50.54626,-30.33122],[-50.5437,-30.34215],[-50.54532,-30.35598],[-50.55366,-30.37157],[-50.56564,-30.38791],[-50.56747,-30.39571],[-50.56292,-30.40969],[-50.56704,-30.4297],[-50.56451,-30.43758],[-50.56867,-30.45842],[-50.5745,-30.46432],[-50.57133,-30.47106],[-50.57442,-30.48148],[-50.58266,-30.49014],[-50.59714,-30.49089],[-50.6111,-30.48571],[-50.61452,-30.48203],[-50.64042,-30.4634],[-50.64922,-30.45361],[-50.65317,-30.44305],[-50.65643,-30.42626],[-50.65373,-30.41749],[-50.63329,-30.40618],[-50.62198,-30.41216],[-50.61965,-30.40672],[-50.61175,-30.40527],[-50.60394,-30.3996],[-50.5931,-30.40034],[-50.59673,-30.39102],[-50.61859,-30.36066],[-50.62642,-30.34369],[-50.62592,-30.32959],[-50.63257,-30.33251],[-50.63562,-30.341],[-50.6338,-30.357],[-50.63097,-30.36143],[-50.63212,-30.37489],[-50.62964,-30.39153],[-50.64344,-30.39592],[-50.65338,-30.38967],[-50.67963,-30.36882],[-50.6867,-30.35684],[-50.69365,-30.35169],[-50.70558,-30.34763],[-50.70846,-30.35386],[-50.71862,-30.35307],[-50.72192,-30.36395],[-50.72949,-30.36814],[-50.72478,-30.38397],[-50.71287,-30.40063],[-50.70051,-30.42476],[-50.69638,-30.4411],[-50.68643,-30.5008],[-50.45702,-30.50091],[-50.33426,-30.5008]]]},"properties":{"CD_MUN":"4313656","NM_MUN":"Palmares do Sul","AREA_KM2":949.201}},
{"type":"Feature","geometry":{"type":"Polygon","coordinates":[[[-53.19263,-27.99379],[-53.20536,-27.9889],[-53.21136,-27.96602],[-53.20281,-27.96024],[-53.1959,-27.9483],[-53.18877,-27.94314],[-53.19663,-27.93359],[-53.1853,-27.90947],[-53.17853,-27.91391],[-53.16215,-27.90128],[-53.15411,-27.89967],[-53.14512,-27.8917],[-53.15246,-27.88659],[-53.14397,-27.88148],[-53.13586,-27.88078],[-53.13185,-27.87124],[-53.11883,-27.86296],[-53.11387,-27.83624],[-53.13645,-27.83182],[-53.14032,-27.82796],[-53.15577,-27.82592],[-53.16392,-27.83111],[-53.17379,-27.82749],[-53.18509,-27.82702],[-53.19234,-27.82949],[-53.19631,-27.82055],[-53.20328,-27.82008],[-53.2029,-27.80348],[-53.21056,-27.80594],[-53.2433,-27.82549],[-53.25772,-27.83512],[-53.26843,-27.83844],[-53.2751,-27.82579],[-53.27345,-27.82056],[-53.27841,-27.78852],[-53.29251,-27.76403],[-53.29221,-27.75458],[-53.29764,-27.76071],[-53.30841,-27.76688],[-53.32634,-27.80034],[-53.33847,-27.79535],[-53.34637,-27.80363],[-53.3611,-27.80679],[-53.36774,-27.80002],[-53.36331,-27.78645],[-53.35772,-27.78366],[-53.36176,-27.77503],[-53.3703,-27.7709],[-53.38362,-27.76876],[-53.38946,-27.77108],[-53.392,-27.75734],[-53.391,-27.743],[-53.38525,-27.73603],[-53.3878,-27.72778],[-53.39851,-27.72199],[-53.39485,-27.71423],[-53.39827,-27.69672],[-53.39181,-27.69068],[-53.39771,-27.69258],[-53.42052,-27.69218],[-53.43419,-27.70598],[-53.42788,-27.70953],[-53.42348,-27.71722],[-53.42858,-27.72762],[-53.44675,-27.74673],[-53.45115,-27.74657],[-53.45964,-27.75583],[-53.46964,-27.747],[-53.48876,-27.73821],[-53.4996,-27.74138],[-53.52154,-27.73488],[-53.53988,-27.73622],[-53.54169,-27.73287],[-53.56051,-27.74381],[-53.57047,-27.74869],[-53.57542,-27.75478],[-53.56465,-27.75643],[-53.55758,-27.76594],[-53.54806,-27.77105],[-53.54332,-27.78131],[-53.53073,-27.78601],[-53.53584,-27.79101],[-53.52491,-27.7954],[-53.52594,-27.80258],[-53.5201,-27.81214],[-53.51195,-27.81715],[-53.51482,-27.82259],[-53.52335,-27.82676],[-53.51597,-27.83313],[-53.51863,-27.84363],[-53.52287,-27.84645],[-53.52911,-27.86642],[-53.54137,-27.88209],[-53.5458,-27.89403],[-53.55403,-27.89491],[-53.55584,-27.88532],[-53.5638,-27.88971],[-53.56804,-27.90145],[-53.57314,-27.90695],[-53.58612,-27.91312],[-53.59422,-27.91435],[-53.60699,-27.92612],[-53.61429,-27.93906],[-53.62415,-27.94538],[-53.62239,-27.95482],[-53.61001,-27.95881],[-53.61956,-27.96586],[-53.61884,-27.98159],[-53.60628,-27.9806],[-53.59208,-27.98646],[-53.5681,-28.00137],[-53.56799,-28.01999],[-53.58555,-28.03909],[-53.56774,-28.04102],[-53.55724,-28.05689],[-53.5431,-28.0622],[-53.52684,-28.06588],[-53.54023,-28.08417],[-53.52968,-28.08741],[-53.52959,-28.09465],[-53.52077,-28.09906],[-53.52063,-28.11216],[-53.51159,-28.13236],[-53.51177,-28.1449],[-53.50712,-28.14673],[-53.49,-28.12264],[-53.48469,-28.10287],[-53.47597,-28.09497],[-53.47588,-28.08814],[-53.46489,-28.07993],[-53.45541,-28.07789],[-53.43137,-28.07956],[-53.41179,-28.08741],[-53.41165,-28.10141],[-53.41755,-28.10765],[-53.41766,-28.11576],[-53.40587,-28.12253],[-53.403,-28.13623],[-53.39238,-28.13789],[-53.3812,-28.13398],[-53.37422,-28.13518],[-53.35868,-28.12797],[-53.35297,-28.12875],[-53.35,-28.15553],[-53.34264,-28.15914],[-53.3462,-28.17015],[-53.33538,-28.16635],[-53.33185,-28.17412],[-53.32172,-28.17444],[-53.31499,-28.17875],[-53.31505,-28.19265],[-53.3115,-28.19509],[-53.31056,-28.19169],[-53.2978,-28.18217],[-53.29148,-28.17156],[-53.28141,-28.16684],[-53.27365,-28.16813],[-53.26859,-28.16307],[-53.25556,-28.16436],[-53.25773,-28.1581],[-53.24848,-28.14605],[-53.24916,-28.14229],[-53.2626,-28.1329],[-53.26915,-28.12564],[-53.27333,-28.11379],[-53.28012,-28.10912],[-53.28778,-28.11015],[-53.29816,-28.09373],[-53.30172,-28.0809],[-53.28885,-28.07731],[-53.28416,-28.0795],[-53.26053,-28.07885],[-53.24727,-28.07159],[-53.23849,-28.07156],[-53.22855,-28.07933],[-53.20891,-28.07402],[-53.19775,-28.06587],[-53.18764,-28.05368],[-53.19103,-28.04514],[-53.20891,-28.03887],[-53.21894,-28.03936],[-53.22927,-28.03529],[-53.24179,-28.02428],[-53.24488,-28.01141],[-53.23804,-28.00298],[-53.22334,-28.00077],[-53.19263,-27.99379]]]},"properties":{"CD_MUN":"4313706","NM_MUN":"Palmeira das Missões","AREA_KM2":1421.101}},
{"type":"Feature","geometry":{"type":"Polygon","coordinates":[[[-53.64157,-27.3424],[-53.63679,-27.34715],[-53.64872,-27.35438],[-53.64776,-27.35879],[-53.63773,-27.36134],[-53.6307,-27.35518],[-53.62578,-27.36297],[-53.62654,-27.37097],[-53.62317,-27.38737],[-53.61609,-27.38826],[-53.61178,-27.37127],[-53.59945,-27.37222],[-53.6035,-27.38876],[-53.59297,-27.39275],[-53.58964,-27.38173],[-53.57202,-27.39112],[-53.55625,-27.38967],[-53.55078,-27.39441],[-53.53704,-27.39271],[-53.53198,-27.38745],[-53.5313,-27.38373],[-53.513,-27.3744],[-53.5124,-27.36576],[-53.52277,-27.34725],[-53.52809,-27.34107],[-53.53813,-27.33656],[-53.54038,-27.32534],[-53.54498,-27.3214],[-53.54078,-27.31333],[-53.54613,-27.30835],[-53.54167,-27.30356],[-53.54906,-27.29711],[-53.54718,-27.27131],[-53.55641,-27.26909],[-53.5553,-27.26136],[-53.55951,-27.25671],[-53.56142,-27.24513],[-53.59272,-27.26943],[-53.59467,-27.27421],[-53.60547,-27.27798],[-53.61338,-27.28506],[-53.63171,-27.27581],[-53.63962,-27.26122],[-53.64358,-27.26854],[-53.64599,-27.28078],[-53.65616,-27.28175],[-53.6459,-27.29169],[-53.64796,-27.29995],[-53.65711,-27.29891],[-53.66256,-27.30297],[-53.6627,-27.31591],[-53.63855,-27.33098],[-53.65269,-27.33433],[-53.65283,-27.33921],[-53.64157,-27.3424]]]},"properties":{"CD_MUN":"4313805","NM_MUN":"Palmitinho","AREA_KM2":144.181}},
{"type":"Feature","geometry":{"type":"Polygon","coordinates":[[[-53.65949,-28.3194],[-53.65702,-28.32633],[-53.64382,-28.32996],[-53.64017,-28.34115],[-53.62497,-28.36163],[-53.61603,-28.36311],[-53.61127,-28.36949],[-53.61005,-28.38104],[-53.58875,-28.38154],[-53.58489,-28.38812],[-53.57472,-28.39123],[-53.56866,-28.39698],[-53.55602,-28.40027],[-53.54601,-28.40676],[-53.54403,-28.4008],[-53.55306,-28.38786],[-53.54642,-28.3763],[-53.53279,-28.37741],[-53.52521,-28.38385],[-53.51876,-28.38073],[-53.51052,-28.3851],[-53.51101,-28.39672],[-53.49173,-28.3898],[-53.48307,-28.39075],[-53.48193,-28.40529],[-53.4763,-28.41197],[-53.48131,-28.42115],[-53.48118,-28.44089],[-53.49292,-28.45864],[-53.49207,-28.46934],[-53.49468,-28.47689],[-53.48023,-28.48804],[-53.47388,-28.48734],[-53.46027,-28.49132],[-53.44315,-28.47553],[-53.42931,-28.44933],[-53.41787,-28.44745],[-53.41205,-28.43847],[-53.41063,-28.43045],[-53.41791,-28.41201],[-53.40606,-28.41169],[-53.40389,-28.40621],[-53.37317,-28.38675],[-53.40054,-28.24228],[-53.40798,-28.24501],[-53.43071,-28.23867],[-53.43385,-28.24246],[-53.44563,-28.24545],[-53.4513,-28.24279],[-53.45324,-28.23458],[-53.46462,-28.24398],[-53.46742,-28.23452],[-53.47626,-28.23101],[-53.49185,-28.23097],[-53.49944,-28.22804],[-53.5049,-28.22038],[-53.51441,-28.22051],[-53.52342,-28.22421],[-53.52939,-28.2345],[-53.53608,-28.22644],[-53.54806,-28.23278],[-53.55288,-28.24297],[-53.56248,-28.24395],[-53.57618,-28.24022],[-53.58387,-28.24634],[-53.59441,-28.23683],[-53.60035,-28.24842],[-53.60888,-28.24863],[-53.61668,-28.25481],[-53.61464,-28.26013],[-53.62517,-28.26445],[-53.62681,-28.27345],[-53.63894,-28.27043],[-53.64071,-28.25771],[-53.64548,-28.26284],[-53.64485,-28.27347],[-53.65319,-28.2704],[-53.65895,-28.28156],[-53.67275,-28.27137],[-53.67763,-28.27375],[-53.67651,-28.28272],[-53.68063,-28.28666],[-53.68875,-28.27856],[-53.69465,-28.28678],[-53.70542,-28.27968],[-53.7098,-28.28848],[-53.72168,-28.28742],[-53.71318,-28.29793],[-53.70734,-28.29962],[-53.7006,-28.29308],[-53.68354,-28.30219],[-53.668,-28.30099],[-53.66951,-28.30756],[-53.65963,-28.31032],[-53.65949,-28.3194]]]},"properties":{"CD_MUN":"4313904","NM_MUN":"Panambi","AREA_KM2":491.57}},
{"type":"Feature","geometry":{"type":"Polygon","coordinates":[[[-52.34294,-30.35901],[-52.33394,-30.35982],[-52.32414,-30.3563],[-52.31938,-30.34675],[-52.30673,-30.34484],[-52.30559,-30.33677],[-52.29033,-30.34711],[-52.28874,-30.35642],[-52.27763,-30.36805],[-52.26883,-30.36888],[-52.26368,-30.37349],[-52.26123,-30.38272],[-52.26388,-30.39266],[-52.2567,-30.40266],[-52.25878,-30.4063],[-52.25121,-30.41343],[-52.25215,-30.41795],[-52.23285,-30.42696],[-52.23479,-30.43342],[-52.21278,-30.44781],[-52.19174,-30.4452],[-52.18545,-30.44867],[-52.16939,-30.44198],[-52.15872,-30.44273],[-52.16387,-30.4294],[-52.17356,-30.42148],[-52.17439,-30.40826],[-52.17979,-30.38638],[-52.17804,-30.37824],[-52.17096,-30.37053],[-52.16362,-30.35012],[-52.15893,-30.34551],[-52.16023,-30.33783],[-52.15353,-30.33458],[-52.16319,-30.32224],[-52.16947,-30.32151],[-52.17521,-30.3152],[-52.18711,-30.29446],[-52.18581,-30.28833],[-52.19422,-30.2843],[-52.20453,-30.27398],[-52.20323,-30.26689],[-52.20976,-30.2596],[-52.22445,-30.25589],[-52.23222,-30.26251],[-52.24366,-30.26215],[-52.25365,-30.26971],[-52.26646,-30.26951],[-52.27782,-30.26355],[-52.27873,-30.25245],[-52.273,-30.24373],[-52.27605,-30.23199],[-52.28575,-30.21851],[-52.28426,-30.2078],[-52.27977,-30.20152],[-52.27989,-30.18756],[-52.29408,-30.16972],[-52.29428,-30.15631],[-52.27974,-30.14787],[-52.26787,-30.15103],[-52.2568,-30.14622],[-52.26581,-30.14156],[-52.28443,-30.13705],[-52.29467,-30.13756],[-52.30744,-30.14304],[-52.32753,-30.14349],[-52.33327,-30.15037],[-52.33137,-30.16114],[-52.34168,-30.15895],[-52.35103,-30.14175],[-52.36351,-30.13338],[-52.37733,-30.12788],[-52.37259,-30.11409],[-52.37806,-30.10247],[-52.3872,-30.08909],[-52.38715,-30.08421],[-52.4094,-30.08694],[-52.41769,-30.08153],[-52.43168,-30.08998],[-52.44071,-30.09117],[-52.44806,-30.08696],[-52.47154,-30.09261],[-52.48909,-30.09083],[-52.48901,-30.09864],[-52.47608,-30.10151],[-52.47515,-30.10538],[-52.49494,-30.1122],[-52.5071,-30.10787],[-52.50932,-30.09377],[-52.52466,-30.10146],[-52.52007,-30.11813],[-52.52627,-30.12248],[-52.54484,-30.14573],[-52.54396,-30.15509],[-52.55319,-30.16292],[-52.55796,-30.17214],[-52.5521,-30.18979],[-52.53708,-30.19333],[-52.53825,-30.20537],[-52.53203,-30.21853],[-52.53744,-30.24782],[-52.53368,-30.25287],[-52.53128,-30.27239],[-52.51724,-30.28377],[-52.5173,-30.29195],[-52.51327,-30.30061],[-52.50744,-30.30481],[-52.50523,-30.31403],[-52.51082,-30.32624],[-52.5071,-30.34133],[-52.50907,-30.35216],[-52.5015,-30.36235],[-52.4189,-30.36298],[-52.41436,-30.37561],[-52.40221,-30.3808],[-52.39343,-30.37658],[-52.38446,-30.37674],[-52.36872,-30.36446],[-52.35699,-30.36202],[-52.35124,-30.35799],[-52.34294,-30.35901]]]},"properties":{"CD_MUN":"4313953","NM_MUN":"Pantano Grande","AREA_KM2":841.225}},
{"type":"Feature","geometry":{"type":"Polygon","coordinates":[[[-51.83959,-28.65196],[-51.83131,-28.65844],[-51.81873,-28.64988],[-51.79907,-28.65291],[-51.78967,-28.63891],[-51.7786,-28.63091],[-51.77366,-28.63508],[-51.75615,-28.63612],[-51.73015,-28.62842],[-51.71808,-28.60993],[-51.70659,-28.60965],[-51.70796,-28.59241],[-51.71237,-28.58495],[-51.72832,-28.57472],[-51.72726,-28.56631],[-51.74044,-28.54859],[-51.74696,-28.55198],[-51.74907,-28.56051],[-51.76553,-28.5581],[-51.78367,-28.55195],[-51.79333,-28.5459],[-51.79737,-28.53211],[-51.80281,-28.53775],[-51.81409,-28.55207],[-51.80865,-28.55701],[-51.8265,-28.57285],[-51.84037,-28.5776],[-51.83684,-28.5826],[-51.84467,-28.58934],[-51.85365,-28.59043],[-51.85914,-28.59739],[-51.86478,-28.59321],[-51.86744,-28.61087],[-51.85775,-28.60663],[-51.85496,-28.61526],[-51.85643,-28.62834],[-51.86289,-28.63575],[-51.85314,-28.63762],[-51.85282,-28.64361],[-51.84091,-28.64758],[-51.83959,-28.65196]]]},"properties":{"CD_MUN":"4314001","NM_MUN":"Paraí","AREA_KM2":121.745}},
{"type":"Feature","geometry":{"type":"Polygon","coordinates":[[[-53.05813,-29.56959],[-53.06882,-29.56456],[-53.07289,-29.55946],[-53.08306,-29.55806],[-53.0993,-29.5591],[-53.13653,-29.55907],[-53.13667,-29.60822],[-53.14525,-29.60818],[-53.15053,-29.61256],[-53.15069,-29.62655],[-53.1541,-29.63258],[-53.18683,-29.63196],[-53.18756,-29.66966],[-53.20386,-29.66947],[-53.20413,-29.69326],[-53.2133,-29.70154],[-53.20818,-29.71074],[-53.20995,-29.71959],[-53.22083,-29.73058],[-53.2169,-29.7394],[-53.2093,-29.74551],[-53.20897,-29.75884],[-53.19778,-29.76488],[-53.18539,-29.76694],[-53.17601,-29.76348],[-53.17455,-29.76973],[-53.16114,-29.78016],[-53.16573,-29.78925],[-53.16513,-29.80012],[-53.16132,-29.81289],[-53.12006,-29.83504],[-53.1095,-29.85218],[-53.10016,-29.84108],[-53.09705,-29.8214],[-53.0898,-29.81194],[-53.08911,-29.8004],[-53.07851,-29.79362],[-53.06643,-29.78783],[-53.06423,-29.77691],[-53.05567,-29.76864],[-53.06013,-29.74965],[-53.06848,-29.72781],[-53.06625,-29.71884],[-53.05069,-29.69748],[-53.04198,-29.67534],[-53.04353,-29.65711],[-53.05544,-29.65483],[-53.04728,-29.6484],[-53.04827,-29.63623],[-53.04436,-29.63381],[-53.06125,-29.60484],[-53.05482,-29.57618],[-53.05813,-29.56959]]]},"properties":{"CD_MUN":"4314027","NM_MUN":"Paraíso do Sul","AREA_KM2":337.534}},
{"type":"Feature","geometry":{"type":"Polygon","coordinates":[[[-51.39159,-29.6531],[-51.39243,-29.63798],[-51.38888,-29.63099],[-51.37812,-29.63034],[-51.38285,-29.62262],[-51.38282,-29.60043],[-51.38694,-29.59412],[-51.38665,-29.58364],[-51.41387,-29.57607],[-51.40674,-29.59071],[-51.42404,-29.5883],[-51.42891,-29.57983],[-51.42247,-29.57292],[-51.44217,-29.57119],[-51.45406,-29.56344],[-51.462,-29.56897],[-51.46121,-29.57719],[-51.46978,-29.58304],[-51.46507,-29.59879],[-51.45924,-29.60927],[-51.46872,-29.61782],[-51.4671,-29.62137],[-51.45176,-29.6277],[-51.42817,-29.63424],[-51.42807,-29.65311],[-51.41734,-29.66133],[-51.40991,-29.65758],[-51.39687,-29.65795],[-51.39159,-29.6531]]]},"properties":{"CD_MUN":"4314035","NM_MUN":"Pareci Novo","AREA_KM2":57.485}},
{"type":"Feature","geometry":{"type":"Polygon","coordinates":[[[-50.80596,-29.61743],[-50.80963,-29.61517],[-50.81581,-29.59844],[-50.83145,-29.60341],[-50.837,-29.5924],[-50.85655,-29.58443],[-50.85942,-29.60791],[-50.88048,-29.63672],[-50.89229,-29.63075],[-50.90599,-29.63138],[-50.9045,-29.63776],[-50.90744,-29.64948],[-50.92274,-29.66045],[-50.92774,-29.66742],[-50.92656,-29.67557],[-50.91797,-29.68759],[-50.89773,-29.69768],[-50.88786,-29.70077],[-50.87618,-29.69472],[-50.87306,-29.70303],[-50.87877,-29.71236],[-50.87142,-29.71998],[-50.86904,-29.7297],[-50.8554,-29.72535],[-50.85537,-29.71722],[-50.83973,-29.72475],[-50.83912,-29.71396],[-50.82835,-29.69942],[-50.82348,-29.6851],[-50.81128,-29.68596],[-50.79964,-29.67868],[-50.7963,-29.66767],[-50.80679,-29.6508],[-50.80076,-29.64346],[-50.8095,-29.62574],[-50.80596,-29.61743]]]},"properties":{"CD_MUN":"4314050","NM_MUN":"Parobé","AREA_KM2":108.707}},
{"type":"Feature","geometry":{"type":"Polygon","coordinates":[[[-52.7982,-29.4955],[-52.79674,-29.48941],[-52.78055,-29.46368],[-52.7792,-29.4495],[-52.77374,-29.44269],[-52.77518,-29.43819],[-52.77008,-29.42369],[-52.76185,-29.42008],[-52.76717,-29.41404],[-52.75783,-29.40492],[-52.76421,-29.40024],[-52.75942,-29.39531],[-52.75718,-29.37966],[-52.74965,-29.3728],[-52.75424,-29.3642],[-52.77596,-29.35169],[-52.77941,-29.34249],[-52.78537,-29.33655],[-52.81597,-29.3159],[-52.82047,-29.31626],[-52.82451,-29.32747],[-52.81904,-29.34487],[-52.81389,-29.34826],[-52.8151,-29.36599],[-52.82242,-29.3657],[-52.82511,-29.3596],[-52.83298,-29.36121],[-52.85147,-29.37808],[-52.85076,-29.38634],[-52.93859,-29.39493],[-52.93715,-29.41005],[-52.9501,-29.40779],[-52.96365,-29.41252],[-52.96373,-29.42253],[-52.97528,-29.42936],[-52.98308,-29.43804],[-52.99048,-29.43502],[-53.01253,-29.45363],[-53.01444,-29.46398],[-53.0027,-29.47069],[-52.99977,-29.47546],[-52.98851,-29.48054],[-52.98037,-29.48905],[-52.97282,-29.50091],[-52.97265,-29.51009],[-52.96367,-29.51046],[-52.96247,-29.51554],[-52.94263,-29.5204],[-52.92222,-29.51475],[-52.89383,-29.51446],[-52.88754,-29.50942],[-52.84903,-29.51155],[-52.84399,-29.50825],[-52.80124,-29.50271],[-52.7982,-29.4955]]]},"properties":{"CD_MUN":"4314068","NM_MUN":"Passa Sete","AREA_KM2":304.266}},
{"type":"Feature","geometry":{"type":"Polygon","coordinates":[[[-52.12037,-29.72378],[-52.13001,-29.71977],[-52.13725,-29.71252],[-52.15626,-29.70445],[-52.16568,-29.69376],[-52.16609,-29.68624],[-52.17201,-29.67701],[-52.18345,-29.66978],[-52.19964,-29.66906],[-52.21004,-29.66636],[-52.2303,-29.6765],[-52.23541,-29.68958],[-52.24386,-29.69696],[-52.25426,-29.69702],[-52.2601,-29.70238],[-52.26886,-29.69971],[-52.27624,-29.69312],[-52.27523,-29.68699],[-52.28087,-29.68222],[-52.29885,-29.67457],[-52.3093,-29.67702],[-52.31885,-29.6842],[-52.3185,-29.6963],[-52.31453,-29.70787],[-52.3308,-29.71753],[-52.33539,-29.72911],[-52.33276,-29.73821],[-52.32269,-29.74844],[-52.3284,-29.7559],[-52.31996,-29.7603],[-52.32028,-29.77208],[-52.31752,-29.78329],[-52.30723,-29.79185],[-52.3045,-29.80874],[-52.32005,-29.80983],[-52.31605,-29.81482],[-52.31308,-29.82734],[-52.31415,-29.8355],[-52.3135,-29.86007],[-52.30636,-29.87249],[-52.29699,-29.8728],[-52.28665,-29.86893],[-52.26959,-29.8664],[-52.25362,-29.85034],[-52.24312,-29.84809],[-52.22954,-29.84064],[-52.21272,-29.84136],[-52.17802,-29.82669],[-52.18671,-29.81627],[-52.20427,-29.80965],[-52.20352,-29.80354],[-52.21257,-29.78975],[-52.22833,-29.78414],[-52.23261,-29.7754],[-52.21639,-29.76959],[-52.20722,-29.77048],[-52.20396,-29.765],[-52.18564,-29.75761],[-52.17928,-29.76804],[-52.16772,-29.76089],[-52.14189,-29.75318],[-52.13626,-29.74891],[-52.13593,-29.73407],[-52.12037,-29.72378]]]},"properties":{"CD_MUN":"4314076","NM_MUN":"Passo do Sobrado","AREA_KM2":265.133}},
{"type":"Feature","geometry":{"type":"Polygon","coordinates":[[[-52.21373,-28.35279],[-52.23573,-28.34232],[-52.24386,-28.33098],[-52.25801,-28.32922],[-52.28048,-28.32304],[-52.30509,-28.30167],[-52.29651,-28.28985],[-52.29498,-28.28099],[-52.28925,-28.27863],[-52.28717,-28.26808],[-52.27234,-28.26321],[-52.26824,-28.2542],[-52.26711,-28.24129],[-52.27716,-28.22831],[-52.28606,-28.22997],[-52.28851,-28.20405],[-52.29788,-28.19979],[-52.30339,-28.19159],[-52.31485,-28.19607],[-52.32783,-28.19675],[-52.33597,-28.20063],[-52.35315,-28.19397],[-52.3679,-28.19178],[-52.38047,-28.18516],[-52.39789,-28.18872],[-52.41073,-28.17488],[-52.44062,-28.17507],[-52.44898,-28.17109],[-52.46508,-28.16759],[-52.48649,-28.13569],[-52.4817,-28.12691],[-52.48945,-28.12014],[-52.49814,-28.12925],[-52.51727,-28.13326],[-52.53108,-28.13845],[-52.54013,-28.12882],[-52.55422,-28.12575],[-52.55914,-28.12774],[-52.57118,-28.12363],[-52.57683,-28.12677],[-52.58776,-28.1417],[-52.59983,-28.15103],[-52.6181,-28.1575],[-52.63027,-28.1665],[-52.63159,-28.17018],[-52.6361,-28.18052],[-52.63771,-28.19128],[-52.61746,-28.20407],[-52.60754,-28.20564],[-52.60347,-28.22005],[-52.60813,-28.23382],[-52.61509,-28.23263],[-52.62678,-28.2399],[-52.6284,-28.25054],[-52.63602,-28.25117],[-52.65463,-28.26459],[-52.65746,-28.2613],[-52.67346,-28.27022],[-52.66099,-28.27315],[-52.65149,-28.2787],[-52.64832,-28.28792],[-52.63426,-28.30073],[-52.61832,-28.30368],[-52.61288,-28.29592],[-52.59353,-28.30396],[-52.59047,-28.30986],[-52.59665,-28.31876],[-52.60073,-28.33268],[-52.5925,-28.33463],[-52.58284,-28.32724],[-52.57231,-28.327],[-52.56656,-28.32075],[-52.55699,-28.32159],[-52.55019,-28.33527],[-52.53047,-28.33884],[-52.52238,-28.34957],[-52.51514,-28.35018],[-52.51584,-28.35752],[-52.50802,-28.37257],[-52.51051,-28.38883],[-52.50823,-28.39118],[-52.51035,-28.40547],[-52.5068,-28.41225],[-52.4894,-28.39582],[-52.46885,-28.38796],[-52.46152,-28.37983],[-52.4451,-28.394],[-52.44367,-28.40416],[-52.43771,-28.3963],[-52.42116,-28.4048],[-52.41427,-28.39749],[-52.40335,-28.39772],[-52.40007,-28.38809],[-52.39538,-28.38614],[-52.38598,-28.39121],[-52.38376,-28.38127],[-52.37285,-28.37685],[-52.36171,-28.37964],[-52.35687,-28.38635],[-52.34584,-28.38804],[-52.34173,-28.39396],[-52.32078,-28.39711],[-52.3053,-28.39409],[-52.29512,-28.38927],[-52.2961,-28.37055],[-52.3096,-28.36109],[-52.30893,-28.3469],[-52.30397,-28.33944],[-52.29049,-28.3409],[-52.28202,-28.33494],[-52.27115,-28.34298],[-52.26903,-28.35097],[-52.25874,-28.36589],[-52.26586,-28.37213],[-52.26916,-28.38392],[-52.25086,-28.38718],[-52.25096,-28.36866],[-52.235,-28.36217],[-52.23028,-28.36558],[-52.21296,-28.36041],[-52.21373,-28.35279]]]},"properties":{"CD_MUN":"4314100","NM_MUN":"Passo Fundo","AREA_KM2":784.407}},
{"type":"Feature","geometry":{"type":"Polygon","coordinates":[[[-52.3422,-27.66097],[-52.39355,-27.66209],[-52.40949,-27.66308],[-52.44726,-27.66275],[-52.44793,-27.67405],[-52.45793,-27.67372],[-52.45796,-27.68283],[-52.47827,-27.68222],[-52.47958,-27.71802],[-52.4828,-27.71942],[-52.48117,-27.72591],[-52.4723,-27.72983],[-52.4657,-27.73725],[-52.46066,-27.73294],[-52.45417,-27.73629],[-52.44234,-27.73667],[-52.42724,-27.74562],[-52.43113,-27.75304],[-52.41958,-27.75531],[-52.42167,-27.76679],[-52.41209,-27.77312],[-52.40021,-27.77075],[-52.39918,-27.77754],[-52.38975,-27.77507],[-52.38044,-27.76648],[-52.36938,-27.75211],[-52.3604,-27.75193],[-52.34655,-27.75525],[-52.33985,-27.74795],[-52.33282,-27.75035],[-52.32755,-27.73317],[-52.32036,-27.72065],[-52.31485,-27.70495],[-52.32121,-27.70553],[-52.32159,-27.66094],[-52.3422,-27.66097]]]},"properties":{"CD_MUN":"4314134","NM_MUN":"Paulo Bento","AREA_KM2":149.669}},
{"type":"Feature","geometry":{"type":"Polygon","coordinates":[[[-51.66274,-29.5901],[-51.66336,-29.58155],[-51.665,-29.50077],[-51.69077,-29.50076],[-51.69098,-29.50829],[-51.7312,-29.50761],[-51.73273,-29.52353],[-51.76721,-29.51997],[-51.76674,-29.51699],[-51.78868,-29.51634],[-51.79368,-29.51911],[-51.8095,-29.51907],[-51.81676,-29.52937],[-51.81035,-29.5377],[-51.81121,-29.54904],[-51.79843,-29.55822],[-51.79556,-29.57371],[-51.79811,-29.57838],[-51.79889,-29.59313],[-51.79459,-29.59763],[-51.79869,-29.6142],[-51.78603,-29.61582],[-51.77636,-29.62081],[-51.77559,-29.62908],[-51.76884,-29.64186],[-51.76058,-29.64924],[-51.7511,-29.62858],[-51.74086,-29.62104],[-51.72974,-29.62373],[-51.71838,-29.62032],[-51.71381,-29.61517],[-51.7055,-29.6144],[-51.70956,-29.60176],[-51.69965,-29.60014],[-51.67918,-29.61447],[-51.67529,-29.62754],[-51.66964,-29.63163],[-51.66372,-29.64382],[-51.65876,-29.64443],[-51.65056,-29.64251],[-51.64189,-29.63577],[-51.63806,-29.62893],[-51.64454,-29.62342],[-51.65251,-29.6004],[-51.66274,-29.5901]]]},"properties":{"CD_MUN":"4314159","NM_MUN":"Paverama","AREA_KM2":171.863}},
{"type":"Feature","geometry":{"type":"Polygon","coordinates":[[[-53.62277,-31.60497],[-53.63319,-31.60668],[-53.64472,-31.60494],[-53.66877,-31.59144],[-53.68413,-31.59336],[-53.68229,-31.59921],[-53.68801,-31.61302],[-53.68737,-31.61889],[-53.6973,-31.62196],[-53.70746,-31.62911],[-53.69866,-31.64773],[-53.70179,-31.6505],[-53.71804,-31.64526],[-53.73619,-31.65123],[-53.74398,-31.65102],[-53.76126,-31.64419],[-53.77187,-31.65063],[-53.77326,-31.66252],[-53.76879,-31.66885],[-53.7713,-31.68312],[-53.76929,-31.69149],[-53.77722,-31.70022],[-53.77282,-31.70715],[-53.76436,-31.71041],[-53.76262,-31.72173],[-53.77026,-31.72749],[-53.76336,-31.73899],[-53.7705,-31.74724],[-53.78033,-31.75175],[-53.79231,-31.75298],[-53.79932,-31.76105],[-53.79934,-31.77149],[-53.80261,-31.77741],[-53.80006,-31.78749],[-53.81326,-31.80471],[-53.81998,-31.80849],[-53.83617,-31.82841],[-53.84518,-31.82724],[-53.85411,-31.83414],[-53.86725,-31.83646],[-53.87899,-31.84897],[-53.8774,-31.85917],[-53.88599,-31.8617],[-53.88912,-31.85039],[-53.91387,-31.85514],[-53.91574,-31.86335],[-53.93103,-31.87396],[-53.93288,-31.89287],[-53.93033,-31.89697],[-53.93636,-31.91152],[-53.94397,-31.9133],[-53.95269,-31.92054],[-53.95424,-31.9313],[-53.94373,-31.95101],[-53.94751,-31.95463],[-53.93225,-31.96118],[-53.91846,-31.96383],[-53.90975,-31.96996],[-53.90673,-31.97611],[-53.89948,-31.97788],[-53.89172,-31.98877],[-53.89213,-31.99539],[-53.87932,-31.99496],[-53.873,-31.99878],[-53.86639,-31.99327],[-53.85075,-32.00016],[-53.85416,-32.01039],[-53.85115,-32.02739],[-53.83815,-32.03283],[-53.8331,-32.04622],[-53.83332,-32.05514],[-53.82686,-32.0597],[-53.81493,-32.06202],[-53.804,-32.07073],[-53.79394,-32.06918],[-53.78924,-32.07221],[-53.76907,-32.07372],[-53.76384,-32.07957],[-53.74787,-32.07786],[-53.74537,-32.09144],[-53.73353,-32.09302],[-53.72563,-32.09836],[-53.71134,-32.09955],[-53.70335,-32.07621],[-53.71914,-32.06799],[-53.71557,-32.05771],[-53.71999,-32.05499],[-53.71747,-32.04588],[-53.71943,-32.03628],[-53.71559,-32.02502],[-53.71097,-32.02355],[-53.71432,-32.00053],[-53.70451,-31.99412],[-53.70191,-31.98416],[-53.69731,-31.98144],[-53.68362,-31.99003],[-53.67178,-31.99028],[-53.66821,-31.98505],[-53.65331,-31.98836],[-53.64538,-31.98275],[-53.63529,-31.98159],[-53.63666,-31.97456],[-53.64251,-31.97069],[-53.63101,-31.96],[-53.62851,-31.96645],[-53.61488,-31.9631],[-53.60515,-31.95297],[-53.59223,-31.95117],[-53.58905,-31.94269],[-53.60017,-31.92762],[-53.59527,-31.92506],[-53.59647,-31.90758],[-53.58653,-31.91279],[-53.58548,-31.92241],[-53.57846,-31.91975],[-53.55818,-31.92354],[-53.55501,-31.91791],[-53.54158,-31.9145],[-53.5356,-31.91001],[-53.5321,-31.90122],[-53.51729,-31.89805],[-53.50786,-31.88959],[-53.49259,-31.88295],[-53.48516,-31.8749],[-53.47221,-31.86809],[-53.47087,-31.86017],[-53.46088,-31.84157],[-53.45356,-31.833],[-53.44977,-31.84486],[-53.44278,-31.83881],[-53.4528,-31.81463],[-53.45248,-31.8045],[-53.465,-31.78841],[-53.46812,-31.77761],[-53.47406,-31.7709],[-53.48062,-31.76938],[-53.48765,-31.75736],[-53.49954,-31.75088],[-53.49811,-31.72529],[-53.50123,-31.70712],[-53.50128,-31.69511],[-53.49693,-31.68655],[-53.4999,-31.67384],[-53.50998,-31.67289],[-53.51801,-31.65758],[-53.51803,-31.65261],[-53.53727,-31.64451],[-53.54769,-31.64582],[-53.55358,-31.64086],[-53.56217,-31.63975],[-53.57387,-31.63418],[-53.583,-31.63814],[-53.59928,-31.63782],[-53.6059,-31.63497],[-53.61188,-31.62233],[-53.61053,-31.61856],[-53.61683,-31.60888],[-53.62277,-31.60497]]]},"properties":{"CD_MUN":"4314175","NM_MUN":"Pedras Altas","AREA_KM2":1373.985}},
{"type":"Feature","geometry":{"type":"Polygon","coordinates":[[[-53.12431,-32.00264],[-53.04289,-32.00269],[-53.03668,-32.00659],[-53.02806,-32.02134],[-53.00876,-32.0304],[-52.99417,-32.02508],[-52.97625,-32.02764],[-52.97053,-32.0319],[-52.9391,-32.03309],[-52.93618,-32.0308],[-52.90646,-32.03383],[-52.90129,-32.04022],[-52.88468,-32.04424],[-52.86816,-32.04154],[-52.85782,-32.04195],[-52.85165,-32.05297],[-52.83293,-32.05407],[-52.82213,-32.05877],[-52.80937,-32.07101],[-52.79064,-32.10623],[-52.77771,-32.09838],[-52.7855,-32.0811],[-52.78207,-32.07727],[-52.78138,-32.06354],[-52.70272,-31.95706],[-52.66276,-31.90069],[-52.66531,-31.9],[-52.67314,-31.88704],[-52.68043,-31.88231],[-52.69871,-31.87839],[-52.70762,-31.86986],[-52.72126,-31.87156],[-52.7382,-31.86716],[-52.74714,-31.87478],[-52.77361,-31.87334],[-52.78925,-31.86406],[-52.79892,-31.86345],[-52.80778,-31.85922],[-52.81235,-31.86391],[-52.82558,-31.85815],[-52.8429,-31.86154],[-52.85121,-31.86996],[-52.85696,-31.86714],[-52.86906,-31.87515],[-52.87362,-31.87457],[-52.87805,-31.88446],[-52.89746,-31.88373],[-52.90787,-31.89088],[-52.91803,-31.88781],[-52.92745,-31.88626],[-52.9385,-31.88871],[-52.95974,-31.90353],[-52.9701,-31.90479],[-52.97929,-31.90214],[-52.98694,-31.90602],[-52.99963,-31.90532],[-53.01542,-31.91199],[-53.0294,-31.91008],[-53.04597,-31.91523],[-53.05025,-31.92466],[-53.07654,-31.94321],[-53.08593,-31.94787],[-53.10115,-31.96165],[-53.10508,-31.9684],[-53.10062,-31.97349],[-53.10379,-31.98353],[-53.11047,-31.98509],[-53.11563,-31.99426],[-53.12455,-31.99639],[-53.12431,-32.00264]]]},"properties":{"CD_MUN":"4314209","NM_MUN":"Pedro Osório","AREA_KM2":603.757}},
{"type":"Feature","geometry":{"type":"Polygon","coordinates":[[[-53.70549,-28.48083],[-53.69323,-28.48254],[-53.68071,-28.48993],[-53.67484,-28.50198],[-53.66538,-28.51046],[-53.65394,-28.50258],[-53.64639,-28.5142],[-53.64029,-28.51276],[-53.60982,-28.52587],[-53.5893,-28.52604],[-53.58235,-28.52393],[-53.57279,-28.52634],[-53.56204,-28.5361],[-53.55848,-28.54559],[-53.54954,-28.54846],[-53.53702,-28.54176],[-53.52112,-28.53744],[-53.52517,-28.54918],[-53.51766,-28.56581],[-53.51289,-28.57063],[-53.49618,-28.56359],[-53.48513,-28.56686],[-53.47126,-28.55289],[-53.46398,-28.55357],[-53.4567,-28.54813],[-53.46394,-28.53686],[-53.46291,-28.52631],[-53.45277,-28.51842],[-53.44904,-28.51057],[-53.4558,-28.50218],[-53.46027,-28.49132],[-53.47388,-28.48734],[-53.48023,-28.48804],[-53.49468,-28.47689],[-53.49207,-28.46934],[-53.49292,-28.45864],[-53.48118,-28.44089],[-53.48131,-28.42115],[-53.4763,-28.41197],[-53.48193,-28.40529],[-53.48307,-28.39075],[-53.49173,-28.3898],[-53.51101,-28.39672],[-53.51052,-28.3851],[-53.51876,-28.38073],[-53.52521,-28.38385],[-53.53279,-28.37741],[-53.54642,-28.3763],[-53.55306,-28.38786],[-53.54403,-28.4008],[-53.54601,-28.40676],[-53.55602,-28.40027],[-53.56866,-28.39698],[-53.57472,-28.39123],[-53.58489,-28.38812],[-53.58875,-28.38154],[-53.61005,-28.38104],[-53.61127,-28.36949],[-53.61603,-28.36311],[-53.62497,-28.36163],[-53.64017,-28.34115],[-53.64382,-28.32996],[-53.65702,-28.32633],[-53.65949,-28.3194],[-53.65952,-28.32591],[-53.66657,-28.33159],[-53.66685,-28.34324],[-53.67602,-28.35503],[-53.67877,-28.36595],[-53.67631,-28.37611],[-53.6829,-28.39176],[-53.69437,-28.39413],[-53.70146,-28.40331],[-53.70834,-28.40185],[-53.7226,-28.40944],[-53.73507,-28.42247],[-53.74823,-28.41994],[-53.75236,-28.42349],[-53.75918,-28.43714],[-53.75955,-28.44682],[-53.74413,-28.45802],[-53.73804,-28.46722],[-53.73359,-28.46513],[-53.72294,-28.47939],[-53.71389,-28.48261],[-53.70549,-28.48083]]]},"properties":{"CD_MUN":"4314308","NM_MUN":"Pejuçara","AREA_KM2":414.106}},
{"type":"Feature","geometry":{"type":"Polygon","coordinates":[[[-52.22355,-31.78895],[-52.21899,-31.7835],[-52.22306,-31.77752],[-52.22781,-31.76031],[-52.22577,-31.7519],[-52.19855,-31.72641],[-52.16354,-31.70756],[-52.15236,-31.69934],[-52.10414,-31.68466],[-52.0769,-31.68198],[-52.05722,-31.68321],[-52.03603,-31.69579],[-52.03065,-31.69235],[-52.0212,-31.66244],[-52.01345,-31.61937],[-52.01005,-31.61416],[-52.00993,-31.59764],[-52.01345,-31.5972],[-52.02183,-31.59635],[-52.0234,-31.58971],[-52.03787,-31.58657],[-52.03987,-31.55998],[-52.06504,-31.55581],[-52.08834,-31.54985],[-52.11136,-31.55496],[-52.12023,-31.56499],[-52.13563,-31.56345],[-52.13802,-31.55683],[-52.13094,-31.55342],[-52.13537,-31.54589],[-52.14358,-31.54468],[-52.15218,-31.53437],[-52.1618,-31.53193],[-52.16694,-31.51781],[-52.17361,-31.51923],[-52.17312,-31.49842],[-52.17607,-31.49287],[-52.18808,-31.48628],[-52.21348,-31.48036],[-52.21303,-31.4585],[-52.22764,-31.44725],[-52.23802,-31.44467],[-52.25262,-31.45115],[-52.2895,-31.47465],[-52.30192,-31.47763],[-52.30883,-31.46777],[-52.309,-31.46095],[-52.30253,-31.45602],[-52.3087,-31.4404],[-52.30581,-31.43633],[-52.29075,-31.42838],[-52.28156,-31.4281],[-52.28464,-31.42],[-52.27847,-31.40574],[-52.28595,-31.40026],[-52.27737,-31.3905],[-52.28888,-31.38376],[-52.29349,-31.3759],[-52.29303,-31.36805],[-52.30119,-31.36406],[-52.3143,-31.36175],[-52.32342,-31.36282],[-52.32998,-31.35884],[-52.33812,-31.35979],[-52.36245,-31.35429],[-52.37723,-31.35673],[-52.38559,-31.35166],[-52.3996,-31.35705],[-52.4106,-31.35079],[-52.40999,-31.34283],[-52.42266,-31.33633],[-52.44752,-31.33016],[-52.45997,-31.32842],[-52.47898,-31.32218],[-52.50101,-31.32818],[-52.61216,-31.50405],[-52.60449,-31.5096],[-52.58856,-31.52757],[-52.56929,-31.54028],[-52.55649,-31.5544],[-52.54842,-31.55934],[-52.56137,-31.57026],[-52.56286,-31.57568],[-52.57172,-31.576],[-52.57125,-31.58235],[-52.58312,-31.59112],[-52.58229,-31.5984],[-52.58918,-31.60843],[-52.58546,-31.61402],[-52.5722,-31.62014],[-52.58277,-31.62958],[-52.57777,-31.63804],[-52.57534,-31.65186],[-52.56913,-31.66072],[-52.56976,-31.66576],[-52.55826,-31.67174],[-52.55436,-31.67801],[-52.56596,-31.68423],[-52.57925,-31.68192],[-52.56347,-31.68879],[-52.54914,-31.69113],[-52.53991,-31.68759],[-52.52714,-31.69535],[-52.52586,-31.70296],[-52.51594,-31.70115],[-52.50338,-31.70709],[-52.49805,-31.70524],[-52.4886,-31.70945],[-52.48284,-31.7081],[-52.4766,-31.71449],[-52.44705,-31.72226],[-52.43892,-31.72702],[-52.42971,-31.72339],[-52.42728,-31.73267],[-52.41284,-31.75131],[-52.40435,-31.75688],[-52.39693,-31.76746],[-52.3897,-31.7826],[-52.38377,-31.77956],[-52.36788,-31.78759],[-52.36608,-31.79251],[-52.37287,-31.80009],[-52.35917,-31.80016],[-52.3512,-31.79631],[-52.34456,-31.7876],[-52.3357,-31.78381],[-52.31787,-31.78226],[-52.30499,-31.77413],[-52.27489,-31.77516],[-52.25401,-31.78032],[-52.2421,-31.78641],[-52.22355,-31.78895]],[[-52.40581,-31.49497],[-52.42435,-31.48706],[-52.42524,-31.48093],[-52.43281,-31.47839],[-52.43338,-31.4666],[-52.43817,-31.46206],[-52.43805,-31.45374],[-52.44262,-31.45036],[-52.47734,-31.45421],[-52.49164,-31.45775],[-52.49113,-31.45032],[-52.48357,-31.43824],[-52.48223,-31.42669],[-52.46221,-31.42493],[-52.45218,-31.41772],[-52.44589,-31.41692],[-52.43584,-31.39549],[-52.4248,-31.39309],[-52.42086,-31.38623],[-52.42163,-31.37853],[-52.41504,-31.37756],[-52.40539,-31.39179],[-52.4002,-31.39002],[-52.37751,-31.39117],[-52.36373,-31.3773],[-52.34842,-31.37228],[-52.33996,-31.39102],[-52.34286,-31.39947],[-52.33822,-31.40991],[-52.35124,-31.41543],[-52.35324,-31.43298],[-52.33933,-31.43484],[-52.33498,-31.44087],[-52.35472,-31.44813],[-52.34399,-31.458],[-52.34685,-31.46755],[-52.34583,-31.48693],[-52.35085,-31.49089],[-52.34972,-31.50579],[-52.37626,-31.50757],[-52.40145,-31.49478],[-52.40581,-31.49497]]]},"properties":{"CD_MUN":"4314407","NM_MUN":"Pelotas","AREA_KM2":1608.78}},
{"type":"Feature","geometry":{"type":"Polygon","coordinates":[[[-51.11247,-29.51074],[-51.10613,-29.47695],[-51.0788,-29.48005],[-51.07755,-29.46517],[-51.0637,-29.46751],[-51.01246,-29.47604],[-51.0084,-29.4459],[-51.0425,-29.43944],[-51.04774,-29.44946],[-51.06076,-29.44972],[-51.06807,-29.45333],[-51.0875,-29.4503],[-51.08601,-29.443],[-51.10248,-29.43939],[-51.09676,-29.40949],[-51.11786,-29.40665],[-51.12659,-29.40162],[-51.13235,-29.41055],[-51.1275,-29.41344],[-51.13253,-29.4238],[-51.13429,-29.43726],[-51.14437,-29.44078],[-51.169,-29.43944],[-51.17342,-29.48289],[-51.17994,-29.49006],[-51.17781,-29.49411],[-51.16421,-29.49893],[-51.14438,-29.49753],[-51.14643,-29.50584],[-51.11247,-29.51074]]]},"properties":{"CD_MUN":"4314423","NM_MUN":"Picada Café","AREA_KM2":84.28}},
{"type":"Feature","geometry":{"type":"Polygon","coordinates":[[[-53.23095,-27.5786],[-53.22014,-27.57248],[-53.22778,-27.56104],[-53.20241,-27.5494],[-53.20342,-27.54248],[-53.19609,-27.53661],[-53.19166,-27.53959],[-53.18241,-27.53518],[-53.17598,-27.54129],[-53.16986,-27.53543],[-53.19501,-27.52014],[-53.19554,-27.51447],[-53.18835,-27.49425],[-53.20681,-27.48699],[-53.2123,-27.49234],[-53.2264,-27.49467],[-53.24397,-27.50273],[-53.24676,-27.49578],[-53.25063,-27.49698],[-53.2625,-27.48623],[-53.27392,-27.48117],[-53.28013,-27.48429],[-53.28255,-27.49341],[-53.28301,-27.51077],[-53.27582,-27.51799],[-53.27023,-27.52463],[-53.26646,-27.55998],[-53.26175,-27.57149],[-53.25531,-27.58059],[-53.2562,-27.58476],[-53.24264,-27.58681],[-53.23095,-27.5786]]]},"properties":{"CD_MUN":"4314456","NM_MUN":"Pinhal","AREA_KM2":68.222}},
{"type":"Feature","geometry":{"type":"Polygon","coordinates":[[[-51.05667,-27.88675],[-51.05321,-27.87391],[-51.05482,-27.86713],[-51.07389,-27.86414],[-51.07859,-27.8616],[-51.07656,-27.84185],[-51.08223,-27.83393],[-51.09827,-27.82742],[-51.12104,-27.83257],[-51.13106,-27.83009],[-51.12931,-27.82289],[-51.13461,-27.80366],[-51.15427,-27.80384],[-51.16005,-27.80147],[-51.18777,-27.7777],[-51.19242,-27.77588],[-51.20938,-27.77747],[-51.21955,-27.77005],[-51.22625,-27.77118],[-51.23174,-27.77792],[-51.24013,-27.77902],[-51.2456,-27.77027],[-51.24555,-27.76145],[-51.25678,-27.75443],[-51.27197,-27.75174],[-51.27461,-27.74848],[-51.27295,-27.73425],[-51.27423,-27.72585],[-51.2825,-27.72299],[-51.29369,-27.72549],[-51.30881,-27.71946],[-51.30415,-27.72894],[-51.31194,-27.73429],[-51.30243,-27.7378],[-51.30003,-27.75409],[-51.30656,-27.75478],[-51.31276,-27.74597],[-51.31736,-27.75269],[-51.33031,-27.75115],[-51.3353,-27.75422],[-51.32957,-27.76268],[-51.33714,-27.76562],[-51.33029,-27.77898],[-51.33109,-27.78636],[-51.34244,-27.79325],[-51.35508,-27.79115],[-51.36343,-27.79848],[-51.36412,-27.81183],[-51.36676,-27.81799],[-51.37797,-27.82318],[-51.37143,-27.83442],[-51.37112,-27.84316],[-51.37843,-27.84879],[-51.36947,-27.8534],[-51.36665,-27.85955],[-51.35904,-27.86281],[-51.35425,-27.87097],[-51.34243,-27.87033],[-51.33486,-27.87453],[-51.31963,-27.87447],[-51.30631,-27.86786],[-51.29197,-27.8659],[-51.27726,-27.84253],[-51.26686,-27.86043],[-51.26781,-27.881],[-51.26006,-27.89592],[-51.25198,-27.903],[-51.25166,-27.91623],[-51.25977,-27.92769],[-51.26268,-27.94148],[-51.25061,-27.95383],[-51.24997,-27.96248],[-51.24385,-27.96591],[-51.24394,-27.97432],[-51.23988,-27.97953],[-51.21872,-27.97718],[-51.21422,-27.97842],[-51.20437,-27.97183],[-51.202,-27.96025],[-51.18696,-27.95919],[-51.17713,-27.95599],[-51.16678,-27.95791],[-51.16153,-27.95125],[-51.14991,-27.94578],[-51.1429,-27.9355],[-51.12934,-27.93434],[-51.11394,-27.93655],[-51.10778,-27.92193],[-51.10838,-27.91494],[-51.09869,-27.90998],[-51.08904,-27.91179],[-51.07164,-27.90263],[-51.07091,-27.8907],[-51.0624,-27.88587],[-51.05667,-27.88675]]]},"properties":{"CD_MUN":"4314464","NM_MUN":"Pinhal da Serra","AREA_KM2":438.11}},
{"type":"Feature","geometry":{"type":"Polygon","coordinates":[[[-53.23824,-29.41191],[-53.2286,-29.40528],[-53.2256,-29.37784],[-53.21992,-29.36988],[-53.23202,-29.35544],[-53.23104,-29.35012],[-53.23141,-29.34379],[-53.23948,-29.34035],[-53.24063,-29.33283],[-53.23239,-29.33283],[-53.22914,-29.32315],[-53.23609,-29.31725],[-53.23,-29.30923],[-53.24572,-29.29658],[-53.24753,-29.28809],[-53.23864,-29.28437],[-53.24023,-29.26458],[-53.23242,-29.26429],[-53.22487,-29.27331],[-53.21429,-29.27341],[-53.21078,-29.26412],[-53.22705,-29.25455],[-53.2356,-29.25719],[-53.23497,-29.24289],[-53.24702,-29.24036],[-53.24985,-29.23492],[-53.24813,-29.22606],[-53.24943,-29.21167],[-53.24341,-29.2069],[-53.2455,-29.19362],[-53.26258,-29.19659],[-53.26656,-29.19067],[-53.28366,-29.1953],[-53.29138,-29.18899],[-53.30671,-29.19071],[-53.30538,-29.1836],[-53.3303,-29.16978],[-53.3445,-29.17661],[-53.35091,-29.18969],[-53.36177,-29.18116],[-53.37285,-29.17867],[-53.38507,-29.1825],[-53.40456,-29.18541],[-53.40945,-29.19391],[-53.42102,-29.18994],[-53.4336,-29.18199],[-53.44203,-29.18467],[-53.44721,-29.19076],[-53.4428,-29.19687],[-53.45682,-29.20029],[-53.46141,-29.20678],[-53.46275,-29.22277],[-53.46641,-29.23136],[-53.46412,-29.24386],[-53.4651,-29.25245],[-53.44589,-29.2637],[-53.44837,-29.26979],[-53.44195,-29.27678],[-53.44664,-29.28719],[-53.46768,-29.30397],[-53.45757,-29.31553],[-53.45364,-29.32465],[-53.43941,-29.33865],[-53.42432,-29.34603],[-53.41755,-29.35163],[-53.40505,-29.34997],[-53.39576,-29.35436],[-53.38205,-29.35359],[-53.37885,-29.35713],[-53.36708,-29.35735],[-53.35675,-29.36487],[-53.35883,-29.37161],[-53.3469,-29.37792],[-53.34296,-29.39643],[-53.33806,-29.40009],[-53.33224,-29.41918],[-53.31994,-29.42605],[-53.31266,-29.43753],[-53.23824,-29.41191]]]},"properties":{"CD_MUN":"4314472","NM_MUN":"Pinhal Grande","AREA_KM2":478.11}},
{"type":"Feature","geometry":{"type":"Polygon","coordinates":[[[-53.70693,-27.19826],[-53.70902,-27.21474],[-53.69528,-27.20997],[-53.68636,-27.21023],[-53.6908,-27.22357],[-53.67539,-27.23128],[-53.67714,-27.23783],[-53.66985,-27.24676],[-53.66121,-27.24699],[-53.65172,-27.25371],[-53.64116,-27.25696],[-53.63962,-27.26122],[-53.63171,-27.27581],[-53.61338,-27.28506],[-53.60547,-27.27798],[-53.59467,-27.27421],[-53.59272,-27.26943],[-53.56142,-27.24513],[-53.55397,-27.23766],[-53.56244,-27.23001],[-53.56808,-27.21385],[-53.57584,-27.20325],[-53.58464,-27.20509],[-53.58682,-27.19491],[-53.59994,-27.19484],[-53.59971,-27.18935],[-53.61328,-27.18592],[-53.61823,-27.18734],[-53.63073,-27.21338],[-53.64211,-27.21981],[-53.64872,-27.21802],[-53.65099,-27.21007],[-53.64792,-27.19131],[-53.65132,-27.17657],[-53.6664,-27.16273],[-53.67505,-27.16068],[-53.68622,-27.1636],[-53.70564,-27.17285],[-53.7177,-27.1825],[-53.70379,-27.1932],[-53.70693,-27.19826]]]},"properties":{"CD_MUN":"4314498","NM_MUN":"Pinheirinho do Vale","AREA_KM2":105.385}},
{"type":"Feature","geometry":{"type":"Polygon","coordinates":[[[-53.62277,-31.60497],[-53.61683,-31.60888],[-53.61053,-31.61856],[-53.61188,-31.62233],[-53.6059,-31.63497],[-53.59928,-31.63782],[-53.583,-31.63814],[-53.57387,-31.63418],[-53.56217,-31.63975],[-53.55358,-31.64086],[-53.54769,-31.64582],[-53.53727,-31.64451],[-53.51803,-31.65261],[-53.51801,-31.65758],[-53.50998,-31.67289],[-53.4999,-31.67384],[-53.49693,-31.68655],[-53.50128,-31.69511],[-53.50123,-31.70712],[-53.49811,-31.72529],[-53.49954,-31.75088],[-53.48765,-31.75736],[-53.48062,-31.76938],[-53.47406,-31.7709],[-53.46812,-31.77761],[-53.465,-31.78841],[-53.45248,-31.8045],[-53.4528,-31.81463],[-53.44278,-31.83881],[-53.43101,-31.83916],[-53.42139,-31.83359],[-53.40676,-31.84337],[-53.3943,-31.8398],[-53.37009,-31.84234],[-53.36268,-31.8372],[-53.35498,-31.83722],[-53.34538,-31.84156],[-53.34511,-31.85062],[-53.33804,-31.84997],[-53.33129,-31.84041],[-53.32023,-31.85056],[-53.29187,-31.86168],[-53.28238,-31.86669],[-53.27239,-31.86206],[-53.26806,-31.86436],[-53.25722,-31.86319],[-53.2599,-31.85366],[-53.2583,-31.84438],[-53.26999,-31.83371],[-53.26733,-31.82971],[-53.27757,-31.82476],[-53.28195,-31.82713],[-53.30318,-31.81492],[-53.30258,-31.80715],[-53.31627,-31.79151],[-53.31176,-31.78105],[-53.31855,-31.77845],[-53.32466,-31.76183],[-53.32474,-31.74912],[-53.33002,-31.74588],[-53.32835,-31.73694],[-53.33339,-31.73401],[-53.32861,-31.72663],[-53.33194,-31.70807],[-53.32911,-31.69701],[-53.32038,-31.68807],[-53.32498,-31.68057],[-53.31792,-31.66905],[-53.31419,-31.6536],[-53.30802,-31.64686],[-53.30754,-31.63671],[-53.29876,-31.62697],[-53.29059,-31.62644],[-53.28174,-31.61903],[-53.26917,-31.62125],[-53.26043,-31.61451],[-53.25184,-31.60012],[-53.24207,-31.59046],[-53.23585,-31.57777],[-53.23027,-31.55865],[-53.22421,-31.55142],[-53.19821,-31.5473],[-53.19011,-31.53608],[-53.18029,-31.54302],[-53.17125,-31.5416],[-53.16896,-31.53198],[-53.17671,-31.52909],[-53.18455,-31.53189],[-53.19027,-31.51814],[-53.19845,-31.52191],[-53.22024,-31.50808],[-53.23022,-31.5102],[-53.23224,-31.50135],[-53.24897,-31.50328],[-53.26539,-31.49523],[-53.26935,-31.48988],[-53.28676,-31.49005],[-53.28691,-31.48001],[-53.29159,-31.46418],[-53.28863,-31.45604],[-53.28844,-31.44354],[-53.27782,-31.42919],[-53.28069,-31.42059],[-53.29184,-31.4114],[-53.30832,-31.41558],[-53.31274,-31.41089],[-53.32999,-31.41089],[-53.35587,-31.39859],[-53.35674,-31.39012],[-53.36805,-31.38342],[-53.36948,-31.37607],[-53.3751,-31.37097],[-53.38322,-31.37219],[-53.38758,-31.36659],[-53.38382,-31.35806],[-53.38697,-31.33751],[-53.37827,-31.32915],[-53.38657,-31.31482],[-53.3656,-31.29057],[-53.3664,-31.28414],[-53.35326,-31.26909],[-53.34662,-31.25571],[-53.35327,-31.24697],[-53.34736,-31.23763],[-53.34686,-31.22272],[-53.34135,-31.21117],[-53.34121,-31.20455],[-53.35095,-31.20075],[-53.35434,-31.18808],[-53.3448,-31.18679],[-53.33732,-31.17964],[-53.31566,-31.17914],[-53.31651,-31.16746],[-53.30894,-31.16604],[-53.28244,-31.15203],[-53.27822,-31.15764],[-53.27057,-31.15182],[-53.27124,-31.14564],[-53.26347,-31.14226],[-53.26933,-31.13561],[-53.26421,-31.13228],[-53.25278,-31.14001],[-53.25833,-31.14262],[-53.25474,-31.15112],[-53.23571,-31.15213],[-53.23812,-31.14469],[-53.22966,-31.14148],[-53.23174,-31.128],[-53.22447,-31.12466],[-53.21829,-31.10725],[-53.20372,-31.10264],[-53.19975,-31.09184],[-53.19236,-31.08612],[-53.20185,-31.06633],[-53.19782,-31.06059],[-53.19109,-31.06267],[-53.18911,-31.05306],[-53.1787,-31.05287],[-53.1749,-31.03491],[-53.16546,-31.02396],[-53.18614,-31.01474],[-53.19897,-31.00686],[-53.2102,-31.00535],[-53.22233,-30.99073],[-53.22619,-30.99174],[-53.23396,-31.00885],[-53.2384,-31.00925],[-53.24569,-30.99979],[-53.25846,-31.00169],[-53.26171,-31.01053],[-53.27858,-31.00589],[-53.28536,-30.99982],[-53.29814,-31.00327],[-53.30749,-30.99847],[-53.31943,-30.98792],[-53.32731,-30.98829],[-53.33092,-30.99663],[-53.34354,-30.99708],[-53.34913,-30.98703],[-53.35845,-30.97947],[-53.36879,-30.97964],[-53.38524,-30.98807],[-53.40098,-30.98208],[-53.40473,-30.97526],[-53.41551,-30.97315],[-53.41758,-30.96478],[-53.43338,-30.9508],[-53.43897,-30.95075],[-53.44315,-30.96417],[-53.43276,-30.96036],[-53.42977,-30.96711],[-53.43634,-30.97728],[-53.44778,-30.97205],[-53.44607,-30.98602],[-53.45065,-30.99574],[-53.45082,-31.00495],[-53.45747,-31.00616],[-53.46348,-31.01307],[-53.45886,-31.02222],[-53.47005,-31.02608],[-53.47654,-31.03325],[-53.48938,-31.03556],[-53.4816,-31.04477],[-53.47509,-31.05862],[-53.4865,-31.06342],[-53.48956,-31.07722],[-53.48657,-31.08407],[-53.48646,-31.09705],[-53.49595,-31.1041],[-53.48111,-31.11561],[-53.48633,-31.12993],[-53.4926,-31.13344],[-53.49208,-31.14954],[-53.50194,-31.1558],[-53.50406,-31.16565],[-53.52165,-31.17656],[-53.50483,-31.17953],[-53.51522,-31.19148],[-53.5173,-31.20346],[-53.5276,-31.20842],[-53.52038,-31.21755],[-53.53007,-31.24203],[-53.5363,-31.23927],[-53.54473,-31.24243],[-53.55478,-31.23683],[-53.56167,-31.23967],[-53.55939,-31.24759],[-53.56747,-31.25785],[-53.5688,-31.27217],[-53.57851,-31.27438],[-53.59005,-31.28409],[-53.59847,-31.28216],[-53.6041,-31.28897],[-53.60658,-31.30043],[-53.60182,-31.30219],[-53.60649,-31.31162],[-53.62372,-31.31652],[-53.61709,-31.32905],[-53.62424,-31.333],[-53.63611,-31.32936],[-53.64108,-31.33479],[-53.65079,-31.33813],[-53.64103,-31.34347],[-53.64023,-31.34975],[-53.62574,-31.36426],[-53.62855,-31.37096],[-53.6155,-31.3853],[-53.5939,-31.3859],[-53.57679,-31.38846],[-53.56618,-31.39341],[-53.56132,-31.39163],[-53.56093,-31.40754],[-53.56597,-31.41502],[-53.56686,-31.42345],[-53.57302,-31.44242],[-53.58196,-31.45025],[-53.59239,-31.45287],[-53.60154,-31.46052],[-53.60379,-31.47415],[-53.58789,-31.49297],[-53.58537,-31.51578],[-53.58846,-31.51868],[-53.57832,-31.53724],[-53.58575,-31.55442],[-53.59828,-31.55937],[-53.59938,-31.57244],[-53.58731,-31.58092],[-53.59156,-31.59466],[-53.60263,-31.59008],[-53.61266,-31.60214],[-53.62277,-31.60497]]]},"properties":{"CD_MUN":"4314506","NM_MUN":"Pinheiro Machado","AREA_KM2":2249.176}},
{"type":"Feature","geometry":{"type":"Polygon","coordinates":[[[-51.50398,-29.08179],[-51.49729,-29.08749],[-51.50144,-29.10282],[-51.49739,-29.10698],[-51.50449,-29.11427],[-51.51139,-29.11393],[-51.51136,-29.12207],[-51.4866,-29.1222],[-51.47897,-29.12804],[-51.4752,-29.13824],[-51.48054,-29.14535],[-51.45815,-29.16872],[-51.42328,-29.16504],[-51.42315,-29.15617],[-51.42321,-29.12716],[-51.41159,-29.12726],[-51.41288,-29.08746],[-51.42567,-29.08766],[-51.4268,-29.07005],[-51.42209,-29.05984],[-51.43299,-29.06338],[-51.44091,-29.05943],[-51.45015,-29.03822],[-51.45815,-29.02764],[-51.45989,-29.02068],[-51.46577,-29.01647],[-51.47699,-29.01871],[-51.4817,-29.02951],[-51.4917,-29.03251],[-51.51223,-29.02468],[-51.52181,-29.03296],[-51.52081,-29.04335],[-51.49849,-29.0539],[-51.50157,-29.07816],[-51.50398,-29.08179]]]},"properties":{"CD_MUN":"4314548","NM_MUN":"Pinto Bandeira","AREA_KM2":104.801}},
{"type":"Feature","geometry":{"type":"Polygon","coordinates":[[[-55.37552,-28.03404],[-55.35451,-28.04261],[-55.34236,-28.04974],[-55.33234,-28.05969],[-55.3225,-28.05458],[-55.31764,-28.06963],[-55.31877,-28.07353],[-55.30882,-28.08776],[-55.29103,-28.09812],[-55.2764,-28.09645],[-55.27072,-28.10756],[-55.27164,-28.11504],[-55.265,-28.12365],[-55.26597,-28.13704],[-55.25909,-28.13656],[-55.24529,-28.13061],[-55.2265,-28.13947],[-55.21869,-28.14911],[-55.20052,-28.15203],[-55.18993,-28.15084],[-55.14623,-28.18715],[-55.13485,-28.16961],[-55.12912,-28.16486],[-55.12545,-28.15241],[-55.1263,-28.14381],[-55.13935,-28.13694],[-55.14023,-28.12473],[-55.14367,-28.11891],[-55.152,-28.11446],[-55.15035,-28.10078],[-55.13098,-28.08911],[-55.12765,-28.08351],[-55.12987,-28.07598],[-55.1118,-28.07652],[-55.10034,-28.06457],[-55.12192,-28.05787],[-55.12728,-28.05908],[-55.13712,-28.07244],[-55.14033,-28.08559],[-55.14802,-28.08214],[-55.15158,-28.07092],[-55.14988,-28.06256],[-55.15133,-28.04633],[-55.15704,-28.04245],[-55.16385,-28.0454],[-55.17251,-28.05402],[-55.18081,-28.04935],[-55.18172,-28.03451],[-55.19338,-28.03099],[-55.18244,-28.01301],[-55.19051,-28.01008],[-55.20227,-28.01658],[-55.21984,-28.02231],[-55.2275,-28.02745],[-55.23971,-28.02421],[-55.2415,-28.01611],[-55.23005,-28.01624],[-55.21468,-28.00308],[-55.24686,-28.00234],[-55.2536,-27.99089],[-55.2656,-27.98961],[-55.27507,-27.98346],[-55.29357,-27.98075],[-55.29944,-27.99588],[-55.31038,-27.99557],[-55.31173,-27.98312],[-55.31877,-27.97213],[-55.33978,-27.96598],[-55.34707,-27.97224],[-55.37715,-27.97653],[-55.38719,-27.98619],[-55.38246,-28.00044],[-55.37153,-28.014],[-55.3694,-28.02726],[-55.37552,-28.03404]]]},"properties":{"CD_MUN":"4314555","NM_MUN":"Pirapó","AREA_KM2":293.723}},
{"type":"Feature","geometry":{"type":"Polygon","coordinates":[[[-53.26806,-31.86436],[-53.26819,-31.86925],[-53.25377,-31.87315],[-53.23387,-31.87116],[-53.23073,-31.87903],[-53.23902,-31.88639],[-53.20407,-31.88514],[-53.19101,-31.88914],[-53.18479,-31.88127],[-53.17825,-31.88903],[-53.1731,-31.88488],[-53.15783,-31.89078],[-53.15636,-31.88333],[-53.14508,-31.8792],[-53.13458,-31.87938],[-53.12144,-31.88264],[-53.10191,-31.86941],[-53.08861,-31.8754],[-53.0793,-31.87582],[-53.07397,-31.88057],[-53.0668,-31.87571],[-53.0578,-31.87648],[-53.04931,-31.88444],[-53.04088,-31.87724],[-53.0327,-31.87974],[-53.0207,-31.87043],[-53.01269,-31.87584],[-53.00349,-31.87215],[-52.9876,-31.86966],[-52.97954,-31.87063],[-52.97443,-31.8762],[-52.96349,-31.86797],[-52.94883,-31.86763],[-52.93633,-31.86407],[-52.92704,-31.8733],[-52.91803,-31.88781],[-52.90787,-31.89088],[-52.89746,-31.88373],[-52.87805,-31.88446],[-52.87362,-31.87457],[-52.86906,-31.87515],[-52.85696,-31.86714],[-52.85121,-31.86996],[-52.8429,-31.86154],[-52.82558,-31.85815],[-52.82604,-31.85502],[-52.83993,-31.84905],[-52.84848,-31.83858],[-52.84754,-31.83477],[-52.85428,-31.82144],[-52.86141,-31.81728],[-52.86656,-31.80757],[-52.87715,-31.80266],[-52.89151,-31.80641],[-52.89262,-31.80055],[-52.8842,-31.78357],[-52.87538,-31.7833],[-52.8676,-31.77177],[-52.86866,-31.75575],[-52.88181,-31.7507],[-52.88829,-31.75096],[-52.88812,-31.74128],[-52.89889,-31.73186],[-52.90076,-31.7227],[-52.89274,-31.70202],[-52.89773,-31.68982],[-52.88902,-31.67985],[-52.90336,-31.67207],[-52.91557,-31.66598],[-52.91582,-31.66024],[-52.93454,-31.65133],[-52.94017,-31.64452],[-52.93936,-31.63647],[-52.93295,-31.62835],[-52.93374,-31.62179],[-52.92891,-31.61085],[-52.94015,-31.60753],[-52.94413,-31.5921],[-52.95752,-31.59041],[-52.98356,-31.56892],[-52.99117,-31.55948],[-52.98876,-31.54956],[-52.98789,-31.52269],[-52.9903,-31.51532],[-52.98144,-31.51487],[-52.97598,-31.50399],[-52.97609,-31.49629],[-52.97133,-31.49028],[-52.97213,-31.48198],[-52.96613,-31.47289],[-52.96921,-31.46853],[-52.95683,-31.45408],[-52.95922,-31.44602],[-52.95084,-31.43951],[-52.94649,-31.442],[-52.93663,-31.4373],[-52.93432,-31.42293],[-52.92651,-31.40637],[-52.91836,-31.3982],[-52.93473,-31.38476],[-52.92799,-31.37512],[-52.92953,-31.36654],[-52.91806,-31.35543],[-52.91839,-31.33342],[-52.90753,-31.31678],[-52.90749,-31.30729],[-52.91146,-31.30145],[-52.90907,-31.29229],[-52.91629,-31.28076],[-52.914,-31.27574],[-52.91749,-31.26804],[-52.91501,-31.2554],[-52.92102,-31.24623],[-52.90912,-31.22457],[-52.90811,-31.21767],[-52.91115,-31.19975],[-52.91641,-31.19639],[-52.92281,-31.17852],[-52.92027,-31.16209],[-52.92508,-31.15231],[-52.91137,-31.14946],[-52.91156,-31.14387],[-52.92859,-31.13457],[-52.92415,-31.10989],[-52.93066,-31.09866],[-52.92958,-31.09243],[-52.94118,-31.09165],[-52.93161,-31.08371],[-52.94548,-31.0676],[-52.9409,-31.06481],[-52.9307,-31.06931],[-52.91503,-31.05725],[-52.91762,-31.04306],[-52.9104,-31.03938],[-52.90892,-31.02163],[-52.906,-31.0118],[-52.91152,-31.00342],[-52.90168,-31.00085],[-52.89198,-30.99407],[-52.88618,-30.98416],[-52.87476,-30.98199],[-52.88202,-30.97583],[-52.88279,-30.96562],[-52.87374,-30.96094],[-52.87036,-30.95503],[-52.87378,-30.94927],[-52.86792,-30.93763],[-52.85886,-30.92789],[-52.86603,-30.92245],[-52.87842,-30.92172],[-52.88527,-30.92806],[-52.89506,-30.93117],[-52.90418,-30.92367],[-52.91075,-30.92816],[-52.90702,-30.93636],[-52.91217,-30.94154],[-52.92234,-30.93546],[-52.9225,-30.92694],[-52.92858,-30.92607],[-52.93365,-30.93252],[-52.94404,-30.92862],[-52.96448,-30.93346],[-52.98527,-30.93097],[-52.99784,-30.92703],[-53.00876,-30.93372],[-53.01669,-30.92953],[-53.0206,-30.92005],[-53.02859,-30.9296],[-53.0205,-30.95206],[-53.02304,-30.96352],[-53.02072,-30.9706],[-53.023,-30.98636],[-53.02946,-30.98717],[-53.04119,-30.98211],[-53.0475,-30.97382],[-53.05645,-30.97862],[-53.06665,-30.9747],[-53.06722,-30.97024],[-53.0866,-30.96877],[-53.09768,-30.97509],[-53.12467,-30.9855],[-53.1306,-30.99504],[-53.12246,-31.00387],[-53.12535,-31.01637],[-53.13209,-31.01829],[-53.13943,-31.02856],[-53.15285,-31.03005],[-53.16546,-31.02396],[-53.1749,-31.03491],[-53.1787,-31.05287],[-53.18911,-31.05306],[-53.19109,-31.06267],[-53.19782,-31.06059],[-53.20185,-31.06633],[-53.19236,-31.08612],[-53.19975,-31.09184],[-53.20372,-31.10264],[-53.21829,-31.10725],[-53.22447,-31.12466],[-53.23174,-31.128],[-53.22966,-31.14148],[-53.23812,-31.14469],[-53.23571,-31.15213],[-53.25474,-31.15112],[-53.25833,-31.14262],[-53.25278,-31.14001],[-53.26421,-31.13228],[-53.26933,-31.13561],[-53.26347,-31.14226],[-53.27124,-31.14564],[-53.27057,-31.15182],[-53.27822,-31.15764],[-53.28244,-31.15203],[-53.30894,-31.16604],[-53.31651,-31.16746],[-53.31566,-31.17914],[-53.33732,-31.17964],[-53.3448,-31.18679],[-53.35434,-31.18808],[-53.35095,-31.20075],[-53.34121,-31.20455],[-53.34135,-31.21117],[-53.34686,-31.22272],[-53.34736,-31.23763],[-53.35327,-31.24697],[-53.34662,-31.25571],[-53.35326,-31.26909],[-53.3664,-31.28414],[-53.3656,-31.29057],[-53.38657,-31.31482],[-53.37827,-31.32915],[-53.38697,-31.33751],[-53.38382,-31.35806],[-53.38758,-31.36659],[-53.38322,-31.37219],[-53.3751,-31.37097],[-53.36948,-31.37607],[-53.36805,-31.38342],[-53.35674,-31.39012],[-53.35587,-31.39859],[-53.32999,-31.41089],[-53.31274,-31.41089],[-53.30832,-31.41558],[-53.29184,-31.4114],[-53.28069,-31.42059],[-53.27782,-31.42919],[-53.28844,-31.44354],[-53.28863,-31.45604],[-53.29159,-31.46418],[-53.28691,-31.48001],[-53.28676,-31.49005],[-53.26935,-31.48988],[-53.26539,-31.49523],[-53.24897,-31.50328],[-53.23224,-31.50135],[-53.23022,-31.5102],[-53.22024,-31.50808],[-53.19845,-31.52191],[-53.19027,-31.51814],[-53.18455,-31.53189],[-53.17671,-31.52909],[-53.16896,-31.53198],[-53.17125,-31.5416],[-53.18029,-31.54302],[-53.19011,-31.53608],[-53.19821,-31.5473],[-53.22421,-31.55142],[-53.23027,-31.55865],[-53.23585,-31.57777],[-53.24207,-31.59046],[-53.25184,-31.60012],[-53.26043,-31.61451],[-53.26917,-31.62125],[-53.28174,-31.61903],[-53.29059,-31.62644],[-53.29876,-31.62697],[-53.30754,-31.63671],[-53.30802,-31.64686],[-53.31419,-31.6536],[-53.31792,-31.66905],[-53.32498,-31.68057],[-53.32038,-31.68807],[-53.32911,-31.69701],[-53.33194,-31.70807],[-53.32861,-31.72663],[-53.33339,-31.73401],[-53.32835,-31.73694],[-53.33002,-31.74588],[-53.32474,-31.74912],[-53.32466,-31.76183],[-53.31855,-31.77845],[-53.31176,-31.78105],[-53.31627,-31.79151],[-53.30258,-31.80715],[-53.30318,-31.81492],[-53.28195,-31.82713],[-53.27757,-31.82476],[-53.26733,-31.82971],[-53.26999,-31.83371],[-53.2583,-31.84438],[-53.2599,-31.85366],[-53.25722,-31.86319],[-53.26806,-31.86436]]]},"properties":{"CD_MUN":"4314605","NM_MUN":"Piratini","AREA_KM2":3538.3}},
{"type":"Feature","geometry":{"type":"Polygon","coordinates":[[[-53.1241,-27.43429],[-53.07577,-27.37326],[-53.06666,-27.38222],[-53.05648,-27.38124],[-53.05334,-27.39066],[-53.04403,-27.39374],[-53.04345,-27.38158],[-53.03615,-27.38358],[-53.0337,-27.37206],[-53.02141,-27.37379],[-53.01236,-27.37992],[-52.99559,-27.38708],[-52.99156,-27.38403],[-52.97866,-27.38248],[-52.97144,-27.37814],[-52.96536,-27.36758],[-52.95597,-27.3716],[-52.95594,-27.34597],[-52.95011,-27.33633],[-52.94959,-27.32832],[-52.94499,-27.32337],[-52.95102,-27.30831],[-52.97483,-27.30747],[-52.99137,-27.31608],[-53.00965,-27.32374],[-53.02232,-27.31842],[-53.03706,-27.30549],[-53.04238,-27.29388],[-53.04817,-27.29322],[-53.05256,-27.27937],[-53.07567,-27.27046],[-53.0925,-27.27056],[-53.09952,-27.27528],[-53.11019,-27.27015],[-53.11888,-27.2803],[-53.12314,-27.27827],[-53.15753,-27.28419],[-53.15932,-27.28239],[-53.17083,-27.2846],[-53.17537,-27.28931],[-53.19084,-27.28602],[-53.19347,-27.29151],[-53.20452,-27.29357],[-53.19566,-27.30136],[-53.20144,-27.30509],[-53.20231,-27.31186],[-53.21168,-27.31723],[-53.21304,-27.32562],[-53.1954,-27.32247],[-53.18736,-27.32304],[-53.18279,-27.33343],[-53.17214,-27.34024],[-53.18181,-27.3532],[-53.16983,-27.35422],[-53.16136,-27.34945],[-53.1562,-27.35513],[-53.14319,-27.35384],[-53.13693,-27.35939],[-53.13106,-27.35685],[-53.12204,-27.36465],[-53.11326,-27.37647],[-53.12111,-27.39707],[-53.13128,-27.39863],[-53.14284,-27.40565],[-53.1241,-27.43429]]]},"properties":{"CD_MUN":"4314704","NM_MUN":"Planalto","AREA_KM2":228.552}},
{"type":"Feature","geometry":{"type":"Polygon","coordinates":[[[-51.66937,-29.48086],[-51.61534,-29.48246],[-51.61224,-29.47525],[-51.60176,-29.47565],[-51.58753,-29.47022],[-51.56947,-29.45802],[-51.59224,-29.44029],[-51.59499,-29.43358],[-51.60982,-29.43558],[-51.64265,-29.43552],[-51.64359,-29.42484],[-51.64085,-29.41724],[-51.60788,-29.41122],[-51.61053,-29.40081],[-51.65753,-29.3993],[-51.66946,-29.41829],[-51.68033,-29.41341],[-51.69123,-29.42353],[-51.69089,-29.47074],[-51.67053,-29.47079],[-51.66937,-29.48086]]]},"properties":{"CD_MUN":"4314753","NM_MUN":"Poço das Antas","AREA_KM2":67.618}},
{"type":"Feature","geometry":{"type":"Polygon","coordinates":[[[-52.82819,-28.02921],[-52.82195,-28.03516],[-52.80917,-28.03954],[-52.79743,-28.03333],[-52.78515,-28.03622],[-52.77518,-28.0282],[-52.76655,-28.03851],[-52.75532,-28.03651],[-52.7376,-28.05531],[-52.72423,-28.0596],[-52.71731,-28.06991],[-52.71616,-28.07785],[-52.70639,-28.08477],[-52.69858,-28.09659],[-52.69535,-28.10581],[-52.68788,-28.11488],[-52.67381,-28.11163],[-52.66025,-28.12258],[-52.66454,-28.13624],[-52.65591,-28.13845],[-52.65447,-28.16909],[-52.64374,-28.16717],[-52.63159,-28.17018],[-52.63027,-28.1665],[-52.6181,-28.1575],[-52.59983,-28.15103],[-52.58776,-28.1417],[-52.57683,-28.12677],[-52.57118,-28.12363],[-52.55914,-28.12774],[-52.55422,-28.12575],[-52.54013,-28.12882],[-52.53108,-28.13845],[-52.51727,-28.13326],[-52.49814,-28.12925],[-52.48945,-28.12014],[-52.49684,-28.11814],[-52.50282,-28.10761],[-52.4954,-28.10081],[-52.50025,-28.08079],[-52.49225,-28.06693],[-52.50363,-28.05592],[-52.51374,-28.06175],[-52.51404,-28.05087],[-52.49984,-28.04496],[-52.50696,-28.03609],[-52.51462,-28.02862],[-52.5135,-28.0186],[-52.52762,-28.01333],[-52.53165,-28.00557],[-52.5314,-27.99401],[-52.54381,-27.99215],[-52.54392,-27.98767],[-52.55145,-27.9755],[-52.55195,-27.96587],[-52.57109,-27.96183],[-52.58023,-27.94551],[-52.58652,-27.94564],[-52.60419,-27.95179],[-52.61125,-27.94239],[-52.60943,-27.93707],[-52.63133,-27.94051],[-52.63333,-27.94315],[-52.65131,-27.94812],[-52.65757,-27.94409],[-52.67314,-27.93927],[-52.6785,-27.93203],[-52.695,-27.92511],[-52.69783,-27.91171],[-52.7044,-27.91205],[-52.71368,-27.92003],[-52.71908,-27.91864],[-52.73757,-27.92597],[-52.7407,-27.94017],[-52.74491,-27.94505],[-52.74995,-27.95507],[-52.75796,-27.95691],[-52.75881,-27.9686],[-52.76769,-27.97505],[-52.78003,-27.97815],[-52.78966,-27.98496],[-52.79981,-27.98406],[-52.82117,-28.00904],[-52.82296,-28.02255],[-52.82819,-28.02921]]]},"properties":{"CD_MUN":"4314779","NM_MUN":"Pontão","AREA_KM2":502.709}},
{"type":"Feature","geometry":{"type":"Polygon","coordinates":[[[-52.56363,-27.68915],[-52.55199,-27.69217],[-52.54959,-27.68745],[-52.52845,-27.6885],[-52.51988,-27.69186],[-52.50131,-27.69314],[-52.49808,-27.69808],[-52.50754,-27.70354],[-52.50032,-27.71276],[-52.4828,-27.71942],[-52.47958,-27.71802],[-52.47827,-27.68222],[-52.45796,-27.68283],[-52.45793,-27.67372],[-52.44793,-27.67405],[-52.44726,-27.66275],[-52.44508,-27.65142],[-52.44503,-27.63138],[-52.4653,-27.63141],[-52.46536,-27.61087],[-52.47714,-27.61096],[-52.47722,-27.60353],[-52.48626,-27.61056],[-52.50381,-27.60957],[-52.51754,-27.61498],[-52.53004,-27.60793],[-52.54015,-27.60965],[-52.55726,-27.60281],[-52.55944,-27.67901],[-52.57372,-27.6807],[-52.56363,-27.68915]]]},"properties":{"CD_MUN":"4314787","NM_MUN":"Ponte Preta","AREA_KM2":99.504}},
{"type":"Feature","geometry":{"type":"Polygon","coordinates":[[[-51.30734,-29.77568],[-51.30216,-29.78183],[-51.29158,-29.77958],[-51.2871,-29.78196],[-51.2678,-29.78119],[-51.25304,-29.77455],[-51.24748,-29.77952],[-51.23098,-29.78085],[-51.2153,-29.79388],[-51.20597,-29.79027],[-51.19564,-29.79637],[-51.19263,-29.8034],[-51.19073,-29.79112],[-51.19452,-29.78769],[-51.19085,-29.77783],[-51.1904,-29.77027],[-51.20381,-29.75624],[-51.20982,-29.73442],[-51.20603,-29.72404],[-51.1967,-29.71535],[-51.19666,-29.69974],[-51.19242,-29.69372],[-51.19354,-29.68039],[-51.20281,-29.67956],[-51.20807,-29.68529],[-51.20998,-29.6941],[-51.21976,-29.68217],[-51.21921,-29.67329],[-51.22563,-29.66539],[-51.22661,-29.65302],[-51.23053,-29.65012],[-51.22715,-29.64099],[-51.23094,-29.61675],[-51.23779,-29.58069],[-51.24501,-29.58367],[-51.25785,-29.58496],[-51.26992,-29.59024],[-51.27961,-29.58384],[-51.28398,-29.59372],[-51.27921,-29.60986],[-51.28814,-29.61886],[-51.2772,-29.65123],[-51.27675,-29.65595],[-51.28099,-29.6615],[-51.28813,-29.66231],[-51.2875,-29.68773],[-51.28352,-29.70238],[-51.28521,-29.72201],[-51.29012,-29.73252],[-51.30137,-29.73991],[-51.29698,-29.75031],[-51.30066,-29.75266],[-51.30734,-29.77568]]]},"properties":{"CD_MUN":"4314803","NM_MUN":"Portão","AREA_KM2":159.298}},
{"type":"Feature","geometry":{"type":"Polygon","coordinates":[[[-51.2719,-30.03897],[-51.26267,-30.04026],[-51.25513,-30.04561],[-51.25024,-30.0353],[-51.24265,-30.03513],[-51.24169,-30.0416],[-51.23384,-30.04762],[-51.23447,-30.05835],[-51.23993,-30.06334],[-51.24163,-30.07204],[-51.24836,-30.08162],[-51.25291,-30.09657],[-51.26127,-30.09689],[-51.26674,-30.10285],[-51.26178,-30.10958],[-51.25922,-30.12346],[-51.24628,-30.12553],[-51.24578,-30.12935],[-51.23438,-30.13497],[-51.22603,-30.14417],[-51.22513,-30.1525],[-51.2285,-30.16146],[-51.22779,-30.17708],[-51.23274,-30.18272],[-51.2419,-30.18164],[-51.23905,-30.1903],[-51.22296,-30.18787],[-51.20178,-30.19205],[-51.19433,-30.19976],[-51.1943,-30.21363],[-51.18802,-30.21116],[-51.17849,-30.21698],[-51.17911,-30.22537],[-51.184,-30.23317],[-51.17497,-30.23819],[-51.15622,-30.23988],[-51.15185,-30.2456],[-51.15738,-30.26102],[-51.14222,-30.26602],[-51.13754,-30.26423],[-51.13262,-30.25165],[-51.12821,-30.24777],[-51.11466,-30.24607],[-51.10616,-30.2482],[-51.09589,-30.24122],[-51.0765,-30.24338],[-51.06976,-30.24713],[-51.0629,-30.25961],[-51.05457,-30.25112],[-51.05874,-30.24374],[-51.05304,-30.23072],[-51.04074,-30.21846],[-51.03155,-30.21688],[-51.01194,-30.19893],[-51.04265,-30.18473],[-51.05462,-30.18886],[-51.06696,-30.17845],[-51.07666,-30.17526],[-51.07861,-30.16074],[-51.08879,-30.15151],[-51.08559,-30.14314],[-51.09772,-30.13178],[-51.09492,-30.11862],[-51.10594,-30.10664],[-51.11197,-30.10421],[-51.10924,-30.07833],[-51.12036,-30.06683],[-51.1184,-30.05455],[-51.11229,-30.05098],[-51.08488,-30.04617],[-51.09024,-30.03437],[-51.08614,-30.0253],[-51.09436,-30.01538],[-51.08748,-30.00375],[-51.08902,-29.98649],[-51.08648,-29.97094],[-51.09607,-29.96586],[-51.106,-29.96482],[-51.11278,-29.95805],[-51.12735,-29.95446],[-51.135,-29.96077],[-51.14099,-29.95758],[-51.15022,-29.96494],[-51.16389,-29.96566],[-51.2009,-29.97149],[-51.20823,-29.96438],[-51.22114,-29.96612],[-51.22758,-29.95648],[-51.22891,-29.94717],[-51.2335,-29.93874],[-51.24566,-29.93262],[-51.26732,-29.93515],[-51.28324,-29.94489],[-51.30325,-29.95007],[-51.29753,-29.96333],[-51.28518,-29.97059],[-51.27196,-29.98865],[-51.26181,-30.00964],[-51.26778,-30.03043],[-51.2719,-30.03897]]]},"properties":{"CD_MUN":"4314902","NM_MUN":"Porto Alegre","AREA_KM2":495.39}},
{"type":"Feature","geometry":{"type":"Polygon","coordinates":[[[-55.04858,-27.9228],[-55.03265,-27.92256],[-55.01624,-27.92495],[-55.01649,-27.91654],[-55.00637,-27.91631],[-55.0065,-27.90761],[-54.99782,-27.90887],[-54.98827,-27.90474],[-54.9759,-27.90912],[-54.97959,-27.91498],[-54.96473,-27.92193],[-54.96924,-27.9347],[-54.95232,-27.93579],[-54.9398,-27.93018],[-54.94004,-27.91064],[-54.89097,-27.90969],[-54.89216,-27.85524],[-54.87343,-27.85719],[-54.86546,-27.86313],[-54.85452,-27.87606],[-54.84117,-27.86937],[-54.82837,-27.87031],[-54.82076,-27.86158],[-54.82293,-27.85137],[-54.83155,-27.84126],[-54.83892,-27.83689],[-54.84506,-27.82824],[-54.85048,-27.82946],[-54.8597,-27.83867],[-54.86285,-27.83399],[-54.85285,-27.78277],[-54.87768,-27.78528],[-54.87601,-27.78983],[-54.90642,-27.7992],[-54.92118,-27.81756],[-54.93142,-27.81284],[-54.92832,-27.80583],[-54.94136,-27.80668],[-54.95303,-27.79374],[-54.96302,-27.7898],[-54.9701,-27.79847],[-54.98001,-27.79445],[-54.98278,-27.80569],[-54.99932,-27.79051],[-55.00578,-27.79623],[-55.0142,-27.79703],[-55.02431,-27.7942],[-55.04511,-27.77253],[-55.05791,-27.76809],[-55.07308,-27.77366],[-55.08387,-27.78413],[-55.08271,-27.79686],[-55.07029,-27.80349],[-55.05287,-27.81609],[-55.03427,-27.82466],[-55.02469,-27.83531],[-55.02558,-27.84842],[-55.03638,-27.85778],[-55.05168,-27.85241],[-55.05474,-27.8626],[-55.04582,-27.86273],[-55.05334,-27.87495],[-55.04873,-27.88209],[-55.04858,-27.9228]]]},"properties":{"CD_MUN":"4315008","NM_MUN":"Porto Lucena","AREA_KM2":250.876}},
{"type":"Feature","geometry":{"type":"Polygon","coordinates":[[[-54.632,-27.5457],[-54.6424,-27.5448],[-54.65201,-27.53168],[-54.65674,-27.51322],[-54.66008,-27.5086],[-54.67094,-27.50476],[-54.67943,-27.51285],[-54.68012,-27.52664],[-54.67387,-27.54824],[-54.67166,-27.56642],[-54.68086,-27.5745],[-54.69424,-27.5728],[-54.72335,-27.56345],[-54.72282,-27.56962],[-54.73599,-27.57994],[-54.72649,-27.5859],[-54.72781,-27.59321],[-54.72284,-27.59655],[-54.70314,-27.5935],[-54.70255,-27.60387],[-54.7126,-27.61403],[-54.70716,-27.6231],[-54.69649,-27.61348],[-54.69193,-27.6217],[-54.68258,-27.62357],[-54.67782,-27.63026],[-54.68145,-27.63488],[-54.66776,-27.64569],[-54.66428,-27.65421],[-54.65732,-27.64896],[-54.64936,-27.65779],[-54.64265,-27.65771],[-54.63155,-27.65129],[-54.61452,-27.63115],[-54.60482,-27.62968],[-54.59991,-27.62162],[-54.59359,-27.5983],[-54.60099,-27.59321],[-54.59534,-27.58387],[-54.60344,-27.5729],[-54.60691,-27.59131],[-54.62052,-27.59085],[-54.62345,-27.57503],[-54.62936,-27.58178],[-54.6372,-27.57523],[-54.63077,-27.5682],[-54.62042,-27.56618],[-54.61821,-27.55755],[-54.63566,-27.55469],[-54.632,-27.5457]]]},"properties":{"CD_MUN":"4315057","NM_MUN":"Porto Mauá","AREA_KM2":105.811}},
{"type":"Feature","geometry":{"type":"Polygon","coordinates":[[[-54.90286,-27.69885],[-54.90249,-27.71557],[-54.90664,-27.72979],[-54.91537,-27.73805],[-54.92934,-27.75637],[-54.93741,-27.77045],[-54.94942,-27.77928],[-54.96095,-27.77848],[-54.97766,-27.77086],[-54.99304,-27.77555],[-54.99932,-27.79051],[-54.98278,-27.80569],[-54.98001,-27.79445],[-54.9701,-27.79847],[-54.96302,-27.7898],[-54.95303,-27.79374],[-54.94136,-27.80668],[-54.92832,-27.80583],[-54.93142,-27.81284],[-54.92118,-27.81756],[-54.90642,-27.7992],[-54.87601,-27.78983],[-54.87768,-27.78528],[-54.85285,-27.78277],[-54.8495,-27.77914],[-54.83776,-27.78512],[-54.83135,-27.77993],[-54.82831,-27.76936],[-54.83375,-27.75661],[-54.83161,-27.74342],[-54.82238,-27.73965],[-54.83029,-27.727],[-54.82482,-27.71955],[-54.81926,-27.70455],[-54.82943,-27.70087],[-54.83599,-27.69296],[-54.84576,-27.69437],[-54.86696,-27.69042],[-54.87542,-27.69231],[-54.89152,-27.69969],[-54.90286,-27.69885]]]},"properties":{"CD_MUN":"4315073","NM_MUN":"Porto Vera Cruz","AREA_KM2":114.284}},
{"type":"Feature","geometry":{"type":"Polygon","coordinates":[[[-55.05168,-27.85241],[-55.06695,-27.84695],[-55.09106,-27.84317],[-55.11383,-27.84899],[-55.12628,-27.85982],[-55.12726,-27.86459],[-55.12401,-27.88149],[-55.12821,-27.89389],[-55.13931,-27.89507],[-55.16175,-27.87467],[-55.17156,-27.86128],[-55.19139,-27.85541],[-55.20268,-27.85786],[-55.23227,-27.88407],[-55.25012,-27.91421],[-55.26646,-27.92979],[-55.27777,-27.93292],[-55.27838,-27.94851],[-55.26506,-27.95078],[-55.25996,-27.94865],[-55.25035,-27.95189],[-55.24213,-27.95965],[-55.23112,-27.95836],[-55.22794,-27.95485],[-55.21307,-27.95321],[-55.19681,-27.96959],[-55.18326,-27.97838],[-55.17995,-27.99227],[-55.16826,-27.99189],[-55.16812,-28.01146],[-55.15288,-28.0136],[-55.16501,-28.01991],[-55.15845,-28.03449],[-55.15074,-28.03718],[-55.13868,-28.03298],[-55.10897,-28.03319],[-55.10577,-28.02242],[-55.08932,-28.0272],[-55.08948,-28.00952],[-55.07345,-28.00988],[-55.07957,-27.94218],[-55.04853,-27.94196],[-55.04858,-27.9228],[-55.04873,-27.88209],[-55.05334,-27.87495],[-55.04582,-27.86273],[-55.05474,-27.8626],[-55.05168,-27.85241]]]},"properties":{"CD_MUN":"4315107","NM_MUN":"Porto Xavier","AREA_KM2":281.497}},
{"type":"Feature","geometry":{"type":"Polygon","coordinates":[[[-52.15868,-29.21388],[-52.1571,-29.20699],[-52.17115,-29.20966],[-52.1672,-29.19159],[-52.17553,-29.18698],[-52.16738,-29.17536],[-52.17227,-29.16557],[-52.18522,-29.16459],[-52.18715,-29.15686],[-52.18649,-29.13762],[-52.20137,-29.12335],[-52.19513,-29.11677],[-52.19912,-29.11092],[-52.20646,-29.11094],[-52.20386,-29.10054],[-52.21226,-29.09457],[-52.22471,-29.09983],[-52.24689,-29.10198],[-52.25549,-29.12029],[-52.26828,-29.11757],[-52.29046,-29.12966],[-52.28575,-29.14413],[-52.2922,-29.1546],[-52.29236,-29.16391],[-52.29022,-29.17567],[-52.27546,-29.18473],[-52.28517,-29.1866],[-52.27626,-29.19589],[-52.27087,-29.19138],[-52.2487,-29.19734],[-52.23105,-29.19341],[-52.22236,-29.20523],[-52.2124,-29.20018],[-52.20713,-29.20287],[-52.20429,-29.21407],[-52.19751,-29.20858],[-52.19626,-29.19907],[-52.18396,-29.20916],[-52.18198,-29.21645],[-52.17438,-29.21327],[-52.16621,-29.22657],[-52.16941,-29.22042],[-52.15868,-29.21388]]]},"properties":{"CD_MUN":"4315131","NM_MUN":"Pouso Novo","AREA_KM2":105.338}},
{"type":"Feature","geometry":{"type":"Polygon","coordinates":[[[-51.11247,-29.51074],[-51.14643,-29.50584],[-51.14438,-29.49753],[-51.16421,-29.49893],[-51.17781,-29.49411],[-51.19062,-29.50058],[-51.1968,-29.49919],[-51.2033,-29.51114],[-51.21712,-29.51501],[-51.21965,-29.52071],[-51.23336,-29.52082],[-51.23622,-29.52731],[-51.23158,-29.53686],[-51.22231,-29.53896],[-51.22414,-29.54712],[-51.21805,-29.55679],[-51.2053,-29.55723],[-51.19624,-29.54734],[-51.18776,-29.54866],[-51.17762,-29.54225],[-51.15782,-29.53873],[-51.15096,-29.53212],[-51.14034,-29.53425],[-51.14086,-29.5404],[-51.11637,-29.54406],[-51.11247,-29.51074]]]},"properties":{"CD_MUN":"4315149","NM_MUN":"Presidente Lucena","AREA_KM2":49.628}},
{"type":"Feature","geometry":{"type":"Polygon","coordinates":[[[-52.43641,-29.21401],[-52.4256,-29.22377],[-52.41181,-29.22801],[-52.41753,-29.23586],[-52.40559,-29.24299],[-52.39974,-29.25306],[-52.39019,-29.25053],[-52.37148,-29.26294],[-52.3551,-29.26181],[-52.32298,-29.2777],[-52.32156,-29.2825],[-52.30104,-29.27932],[-52.2976,-29.28567],[-52.28955,-29.28817],[-52.26268,-29.30104],[-52.24257,-29.31349],[-52.2305,-29.3025],[-52.20978,-29.30279],[-52.19902,-29.29855],[-52.18782,-29.28655],[-52.20085,-29.27987],[-52.19829,-29.27038],[-52.18968,-29.26598],[-52.19748,-29.25995],[-52.20068,-29.24336],[-52.20971,-29.23172],[-52.20629,-29.22187],[-52.2195,-29.22377],[-52.24257,-29.24172],[-52.2476,-29.24136],[-52.252,-29.23272],[-52.2475,-29.21848],[-52.25814,-29.21347],[-52.2487,-29.19734],[-52.27087,-29.19138],[-52.27626,-29.19589],[-52.28517,-29.1866],[-52.27546,-29.18473],[-52.29022,-29.17567],[-52.29236,-29.16391],[-52.29925,-29.16406],[-52.30215,-29.15292],[-52.31049,-29.1585],[-52.32267,-29.14693],[-52.32455,-29.1562],[-52.34246,-29.14063],[-52.35142,-29.15017],[-52.3699,-29.1439],[-52.36944,-29.15073],[-52.37698,-29.1519],[-52.38631,-29.14758],[-52.39291,-29.15109],[-52.40202,-29.14884],[-52.40713,-29.15658],[-52.42051,-29.15004],[-52.42731,-29.15697],[-52.43021,-29.16648],[-52.42741,-29.17042],[-52.43677,-29.18349],[-52.43382,-29.20791],[-52.43641,-29.21401]]]},"properties":{"CD_MUN":"4315156","NM_MUN":"Progresso","AREA_KM2":256.039}},
{"type":"Feature","geometry":{"type":"Polygon","coordinates":[[[-51.56169,-28.69288],[-51.57329,-28.69711],[-51.56675,-28.70621],[-51.55658,-28.70703],[-51.56365,-28.71537],[-51.55166,-28.71919],[-51.55221,-28.72813],[-51.54593,-28.73335],[-51.54669,-28.74455],[-51.52794,-28.74458],[-51.53432,-28.75281],[-51.5214,-28.77096],[-51.51315,-28.77174],[-51.51332,-28.78516],[-51.50654,-28.78698],[-51.50606,-28.79442],[-51.49586,-28.79643],[-51.50054,-28.80406],[-51.49772,-28.80957],[-51.50096,-28.81808],[-51.49374,-28.82364],[-51.48607,-28.82965],[-51.47897,-28.84901],[-51.46532,-28.85077],[-51.46262,-28.85616],[-51.44764,-28.85109],[-51.44252,-28.84663],[-51.44759,-28.83758],[-51.45791,-28.83547],[-51.46553,-28.82983],[-51.457,-28.81661],[-51.4643,-28.80877],[-51.46208,-28.80185],[-51.45251,-28.80809],[-51.43804,-28.8059],[-51.43292,-28.79767],[-51.43578,-28.79242],[-51.45867,-28.79355],[-51.45986,-28.78967],[-51.43105,-28.77074],[-51.43576,-28.75208],[-51.42585,-28.73845],[-51.43182,-28.73385],[-51.44031,-28.71597],[-51.43192,-28.70787],[-51.43587,-28.69742],[-51.43564,-28.68747],[-51.45074,-28.68403],[-51.44509,-28.67366],[-51.44433,-28.66831],[-51.45095,-28.66177],[-51.45827,-28.66216],[-51.46203,-28.65379],[-51.47748,-28.64987],[-51.48975,-28.65328],[-51.49674,-28.66681],[-51.5113,-28.66688],[-51.52296,-28.67048],[-51.53097,-28.66708],[-51.54283,-28.67332],[-51.54401,-28.67796],[-51.55633,-28.68069],[-51.56169,-28.69288]]]},"properties":{"CD_MUN":"4315172","NM_MUN":"Protásio Alves","AREA_KM2":171.994}},
{"type":"Feature","geometry":{"type":"Polygon","coordinates":[[[-52.09204,-28.98044],[-52.12162,-28.98283],[-52.12251,-28.97293],[-52.15759,-28.97512],[-52.16113,-28.94831],[-52.17778,-28.94939],[-52.17702,-28.95831],[-52.19436,-28.95925],[-52.19377,-28.9685],[-52.22829,-28.97006],[-52.23084,-28.98416],[-52.23062,-28.995],[-52.21889,-29.00511],[-52.22646,-29.01889],[-52.21504,-29.02666],[-52.22605,-29.03781],[-52.21528,-29.03987],[-52.21025,-29.05433],[-52.21031,-29.06279],[-52.21821,-29.06227],[-52.22301,-29.06896],[-52.20469,-29.07291],[-52.20672,-29.08484],[-52.21226,-29.09457],[-52.20386,-29.10054],[-52.20646,-29.11094],[-52.19912,-29.11092],[-52.19513,-29.11677],[-52.19191,-29.11028],[-52.17441,-29.10751],[-52.16829,-29.10082],[-52.16553,-29.0888],[-52.15164,-29.08782],[-52.14662,-29.08515],[-52.1381,-29.08829],[-52.12789,-29.08441],[-52.1241,-29.0927],[-52.10572,-29.09811],[-52.08981,-29.10824],[-52.08929,-29.08693],[-52.07813,-29.09281],[-52.05734,-29.09273],[-52.05826,-29.05877],[-52.04605,-29.05771],[-52.04871,-29.02059],[-52.05428,-29.0085],[-52.06109,-29.01085],[-52.06691,-29.00614],[-52.06757,-28.99735],[-52.07763,-28.99832],[-52.07842,-28.98931],[-52.09116,-28.98973],[-52.09204,-28.98044]]]},"properties":{"CD_MUN":"4315206","NM_MUN":"Putinga","AREA_KM2":216.159}},
{"type":"Feature","geometry":{"type":"Polygon","coordinates":[[[-56.6581,-30.20129],[-56.65027,-30.21216],[-56.66802,-30.2171],[-56.66449,-30.22186],[-56.65207,-30.21959],[-56.64684,-30.22295],[-56.64116,-30.23482],[-56.62495,-30.24549],[-56.63134,-30.25524],[-56.63917,-30.25913],[-56.6276,-30.26686],[-56.61599,-30.26157],[-56.6095,-30.26944],[-56.60724,-30.28136],[-56.61441,-30.29009],[-56.62096,-30.293],[-56.61874,-30.30123],[-56.61081,-30.29882],[-56.60514,-30.29283],[-56.59576,-30.29541],[-56.5853,-30.29037],[-56.57431,-30.29132],[-56.57658,-30.30225],[-56.56312,-30.31167],[-56.55575,-30.3203],[-56.54697,-30.31149],[-56.54093,-30.31469],[-56.54085,-30.32734],[-56.53702,-30.33414],[-56.54969,-30.33915],[-56.55199,-30.34415],[-56.54472,-30.35175],[-56.54614,-30.36065],[-56.53636,-30.35903],[-56.51943,-30.3598],[-56.50519,-30.37047],[-56.50733,-30.3808],[-56.49645,-30.38706],[-56.49136,-30.39811],[-56.48525,-30.3991],[-56.48052,-30.39249],[-56.46218,-30.38448],[-56.45582,-30.39286],[-56.45387,-30.40221],[-56.44454,-30.41161],[-56.45395,-30.42134],[-56.43998,-30.43252],[-56.42787,-30.43516],[-56.41514,-30.4328],[-56.41483,-30.43813],[-56.40801,-30.44689],[-56.39819,-30.44844],[-56.39978,-30.45857],[-56.40703,-30.45987],[-56.40624,-30.46861],[-56.39718,-30.47895],[-56.39494,-30.48538],[-56.38733,-30.48699],[-56.38586,-30.49558],[-56.37808,-30.50146],[-56.36826,-30.50317],[-56.36079,-30.50006],[-56.35715,-30.49168],[-56.35049,-30.49661],[-56.34896,-30.50409],[-56.33625,-30.51082],[-56.33743,-30.51882],[-56.33128,-30.52935],[-56.32292,-30.53182],[-56.3097,-30.53101],[-56.29061,-30.52199],[-56.28987,-30.53226],[-56.27996,-30.53459],[-56.27559,-30.5281],[-56.25935,-30.52504],[-56.25267,-30.51724],[-56.24488,-30.50127],[-56.23371,-30.50859],[-56.23037,-30.50284],[-56.22208,-30.50131],[-56.21962,-30.49581],[-56.20588,-30.49514],[-56.20363,-30.48838],[-56.18134,-30.48162],[-56.18338,-30.47356],[-56.1728,-30.47352],[-56.17028,-30.46509],[-56.1545,-30.46991],[-56.14555,-30.46442],[-56.13609,-30.4625],[-56.13154,-30.45634],[-56.11649,-30.45797],[-56.10208,-30.45302],[-56.08836,-30.45368],[-56.06606,-30.43718],[-56.05729,-30.4349],[-56.04779,-30.43971],[-56.02315,-30.44167],[-56.0057,-30.43891],[-55.97074,-30.42733],[-55.95703,-30.42781],[-55.94757,-30.42258],[-55.93868,-30.42437],[-55.92786,-30.43077],[-55.92372,-30.42586],[-55.91511,-30.42434],[-55.90087,-30.42882],[-55.89439,-30.42801],[-55.87752,-30.43276],[-55.86224,-30.4332],[-55.83946,-30.42918],[-55.83026,-30.43047],[-55.82663,-30.42616],[-55.81553,-30.42724],[-55.80774,-30.41843],[-55.79123,-30.41404],[-55.78653,-30.41615],[-55.7729,-30.40884],[-55.7697,-30.3968],[-55.76404,-30.39477],[-55.74628,-30.39532],[-55.73574,-30.40195],[-55.72859,-30.39903],[-55.71636,-30.40011],[-55.71257,-30.40447],[-55.70101,-30.40079],[-55.68338,-30.3864],[-55.68161,-30.37988],[-55.68861,-30.3763],[-55.68838,-30.35759],[-55.68286,-30.35099],[-55.67392,-30.35073],[-55.67936,-30.3392],[-55.67556,-30.32345],[-55.67755,-30.31801],[-55.67194,-30.31117],[-55.66228,-30.30647],[-55.66828,-30.29817],[-55.67886,-30.29595],[-55.68451,-30.2859],[-55.67529,-30.28516],[-55.67533,-30.27768],[-55.67159,-30.27155],[-55.69172,-30.25551],[-55.68912,-30.24647],[-55.67947,-30.25015],[-55.65941,-30.24491],[-55.67598,-30.23711],[-55.67555,-30.22675],[-55.68274,-30.22284],[-55.69871,-30.2302],[-55.71075,-30.22847],[-55.72091,-30.23282],[-55.73562,-30.22902],[-55.74511,-30.23097],[-55.75443,-30.22101],[-55.75217,-30.21099],[-55.76015,-30.19529],[-55.7681,-30.16856],[-55.77508,-30.17098],[-55.78732,-30.16755],[-55.79727,-30.17204],[-55.81336,-30.16949],[-55.82392,-30.15755],[-55.84597,-30.14254],[-55.86561,-30.13443],[-55.87164,-30.12745],[-55.87427,-30.1176],[-55.87497,-30.09826],[-55.87762,-30.08782],[-55.87305,-30.07884],[-55.87448,-30.06877],[-55.89453,-30.07636],[-55.90002,-30.08506],[-55.91138,-30.08591],[-55.92765,-30.0911],[-55.93843,-30.08446],[-55.94589,-30.08894],[-55.96864,-30.09052],[-55.98761,-30.09544],[-55.99775,-30.08558],[-56.00727,-30.08223],[-56.01176,-30.08552],[-56.02026,-30.08146],[-56.03006,-30.07158],[-56.03223,-30.06376],[-56.04437,-30.05011],[-56.04946,-30.05196],[-56.07095,-30.07111],[-56.08255,-30.07928],[-56.09963,-30.08088],[-56.1081,-30.08423],[-56.12116,-30.08018],[-56.15027,-30.05501],[-56.15616,-30.06383],[-56.16504,-30.06834],[-56.18182,-30.08594],[-56.23099,-30.09176],[-56.25047,-30.10304],[-56.28042,-30.11441],[-56.29051,-30.11231],[-56.29896,-30.1168],[-56.31046,-30.11485],[-56.32051,-30.12011],[-56.34866,-30.11934],[-56.35847,-30.11305],[-56.36503,-30.11297],[-56.37913,-30.11781],[-56.38933,-30.1151],[-56.406,-30.11628],[-56.41692,-30.12179],[-56.42614,-30.12075],[-56.43369,-30.12487],[-56.43961,-30.13692],[-56.466,-30.14178],[-56.47757,-30.14583],[-56.48219,-30.15044],[-56.5006,-30.14754],[-56.50587,-30.14966],[-56.51276,-30.15901],[-56.52489,-30.14871],[-56.53498,-30.14438],[-56.54677,-30.1343],[-56.56211,-30.14556],[-56.5808,-30.14417],[-56.60019,-30.14807],[-56.61397,-30.15842],[-56.62491,-30.17534],[-56.62523,-30.18301],[-56.6509,-30.18839],[-56.6581,-30.20129]]]},"properties":{"CD_MUN":"4315305","NM_MUN":"Quaraí","AREA_KM2":3139.995}},
{"type":"Feature","geometry":{"type":"Polygon","coordinates":[[[-52.40899,-27.85799],[-52.4087,-27.85276],[-52.40018,-27.84969],[-52.38686,-27.85012],[-52.3866,-27.83575],[-52.37692,-27.82726],[-52.36833,-27.82591],[-52.3797,-27.81649],[-52.3778,-27.8113],[-52.36539,-27.80764],[-52.36801,-27.79516],[-52.36427,-27.79046],[-52.35582,-27.7989],[-52.34978,-27.79683],[-52.34329,-27.78047],[-52.32673,-27.7704],[-52.3236,-27.75995],[-52.3282,-27.74899],[-52.33282,-27.75035],[-52.33985,-27.74795],[-52.34655,-27.75525],[-52.3604,-27.75193],[-52.36938,-27.75211],[-52.38044,-27.76648],[-52.38975,-27.77507],[-52.39918,-27.77754],[-52.40021,-27.77075],[-52.41209,-27.77312],[-52.42167,-27.76679],[-52.41958,-27.75531],[-52.43113,-27.75304],[-52.42724,-27.74562],[-52.44234,-27.73667],[-52.45417,-27.73629],[-52.46066,-27.73294],[-52.4657,-27.73725],[-52.45778,-27.74215],[-52.46303,-27.75405],[-52.47398,-27.75886],[-52.48925,-27.76927],[-52.48666,-27.77909],[-52.49106,-27.78118],[-52.4947,-27.80656],[-52.50596,-27.81585],[-52.51076,-27.82363],[-52.52168,-27.83178],[-52.52625,-27.83986],[-52.53646,-27.84469],[-52.55023,-27.85818],[-52.56105,-27.8646],[-52.56074,-27.87499],[-52.57062,-27.88148],[-52.57723,-27.87591],[-52.5975,-27.88408],[-52.59595,-27.89773],[-52.58723,-27.89741],[-52.58381,-27.90668],[-52.58466,-27.91437],[-52.57996,-27.92489],[-52.5919,-27.9288],[-52.59741,-27.93487],[-52.60943,-27.93707],[-52.61125,-27.94239],[-52.60419,-27.95179],[-52.58652,-27.94564],[-52.58023,-27.94551],[-52.56685,-27.95301],[-52.56029,-27.96039],[-52.55518,-27.95547],[-52.56269,-27.94117],[-52.54163,-27.95574],[-52.53665,-27.94927],[-52.54205,-27.93969],[-52.53535,-27.93617],[-52.52412,-27.94206],[-52.5199,-27.92451],[-52.51392,-27.92058],[-52.49528,-27.92057],[-52.48891,-27.91269],[-52.46275,-27.90921],[-52.45224,-27.89627],[-52.44911,-27.88653],[-52.44111,-27.88045],[-52.4344,-27.87938],[-52.43032,-27.86481],[-52.40899,-27.85799]]]},"properties":{"CD_MUN":"4315313","NM_MUN":"Quatro Irmãos","AREA_KM2":268.971}},
{"type":"Feature","geometry":{"type":"Polygon","coordinates":[[[-53.91991,-29.22067],[-53.93402,-29.20917],[-53.93072,-29.20387],[-53.93423,-29.19673],[-53.9461,-29.18796],[-53.9529,-29.18763],[-53.95472,-29.17374],[-53.96324,-29.1703],[-53.96399,-29.16033],[-53.97784,-29.14156],[-53.9785,-29.12993],[-53.99204,-29.12804],[-53.99334,-29.1224],[-54.00564,-29.12252],[-54.01492,-29.1138],[-54.02784,-29.10567],[-54.02916,-29.12231],[-54.03368,-29.12783],[-54.03477,-29.1365],[-54.04223,-29.14075],[-54.04169,-29.1566],[-54.03891,-29.16612],[-54.04493,-29.16759],[-54.04486,-29.17857],[-54.05302,-29.18489],[-54.05066,-29.18877],[-54.06248,-29.19967],[-54.07006,-29.19876],[-54.06509,-29.21093],[-54.07457,-29.21647],[-54.08312,-29.22501],[-54.08818,-29.23935],[-54.11267,-29.24127],[-54.107,-29.24761],[-54.11301,-29.25298],[-54.11996,-29.25122],[-54.13035,-29.26193],[-54.12415,-29.26878],[-54.13402,-29.27247],[-54.15727,-29.28519],[-54.15197,-29.29024],[-54.15831,-29.29777],[-54.15172,-29.31038],[-54.15849,-29.32615],[-54.16604,-29.32255],[-54.1701,-29.34578],[-54.17771,-29.35591],[-54.17972,-29.36483],[-54.187,-29.37275],[-54.18615,-29.38194],[-54.19908,-29.39229],[-54.2038,-29.40429],[-54.19973,-29.40712],[-54.19985,-29.41666],[-54.20803,-29.41987],[-54.20865,-29.42635],[-54.19795,-29.42873],[-54.19549,-29.43928],[-54.21042,-29.45002],[-54.20027,-29.4545],[-54.19483,-29.46009],[-54.19815,-29.47391],[-54.19105,-29.4763],[-54.19123,-29.48245],[-54.18381,-29.47957],[-54.17037,-29.48316],[-54.16749,-29.47663],[-54.17277,-29.46903],[-54.17017,-29.45945],[-54.1548,-29.46968],[-54.15306,-29.48036],[-54.14168,-29.48038],[-54.1329,-29.46849],[-54.12157,-29.46309],[-54.09969,-29.46104],[-54.09155,-29.45514],[-54.09106,-29.44461],[-54.06932,-29.44719],[-54.07531,-29.43562],[-54.06755,-29.43089],[-54.0632,-29.43719],[-54.05405,-29.43],[-54.05169,-29.41473],[-54.03541,-29.40159],[-54.02706,-29.40475],[-54.0224,-29.38854],[-54.01477,-29.39699],[-54.00055,-29.39636],[-54.00201,-29.38878],[-54.01437,-29.38202],[-54.0124,-29.37353],[-54.00311,-29.3756],[-53.99993,-29.3668],[-54.00868,-29.36771],[-54.01525,-29.35844],[-54.00527,-29.35744],[-54.0004,-29.35286],[-54.00077,-29.34564],[-53.99688,-29.33511],[-53.98907,-29.33137],[-53.99318,-29.31768],[-53.98434,-29.30613],[-53.98723,-29.29826],[-53.9813,-29.29421],[-53.96902,-29.29788],[-53.96126,-29.29132],[-53.95893,-29.28472],[-53.94765,-29.27346],[-53.94201,-29.24653],[-53.93533,-29.24812],[-53.92746,-29.24085],[-53.91358,-29.24085],[-53.92077,-29.23087],[-53.91991,-29.22067]]]},"properties":{"CD_MUN":"4315321","NM_MUN":"Quevedos","AREA_KM2":543.359}},
{"type":"Feature","geometry":{"type":"Polygon","coordinates":[[[-53.26085,-28.72979],[-53.24996,-28.73447],[-53.23919,-28.74405],[-53.2348,-28.75357],[-53.21725,-28.75159],[-53.21398,-28.74578],[-53.16999,-28.74868],[-53.17006,-28.755],[-53.16178,-28.75734],[-53.15354,-28.75185],[-53.13714,-28.76012],[-53.14201,-28.76507],[-53.13924,-28.7775],[-53.15188,-28.79679],[-53.14479,-28.79908],[-53.13925,-28.80645],[-53.13144,-28.80686],[-53.11905,-28.80247],[-53.11273,-28.81431],[-53.11746,-28.82279],[-53.11523,-28.83413],[-53.12386,-28.8471],[-53.12253,-28.85258],[-53.13284,-28.87247],[-53.12894,-28.87897],[-53.11869,-28.88048],[-53.10809,-28.86792],[-53.09285,-28.87104],[-53.08384,-28.8682],[-53.07927,-28.86248],[-53.08305,-28.85465],[-53.07074,-28.84578],[-53.06087,-28.82969],[-53.05549,-28.81288],[-53.05959,-28.8108],[-53.06399,-28.7993],[-53.05816,-28.79785],[-53.04531,-28.78798],[-53.04263,-28.78159],[-53.03226,-28.77496],[-53.0343,-28.76371],[-53.02799,-28.75265],[-53.0327,-28.72945],[-53.01279,-28.71497],[-53.01983,-28.70998],[-53.02194,-28.69808],[-53.0304,-28.69004],[-53.05743,-28.68975],[-53.06329,-28.69361],[-53.07832,-28.6943],[-53.09591,-28.7013],[-53.10297,-28.69689],[-53.12047,-28.69947],[-53.12967,-28.69625],[-53.15721,-28.70183],[-53.15431,-28.7101],[-53.1575,-28.71879],[-53.16437,-28.72578],[-53.18063,-28.72507],[-53.18891,-28.7167],[-53.191,-28.70673],[-53.19997,-28.70294],[-53.21097,-28.70351],[-53.22573,-28.69885],[-53.24066,-28.6821],[-53.26459,-28.711],[-53.25959,-28.71767],[-53.26085,-28.72979]]]},"properties":{"CD_MUN":"4315354","NM_MUN":"Quinze de Novembro","AREA_KM2":223.072}},
{"type":"Feature","geometry":{"type":"Polygon","coordinates":[[[-53.73368,-27.66188],[-53.71565,-27.66694],[-53.70681,-27.66772],[-53.6893,-27.67322],[-53.67734,-27.68295],[-53.67538,-27.68813],[-53.63227,-27.70902],[-53.61755,-27.69753],[-53.60633,-27.69434],[-53.6048,-27.6894],[-53.58949,-27.68785],[-53.57982,-27.68092],[-53.57649,-27.66384],[-53.58897,-27.65577],[-53.58617,-27.65117],[-53.58704,-27.6381],[-53.58137,-27.63048],[-53.5733,-27.6271],[-53.57075,-27.63405],[-53.56375,-27.63833],[-53.56411,-27.61942],[-53.57052,-27.61704],[-53.5783,-27.61461],[-53.57372,-27.60436],[-53.58139,-27.5993],[-53.57901,-27.59086],[-53.58615,-27.58575],[-53.57188,-27.57889],[-53.57235,-27.57358],[-53.58222,-27.57143],[-53.57989,-27.56088],[-53.59126,-27.56614],[-53.59252,-27.5609],[-53.57578,-27.55834],[-53.58076,-27.55063],[-53.58206,-27.54085],[-53.5705,-27.54589],[-53.56441,-27.53128],[-53.57052,-27.52446],[-53.56661,-27.51712],[-53.57173,-27.511],[-53.57013,-27.49217],[-53.57254,-27.4815],[-53.56575,-27.47527],[-53.55811,-27.48138],[-53.55393,-27.47777],[-53.55991,-27.46484],[-53.56467,-27.45986],[-53.55318,-27.45677],[-53.56247,-27.44701],[-53.57066,-27.44224],[-53.58313,-27.45578],[-53.60193,-27.46269],[-53.61075,-27.46397],[-53.61843,-27.46935],[-53.61998,-27.46022],[-53.62699,-27.44864],[-53.6376,-27.44124],[-53.64573,-27.42906],[-53.64809,-27.41934],[-53.66637,-27.43251],[-53.67087,-27.43235],[-53.68087,-27.44841],[-53.70012,-27.44684],[-53.69264,-27.45746],[-53.6913,-27.46672],[-53.68391,-27.48485],[-53.68197,-27.49625],[-53.67768,-27.50446],[-53.67038,-27.53021],[-53.65926,-27.54033],[-53.66516,-27.54869],[-53.67636,-27.55122],[-53.68119,-27.54798],[-53.67861,-27.5733],[-53.68432,-27.57755],[-53.68483,-27.59053],[-53.67161,-27.59687],[-53.67311,-27.60582],[-53.68838,-27.6252],[-53.69471,-27.63991],[-53.70191,-27.63891],[-53.70994,-27.62992],[-53.71577,-27.64655],[-53.71763,-27.6592],[-53.7232,-27.66386],[-53.73368,-27.66188]]]},"properties":{"CD_MUN":"4315404","NM_MUN":"Redentora","AREA_KM2":303.705}},
{"type":"Feature","geometry":{"type":"Polygon","coordinates":[[[-51.99278,-29.14361],[-51.99135,-29.13571],[-52.00462,-29.12643],[-51.9992,-29.11741],[-52.01205,-29.11007],[-52.0151,-29.10113],[-52.02146,-29.09965],[-52.02179,-29.09182],[-52.02959,-29.08015],[-52.04486,-29.07028],[-52.04605,-29.05771],[-52.05826,-29.05877],[-52.05734,-29.09273],[-52.07813,-29.09281],[-52.08929,-29.08693],[-52.08981,-29.10824],[-52.10572,-29.09811],[-52.1241,-29.0927],[-52.12789,-29.08441],[-52.1381,-29.08829],[-52.14662,-29.08515],[-52.15164,-29.08782],[-52.14441,-29.10784],[-52.13685,-29.13547],[-52.12971,-29.13866],[-52.12199,-29.14844],[-52.08872,-29.15447],[-52.08653,-29.17059],[-52.07053,-29.16729],[-52.06365,-29.16231],[-52.05287,-29.16156],[-52.02564,-29.16428],[-52.01801,-29.16727],[-52.00742,-29.16265],[-52.00175,-29.16614],[-51.99207,-29.16102],[-51.98614,-29.1533],[-51.98451,-29.14538],[-51.99278,-29.14361]]]},"properties":{"CD_MUN":"4315453","NM_MUN":"Relvado","AREA_KM2":108.188}},
{"type":"Feature","geometry":{"type":"Polygon","coordinates":[[[-53.54935,-29.86748],[-53.53526,-29.87238],[-53.53411,-29.87808],[-53.51518,-29.88003],[-53.50578,-29.88337],[-53.49911,-29.87383],[-53.48375,-29.87561],[-53.48394,-29.88161],[-53.468,-29.88044],[-53.46264,-29.8869],[-53.44794,-29.89414],[-53.44062,-29.90428],[-53.43529,-29.90714],[-53.41886,-29.92487],[-53.40316,-29.93217],[-53.39762,-29.92806],[-53.38271,-29.93299],[-53.36499,-29.92508],[-53.34103,-29.93003],[-53.33898,-29.93621],[-53.32995,-29.93737],[-53.32742,-29.94352],[-53.31312,-29.94323],[-53.31725,-29.93542],[-53.30982,-29.93167],[-53.29927,-29.93785],[-53.29369,-29.93478],[-53.28792,-29.94071],[-53.28166,-29.93971],[-53.27123,-29.944],[-53.25976,-29.95633],[-53.25393,-29.9578],[-53.2497,-29.96188],[-53.22706,-29.96679],[-53.22226,-29.96296],[-53.20326,-29.96389],[-53.19508,-29.96103],[-53.17367,-29.96714],[-53.16322,-29.96353],[-53.14967,-29.9626],[-53.13544,-29.96767],[-53.12566,-29.96828],[-53.11418,-29.97195],[-53.0954,-29.96699],[-53.08972,-29.96163],[-53.09888,-29.95425],[-53.09383,-29.93756],[-53.08305,-29.93373],[-53.09453,-29.9276],[-53.11344,-29.9271],[-53.11995,-29.91976],[-53.12089,-29.89583],[-53.11773,-29.88026],[-53.11134,-29.86925],[-53.1095,-29.85218],[-53.12006,-29.83504],[-53.16132,-29.81289],[-53.16513,-29.80012],[-53.16573,-29.78925],[-53.16114,-29.78016],[-53.17455,-29.76973],[-53.18141,-29.7757],[-53.18832,-29.79227],[-53.18944,-29.80633],[-53.19381,-29.81524],[-53.19625,-29.83103],[-53.20111,-29.83671],[-53.20828,-29.83365],[-53.20908,-29.82703],[-53.22505,-29.82688],[-53.23221,-29.81659],[-53.26493,-29.80181],[-53.27683,-29.79887],[-53.27517,-29.79184],[-53.26634,-29.78629],[-53.26766,-29.78188],[-53.28964,-29.78573],[-53.28987,-29.77694],[-53.28378,-29.77268],[-53.28349,-29.76206],[-53.27399,-29.75715],[-53.26943,-29.74966],[-53.25427,-29.74697],[-53.25604,-29.72782],[-53.2664,-29.72949],[-53.27973,-29.72287],[-53.2828,-29.73186],[-53.29133,-29.73001],[-53.28621,-29.71711],[-53.28687,-29.69983],[-53.28234,-29.68977],[-53.28766,-29.68558],[-53.29458,-29.67333],[-53.30325,-29.67351],[-53.30609,-29.68434],[-53.31337,-29.6855],[-53.33259,-29.67272],[-53.34765,-29.67287],[-53.35537,-29.66822],[-53.35935,-29.65183],[-53.35194,-29.64559],[-53.3543,-29.63914],[-53.36189,-29.63672],[-53.38435,-29.6318],[-53.40123,-29.62779],[-53.41225,-29.64223],[-53.422,-29.65119],[-53.52977,-29.69576],[-53.54475,-29.70407],[-53.54794,-29.71404],[-53.54549,-29.72384],[-53.53523,-29.72841],[-53.53541,-29.74123],[-53.53048,-29.74595],[-53.53471,-29.7547],[-53.51849,-29.76483],[-53.51992,-29.77264],[-53.53595,-29.77905],[-53.54001,-29.78967],[-53.55585,-29.79062],[-53.55992,-29.80725],[-53.56511,-29.81332],[-53.55946,-29.82784],[-53.551,-29.82765],[-53.54868,-29.83527],[-53.55017,-29.84966],[-53.5473,-29.85405],[-53.54935,-29.86748]]]},"properties":{"CD_MUN":"4315503","NM_MUN":"Restinga Sêca","AREA_KM2":968.62}},
{"type":"Feature","geometry":{"type":"Polygon","coordinates":[[[-52.93376,-27.31278],[-52.92293,-27.31781],[-52.90794,-27.31161],[-52.89475,-27.31878],[-52.87233,-27.32778],[-52.87302,-27.33625],[-52.84759,-27.34018],[-52.83496,-27.33581],[-52.82726,-27.32731],[-52.82044,-27.31212],[-52.80981,-27.29756],[-52.79429,-27.29213],[-52.79705,-27.27746],[-52.79461,-27.26909],[-52.80004,-27.26554],[-52.78956,-27.25648],[-52.79371,-27.24401],[-52.78341,-27.23933],[-52.78339,-27.23302],[-52.79875,-27.22322],[-52.79607,-27.21433],[-52.80097,-27.20343],[-52.81725,-27.20252],[-52.83081,-27.21027],[-52.83968,-27.21132],[-52.84567,-27.20745],[-52.84612,-27.19069],[-52.84289,-27.18049],[-52.84707,-27.17211],[-52.85998,-27.17043],[-52.87703,-27.1774],[-52.88514,-27.18267],[-52.89919,-27.19688],[-52.90689,-27.20055],[-52.92931,-27.20408],[-52.93771,-27.19721],[-52.93607,-27.17804],[-52.94218,-27.16642],[-52.95669,-27.16326],[-52.96145,-27.16861],[-52.96771,-27.19037],[-52.96852,-27.21303],[-52.97123,-27.21784],[-52.9605,-27.21814],[-52.96529,-27.22772],[-52.95048,-27.24921],[-52.95782,-27.25139],[-52.96693,-27.26207],[-52.95631,-27.26944],[-52.95881,-27.27331],[-52.95892,-27.29177],[-52.94737,-27.29505],[-52.93426,-27.3078],[-52.93376,-27.31278]]]},"properties":{"CD_MUN":"4315552","NM_MUN":"Rio dos Índios","AREA_KM2":235.854}},
{"type":"Feature","geometry":{"type":"Polygon","coordinates":[[[-52.0972,-32.16167],[-52.104,-32.13293],[-52.10466,-32.10352],[-52.09911,-32.08265],[-52.08484,-32.06466],[-52.09394,-32.06216],[-52.1026,-32.06771],[-52.11233,-32.08356],[-52.11943,-32.09127],[-52.13244,-32.09789],[-52.14919,-32.11637],[-52.1567,-32.11385],[-52.15647,-32.09579],[-52.15024,-32.07533],[-52.13911,-32.061],[-52.11906,-32.05245],[-52.10806,-32.05108],[-52.10055,-32.04597],[-52.09543,-32.04863],[-52.0712,-32.05208],[-52.07738,-32.03351],[-52.08564,-32.03006],[-52.09773,-32.02911],[-52.10814,-32.02482],[-52.11614,-32.03341],[-52.13859,-32.04651],[-52.14981,-32.04821],[-52.16469,-32.0561],[-52.17148,-32.05578],[-52.20305,-32.07558],[-52.2124,-32.07634],[-52.21716,-32.08463],[-52.22799,-32.08456],[-52.23989,-32.07997],[-52.22684,-32.06846],[-52.2191,-32.06925],[-52.20895,-32.05984],[-52.19413,-32.05786],[-52.20203,-32.03906],[-52.19596,-32.02797],[-52.18004,-32.03029],[-52.15684,-32.02646],[-52.14681,-32.02091],[-52.11315,-32.00924],[-52.10209,-32.00302],[-52.09751,-31.99469],[-52.1133,-31.9779],[-52.12722,-31.97369],[-52.12538,-31.9806],[-52.13992,-31.98266],[-52.15221,-31.97989],[-52.16358,-31.98208],[-52.17521,-31.9785],[-52.18808,-31.98214],[-52.19633,-31.99406],[-52.19382,-32.00464],[-52.2061,-32.01027],[-52.20119,-32.02327],[-52.19619,-32.02757],[-52.20232,-32.03894],[-52.21333,-32.03502],[-52.22824,-32.03614],[-52.23496,-32.04373],[-52.25285,-32.04706],[-52.24565,-32.0283],[-52.23603,-32.02188],[-52.23494,-32.01407],[-52.24156,-31.99162],[-52.23939,-31.98457],[-52.22405,-31.97251],[-52.21879,-31.95914],[-52.20691,-31.96551],[-52.20189,-31.96246],[-52.18804,-31.96305],[-52.18551,-31.94971],[-52.17615,-31.95245],[-52.16686,-31.94298],[-52.15327,-31.95039],[-52.15452,-31.9295],[-52.1449,-31.92873],[-52.14161,-31.93841],[-52.14511,-31.942],[-52.14161,-31.95117],[-52.11481,-31.94196],[-52.13923,-31.91836],[-52.177,-31.90728],[-52.1898,-31.90074],[-52.20627,-31.88796],[-52.22012,-31.87281],[-52.22418,-31.87135],[-52.23735,-31.8783],[-52.22887,-31.88369],[-52.22812,-31.89108],[-52.23514,-31.89303],[-52.24159,-31.88255],[-52.24817,-31.87744],[-52.25452,-31.86482],[-52.25661,-31.8498],[-52.25076,-31.84004],[-52.23848,-31.83866],[-52.22551,-31.84683],[-52.22193,-31.83371],[-52.22453,-31.81282],[-52.2172,-31.80666],[-52.21749,-31.79457],[-52.22355,-31.78895],[-52.2421,-31.78641],[-52.25401,-31.78032],[-52.27489,-31.77516],[-52.30499,-31.77413],[-52.31787,-31.78226],[-52.3357,-31.78381],[-52.34456,-31.7876],[-52.3512,-31.79631],[-52.35917,-31.80016],[-52.37287,-31.80009],[-52.3803,-31.80351],[-52.38953,-31.81467],[-52.39334,-31.8281],[-52.38923,-31.84888],[-52.39603,-31.85753],[-52.40804,-31.86333],[-52.40551,-31.87251],[-52.39537,-31.88579],[-52.38489,-31.89523],[-52.38068,-31.91259],[-52.38904,-31.94343],[-52.40294,-31.96014],[-52.41697,-31.96707],[-52.41753,-31.98375],[-52.42135,-31.99742],[-52.41832,-32.01552],[-52.41944,-32.0251],[-52.40993,-32.02823],[-52.40955,-32.03852],[-52.41811,-32.04457],[-52.43461,-32.05198],[-52.43908,-32.06332],[-52.44588,-32.06444],[-52.46033,-32.06082],[-52.46867,-32.05643],[-52.49146,-32.05519],[-52.49443,-32.06041],[-52.5082,-32.06932],[-52.52228,-32.08269],[-52.53065,-32.09324],[-52.54732,-32.1004],[-52.56287,-32.09999],[-52.57166,-32.11242],[-52.58202,-32.11327],[-52.58999,-32.11884],[-52.59884,-32.12068],[-52.61855,-32.13094],[-52.62288,-32.14557],[-52.62933,-32.15202],[-52.62789,-32.15918],[-52.64791,-32.19147],[-52.65622,-32.20898],[-52.66228,-32.22582],[-52.68305,-32.27283],[-52.69069,-32.29663],[-52.69232,-32.30689],[-52.68841,-32.31953],[-52.68018,-32.33068],[-52.66012,-32.36302],[-52.63901,-32.39303],[-52.63549,-32.40119],[-52.61595,-32.4321],[-52.60233,-32.46064],[-52.58595,-32.50858],[-52.58761,-32.53775],[-52.60198,-32.58213],[-52.60907,-32.6123],[-52.62094,-32.63792],[-52.61397,-32.63426],[-52.60781,-32.63792],[-52.58486,-32.64345],[-52.42294,-32.6288],[-52.41573,-32.60523],[-52.38643,-32.52583],[-52.37098,-32.48823],[-52.34076,-32.42457],[-52.32202,-32.38855],[-52.29303,-32.33832],[-52.26974,-32.30406],[-52.25092,-32.27984],[-52.23388,-32.26023],[-52.19901,-32.2266],[-52.17829,-32.21029],[-52.14769,-32.18438],[-52.12488,-32.16926],[-52.11074,-32.16354],[-52.0972,-32.16167]]]},"properties":{"CD_MUN":"4315602","NM_MUN":"Rio Grande","AREA_KM2":2682.867}},
{"type":"Feature","geometry":{"type":"Polygon","coordinates":[[[-52.10457,-29.94561],[-52.11046,-29.93465],[-52.12886,-29.92713],[-52.1406,-29.92484],[-52.1665,-29.92929],[-52.17993,-29.93337],[-52.19059,-29.92329],[-52.19541,-29.91371],[-52.19344,-29.8897],[-52.18423,-29.87937],[-52.18792,-29.86854],[-52.18487,-29.86419],[-52.1867,-29.85268],[-52.18108,-29.84191],[-52.1747,-29.83991],[-52.17802,-29.82669],[-52.21272,-29.84136],[-52.22954,-29.84064],[-52.24312,-29.84809],[-52.25362,-29.85034],[-52.26959,-29.8664],[-52.28665,-29.86893],[-52.29699,-29.8728],[-52.30636,-29.87249],[-52.3135,-29.86007],[-52.31415,-29.8355],[-52.326,-29.84015],[-52.33709,-29.8362],[-52.3572,-29.83791],[-52.38168,-29.83836],[-52.38118,-29.84203],[-52.39985,-29.83998],[-52.4114,-29.85556],[-52.42896,-29.86095],[-52.43781,-29.87524],[-52.43551,-29.88688],[-52.43698,-29.89876],[-52.43137,-29.90565],[-52.43576,-29.91341],[-52.45076,-29.92429],[-52.46112,-29.92087],[-52.46136,-29.9028],[-52.46758,-29.89349],[-52.46897,-29.88538],[-52.47575,-29.8823],[-52.47782,-29.87528],[-52.48574,-29.87162],[-52.49687,-29.87568],[-52.50981,-29.87287],[-52.50938,-29.86182],[-52.50408,-29.84968],[-52.50555,-29.83942],[-52.52001,-29.83768],[-52.53089,-29.83147],[-52.54424,-29.83327],[-52.55265,-29.82404],[-52.54949,-29.81896],[-52.55478,-29.80998],[-52.57059,-29.80215],[-52.58108,-29.79367],[-52.58965,-29.79193],[-52.59693,-29.78573],[-52.61183,-29.79238],[-52.62418,-29.7937],[-52.63854,-29.7924],[-52.65322,-29.7946],[-52.66079,-29.80061],[-52.67806,-29.79851],[-52.6882,-29.79423],[-52.70367,-29.7927],[-52.72349,-29.79904],[-52.72795,-29.80357],[-52.74097,-29.80432],[-52.73685,-29.82014],[-52.74633,-29.83456],[-52.75493,-29.84264],[-52.75597,-29.84868],[-52.7524,-29.86555],[-52.75461,-29.88556],[-52.74894,-29.89611],[-52.74134,-29.90474],[-52.72337,-29.90412],[-52.71185,-29.90882],[-52.70527,-29.91716],[-52.70614,-29.94028],[-52.70909,-29.94348],[-52.71009,-29.95702],[-52.70269,-29.97422],[-52.69529,-29.9822],[-52.68473,-29.98628],[-52.68269,-29.99922],[-52.66665,-29.98847],[-52.64371,-29.99454],[-52.61074,-30.02039],[-52.60542,-30.0267],[-52.63412,-30.02648],[-52.65072,-30.02295],[-52.6657,-30.02541],[-52.67273,-30.04406],[-52.69074,-30.06121],[-52.68808,-30.0708],[-52.67543,-30.07907],[-52.67729,-30.09017],[-52.68113,-30.0938],[-52.68246,-30.10444],[-52.66957,-30.12155],[-52.67593,-30.13436],[-52.66847,-30.13791],[-52.66535,-30.14627],[-52.67217,-30.16185],[-52.66671,-30.19081],[-52.65459,-30.19712],[-52.65737,-30.20937],[-52.65271,-30.21354],[-52.6453,-30.2114],[-52.63964,-30.22001],[-52.64274,-30.22403],[-52.63279,-30.23978],[-52.62615,-30.24426],[-52.624,-30.25695],[-52.61879,-30.26221],[-52.62168,-30.27491],[-52.61522,-30.29273],[-52.61011,-30.30074],[-52.60182,-30.32616],[-52.60898,-30.33961],[-52.59457,-30.34553],[-52.59634,-30.35175],[-52.58689,-30.35975],[-52.57901,-30.37384],[-52.56197,-30.36031],[-52.555,-30.3629],[-52.54353,-30.36236],[-52.53597,-30.35526],[-52.54638,-30.34866],[-52.55619,-30.34645],[-52.55461,-30.3286],[-52.55831,-30.31319],[-52.55581,-30.30704],[-52.55936,-30.28519],[-52.54889,-30.28666],[-52.53217,-30.27945],[-52.53128,-30.27239],[-52.53368,-30.25287],[-52.53744,-30.24782],[-52.53203,-30.21853],[-52.53825,-30.20537],[-52.53708,-30.19333],[-52.5521,-30.18979],[-52.55796,-30.17214],[-52.55319,-30.16292],[-52.54396,-30.15509],[-52.54484,-30.14573],[-52.52627,-30.12248],[-52.52007,-30.11813],[-52.52466,-30.10146],[-52.50932,-30.09377],[-52.5071,-30.10787],[-52.49494,-30.1122],[-52.47515,-30.10538],[-52.47608,-30.10151],[-52.48901,-30.09864],[-52.48909,-30.09083],[-52.47154,-30.09261],[-52.44806,-30.08696],[-52.44071,-30.09117],[-52.43168,-30.08998],[-52.41769,-30.08153],[-52.4094,-30.08694],[-52.38715,-30.08421],[-52.3872,-30.08909],[-52.37806,-30.10247],[-52.37259,-30.11409],[-52.37733,-30.12788],[-52.36351,-30.13338],[-52.35103,-30.14175],[-52.34168,-30.15895],[-52.33137,-30.16114],[-52.33327,-30.15037],[-52.32753,-30.14349],[-52.30744,-30.14304],[-52.29467,-30.13756],[-52.28443,-30.13705],[-52.26581,-30.14156],[-52.2568,-30.14622],[-52.26787,-30.15103],[-52.27974,-30.14787],[-52.29428,-30.15631],[-52.29408,-30.16972],[-52.27989,-30.18756],[-52.27977,-30.20152],[-52.28426,-30.2078],[-52.28575,-30.21851],[-52.27605,-30.23199],[-52.273,-30.24373],[-52.27873,-30.25245],[-52.27782,-30.26355],[-52.26646,-30.26951],[-52.25365,-30.26971],[-52.24366,-30.26215],[-52.23222,-30.26251],[-52.22445,-30.25589],[-52.20976,-30.2596],[-52.20323,-30.26689],[-52.20453,-30.27398],[-52.19422,-30.2843],[-52.18581,-30.28833],[-52.18711,-30.29446],[-52.17521,-30.3152],[-52.16947,-30.32151],[-52.16319,-30.32224],[-52.15872,-30.31658],[-52.17112,-30.30711],[-52.17466,-30.28095],[-52.1664,-30.27165],[-52.15944,-30.25056],[-52.13629,-30.2276],[-52.13598,-30.21721],[-52.14003,-30.2138],[-52.15433,-30.21052],[-52.16292,-30.19961],[-52.15876,-30.19132],[-52.16099,-30.18326],[-52.15155,-30.17427],[-52.14804,-30.16239],[-52.15161,-30.1598],[-52.15237,-30.14611],[-52.15781,-30.1365],[-52.16959,-30.12553],[-52.16567,-30.11677],[-52.16627,-30.10846],[-52.15865,-30.10268],[-52.1662,-30.09354],[-52.1628,-30.0663],[-52.15253,-30.05346],[-52.15341,-30.04385],[-52.15037,-30.03852],[-52.15308,-30.02711],[-52.14631,-30.02027],[-52.15076,-30.00928],[-52.15026,-29.9995],[-52.15403,-29.98358],[-52.14854,-29.96371],[-52.14796,-29.95152],[-52.13942,-29.93936],[-52.12676,-29.93764],[-52.11154,-29.94519],[-52.10457,-29.94561]]]},"properties":{"CD_MUN":"4315701","NM_MUN":"Rio Pardo","AREA_KM2":2051.112}},
{"type":"Feature","geometry":{"type":"Polygon","coordinates":[[[-50.44934,-29.67937],[-50.40402,-29.70595],[-50.38326,-29.7193],[-50.37328,-29.71917],[-50.35864,-29.71577],[-50.35551,-29.70338],[-50.34345,-29.69861],[-50.33764,-29.70097],[-50.33222,-29.68293],[-50.32104,-29.68245],[-50.3156,-29.67839],[-50.31488,-29.66297],[-50.32101,-29.65627],[-50.33005,-29.66205],[-50.33789,-29.66135],[-50.34179,-29.65359],[-50.35132,-29.66038],[-50.35356,-29.64962],[-50.35042,-29.64109],[-50.35935,-29.63027],[-50.34598,-29.62011],[-50.34042,-29.6082],[-50.33348,-29.60341],[-50.34646,-29.59737],[-50.34819,-29.58845],[-50.3268,-29.5881],[-50.3478,-29.57894],[-50.35509,-29.55072],[-50.34158,-29.54487],[-50.34045,-29.53476],[-50.3449,-29.52579],[-50.35598,-29.52588],[-50.35515,-29.5033],[-50.34772,-29.49433],[-50.37992,-29.50901],[-50.39063,-29.51134],[-50.40668,-29.51875],[-50.42121,-29.51833],[-50.43289,-29.53726],[-50.43465,-29.55275],[-50.43253,-29.55614],[-50.44716,-29.56416],[-50.47052,-29.58239],[-50.47285,-29.58944],[-50.4827,-29.59456],[-50.48196,-29.6004],[-50.4697,-29.60087],[-50.46612,-29.60658],[-50.47224,-29.61438],[-50.47113,-29.62063],[-50.48132,-29.62428],[-50.48448,-29.62985],[-50.48584,-29.64287],[-50.48034,-29.65704],[-50.47236,-29.659],[-50.46361,-29.67172],[-50.4634,-29.67639],[-50.44934,-29.67937]]]},"properties":{"CD_MUN":"4315750","NM_MUN":"Riozinho","AREA_KM2":239.09}},
{"type":"Feature","geometry":{"type":"Polygon","coordinates":[[[-51.78003,-29.29892],[-51.797,-29.29941],[-51.80148,-29.25977],[-51.75478,-29.26056],[-51.75428,-29.22448],[-51.75552,-29.21869],[-51.74685,-29.21552],[-51.75,-29.2081],[-51.75692,-29.19264],[-51.75801,-29.18517],[-51.76981,-29.18242],[-51.78985,-29.18604],[-51.80162,-29.17519],[-51.80676,-29.175],[-51.81636,-29.18344],[-51.82228,-29.18315],[-51.82892,-29.17606],[-51.84249,-29.15123],[-51.84002,-29.14543],[-51.83108,-29.14136],[-51.83576,-29.13441],[-51.85062,-29.13813],[-51.85986,-29.1456],[-51.85391,-29.15779],[-51.85995,-29.16407],[-51.87261,-29.1718],[-51.88612,-29.1714],[-51.89576,-29.17848],[-51.89214,-29.18373],[-51.87855,-29.18785],[-51.87078,-29.19901],[-51.87562,-29.2143],[-51.87154,-29.2261],[-51.85947,-29.22464],[-51.85058,-29.22882],[-51.86535,-29.25103],[-51.86737,-29.26447],[-51.86617,-29.27667],[-51.87376,-29.28524],[-51.88872,-29.28029],[-51.90014,-29.29031],[-51.89953,-29.2958],[-51.89461,-29.3141],[-51.90144,-29.32396],[-51.91745,-29.33592],[-51.91417,-29.34817],[-51.90894,-29.35213],[-51.87547,-29.34416],[-51.83932,-29.34366],[-51.8321,-29.34404],[-51.77591,-29.34259],[-51.78003,-29.29892]]]},"properties":{"CD_MUN":"4315800","NM_MUN":"Roca Sales","AREA_KM2":208.108}},
{"type":"Feature","geometry":{"type":"Polygon","coordinates":[[[-53.19501,-27.52014],[-53.19092,-27.5199],[-53.18011,-27.50925],[-53.16424,-27.50989],[-53.16383,-27.5178],[-53.1442,-27.52249],[-53.13133,-27.51667],[-53.1284,-27.50812],[-53.14499,-27.50149],[-53.16005,-27.49924],[-53.14333,-27.49032],[-53.12705,-27.49436],[-53.13788,-27.47815],[-53.15048,-27.47761],[-53.15115,-27.4706],[-53.13686,-27.46823],[-53.12773,-27.46955],[-53.1204,-27.46322],[-53.12146,-27.45645],[-53.13622,-27.45756],[-53.13915,-27.44581],[-53.13223,-27.44407],[-53.1241,-27.43429],[-53.14284,-27.40565],[-53.14698,-27.40108],[-53.16382,-27.40706],[-53.17746,-27.40284],[-53.18302,-27.40909],[-53.17704,-27.41507],[-53.18191,-27.42457],[-53.1978,-27.42246],[-53.20676,-27.45301],[-53.20217,-27.46156],[-53.22187,-27.47219],[-53.23457,-27.48207],[-53.24105,-27.49267],[-53.24676,-27.49578],[-53.24397,-27.50273],[-53.2264,-27.49467],[-53.2123,-27.49234],[-53.20681,-27.48699],[-53.18835,-27.49425],[-53.19554,-27.51447],[-53.19501,-27.52014]]]},"properties":{"CD_MUN":"4315909","NM_MUN":"Rodeio Bonito","AREA_KM2":83.278}},
{"type":"Feature","geometry":{"type":"Polygon","coordinates":[[[-54.79513,-28.17631],[-54.79118,-28.18796],[-54.79844,-28.18667],[-54.80386,-28.17798],[-54.82709,-28.17456],[-54.83771,-28.18073],[-54.84178,-28.16717],[-54.85578,-28.16112],[-54.86111,-28.16225],[-54.85635,-28.18112],[-54.85952,-28.18796],[-54.8817,-28.20215],[-54.89531,-28.19572],[-54.89595,-28.18866],[-54.88949,-28.18389],[-54.88101,-28.18516],[-54.89392,-28.16738],[-54.90118,-28.1656],[-54.90582,-28.17274],[-54.91883,-28.17745],[-54.92093,-28.18155],[-54.91437,-28.19183],[-54.92856,-28.2011],[-54.94399,-28.18252],[-54.95412,-28.18029],[-54.9589,-28.18826],[-54.94971,-28.19944],[-54.94848,-28.22715],[-54.94017,-28.2344],[-54.93391,-28.24707],[-54.92395,-28.25425],[-54.92518,-28.26012],[-54.91423,-28.27594],[-54.90625,-28.27829],[-54.90308,-28.28885],[-54.8955,-28.28839],[-54.89006,-28.27789],[-54.88311,-28.27186],[-54.87578,-28.27668],[-54.87124,-28.28527],[-54.87179,-28.29131],[-54.8639,-28.30601],[-54.86763,-28.31139],[-54.84766,-28.33079],[-54.8453,-28.33716],[-54.85873,-28.33902],[-54.86606,-28.34875],[-54.86326,-28.35863],[-54.86724,-28.36345],[-54.85828,-28.36946],[-54.84685,-28.36201],[-54.83274,-28.36515],[-54.82034,-28.37309],[-54.80951,-28.36101],[-54.78836,-28.36263],[-54.77757,-28.3457],[-54.77584,-28.33693],[-54.76729,-28.33456],[-54.75889,-28.32099],[-54.75077,-28.31469],[-54.74803,-28.30534],[-54.7563,-28.28897],[-54.76063,-28.25955],[-54.75982,-28.24739],[-54.7541,-28.22959],[-54.75256,-28.21159],[-54.74569,-28.20803],[-54.73336,-28.18417],[-54.73977,-28.17726],[-54.7581,-28.19055],[-54.76916,-28.1864],[-54.77063,-28.18192],[-54.77076,-28.15836],[-54.77882,-28.15273],[-54.78326,-28.15638],[-54.78174,-28.16834],[-54.79513,-28.17631]]]},"properties":{"CD_MUN":"4315958","NM_MUN":"Rolador","AREA_KM2":295.326}},
{"type":"Feature","geometry":{"type":"Polygon","coordinates":[[[-50.43289,-29.53726],[-50.46107,-29.53862],[-50.55276,-29.53864],[-50.56094,-29.54639],[-50.57519,-29.55303],[-50.59005,-29.55327],[-50.58765,-29.55955],[-50.59037,-29.56639],[-50.60303,-29.58188],[-50.60294,-29.58911],[-50.61576,-29.59684],[-50.62297,-29.60412],[-50.63758,-29.60999],[-50.64199,-29.61836],[-50.6639,-29.64383],[-50.668,-29.65138],[-50.66702,-29.66023],[-50.67468,-29.66441],[-50.68411,-29.67683],[-50.65495,-29.68206],[-50.64558,-29.68148],[-50.63063,-29.68716],[-50.62284,-29.6928],[-50.60963,-29.69647],[-50.60307,-29.70688],[-50.59231,-29.70855],[-50.58787,-29.7125],[-50.57449,-29.71089],[-50.57102,-29.71614],[-50.57235,-29.73315],[-50.56561,-29.73176],[-50.55745,-29.72456],[-50.5481,-29.71243],[-50.54121,-29.71619],[-50.52995,-29.71401],[-50.52577,-29.71866],[-50.51745,-29.7076],[-50.51024,-29.70488],[-50.50742,-29.69543],[-50.50248,-29.69434],[-50.49296,-29.70026],[-50.49104,-29.68845],[-50.46245,-29.69543],[-50.44693,-29.69266],[-50.44934,-29.67937],[-50.4634,-29.67639],[-50.46361,-29.67172],[-50.47236,-29.659],[-50.48034,-29.65704],[-50.48584,-29.64287],[-50.48448,-29.62985],[-50.48132,-29.62428],[-50.47113,-29.62063],[-50.47224,-29.61438],[-50.46612,-29.60658],[-50.4697,-29.60087],[-50.48196,-29.6004],[-50.4827,-29.59456],[-50.47285,-29.58944],[-50.47052,-29.58239],[-50.44716,-29.56416],[-50.43253,-29.55614],[-50.43465,-29.55275],[-50.43289,-29.53726]]]},"properties":{"CD_MUN":"4316006","NM_MUN":"Rolante","AREA_KM2":296.09}},
{"type":"Feature","geometry":{"type":"Polygon","coordinates":[[[-52.89478,-27.75084],[-52.88239,-27.76084],[-52.88168,-27.77722],[-52.86885,-27.77604],[-52.85887,-27.77246],[-52.85513,-27.78258],[-52.85539,-27.80308],[-52.84512,-27.80334],[-52.83679,-27.8088],[-52.82253,-27.8078],[-52.82332,-27.81964],[-52.8165,-27.82176],[-52.81861,-27.83037],[-52.81023,-27.83138],[-52.80334,-27.82795],[-52.78127,-27.82651],[-52.7778,-27.83908],[-52.78013,-27.8514],[-52.76015,-27.87312],[-52.75802,-27.88015],[-52.77035,-27.90324],[-52.77215,-27.91545],[-52.76582,-27.93042],[-52.74491,-27.94505],[-52.7407,-27.94017],[-52.73757,-27.92597],[-52.71908,-27.91864],[-52.71368,-27.92003],[-52.7044,-27.91205],[-52.69783,-27.91171],[-52.695,-27.92511],[-52.6785,-27.93203],[-52.67314,-27.93927],[-52.65757,-27.94409],[-52.65131,-27.94812],[-52.63333,-27.94315],[-52.63133,-27.94051],[-52.60943,-27.93707],[-52.59741,-27.93487],[-52.5919,-27.9288],[-52.57996,-27.92489],[-52.58466,-27.91437],[-52.58381,-27.90668],[-52.58723,-27.89741],[-52.59595,-27.89773],[-52.5975,-27.88408],[-52.60908,-27.87997],[-52.60723,-27.86962],[-52.61639,-27.86876],[-52.61906,-27.87487],[-52.62906,-27.86662],[-52.63509,-27.87926],[-52.64761,-27.87635],[-52.64398,-27.86948],[-52.64318,-27.85714],[-52.64554,-27.85269],[-52.65408,-27.84638],[-52.66065,-27.83376],[-52.66954,-27.84007],[-52.67245,-27.82626],[-52.67314,-27.81055],[-52.67893,-27.8049],[-52.68001,-27.79591],[-52.6997,-27.79948],[-52.70508,-27.79287],[-52.69684,-27.78573],[-52.70178,-27.77718],[-52.71031,-27.77154],[-52.70845,-27.76622],[-52.71606,-27.76119],[-52.71737,-27.74536],[-52.73538,-27.74331],[-52.74713,-27.74666],[-52.74746,-27.73684],[-52.75171,-27.72576],[-52.74553,-27.71668],[-52.75104,-27.70653],[-52.7451,-27.70466],[-52.74634,-27.69196],[-52.76005,-27.69092],[-52.77318,-27.69354],[-52.77473,-27.68147],[-52.82084,-27.67781],[-52.82348,-27.67117],[-52.83596,-27.67375],[-52.85658,-27.67353],[-52.86864,-27.67154],[-52.88197,-27.67268],[-52.895,-27.70055],[-52.88388,-27.69649],[-52.8663,-27.6966],[-52.85534,-27.69859],[-52.85469,-27.70298],[-52.86201,-27.7132],[-52.87145,-27.71349],[-52.89557,-27.72113],[-52.88356,-27.73676],[-52.89478,-27.75084]]]},"properties":{"CD_MUN":"4316105","NM_MUN":"Ronda Alta","AREA_KM2":418.675}},
{"type":"Feature","geometry":{"type":"Polygon","coordinates":[[[-53.01914,-27.80482],[-53.02077,-27.81595],[-53.01534,-27.82334],[-53.00816,-27.82682],[-53.00502,-27.83316],[-52.98993,-27.83441],[-52.99291,-27.85868],[-52.99052,-27.86432],[-52.9713,-27.8776],[-52.96809,-27.87061],[-52.95228,-27.87676],[-52.94322,-27.8711],[-52.9402,-27.8808],[-52.93545,-27.88341],[-52.9267,-27.88005],[-52.92365,-27.88738],[-52.91337,-27.88569],[-52.90694,-27.88877],[-52.90001,-27.88199],[-52.8906,-27.88528],[-52.87579,-27.88183],[-52.85808,-27.88357],[-52.85681,-27.87947],[-52.83364,-27.89081],[-52.81588,-27.88794],[-52.81159,-27.89294],[-52.79647,-27.90044],[-52.79432,-27.91319],[-52.78129,-27.91154],[-52.77215,-27.91545],[-52.77035,-27.90324],[-52.75802,-27.88015],[-52.76015,-27.87312],[-52.78013,-27.8514],[-52.7778,-27.83908],[-52.78127,-27.82651],[-52.80334,-27.82795],[-52.81023,-27.83138],[-52.81861,-27.83037],[-52.8165,-27.82176],[-52.82332,-27.81964],[-52.82253,-27.8078],[-52.83679,-27.8088],[-52.84512,-27.80334],[-52.85539,-27.80308],[-52.85513,-27.78258],[-52.85887,-27.77246],[-52.86885,-27.77604],[-52.88168,-27.77722],[-52.88239,-27.76084],[-52.89478,-27.75084],[-52.90628,-27.74581],[-52.91219,-27.73832],[-52.91741,-27.74457],[-52.9174,-27.7528],[-52.93483,-27.76618],[-52.94019,-27.76368],[-52.95284,-27.77164],[-52.97415,-27.76989],[-52.97261,-27.7596],[-52.98275,-27.76349],[-52.9842,-27.7698],[-52.97277,-27.78103],[-52.98443,-27.79049],[-53.00177,-27.79309],[-53.01314,-27.80309],[-53.01914,-27.80482]]]},"properties":{"CD_MUN":"4316204","NM_MUN":"Rondinha","AREA_KM2":252.454}},
{"type":"Feature","geometry":{"type":"Polygon","coordinates":[[[-55.02531,-28.17651],[-55.00771,-28.16695],[-54.99539,-28.17041],[-54.99793,-28.15923],[-55.00713,-28.14909],[-55.0042,-28.14175],[-54.99264,-28.15057],[-54.98703,-28.15941],[-54.97718,-28.15818],[-54.97161,-28.16351],[-54.96954,-28.18749],[-54.9589,-28.18826],[-54.95412,-28.18029],[-54.94399,-28.18252],[-54.94277,-28.16632],[-54.93497,-28.14873],[-54.92865,-28.1475],[-54.92554,-28.14039],[-54.92787,-28.12901],[-54.92801,-28.05755],[-54.92805,-28.05584],[-54.98109,-28.0561],[-54.98983,-28.05447],[-55.0074,-28.04117],[-55.01639,-28.03809],[-55.02907,-28.02162],[-55.04548,-28.00313],[-55.0532,-28.00176],[-55.07345,-28.00988],[-55.08948,-28.00952],[-55.08932,-28.0272],[-55.10577,-28.02242],[-55.10897,-28.03319],[-55.13868,-28.03298],[-55.15074,-28.03718],[-55.15845,-28.03449],[-55.16501,-28.01991],[-55.15288,-28.0136],[-55.16812,-28.01146],[-55.16826,-27.99189],[-55.17995,-27.99227],[-55.18326,-27.97838],[-55.19681,-27.96959],[-55.21307,-27.95321],[-55.22794,-27.95485],[-55.23112,-27.95836],[-55.24213,-27.95965],[-55.25035,-27.95189],[-55.25996,-27.94865],[-55.26506,-27.95078],[-55.27838,-27.94851],[-55.27777,-27.93292],[-55.2858,-27.93228],[-55.30937,-27.92225],[-55.31926,-27.92195],[-55.32728,-27.92674],[-55.33333,-27.93931],[-55.33978,-27.96598],[-55.31877,-27.97213],[-55.31173,-27.98312],[-55.31038,-27.99557],[-55.29944,-27.99588],[-55.29357,-27.98075],[-55.27507,-27.98346],[-55.2656,-27.98961],[-55.2536,-27.99089],[-55.24686,-28.00234],[-55.21468,-28.00308],[-55.23005,-28.01624],[-55.2415,-28.01611],[-55.23971,-28.02421],[-55.2275,-28.02745],[-55.21984,-28.02231],[-55.20227,-28.01658],[-55.19051,-28.01008],[-55.18244,-28.01301],[-55.19338,-28.03099],[-55.18172,-28.03451],[-55.18081,-28.04935],[-55.17251,-28.05402],[-55.16385,-28.0454],[-55.15704,-28.04245],[-55.15133,-28.04633],[-55.14988,-28.06256],[-55.15158,-28.07092],[-55.14802,-28.08214],[-55.14033,-28.08559],[-55.13712,-28.07244],[-55.12728,-28.05908],[-55.12192,-28.05787],[-55.10034,-28.06457],[-55.1118,-28.07652],[-55.11654,-28.09231],[-55.11075,-28.09951],[-55.10082,-28.09939],[-55.10594,-28.11213],[-55.09728,-28.12316],[-55.08613,-28.12663],[-55.0692,-28.11249],[-55.06201,-28.11152],[-55.04989,-28.1177],[-55.05034,-28.12262],[-55.06546,-28.13375],[-55.06689,-28.14363],[-55.05702,-28.14852],[-55.05268,-28.14159],[-55.04386,-28.13678],[-55.03593,-28.13784],[-55.03043,-28.14358],[-55.03725,-28.15258],[-55.04483,-28.16973],[-55.03825,-28.17813],[-55.02531,-28.17651]]]},"properties":{"CD_MUN":"4316303","NM_MUN":"Roque Gonzales","AREA_KM2":349.074}},
{"type":"Feature","geometry":{"type":"Polygon","coordinates":[[[-55.67533,-30.27768],[-55.66354,-30.27975],[-55.64351,-30.28757],[-55.64821,-30.29354],[-55.64063,-30.3022],[-55.62471,-30.30471],[-55.63338,-30.32259],[-55.64297,-30.32671],[-55.63589,-30.33306],[-55.61827,-30.33438],[-55.61038,-30.3445],[-55.61104,-30.35052],[-55.61868,-30.36231],[-55.59477,-30.37045],[-55.59846,-30.38463],[-55.57378,-30.38596],[-55.56689,-30.38072],[-55.55526,-30.3812],[-55.54468,-30.38869],[-55.51924,-30.38638],[-55.51356,-30.39929],[-55.50426,-30.4067],[-55.49224,-30.40554],[-55.47852,-30.40843],[-55.4656,-30.41421],[-55.45568,-30.41153],[-55.44047,-30.41737],[-55.41728,-30.42973],[-55.41899,-30.43802],[-55.41382,-30.44747],[-55.40385,-30.45944],[-55.39147,-30.46363],[-55.35493,-30.48794],[-55.35177,-30.50128],[-55.3431,-30.50536],[-55.30481,-30.51467],[-55.29398,-30.51963],[-55.26178,-30.52163],[-55.25772,-30.52786],[-55.24101,-30.52314],[-55.23177,-30.51836],[-55.22156,-30.50764],[-55.20921,-30.50341],[-55.20181,-30.50513],[-55.19295,-30.49888],[-55.18363,-30.49781],[-55.17192,-30.48961],[-55.1647,-30.47711],[-55.15469,-30.47581],[-55.13772,-30.46456],[-55.13617,-30.45933],[-55.12525,-30.45226],[-55.11303,-30.45224],[-55.11086,-30.44797],[-55.08626,-30.44362],[-55.07712,-30.44072],[-55.06034,-30.44273],[-55.04217,-30.45255],[-55.03767,-30.46201],[-55.01898,-30.47421],[-55.0022,-30.47431],[-54.99995,-30.4679],[-54.99255,-30.46459],[-54.98421,-30.44846],[-54.9723,-30.45779],[-54.97658,-30.46566],[-54.97795,-30.47573],[-54.98642,-30.4879],[-54.98406,-30.49147],[-55.00209,-30.49847],[-55.00136,-30.50374],[-55.01135,-30.50842],[-55.02231,-30.49983],[-55.0317,-30.50351],[-55.04131,-30.49847],[-55.0548,-30.50522],[-55.04836,-30.5146],[-55.03579,-30.52732],[-55.04011,-30.53774],[-55.03867,-30.5431],[-55.04658,-30.55061],[-55.0434,-30.5624],[-55.05401,-30.57143],[-55.04734,-30.58336],[-55.03919,-30.58622],[-55.04224,-30.59912],[-55.04165,-30.60773],[-55.04949,-30.6151],[-55.0459,-30.61859],[-55.0543,-30.6338],[-55.04647,-30.64408],[-55.02892,-30.65015],[-55.03666,-30.66123],[-55.03293,-30.6746],[-55.02578,-30.67538],[-55.01716,-30.68474],[-55.01474,-30.6985],[-55.01821,-30.7193],[-55.01148,-30.72297],[-54.99071,-30.73071],[-54.96368,-30.73054],[-54.95608,-30.72455],[-54.94564,-30.72863],[-54.92671,-30.71976],[-54.90608,-30.71946],[-54.8957,-30.72421],[-54.8709,-30.72945],[-54.8672,-30.72839],[-54.84866,-30.73512],[-54.8376,-30.73263],[-54.81288,-30.71493],[-54.80008,-30.70026],[-54.78227,-30.69916],[-54.77208,-30.68658],[-54.77577,-30.68049],[-54.77231,-30.67191],[-54.77299,-30.66359],[-54.76695,-30.65569],[-54.7538,-30.64896],[-54.74992,-30.63946],[-54.7327,-30.6306],[-54.73214,-30.62548],[-54.72275,-30.61297],[-54.72482,-30.59907],[-54.72884,-30.58801],[-54.72015,-30.57842],[-54.73184,-30.56847],[-54.73529,-30.55903],[-54.73575,-30.53005],[-54.74776,-30.51598],[-54.73853,-30.50611],[-54.71487,-30.50053],[-54.71475,-30.49105],[-54.71106,-30.47962],[-54.71944,-30.47481],[-54.72046,-30.46754],[-54.71304,-30.46349],[-54.71907,-30.45786],[-54.74182,-30.45189],[-54.74377,-30.44117],[-54.73637,-30.43839],[-54.73915,-30.42904],[-54.74913,-30.42739],[-54.74432,-30.42053],[-54.76032,-30.41378],[-54.76958,-30.41657],[-54.77809,-30.39605],[-54.78556,-30.39024],[-54.78589,-30.38409],[-54.79488,-30.38424],[-54.79594,-30.37357],[-54.78379,-30.37486],[-54.78395,-30.34979],[-54.78914,-30.34933],[-54.79592,-30.34046],[-54.80797,-30.33777],[-54.80191,-30.32908],[-54.80381,-30.32312],[-54.81736,-30.32004],[-54.82935,-30.32416],[-54.84566,-30.30501],[-54.86508,-30.29143],[-54.86346,-30.28724],[-54.86998,-30.2796],[-54.87869,-30.27693],[-54.87171,-30.26912],[-54.85232,-30.26954],[-54.84741,-30.26586],[-54.83889,-30.27208],[-54.83346,-30.26916],[-54.82373,-30.27101],[-54.81631,-30.26851],[-54.78072,-30.27662],[-54.77125,-30.27546],[-54.76118,-30.2823],[-54.75293,-30.27651],[-54.7324,-30.26981],[-54.72672,-30.2721],[-54.71357,-30.2635],[-54.71131,-30.25226],[-54.71343,-30.24196],[-54.70636,-30.23343],[-54.706,-30.21419],[-54.70826,-30.21002],[-54.69016,-30.19942],[-54.68549,-30.19895],[-54.67824,-30.18145],[-54.66721,-30.17475],[-54.66492,-30.16309],[-54.66822,-30.15567],[-54.64753,-30.14834],[-54.64795,-30.13703],[-54.63053,-30.12347],[-54.62694,-30.1166],[-54.63232,-30.10634],[-54.6551,-30.1087],[-54.67073,-30.09561],[-54.67825,-30.08015],[-54.68753,-30.07429],[-54.68854,-30.06295],[-54.7005,-30.0556],[-54.69872,-30.04294],[-54.70393,-30.04031],[-54.70299,-30.02902],[-54.70903,-30.02473],[-54.7134,-30.03189],[-54.72912,-30.02933],[-54.73593,-30.02097],[-54.74492,-30.02349],[-54.75495,-30.02097],[-54.75671,-30.03865],[-54.77289,-30.05245],[-54.7766,-30.05897],[-54.77867,-30.07413],[-54.78958,-30.09425],[-54.79929,-30.096],[-54.81721,-30.10795],[-54.84926,-30.09999],[-54.8713,-30.09561],[-54.89157,-30.09997],[-54.90116,-30.08412],[-54.91851,-30.07112],[-54.9385,-30.06613],[-54.94862,-30.07657],[-54.94891,-30.08261],[-54.96383,-30.08874],[-54.97164,-30.08714],[-54.98628,-30.0962],[-54.99427,-30.10718],[-55.00161,-30.11206],[-55.00047,-30.11884],[-55.00724,-30.13032],[-55.01911,-30.12868],[-55.0271,-30.13387],[-55.04351,-30.13513],[-55.05465,-30.13887],[-55.06055,-30.14492],[-55.06814,-30.14182],[-55.07052,-30.12934],[-55.07706,-30.12426],[-55.07348,-30.11073],[-55.0822,-30.10297],[-55.08466,-30.08364],[-55.09438,-30.06386],[-55.10108,-30.05354],[-55.09992,-30.04621],[-55.09403,-30.04067],[-55.09614,-30.03457],[-55.10779,-30.03972],[-55.1172,-30.04682],[-55.12839,-30.0415],[-55.13724,-30.04243],[-55.14205,-30.05415],[-55.15203,-30.04781],[-55.15898,-30.04964],[-55.16277,-30.04367],[-55.17824,-30.04585],[-55.18754,-30.06789],[-55.18803,-30.07897],[-55.20151,-30.08374],[-55.21242,-30.08526],[-55.21608,-30.08028],[-55.23309,-30.07792],[-55.24504,-30.08115],[-55.25385,-30.07966],[-55.2604,-30.08467],[-55.27409,-30.08102],[-55.28505,-30.09157],[-55.287,-30.10226],[-55.29558,-30.08855],[-55.30799,-30.08778],[-55.31307,-30.08131],[-55.35822,-30.07731],[-55.37033,-30.07918],[-55.38336,-30.07462],[-55.39025,-30.07923],[-55.39904,-30.07895],[-55.41572,-30.08985],[-55.44219,-30.09354],[-55.45651,-30.08918],[-55.47148,-30.07867],[-55.48776,-30.08806],[-55.50109,-30.1051],[-55.49948,-30.12051],[-55.50881,-30.13258],[-55.51466,-30.13299],[-55.5245,-30.14032],[-55.52987,-30.14766],[-55.52934,-30.16022],[-55.53845,-30.16324],[-55.54758,-30.15761],[-55.55359,-30.15788],[-55.57513,-30.14998],[-55.58589,-30.15154],[-55.59426,-30.14856],[-55.59782,-30.14318],[-55.6061,-30.14431],[-55.62651,-30.13023],[-55.63815,-30.11876],[-55.64736,-30.11894],[-55.65076,-30.11227],[-55.66168,-30.10312],[-55.6712,-30.10293],[-55.67085,-30.11195],[-55.6758,-30.12301],[-55.66623,-30.12755],[-55.65225,-30.14664],[-55.65833,-30.15299],[-55.65626,-30.15748],[-55.66481,-30.17191],[-55.66216,-30.17693],[-55.65256,-30.18059],[-55.6678,-30.19104],[-55.67166,-30.20225],[-55.64255,-30.2135],[-55.64704,-30.22477],[-55.65268,-30.23075],[-55.66774,-30.22181],[-55.67555,-30.22675],[-55.67598,-30.23711],[-55.65941,-30.24491],[-55.67947,-30.25015],[-55.68912,-30.24647],[-55.69172,-30.25551],[-55.67159,-30.27155],[-55.67533,-30.27768]]]},"properties":{"CD_MUN":"4316402","NM_MUN":"Rosário do Sul","AREA_KM2":4343.656}},
{"type":"Feature","geometry":{"type":"Polygon","coordinates":[[[-53.1791,-27.75736],[-53.17067,-27.75439],[-53.16235,-27.75601],[-53.14601,-27.74609],[-53.13985,-27.7499],[-53.11257,-27.75816],[-53.10638,-27.7401],[-53.09988,-27.73448],[-53.0875,-27.73628],[-53.07105,-27.72591],[-53.08581,-27.72333],[-53.09499,-27.72869],[-53.10433,-27.71765],[-53.09664,-27.71097],[-53.08361,-27.71467],[-53.07954,-27.71096],[-53.08647,-27.69852],[-53.0936,-27.70343],[-53.10084,-27.70035],[-53.10435,-27.68186],[-53.09993,-27.6752],[-53.08625,-27.67247],[-53.0751,-27.67515],[-53.07352,-27.66983],[-53.08671,-27.66385],[-53.09872,-27.66684],[-53.10623,-27.66362],[-53.11327,-27.6502],[-53.11623,-27.64261],[-53.12968,-27.64568],[-53.12875,-27.65007],[-53.15507,-27.66191],[-53.15053,-27.67842],[-53.15192,-27.69919],[-53.16116,-27.70545],[-53.1678,-27.7053],[-53.17181,-27.71899],[-53.19331,-27.72849],[-53.19749,-27.73289],[-53.19257,-27.74265],[-53.17946,-27.74948],[-53.1791,-27.75736]]]},"properties":{"CD_MUN":"4316428","NM_MUN":"Sagrada Família","AREA_KM2":77.889}},
{"type":"Feature","geometry":{"type":"Polygon","coordinates":[[[-53.07917,-28.49247],[-53.07408,-28.48842],[-53.07386,-28.47615],[-53.06283,-28.45973],[-53.05971,-28.44826],[-53.05356,-28.44589],[-53.04779,-28.42591],[-53.05594,-28.41749],[-53.05375,-28.40257],[-53.05762,-28.39686],[-53.04,-28.38523],[-53.02602,-28.38857],[-53.00853,-28.3845],[-52.9978,-28.37415],[-53.00173,-28.36793],[-53.02023,-28.36957],[-53.02802,-28.37658],[-53.03955,-28.37421],[-53.02253,-28.34756],[-53.02641,-28.3276],[-53.01989,-28.31989],[-53.0253,-28.31476],[-53.03244,-28.3181],[-53.04322,-28.30502],[-53.05404,-28.30288],[-53.06224,-28.29369],[-53.06812,-28.29823],[-53.08121,-28.28398],[-53.09282,-28.27866],[-53.09992,-28.27885],[-53.10822,-28.28721],[-53.11682,-28.28922],[-53.11973,-28.29774],[-53.11358,-28.30892],[-53.11276,-28.3155],[-53.12264,-28.34099],[-53.1328,-28.34427],[-53.14602,-28.35213],[-53.15076,-28.35115],[-53.16315,-28.36551],[-53.16412,-28.38429],[-53.16257,-28.3936],[-53.16996,-28.40701],[-53.17136,-28.4163],[-53.16313,-28.42436],[-53.15773,-28.43481],[-53.16434,-28.45019],[-53.13441,-28.45589],[-53.13263,-28.45911],[-53.13771,-28.47973],[-53.1335,-28.48346],[-53.1025,-28.48909],[-53.09513,-28.49451],[-53.07917,-28.49247]]]},"properties":{"CD_MUN":"4316436","NM_MUN":"Saldanha Marinho","AREA_KM2":221.554}},
{"type":"Feature","geometry":{"type":"Polygon","coordinates":[[[-53.26144,-29.1443],[-53.25303,-29.13612],[-53.24037,-29.13786],[-53.23523,-29.14143],[-53.21358,-29.13628],[-53.19631,-29.13748],[-53.19078,-29.13053],[-53.17609,-29.13149],[-53.16369,-29.13717],[-53.15597,-29.13245],[-53.14142,-29.13079],[-53.13007,-29.14339],[-53.1151,-29.14801],[-53.09427,-29.13986],[-53.08837,-29.15464],[-53.08285,-29.16137],[-53.06898,-29.16916],[-53.07254,-29.17779],[-53.06392,-29.18181],[-53.05809,-29.16978],[-53.06298,-29.16094],[-53.05274,-29.15607],[-53.05094,-29.16272],[-53.0413,-29.16309],[-53.02847,-29.15696],[-53.01675,-29.15568],[-53.04089,-29.14026],[-53.04336,-29.1321],[-53.05955,-29.12776],[-53.06426,-29.12949],[-53.07597,-29.12471],[-53.07804,-29.11343],[-53.07689,-29.10148],[-53.06978,-29.0991],[-53.07706,-29.08533],[-53.07822,-29.07595],[-53.09486,-29.06769],[-53.10652,-29.06601],[-53.10863,-29.05032],[-53.11786,-29.04427],[-53.13094,-29.04404],[-53.14124,-29.03226],[-53.1397,-29.02699],[-53.15155,-29.02473],[-53.15275,-29.03263],[-53.17109,-29.031],[-53.17773,-29.02434],[-53.18651,-29.00714],[-53.19062,-28.9918],[-53.19982,-28.98289],[-53.21039,-28.98206],[-53.2153,-28.9728],[-53.21465,-28.95642],[-53.22851,-28.95849],[-53.23513,-28.95616],[-53.24419,-28.9608],[-53.2587,-28.95902],[-53.26235,-28.96592],[-53.27999,-28.97501],[-53.27712,-28.98049],[-53.28426,-28.98544],[-53.29831,-28.98865],[-53.30111,-29.00064],[-53.30736,-29.0111],[-53.31677,-29.01379],[-53.33054,-29.00942],[-53.34413,-29.00241],[-53.34768,-28.99797],[-53.34061,-28.988],[-53.34482,-28.98347],[-53.35578,-28.98675],[-53.35868,-28.98072],[-53.37129,-28.97547],[-53.3858,-28.98825],[-53.39369,-28.99992],[-53.40656,-29.00174],[-53.41381,-29.01004],[-53.40891,-29.01426],[-53.41597,-29.03875],[-53.43922,-29.04705],[-53.44941,-29.04729],[-53.45283,-29.06808],[-53.44584,-29.08649],[-53.43002,-29.09497],[-53.40861,-29.11225],[-53.40761,-29.11892],[-53.3937,-29.11896],[-53.38578,-29.12374],[-53.36675,-29.12211],[-53.35042,-29.11152],[-53.34845,-29.11849],[-53.33212,-29.12822],[-53.30953,-29.12871],[-53.29906,-29.12631],[-53.29021,-29.12781],[-53.28681,-29.13548],[-53.27875,-29.13139],[-53.27856,-29.14349],[-53.26722,-29.13987],[-53.26144,-29.1443]]]},"properties":{"CD_MUN":"4316451","NM_MUN":"Salto do Jacuí","AREA_KM2":507.698}},
{"type":"Feature","geometry":{"type":"Polygon","coordinates":[[[-54.85578,-28.16112],[-54.84178,-28.16717],[-54.83771,-28.18073],[-54.82709,-28.17456],[-54.80386,-28.17798],[-54.79844,-28.18667],[-54.79118,-28.18796],[-54.79513,-28.17631],[-54.79531,-28.12679],[-54.8055,-28.12677],[-54.80562,-28.08442],[-54.8068,-28.0831],[-54.80806,-28.04671],[-54.81635,-28.04266],[-54.81019,-28.03423],[-54.81354,-28.02739],[-54.80948,-28.02275],[-54.82704,-28.02021],[-54.83532,-28.02278],[-54.85343,-28.01618],[-54.86072,-28.02051],[-54.86659,-28.00938],[-54.86638,-28.04572],[-54.86638,-28.08917],[-54.85635,-28.08888],[-54.85578,-28.16112]]]},"properties":{"CD_MUN":"4316477","NM_MUN":"Salvador das Missões","AREA_KM2":94.312}},
{"type":"Feature","geometry":{"type":"Polygon","coordinates":[[[-51.47318,-29.43734],[-51.49745,-29.43244],[-51.50536,-29.42938],[-51.51406,-29.43133],[-51.52619,-29.4276],[-51.53017,-29.43074],[-51.54294,-29.42993],[-51.56152,-29.43118],[-51.57298,-29.42528],[-51.5737,-29.41964],[-51.5834,-29.41532],[-51.5835,-29.40708],[-51.60788,-29.41122],[-51.64085,-29.41724],[-51.64359,-29.42484],[-51.64265,-29.43552],[-51.60982,-29.43558],[-51.59499,-29.43358],[-51.59224,-29.44029],[-51.56947,-29.45802],[-51.58753,-29.47022],[-51.60176,-29.47565],[-51.5882,-29.47681],[-51.57368,-29.47805],[-51.55827,-29.49105],[-51.54755,-29.49496],[-51.54136,-29.50405],[-51.53161,-29.4963],[-51.52164,-29.51151],[-51.52007,-29.50267],[-51.51029,-29.50555],[-51.51024,-29.49741],[-51.49054,-29.48714],[-51.49035,-29.49944],[-51.4861,-29.50964],[-51.47243,-29.50265],[-51.47162,-29.49788],[-51.45742,-29.49572],[-51.47165,-29.48098],[-51.45487,-29.47097],[-51.45794,-29.45272],[-51.47005,-29.44528],[-51.47318,-29.43734]]]},"properties":{"CD_MUN":"4316501","NM_MUN":"Salvador do Sul","AREA_KM2":99.156}},
{"type":"Feature","geometry":{"type":"Polygon","coordinates":[[[-51.92939,-27.99064],[-51.92674,-28.00024],[-51.91003,-28.00237],[-51.89674,-28.00637],[-51.87754,-28.00808],[-51.87036,-28.01043],[-51.85227,-28.00942],[-51.85111,-28.01253],[-51.83741,-28.01587],[-51.83262,-28.02095],[-51.81744,-28.0222],[-51.80857,-28.02657],[-51.803,-28.03991],[-51.7762,-28.0275],[-51.77053,-28.04117],[-51.76884,-28.05891],[-51.76196,-28.06849],[-51.75207,-28.07664],[-51.73263,-28.1031],[-51.72964,-28.11018],[-51.71305,-28.12551],[-51.70362,-28.13804],[-51.69376,-28.12361],[-51.69617,-28.1005],[-51.69193,-28.09182],[-51.68127,-28.08283],[-51.66795,-28.07575],[-51.65324,-28.06052],[-51.63389,-28.04764],[-51.63934,-28.04493],[-51.64021,-28.0376],[-51.65363,-28.03173],[-51.64591,-28.01792],[-51.65591,-28.02104],[-51.65811,-28.02691],[-51.67467,-28.02214],[-51.65541,-28.00473],[-51.64594,-28.00374],[-51.64595,-27.99317],[-51.65508,-27.98868],[-51.66814,-27.9911],[-51.66917,-27.98429],[-51.67654,-27.98312],[-51.68189,-27.98334],[-51.686,-27.99479],[-51.69673,-27.98563],[-51.69163,-27.96672],[-51.71222,-27.96831],[-51.71038,-27.96027],[-51.71132,-27.94651],[-51.72009,-27.94489],[-51.73342,-27.93318],[-51.72295,-27.92855],[-51.73659,-27.92267],[-51.73125,-27.91045],[-51.73987,-27.90225],[-51.73204,-27.89034],[-51.74237,-27.88212],[-51.75283,-27.87976],[-51.74898,-27.87381],[-51.75578,-27.861],[-51.74896,-27.85431],[-51.76432,-27.8454],[-51.76525,-27.85401],[-51.77994,-27.85501],[-51.79991,-27.86716],[-51.81038,-27.8663],[-51.84151,-27.85135],[-51.84804,-27.85159],[-51.85494,-27.84399],[-51.85623,-27.83458],[-51.87854,-27.82704],[-51.88426,-27.81903],[-51.89601,-27.81535],[-51.91195,-27.79834],[-51.9156,-27.79868],[-51.91986,-27.81241],[-51.93398,-27.80011],[-51.93974,-27.79078],[-51.95276,-27.79103],[-51.94532,-27.80016],[-51.9393,-27.81572],[-51.95233,-27.81158],[-51.96169,-27.81336],[-51.94995,-27.82678],[-51.94368,-27.82123],[-51.94014,-27.83461],[-51.93566,-27.83494],[-51.9199,-27.84493],[-51.92687,-27.85305],[-51.92722,-27.85907],[-51.93671,-27.86708],[-51.93597,-27.87051],[-51.91976,-27.86944],[-51.92394,-27.88183],[-51.93834,-27.88452],[-51.9338,-27.89061],[-51.92614,-27.89283],[-51.91879,-27.90029],[-51.93944,-27.90569],[-51.93521,-27.90931],[-51.92463,-27.90647],[-51.92029,-27.92354],[-51.93077,-27.93233],[-51.91766,-27.93567],[-51.91458,-27.94692],[-51.9097,-27.95242],[-51.91144,-27.96471],[-51.92266,-27.96371],[-51.92727,-27.96674],[-51.91222,-27.97574],[-51.92025,-27.99069],[-51.92939,-27.99064]]]},"properties":{"CD_MUN":"4316600","NM_MUN":"Sananduva","AREA_KM2":504.438}},
{"type":"Feature","geometry":{"type":"Polygon","coordinates":[[[-53.25556,-28.16436],[-53.26859,-28.16307],[-53.27365,-28.16813],[-53.28141,-28.16684],[-53.29148,-28.17156],[-53.2978,-28.18217],[-53.31056,-28.19169],[-53.3115,-28.19509],[-53.31106,-28.20444],[-53.31757,-28.20569],[-53.31866,-28.21538],[-53.32514,-28.22274],[-53.33872,-28.23145],[-53.34927,-28.24099],[-53.36314,-28.23798],[-53.3797,-28.24089],[-53.39039,-28.24566],[-53.40054,-28.24228],[-53.37317,-28.38675],[-53.40389,-28.40621],[-53.40606,-28.41169],[-53.41791,-28.41201],[-53.41063,-28.43045],[-53.41205,-28.43847],[-53.41787,-28.44745],[-53.42931,-28.44933],[-53.44315,-28.47553],[-53.46027,-28.49132],[-53.4558,-28.50218],[-53.44904,-28.51057],[-53.45277,-28.51842],[-53.46291,-28.52631],[-53.46394,-28.53686],[-53.4567,-28.54813],[-53.46398,-28.55357],[-53.45465,-28.55278],[-53.43116,-28.56625],[-53.42604,-28.57225],[-53.42052,-28.58982],[-53.41629,-28.58546],[-53.40368,-28.58167],[-53.38522,-28.57197],[-53.36303,-28.57502],[-53.34941,-28.56366],[-53.33106,-28.55869],[-53.31206,-28.56326],[-53.3065,-28.55651],[-53.3006,-28.56385],[-53.26264,-28.56754],[-53.25277,-28.55381],[-53.24971,-28.53776],[-53.25473,-28.51247],[-53.24531,-28.48265],[-53.22334,-28.46678],[-53.20226,-28.46333],[-53.19343,-28.46393],[-53.18382,-28.47026],[-53.17663,-28.47838],[-53.18177,-28.48351],[-53.16533,-28.49011],[-53.14965,-28.48825],[-53.14183,-28.47958],[-53.13771,-28.47973],[-53.13263,-28.45911],[-53.13441,-28.45589],[-53.16434,-28.45019],[-53.15773,-28.43481],[-53.16313,-28.42436],[-53.17136,-28.4163],[-53.16996,-28.40701],[-53.16257,-28.3936],[-53.16412,-28.38429],[-53.16315,-28.36551],[-53.15076,-28.35115],[-53.14602,-28.35213],[-53.1328,-28.34427],[-53.12264,-28.34099],[-53.11276,-28.3155],[-53.11358,-28.30892],[-53.11973,-28.29774],[-53.12657,-28.28386],[-53.13046,-28.26755],[-53.12109,-28.26246],[-53.12231,-28.25528],[-53.13249,-28.25093],[-53.13491,-28.24652],[-53.1541,-28.2305],[-53.15877,-28.21865],[-53.16399,-28.21749],[-53.16782,-28.20784],[-53.18295,-28.20435],[-53.18464,-28.1843],[-53.19232,-28.17291],[-53.20179,-28.16479],[-53.19687,-28.15935],[-53.22335,-28.14642],[-53.23989,-28.16106],[-53.25026,-28.15965],[-53.25556,-28.16436]]]},"properties":{"CD_MUN":"4316709","NM_MUN":"Santa Bárbara do Sul","AREA_KM2":975.799}},
{"type":"Feature","geometry":{"type":"Polygon","coordinates":[[[-51.91839,-28.11212],[-51.92394,-28.10855],[-51.93468,-28.10841],[-51.96418,-28.11208],[-51.97086,-28.10624],[-51.98004,-28.12279],[-51.98946,-28.12905],[-51.98277,-28.13913],[-51.97467,-28.14079],[-51.96969,-28.14799],[-51.97518,-28.15415],[-51.96192,-28.16865],[-51.96791,-28.17412],[-51.97249,-28.18439],[-51.96913,-28.19744],[-51.96155,-28.20591],[-51.96738,-28.20893],[-51.97248,-28.22281],[-51.9709,-28.23002],[-51.97351,-28.24146],[-51.98066,-28.24208],[-51.96974,-28.25893],[-51.97075,-28.27328],[-51.96816,-28.27829],[-51.95789,-28.25368],[-51.9498,-28.25135],[-51.94615,-28.24416],[-51.93615,-28.24653],[-51.92934,-28.24139],[-51.92066,-28.24416],[-51.91374,-28.24131],[-51.9151,-28.23714],[-51.90751,-28.22108],[-51.90808,-28.21321],[-51.89154,-28.21173],[-51.8848,-28.21907],[-51.88411,-28.22705],[-51.87804,-28.22996],[-51.87232,-28.22602],[-51.84637,-28.2389],[-51.83831,-28.23837],[-51.82963,-28.23058],[-51.81477,-28.22398],[-51.7985,-28.2129],[-51.79725,-28.19688],[-51.79054,-28.19414],[-51.78841,-28.18529],[-51.79681,-28.16611],[-51.81168,-28.15727],[-51.83035,-28.14879],[-51.83553,-28.15272],[-51.84583,-28.14877],[-51.85054,-28.15147],[-51.86003,-28.14583],[-51.86757,-28.1375],[-51.87664,-28.14178],[-51.87998,-28.13725],[-51.87676,-28.1285],[-51.88972,-28.11485],[-51.90909,-28.11853],[-51.91839,-28.11212]]]},"properties":{"CD_MUN":"4316733","NM_MUN":"Santa Cecília do Sul","AREA_KM2":200.056}},
{"type":"Feature","geometry":{"type":"Polygon","coordinates":[[[-52.04786,-29.46934],[-52.04187,-29.45127],[-52.04172,-29.4452],[-52.07858,-29.44095],[-52.07728,-29.43173],[-52.0944,-29.43042],[-52.10262,-29.43414],[-52.11775,-29.42807],[-52.12837,-29.43261],[-52.12768,-29.4242],[-52.13899,-29.42965],[-52.15457,-29.42992],[-52.16078,-29.42504],[-52.17121,-29.42356],[-52.2015,-29.42537],[-52.22375,-29.42092],[-52.227,-29.43778],[-52.21778,-29.44869],[-52.21844,-29.45528],[-52.2107,-29.45993],[-52.19774,-29.45966],[-52.18263,-29.46708],[-52.17675,-29.47605],[-52.16697,-29.47343],[-52.1558,-29.4769],[-52.14224,-29.48406],[-52.14056,-29.47872],[-52.10911,-29.47876],[-52.10905,-29.4855],[-52.07532,-29.48536],[-52.07532,-29.48101],[-52.05346,-29.48469],[-52.05338,-29.47283],[-52.04786,-29.46934]]]},"properties":{"CD_MUN":"4316758","NM_MUN":"Santa Clara do Sul","AREA_KM2":86.442}},
{"type":"Feature","geometry":{"type":"Polygon","coordinates":[[[-52.43485,-29.37832],[-52.4407,-29.38488],[-52.44031,-29.39997],[-52.45724,-29.39957],[-52.45053,-29.41101],[-52.4572,-29.41568],[-52.44841,-29.43129],[-52.44096,-29.43688],[-52.45063,-29.45144],[-52.44005,-29.45812],[-52.43533,-29.47124],[-52.43955,-29.4779],[-52.43773,-29.49437],[-52.45117,-29.51015],[-52.44507,-29.51875],[-52.43917,-29.54025],[-52.45038,-29.54568],[-52.45038,-29.54953],[-52.47336,-29.56052],[-52.49182,-29.5643],[-52.52779,-29.56488],[-52.56499,-29.58473],[-52.56397,-29.59903],[-52.53079,-29.59935],[-52.53115,-29.62117],[-52.51047,-29.6218],[-52.50065,-29.64262],[-52.48974,-29.64276],[-52.48551,-29.65116],[-52.48552,-29.66532],[-52.46435,-29.66563],[-52.46227,-29.6728],[-52.46383,-29.68325],[-52.47169,-29.69415],[-52.46391,-29.71151],[-52.46594,-29.73036],[-52.4598,-29.73409],[-52.46297,-29.74372],[-52.47343,-29.74715],[-52.47827,-29.76205],[-52.47513,-29.76984],[-52.48059,-29.79328],[-52.48695,-29.80161],[-52.47982,-29.81268],[-52.47413,-29.83349],[-52.46396,-29.84011],[-52.47398,-29.84853],[-52.47528,-29.85823],[-52.47101,-29.86143],[-52.47267,-29.86975],[-52.47782,-29.87528],[-52.47575,-29.8823],[-52.46897,-29.88538],[-52.46758,-29.89349],[-52.46136,-29.9028],[-52.46112,-29.92087],[-52.45076,-29.92429],[-52.43576,-29.91341],[-52.43137,-29.90565],[-52.43698,-29.89876],[-52.43551,-29.88688],[-52.43781,-29.87524],[-52.42896,-29.86095],[-52.4114,-29.85556],[-52.39985,-29.83998],[-52.38118,-29.84203],[-52.38168,-29.83836],[-52.3572,-29.83791],[-52.33709,-29.8362],[-52.326,-29.84015],[-52.31415,-29.8355],[-52.31308,-29.82734],[-52.31605,-29.81482],[-52.32005,-29.80983],[-52.3045,-29.80874],[-52.30723,-29.79185],[-52.31752,-29.78329],[-52.32028,-29.77208],[-52.31996,-29.7603],[-52.3284,-29.7559],[-52.32269,-29.74844],[-52.33276,-29.73821],[-52.33539,-29.72911],[-52.3308,-29.71753],[-52.31453,-29.70787],[-52.3185,-29.6963],[-52.31885,-29.6842],[-52.3093,-29.67702],[-52.29885,-29.67457],[-52.31445,-29.66578],[-52.3264,-29.56647],[-52.32873,-29.5544],[-52.33299,-29.54883],[-52.331,-29.5391],[-52.3337,-29.53299],[-52.33029,-29.52568],[-52.3314,-29.51792],[-52.34708,-29.50507],[-52.34544,-29.4948],[-52.35209,-29.4869],[-52.35091,-29.47356],[-52.35676,-29.46448],[-52.3523,-29.46174],[-52.35261,-29.45225],[-52.35837,-29.4446],[-52.35857,-29.43729],[-52.35301,-29.42892],[-52.35917,-29.41673],[-52.36884,-29.40843],[-52.37037,-29.39999],[-52.37699,-29.39603],[-52.37744,-29.38377],[-52.39046,-29.37537],[-52.40812,-29.37539],[-52.41815,-29.37951],[-52.42887,-29.37667],[-52.43485,-29.37832]]]},"properties":{"CD_MUN":"4316808","NM_MUN":"Santa Cruz do Sul","AREA_KM2":733.898}},
{"type":"Feature","geometry":{"type":"Polygon","coordinates":[[[-53.70144,-29.54949],[-53.69743,-29.55932],[-53.70512,-29.56756],[-53.69924,-29.58612],[-53.71359,-29.60237],[-53.70173,-29.60733],[-53.70702,-29.61399],[-53.71585,-29.61766],[-53.71053,-29.63124],[-53.71522,-29.64465],[-53.72392,-29.64186],[-53.7386,-29.64842],[-53.74746,-29.6468],[-53.7554,-29.65445],[-53.7672,-29.65776],[-53.77797,-29.65725],[-53.7747,-29.6508],[-53.78345,-29.64274],[-53.80116,-29.64592],[-53.81989,-29.62148],[-53.82813,-29.61885],[-53.83244,-29.60126],[-53.83815,-29.59404],[-53.85606,-29.59227],[-53.86001,-29.60434],[-53.85918,-29.61064],[-53.90283,-29.60393],[-53.90797,-29.60086],[-53.92546,-29.59964],[-53.94622,-29.60548],[-53.94251,-29.59647],[-53.94684,-29.59121],[-53.95231,-29.57558],[-53.96492,-29.57218],[-53.96826,-29.56723],[-53.99987,-29.56743],[-53.9931,-29.57613],[-53.98608,-29.5941],[-53.97886,-29.60315],[-53.97933,-29.62252],[-53.98765,-29.62555],[-53.99761,-29.63593],[-54.00647,-29.63729],[-54.01666,-29.63289],[-54.02589,-29.6337],[-54.03812,-29.63836],[-54.04717,-29.63731],[-54.05741,-29.63985],[-54.07558,-29.63862],[-54.08204,-29.64707],[-54.09454,-29.64826],[-54.10388,-29.65791],[-54.1082,-29.66785],[-54.12062,-29.67251],[-54.12827,-29.68529],[-54.13203,-29.68646],[-54.12645,-29.69768],[-54.10519,-29.70778],[-54.09531,-29.71444],[-54.0864,-29.72419],[-54.09008,-29.73714],[-54.08992,-29.76326],[-54.08373,-29.76569],[-54.07373,-29.76396],[-54.06442,-29.77248],[-54.05877,-29.77352],[-54.04905,-29.76805],[-54.03473,-29.77488],[-54.02481,-29.76738],[-54.01758,-29.77062],[-54.01072,-29.77865],[-54.0045,-29.77944],[-53.99367,-29.78814],[-53.96841,-29.79652],[-53.96254,-29.79518],[-53.9622,-29.81825],[-53.96835,-29.81916],[-53.97522,-29.81176],[-53.9835,-29.82104],[-53.99842,-29.82624],[-54.0054,-29.83404],[-54.00207,-29.84868],[-54.01416,-29.85434],[-54.02261,-29.86556],[-54.02965,-29.87023],[-54.03768,-29.86431],[-54.04234,-29.86873],[-54.07721,-29.87571],[-54.06894,-29.88371],[-54.06683,-29.89366],[-54.05336,-29.90603],[-54.04666,-29.90763],[-54.04013,-29.91745],[-54.03701,-29.92055],[-54.02888,-29.93901],[-54.02911,-29.94987],[-54.03348,-29.95757],[-54.02483,-29.96534],[-54.01758,-29.9654],[-54.00847,-29.97154],[-54.00821,-29.98127],[-54.00049,-29.98591],[-53.97359,-29.98537],[-53.96441,-29.98985],[-53.95148,-29.99099],[-53.94543,-29.98736],[-53.93017,-29.98872],[-53.90784,-29.98288],[-53.89911,-29.98821],[-53.892,-29.98342],[-53.87722,-29.98825],[-53.86922,-29.99398],[-53.85351,-29.99319],[-53.85129,-29.98651],[-53.83486,-29.98624],[-53.82989,-29.99807],[-53.81018,-29.99585],[-53.80303,-30.00403],[-53.78389,-30.00241],[-53.7808,-29.99352],[-53.76879,-29.9845],[-53.75667,-29.9865],[-53.74468,-29.97624],[-53.74147,-29.96379],[-53.73585,-29.96137],[-53.72542,-29.96505],[-53.72461,-29.95497],[-53.71064,-29.94995],[-53.71155,-29.9368],[-53.70307,-29.92866],[-53.70841,-29.92107],[-53.69915,-29.9189],[-53.69313,-29.9255],[-53.68705,-29.92489],[-53.68157,-29.91672],[-53.66841,-29.90786],[-53.66294,-29.89431],[-53.65224,-29.89276],[-53.63432,-29.88631],[-53.62635,-29.88085],[-53.61266,-29.87924],[-53.60909,-29.87195],[-53.5797,-29.87077],[-53.57132,-29.86322],[-53.55818,-29.86168],[-53.54935,-29.86748],[-53.5473,-29.85405],[-53.55017,-29.84966],[-53.54868,-29.83527],[-53.551,-29.82765],[-53.55946,-29.82784],[-53.56511,-29.81332],[-53.55992,-29.80725],[-53.55585,-29.79062],[-53.54001,-29.78967],[-53.53595,-29.77905],[-53.51992,-29.77264],[-53.51849,-29.76483],[-53.53471,-29.7547],[-53.53048,-29.74595],[-53.53541,-29.74123],[-53.53523,-29.72841],[-53.54549,-29.72384],[-53.54794,-29.71404],[-53.54475,-29.70407],[-53.55177,-29.69978],[-53.55663,-29.68769],[-53.58608,-29.6947],[-53.59264,-29.68034],[-53.60475,-29.67767],[-53.61458,-29.67055],[-53.63264,-29.67073],[-53.61873,-29.64883],[-53.63032,-29.63816],[-53.63804,-29.63815],[-53.64212,-29.62809],[-53.65004,-29.62282],[-53.64466,-29.61357],[-53.62723,-29.60473],[-53.63039,-29.60133],[-53.65552,-29.59418],[-53.67231,-29.58069],[-53.68715,-29.5759],[-53.69537,-29.55624],[-53.70144,-29.54949]]]},"properties":{"CD_MUN":"4316907","NM_MUN":"Santa Maria","AREA_KM2":1780.194}},
{"type":"Feature","geometry":{"type":"Polygon","coordinates":[[[-51.0637,-29.46751],[-51.0597,-29.47599],[-51.06176,-29.48302],[-51.04812,-29.49626],[-51.04334,-29.49141],[-51.03373,-29.49271],[-51.02702,-29.50451],[-51.03273,-29.51783],[-51.01736,-29.5199],[-51.01686,-29.51489],[-50.96864,-29.51949],[-50.96801,-29.52499],[-50.95962,-29.53142],[-50.94653,-29.53311],[-50.94781,-29.54087],[-50.94342,-29.54698],[-50.90005,-29.55049],[-50.91209,-29.54523],[-50.90808,-29.51628],[-50.90742,-29.50021],[-50.9103,-29.50165],[-50.90973,-29.45095],[-50.92003,-29.43859],[-50.92805,-29.43849],[-50.93993,-29.42455],[-50.95678,-29.42537],[-50.98132,-29.3904],[-50.99105,-29.38722],[-50.99317,-29.40208],[-51.00269,-29.41489],[-51.00357,-29.42283],[-51.01556,-29.43021],[-51.01931,-29.43677],[-51.0425,-29.43944],[-51.0084,-29.4459],[-51.01246,-29.47604],[-51.0637,-29.46751]]]},"properties":{"CD_MUN":"4316956","NM_MUN":"Santa Maria do Herval","AREA_KM2":140.437}},
{"type":"Feature","geometry":{"type":"Polygon","coordinates":[[[-54.00052,-30.24737],[-54.01269,-30.24348],[-54.01172,-30.23823],[-54.02186,-30.22907],[-54.0429,-30.2216],[-54.06798,-30.20651],[-54.07914,-30.20309],[-54.08578,-30.1967],[-54.0952,-30.19473],[-54.09726,-30.18893],[-54.1131,-30.1875],[-54.11771,-30.18165],[-54.13507,-30.18055],[-54.14193,-30.16779],[-54.16369,-30.17558],[-54.162,-30.18998],[-54.1683,-30.1931],[-54.17792,-30.1919],[-54.18324,-30.20003],[-54.19196,-30.20653],[-54.21498,-30.21496],[-54.23404,-30.21869],[-54.23673,-30.22562],[-54.25257,-30.22292],[-54.2594,-30.22814],[-54.26585,-30.23924],[-54.26893,-30.24975],[-54.26546,-30.25489],[-54.26919,-30.2637],[-54.25711,-30.27482],[-54.25142,-30.28774],[-54.25123,-30.30007],[-54.24806,-30.31259],[-54.24905,-30.32022],[-54.24562,-30.32874],[-54.24512,-30.34738],[-54.25696,-30.35373],[-54.25578,-30.35944],[-54.26722,-30.36902],[-54.26483,-30.37387],[-54.27003,-30.3835],[-54.2712,-30.39692],[-54.25452,-30.41528],[-54.24784,-30.42013],[-54.24072,-30.43788],[-54.2307,-30.45396],[-54.20192,-30.47641],[-54.17844,-30.4994],[-54.16836,-30.50206],[-54.15334,-30.51009],[-54.15648,-30.52254],[-54.16091,-30.52729],[-54.15909,-30.53744],[-54.14702,-30.53859],[-54.13972,-30.52072],[-54.12769,-30.51167],[-54.11686,-30.49577],[-54.10826,-30.48982],[-54.10719,-30.48165],[-54.1,-30.47821],[-54.09094,-30.46303],[-54.08196,-30.46397],[-54.0705,-30.48205],[-54.06062,-30.50056],[-54.06579,-30.51224],[-54.0623,-30.51794],[-54.07002,-30.52649],[-54.07228,-30.53982],[-54.06135,-30.53657],[-54.05429,-30.53841],[-54.04807,-30.54544],[-54.0368,-30.5404],[-54.025,-30.54113],[-54.00759,-30.5483],[-54.00091,-30.55393],[-53.9794,-30.55861],[-53.97243,-30.55765],[-53.95895,-30.56093],[-53.94356,-30.55959],[-53.93768,-30.56292],[-53.93444,-30.5744],[-53.93229,-30.56696],[-53.92062,-30.54794],[-53.90446,-30.53823],[-53.90255,-30.53272],[-53.89096,-30.52074],[-53.8821,-30.51632],[-53.88252,-30.50541],[-53.88728,-30.49719],[-53.896,-30.4958],[-53.90129,-30.48991],[-53.91834,-30.49294],[-53.9244,-30.49045],[-53.94563,-30.48914],[-53.96072,-30.48203],[-53.95915,-30.47147],[-53.96236,-30.45813],[-53.97464,-30.44385],[-53.9678,-30.44218],[-53.9562,-30.43329],[-53.94044,-30.42437],[-53.93785,-30.41671],[-53.94194,-30.40996],[-53.93839,-30.40365],[-53.94168,-30.39275],[-53.95182,-30.37194],[-53.95868,-30.36925],[-53.96244,-30.36106],[-53.97167,-30.35919],[-53.97279,-30.3481],[-53.96553,-30.34233],[-53.96699,-30.33723],[-53.97741,-30.32718],[-53.98205,-30.31304],[-53.99287,-30.30793],[-53.98731,-30.30029],[-54.00053,-30.29722],[-54.00312,-30.28562],[-54.01801,-30.26638],[-54.01246,-30.25912],[-54.00072,-30.25501],[-54.00052,-30.24737]]]},"properties":{"CD_MUN":"4316972","NM_MUN":"Santa Margarida do Sul","AREA_KM2":955.299}},
{"type":"Feature","geometry":{"type":"Polygon","coordinates":[[[-53.0206,-30.92005],[-53.01369,-30.91069],[-53.01456,-30.90017],[-53.01219,-30.89228],[-53.00654,-30.88858],[-52.99855,-30.88974],[-52.99533,-30.87598],[-52.98606,-30.87168],[-52.98263,-30.85883],[-52.96079,-30.85876],[-52.96115,-30.84923],[-52.9538,-30.8456],[-52.95135,-30.83065],[-52.9572,-30.82456],[-52.95531,-30.81673],[-52.95811,-30.80968],[-52.95395,-30.79116],[-52.95713,-30.78256],[-52.95487,-30.77119],[-52.96121,-30.76702],[-52.96227,-30.75788],[-52.95353,-30.74376],[-52.9541,-30.73347],[-52.96046,-30.73381],[-52.96587,-30.72809],[-52.97477,-30.72811],[-52.97811,-30.71779],[-52.97596,-30.70679],[-52.98941,-30.69844],[-52.98402,-30.69301],[-52.98857,-30.67774],[-52.98865,-30.67773],[-52.99773,-30.66663],[-53.0115,-30.66943],[-53.02044,-30.66601],[-53.02944,-30.66662],[-53.03536,-30.67132],[-53.05329,-30.66153],[-53.0555,-30.64739],[-53.06388,-30.64652],[-53.07578,-30.63993],[-53.08947,-30.63517],[-53.09614,-30.62468],[-53.10093,-30.62339],[-53.1134,-30.60757],[-53.12092,-30.60145],[-53.1228,-30.59101],[-53.12886,-30.58844],[-53.13434,-30.57554],[-53.14099,-30.57552],[-53.14165,-30.5669],[-53.15218,-30.55656],[-53.15553,-30.54662],[-53.16688,-30.54775],[-53.17399,-30.54234],[-53.17835,-30.52849],[-53.18923,-30.53231],[-53.19147,-30.51315],[-53.19025,-30.49568],[-53.1858,-30.49045],[-53.19282,-30.47984],[-53.20635,-30.46444],[-53.20919,-30.45371],[-53.2135,-30.45091],[-53.21775,-30.45768],[-53.21632,-30.46567],[-53.22968,-30.46781],[-53.23154,-30.47365],[-53.21852,-30.49757],[-53.22237,-30.50289],[-53.21652,-30.51045],[-53.21577,-30.52024],[-53.22288,-30.5242],[-53.23108,-30.51988],[-53.24333,-30.53301],[-53.22722,-30.54269],[-53.23417,-30.55898],[-53.22747,-30.56994],[-53.23577,-30.5733],[-53.24389,-30.56914],[-53.24747,-30.57974],[-53.21936,-30.62394],[-53.21471,-30.62851],[-53.20129,-30.63135],[-53.20192,-30.63956],[-53.18723,-30.65191],[-53.19102,-30.67757],[-53.20026,-30.68076],[-53.18062,-30.69348],[-53.18809,-30.69656],[-53.18947,-30.70565],[-53.18283,-30.71294],[-53.19338,-30.72314],[-53.19859,-30.72047],[-53.20946,-30.72727],[-53.21093,-30.72742],[-53.20804,-30.734],[-53.21263,-30.73871],[-53.21671,-30.75403],[-53.2166,-30.76899],[-53.22969,-30.77282],[-53.23715,-30.7811],[-53.25716,-30.78389],[-53.25981,-30.78593],[-53.27417,-30.78166],[-53.28833,-30.7666],[-53.30655,-30.78063],[-53.3311,-30.77573],[-53.35057,-30.78228],[-53.36253,-30.77556],[-53.38447,-30.78089],[-53.39586,-30.79712],[-53.41355,-30.80506],[-53.41443,-30.81714],[-53.40916,-30.82723],[-53.41552,-30.83273],[-53.40875,-30.83863],[-53.42484,-30.84417],[-53.41779,-30.85637],[-53.42239,-30.86453],[-53.42306,-30.87868],[-53.43194,-30.88602],[-53.43202,-30.89558],[-53.42542,-30.89916],[-53.41937,-30.90939],[-53.41263,-30.91421],[-53.40914,-30.92233],[-53.41329,-30.93006],[-53.41335,-30.9439],[-53.42243,-30.95062],[-53.41188,-30.96102],[-53.41758,-30.96478],[-53.41551,-30.97315],[-53.40473,-30.97526],[-53.40098,-30.98208],[-53.38524,-30.98807],[-53.36879,-30.97964],[-53.35845,-30.97947],[-53.34913,-30.98703],[-53.34354,-30.99708],[-53.33092,-30.99663],[-53.32731,-30.98829],[-53.31943,-30.98792],[-53.30749,-30.99847],[-53.29814,-31.00327],[-53.28536,-30.99982],[-53.27858,-31.00589],[-53.26171,-31.01053],[-53.25846,-31.00169],[-53.24569,-30.99979],[-53.2384,-31.00925],[-53.23396,-31.00885],[-53.22619,-30.99174],[-53.22233,-30.99073],[-53.2102,-31.00535],[-53.19897,-31.00686],[-53.18614,-31.01474],[-53.16546,-31.02396],[-53.15285,-31.03005],[-53.13943,-31.02856],[-53.13209,-31.01829],[-53.12535,-31.01637],[-53.12246,-31.00387],[-53.1306,-30.99504],[-53.12467,-30.9855],[-53.09768,-30.97509],[-53.0866,-30.96877],[-53.06722,-30.97024],[-53.06665,-30.9747],[-53.05645,-30.97862],[-53.0475,-30.97382],[-53.04119,-30.98211],[-53.02946,-30.98717],[-53.023,-30.98636],[-53.02072,-30.9706],[-53.02304,-30.96352],[-53.0205,-30.95206],[-53.02859,-30.9296],[-53.0206,-30.92005]]]},"properties":{"CD_MUN":"4317004","NM_MUN":"Santana da Boa Vista","AREA_KM2":1418.805}},
{"type":"Feature","geometry":{"type":"Polygon","coordinates":[[[-56.28987,-30.53226],[-56.289,-30.53992],[-56.27896,-30.55326],[-56.27667,-30.56069],[-56.26516,-30.55514],[-56.25674,-30.56695],[-56.26218,-30.57182],[-56.25985,-30.58041],[-56.23796,-30.57343],[-56.22565,-30.5789],[-56.22384,-30.5848],[-56.2351,-30.58803],[-56.23421,-30.59361],[-56.22436,-30.59733],[-56.21988,-30.60708],[-56.2141,-30.60846],[-56.19577,-30.60381],[-56.18767,-30.60469],[-56.17051,-30.61645],[-56.183,-30.62641],[-56.17768,-30.63356],[-56.16458,-30.64316],[-56.17017,-30.65288],[-56.16669,-30.66342],[-56.15194,-30.68045],[-56.1439,-30.6796],[-56.1381,-30.6871],[-56.15044,-30.69408],[-56.1501,-30.70549],[-56.13753,-30.71054],[-56.13031,-30.71652],[-56.13275,-30.732],[-56.12679,-30.74055],[-56.11678,-30.73305],[-56.10733,-30.732],[-56.10233,-30.7445],[-56.09569,-30.75402],[-56.08839,-30.75752],[-56.07418,-30.74558],[-56.06319,-30.75276],[-56.06575,-30.76938],[-56.04952,-30.77679],[-56.03913,-30.77522],[-56.03512,-30.78457],[-56.02361,-30.78574],[-56.02119,-30.79148],[-56.02449,-30.79962],[-56.01601,-30.80232],[-56.01618,-30.81876],[-56.00875,-30.81968],[-56.00424,-30.8304],[-56.00438,-30.83984],[-55.99503,-30.84492],[-55.98968,-30.85987],[-55.99038,-30.86641],[-55.99784,-30.87351],[-56.00669,-30.8911],[-56.00824,-30.90641],[-56.01105,-30.91195],[-56.00548,-30.92232],[-56.01015,-30.92708],[-56.01063,-30.96858],[-56.00569,-30.97323],[-56.0108,-30.9783],[-56.00706,-30.98375],[-56.01764,-31.00302],[-56.01805,-31.01077],[-56.0143,-31.02187],[-56.01879,-31.04362],[-56.00531,-31.08195],[-55.99267,-31.08505],[-55.98668,-31.07729],[-55.9793,-31.0732],[-55.93028,-31.08626],[-55.92585,-31.07683],[-55.91856,-31.07371],[-55.91046,-31.07509],[-55.8987,-31.06671],[-55.89087,-31.07715],[-55.88245,-31.07727],[-55.87076,-31.07157],[-55.86932,-31.06498],[-55.85528,-31.04512],[-55.8437,-31.04261],[-55.82978,-31.0437],[-55.81991,-31.02979],[-55.80716,-31.01651],[-55.79516,-31.01532],[-55.78089,-31.01715],[-55.76656,-31.01002],[-55.76791,-31.00348],[-55.75216,-30.99743],[-55.74576,-30.98529],[-55.74664,-30.97946],[-55.73386,-30.98137],[-55.73154,-30.97408],[-55.72436,-30.96604],[-55.72454,-30.95124],[-55.71879,-30.94164],[-55.70395,-30.95522],[-55.69487,-30.94345],[-55.68883,-30.94486],[-55.68846,-30.95236],[-55.67624,-30.95609],[-55.66619,-30.95398],[-55.65858,-30.94383],[-55.66326,-30.93552],[-55.65634,-30.92611],[-55.6484,-30.92296],[-55.64212,-30.9116],[-55.65491,-30.89243],[-55.65289,-30.8833],[-55.66315,-30.87189],[-55.65782,-30.86382],[-55.64894,-30.86508],[-55.64664,-30.85483],[-55.63786,-30.84622],[-55.62873,-30.84802],[-55.62252,-30.8422],[-55.61305,-30.84321],[-55.60678,-30.84965],[-55.57861,-30.8329],[-55.57925,-30.8401],[-55.56728,-30.84545],[-55.56356,-30.86866],[-55.55478,-30.8726],[-55.55184,-30.88266],[-55.54591,-30.89054],[-55.53374,-30.89726],[-55.51697,-30.89871],[-55.51017,-30.90176],[-55.51015,-30.91134],[-55.50416,-30.92475],[-55.49371,-30.92468],[-55.48643,-30.92828],[-55.48974,-30.93981],[-55.48669,-30.94766],[-55.47836,-30.95385],[-55.46898,-30.95464],[-55.45731,-30.95138],[-55.45147,-30.96049],[-55.44129,-30.95973],[-55.43963,-30.96665],[-55.42458,-30.98563],[-55.43747,-30.99432],[-55.43705,-31.00472],[-55.42527,-31.01168],[-55.40669,-31.01875],[-55.4049,-31.02733],[-55.39254,-31.02575],[-55.38724,-31.02057],[-55.37129,-31.02341],[-55.37249,-31.03066],[-55.36257,-31.039],[-55.35135,-31.03761],[-55.34883,-31.04287],[-55.35277,-31.05721],[-55.35858,-31.06258],[-55.35466,-31.06905],[-55.34555,-31.07558],[-55.33898,-31.08508],[-55.32747,-31.08818],[-55.33386,-31.105],[-55.32971,-31.1079],[-55.33074,-31.11738],[-55.33704,-31.11991],[-55.33846,-31.13369],[-55.32622,-31.138],[-55.31863,-31.14511],[-55.3016,-31.14338],[-55.2897,-31.14528],[-55.28526,-31.1564],[-55.29074,-31.16282],[-55.27191,-31.17284],[-55.28371,-31.18804],[-55.28272,-31.19391],[-55.26281,-31.19468],[-55.2501,-31.20601],[-55.25399,-31.21112],[-55.24882,-31.21844],[-55.2466,-31.23331],[-55.24888,-31.24122],[-55.24676,-31.25224],[-55.23532,-31.25842],[-55.21371,-31.2632],[-55.18379,-31.26535],[-55.17419,-31.26817],[-55.15665,-31.28542],[-55.15234,-31.29323],[-55.13652,-31.30135],[-55.12238,-31.30485],[-55.12206,-31.31278],[-55.10904,-31.30768],[-55.1028,-31.31499],[-55.08908,-31.31944],[-55.07446,-31.33209],[-55.06586,-31.33016],[-55.05311,-31.31392],[-55.03889,-31.30052],[-55.0332,-31.28754],[-55.03575,-31.2839],[-55.07985,-31.2109],[-55.08172,-31.20535],[-55.07787,-31.19417],[-55.07384,-31.17424],[-55.07056,-31.16939],[-55.06879,-31.15618],[-55.08094,-31.14239],[-55.08774,-31.12775],[-55.09559,-31.11811],[-55.09485,-31.10168],[-55.09146,-31.09772],[-55.1003,-31.08662],[-55.10453,-31.07102],[-55.10373,-31.0627],[-55.11044,-31.04049],[-55.10906,-31.03044],[-55.11561,-31.01086],[-55.12632,-31.00309],[-55.13059,-30.99017],[-55.14795,-30.98063],[-55.14039,-30.9621],[-55.13034,-30.95237],[-55.12778,-30.9404],[-55.11805,-30.93312],[-55.10979,-30.9308],[-55.10497,-30.92046],[-55.10713,-30.91207],[-55.09811,-30.90574],[-55.08972,-30.90628],[-55.08004,-30.90101],[-55.07854,-30.89387],[-55.06925,-30.89617],[-55.04761,-30.8849],[-55.04051,-30.87734],[-55.02964,-30.85308],[-55.03712,-30.83926],[-55.03158,-30.82679],[-55.03643,-30.81775],[-55.03503,-30.80464],[-55.04004,-30.79857],[-55.03558,-30.78483],[-55.02517,-30.77607],[-55.02512,-30.76762],[-55.03103,-30.76185],[-55.01553,-30.73608],[-55.01148,-30.72297],[-55.01821,-30.7193],[-55.01474,-30.6985],[-55.01716,-30.68474],[-55.02578,-30.67538],[-55.03293,-30.6746],[-55.03666,-30.66123],[-55.02892,-30.65015],[-55.04647,-30.64408],[-55.0543,-30.6338],[-55.0459,-30.61859],[-55.04949,-30.6151],[-55.04165,-30.60773],[-55.04224,-30.59912],[-55.03919,-30.58622],[-55.04734,-30.58336],[-55.05401,-30.57143],[-55.0434,-30.5624],[-55.04658,-30.55061],[-55.03867,-30.5431],[-55.04011,-30.53774],[-55.03579,-30.52732],[-55.04836,-30.5146],[-55.0548,-30.50522],[-55.04131,-30.49847],[-55.0317,-30.50351],[-55.02231,-30.49983],[-55.01135,-30.50842],[-55.00136,-30.50374],[-55.00209,-30.49847],[-54.98406,-30.49147],[-54.98642,-30.4879],[-54.97795,-30.47573],[-54.97658,-30.46566],[-54.9723,-30.45779],[-54.98421,-30.44846],[-54.99255,-30.46459],[-54.99995,-30.4679],[-55.0022,-30.47431],[-55.01898,-30.47421],[-55.03767,-30.46201],[-55.04217,-30.45255],[-55.06034,-30.44273],[-55.07712,-30.44072],[-55.08626,-30.44362],[-55.11086,-30.44797],[-55.11303,-30.45224],[-55.12525,-30.45226],[-55.13617,-30.45933],[-55.13772,-30.46456],[-55.15469,-30.47581],[-55.1647,-30.47711],[-55.17192,-30.48961],[-55.18363,-30.49781],[-55.19295,-30.49888],[-55.20181,-30.50513],[-55.20921,-30.50341],[-55.22156,-30.50764],[-55.23177,-30.51836],[-55.24101,-30.52314],[-55.25772,-30.52786],[-55.26178,-30.52163],[-55.29398,-30.51963],[-55.30481,-30.51467],[-55.3431,-30.50536],[-55.35177,-30.50128],[-55.35493,-30.48794],[-55.39147,-30.46363],[-55.40385,-30.45944],[-55.41382,-30.44747],[-55.41899,-30.43802],[-55.41728,-30.42973],[-55.44047,-30.41737],[-55.45568,-30.41153],[-55.4656,-30.41421],[-55.47852,-30.40843],[-55.49224,-30.40554],[-55.50426,-30.4067],[-55.51356,-30.39929],[-55.51924,-30.38638],[-55.54468,-30.38869],[-55.55526,-30.3812],[-55.56689,-30.38072],[-55.57378,-30.38596],[-55.59846,-30.38463],[-55.59477,-30.37045],[-55.61868,-30.36231],[-55.61104,-30.35052],[-55.61038,-30.3445],[-55.61827,-30.33438],[-55.63589,-30.33306],[-55.64297,-30.32671],[-55.63338,-30.32259],[-55.62471,-30.30471],[-55.64063,-30.3022],[-55.64821,-30.29354],[-55.64351,-30.28757],[-55.66354,-30.27975],[-55.67533,-30.27768],[-55.67529,-30.28516],[-55.68451,-30.2859],[-55.67886,-30.29595],[-55.66828,-30.29817],[-55.66228,-30.30647],[-55.67194,-30.31117],[-55.67755,-30.31801],[-55.67556,-30.32345],[-55.67936,-30.3392],[-55.67392,-30.35073],[-55.68286,-30.35099],[-55.68838,-30.35759],[-55.68861,-30.3763],[-55.68161,-30.37988],[-55.68338,-30.3864],[-55.70101,-30.40079],[-55.71257,-30.40447],[-55.71636,-30.40011],[-55.72859,-30.39903],[-55.73574,-30.40195],[-55.74628,-30.39532],[-55.76404,-30.39477],[-55.7697,-30.3968],[-55.7729,-30.40884],[-55.78653,-30.41615],[-55.79123,-30.41404],[-55.80774,-30.41843],[-55.81553,-30.42724],[-55.82663,-30.42616],[-55.83026,-30.43047],[-55.83946,-30.42918],[-55.86224,-30.4332],[-55.87752,-30.43276],[-55.89439,-30.42801],[-55.90087,-30.42882],[-55.91511,-30.42434],[-55.92372,-30.42586],[-55.92786,-30.43077],[-55.93868,-30.42437],[-55.94757,-30.42258],[-55.95703,-30.42781],[-55.97074,-30.42733],[-56.0057,-30.43891],[-56.02315,-30.44167],[-56.04779,-30.43971],[-56.05729,-30.4349],[-56.06606,-30.43718],[-56.08836,-30.45368],[-56.10208,-30.45302],[-56.11649,-30.45797],[-56.13154,-30.45634],[-56.13609,-30.4625],[-56.14555,-30.46442],[-56.1545,-30.46991],[-56.17028,-30.46509],[-56.1728,-30.47352],[-56.18338,-30.47356],[-56.18134,-30.48162],[-56.20363,-30.48838],[-56.20588,-30.49514],[-56.21962,-30.49581],[-56.22208,-30.50131],[-56.23037,-30.50284],[-56.23371,-30.50859],[-56.24488,-30.50127],[-56.25267,-30.51724],[-56.25935,-30.52504],[-56.27559,-30.5281],[-56.27996,-30.53459],[-56.28987,-30.53226]]]},"properties":{"CD_MUN":"4317103","NM_MUN":"Sant'Ana do Livramento","AREA_KM2":6946.407}},
{"type":"Feature","geometry":{"type":"Polygon","coordinates":[[[-54.47441,-27.98326],[-54.47105,-27.97456],[-54.46284,-27.97142],[-54.45145,-27.95858],[-54.45534,-27.9493],[-54.44862,-27.9477],[-54.43091,-27.93343],[-54.42468,-27.92335],[-54.4116,-27.9213],[-54.411,-27.91752],[-54.38004,-27.91674],[-54.38087,-27.87941],[-54.38255,-27.87233],[-54.37479,-27.85785],[-54.37282,-27.84343],[-54.36937,-27.83515],[-54.36944,-27.82271],[-54.38244,-27.82197],[-54.38058,-27.81379],[-54.36735,-27.81671],[-54.36507,-27.80934],[-54.37422,-27.79939],[-54.38307,-27.79515],[-54.37498,-27.78859],[-54.37673,-27.77363],[-54.38284,-27.77623],[-54.39716,-27.75441],[-54.39931,-27.74392],[-54.41258,-27.74268],[-54.41433,-27.73416],[-54.39949,-27.73648],[-54.40091,-27.72952],[-54.41115,-27.73043],[-54.42376,-27.72476],[-54.4194,-27.71538],[-54.42088,-27.70214],[-54.4349,-27.69755],[-54.4428,-27.70675],[-54.4339,-27.71427],[-54.43902,-27.72783],[-54.44539,-27.75639],[-54.45394,-27.7683],[-54.45704,-27.78363],[-54.46369,-27.78264],[-54.47081,-27.79072],[-54.48203,-27.77976],[-54.4975,-27.7742],[-54.50604,-27.76539],[-54.51735,-27.76222],[-54.53302,-27.76173],[-54.54326,-27.75743],[-54.55011,-27.76967],[-54.54479,-27.77854],[-54.55325,-27.78812],[-54.57789,-27.79656],[-54.59376,-27.7931],[-54.6002,-27.80149],[-54.58634,-27.8156],[-54.58329,-27.80689],[-54.57531,-27.81493],[-54.56701,-27.81666],[-54.56473,-27.811],[-54.55362,-27.81708],[-54.56373,-27.82314],[-54.5513,-27.83635],[-54.55981,-27.84084],[-54.68542,-27.88929],[-54.68048,-27.89634],[-54.67321,-27.89274],[-54.66781,-27.90575],[-54.65757,-27.90526],[-54.65561,-27.91166],[-54.64645,-27.9143],[-54.64695,-27.92029],[-54.62507,-27.92854],[-54.624,-27.93443],[-54.61622,-27.93635],[-54.60663,-27.94215],[-54.59541,-27.94381],[-54.58285,-27.95189],[-54.57867,-27.95973],[-54.56734,-27.96499],[-54.557,-27.97987],[-54.53365,-27.98023],[-54.51543,-27.98284],[-54.49159,-27.96588],[-54.4831,-27.97302],[-54.48125,-27.98047],[-54.47441,-27.98326]]]},"properties":{"CD_MUN":"4317202","NM_MUN":"Santa Rosa","AREA_KM2":489.38}},
{"type":"Feature","geometry":{"type":"Polygon","coordinates":[[[-51.6655,-29.18812],[-51.66515,-29.15889],[-51.69543,-29.15839],[-51.69548,-29.09725],[-51.70836,-29.09506],[-51.71404,-29.09067],[-51.7196,-29.07914],[-51.72516,-29.07754],[-51.73074,-29.08476],[-51.72997,-29.0945],[-51.7214,-29.10541],[-51.71302,-29.1124],[-51.71323,-29.11679],[-51.72263,-29.1219],[-51.73055,-29.13378],[-51.73913,-29.13675],[-51.75339,-29.13681],[-51.75649,-29.14071],[-51.74683,-29.16505],[-51.7338,-29.17776],[-51.74005,-29.1864],[-51.75801,-29.18517],[-51.75692,-29.19264],[-51.75,-29.2081],[-51.74501,-29.20708],[-51.73056,-29.21235],[-51.68483,-29.21264],[-51.67753,-29.21263],[-51.67799,-29.19853],[-51.65408,-29.19815],[-51.6655,-29.18812]]]},"properties":{"CD_MUN":"4317251","NM_MUN":"Santa Tereza","AREA_KM2":73.669}},
{"type":"Feature","geometry":{"type":"Polygon","coordinates":[[[-53.52278,-33.68926],[-53.52181,-33.68447],[-53.5114,-33.66835],[-53.50472,-33.64963],[-53.49261,-33.63637],[-53.4802,-33.62588],[-53.47801,-33.61653],[-53.4673,-33.60927],[-53.45124,-33.59206],[-53.43134,-33.57707],[-53.41416,-33.56064],[-53.40142,-33.56599],[-53.40373,-33.57111],[-53.38744,-33.57819],[-53.38275,-33.586],[-53.36876,-33.59461],[-53.3658,-33.60249],[-53.35574,-33.61024],[-53.35836,-33.61599],[-53.33404,-33.63614],[-53.30045,-33.66178],[-53.42198,-33.74379],[-53.41674,-33.7483],[-53.3969,-33.75077],[-53.38589,-33.74604],[-53.37004,-33.74391],[-53.34137,-33.72191],[-53.29724,-33.69194],[-53.26498,-33.67131],[-53.23878,-33.65234],[-53.20415,-33.62446],[-53.19155,-33.61676],[-53.15624,-33.59008],[-53.11235,-33.55237],[-53.08616,-33.53067],[-53.05537,-33.50675],[-52.99549,-33.45886],[-52.96074,-33.43168],[-52.87615,-33.36382],[-52.85017,-33.3421],[-52.80202,-33.30491],[-52.77673,-33.28309],[-52.73404,-33.24107],[-52.68767,-33.18852],[-52.65011,-33.14169],[-52.62386,-33.10424],[-52.59321,-33.05023],[-52.57726,-33.017],[-52.55789,-32.97999],[-52.53716,-32.94258],[-52.51856,-32.91183],[-52.49518,-32.86723],[-52.48521,-32.84428],[-52.46406,-32.78763],[-52.45584,-32.76169],[-52.44862,-32.73467],[-52.43323,-32.66819],[-52.42294,-32.6288],[-52.58486,-32.64345],[-52.60781,-32.63792],[-52.61397,-32.63426],[-52.62094,-32.63792],[-52.64678,-32.68166],[-52.66298,-32.71357],[-52.6885,-32.75777],[-52.70993,-32.80165],[-52.70838,-32.8047],[-52.71577,-32.8164],[-52.72343,-32.83385],[-52.73127,-32.84236],[-52.73035,-32.8474],[-52.74066,-32.85537],[-52.74382,-32.86376],[-52.76126,-32.88583],[-52.77014,-32.89313],[-52.79053,-32.90375],[-52.80778,-32.91058],[-52.83223,-32.91504],[-52.8468,-32.91397],[-52.86742,-32.90988],[-52.8832,-32.90393],[-52.90779,-32.88769],[-52.92778,-32.86857],[-52.94846,-32.85488],[-52.96301,-32.84216],[-52.98587,-32.81767],[-53.00158,-32.79751],[-53.00416,-32.78192],[-53.00237,-32.76502],[-53.02538,-32.78934],[-53.04224,-32.80384],[-53.05247,-32.81888],[-53.07009,-32.83381],[-53.0854,-32.83156],[-53.10128,-32.82199],[-53.11481,-32.80662],[-53.11054,-32.80458],[-53.12391,-32.79384],[-53.14137,-32.80726],[-53.14731,-32.81881],[-53.15677,-32.85918],[-53.15873,-32.87297],[-53.15712,-32.87944],[-53.15919,-32.90503],[-53.15824,-32.92913],[-53.15462,-32.95383],[-53.16357,-32.98391],[-53.17444,-33.00351],[-53.18609,-33.01955],[-53.20749,-33.04503],[-53.2257,-33.05995],[-53.24119,-33.07613],[-53.24864,-33.09251],[-53.26016,-33.10741],[-53.27737,-33.10936],[-53.31356,-33.09563],[-53.32691,-33.08297],[-53.33716,-33.08259],[-53.3507,-33.10351],[-53.35764,-33.10899],[-53.36824,-33.12276],[-53.38645,-33.13681],[-53.38812,-33.14328],[-53.40271,-33.15827],[-53.41668,-33.16101],[-53.42197,-33.15633],[-53.42031,-33.14656],[-53.42265,-33.1354],[-53.41412,-33.11734],[-53.41761,-33.11694],[-53.426,-33.14074],[-53.42836,-33.14129],[-53.4371,-33.16213],[-53.4322,-33.1621],[-53.43852,-33.18322],[-53.4447,-33.19601],[-53.45204,-33.22078],[-53.46369,-33.23863],[-53.46916,-33.25536],[-53.46763,-33.27965],[-53.46261,-33.29422],[-53.45293,-33.32997],[-53.44918,-33.34903],[-53.44084,-33.37528],[-53.437,-33.39288],[-53.42865,-33.41525],[-53.42477,-33.43761],[-53.42891,-33.46652],[-53.43176,-33.47022],[-53.43272,-33.4907],[-53.43807,-33.51638],[-53.45234,-33.51938],[-53.45225,-33.53259],[-53.46563,-33.55797],[-53.47198,-33.56338],[-53.48017,-33.563],[-53.48625,-33.55512],[-53.4823,-33.54698],[-53.50114,-33.54342],[-53.51098,-33.54405],[-53.51463,-33.55408],[-53.51104,-33.56727],[-53.51555,-33.58479],[-53.5125,-33.6026],[-53.52031,-33.61493],[-53.53014,-33.61521],[-53.53194,-33.60099],[-53.53454,-33.61673],[-53.52608,-33.62621],[-53.52816,-33.63992],[-53.53396,-33.65141],[-53.53314,-33.66341],[-53.52483,-33.67526],[-53.53011,-33.67811],[-53.5295,-33.6884],[-53.52278,-33.68926]]]},"properties":{"CD_MUN":"4317301","NM_MUN":"Santa Vitória do Palmar","AREA_KM2":5206.977}},
{"type":"Feature","geometry":{"type":"Polygon","coordinates":[[[-54.92773,-29.32696],[-54.92165,-29.31959],[-54.9088,-29.31206],[-54.90018,-29.31371],[-54.8858,-29.3232],[-54.87302,-29.32479],[-54.86298,-29.3206],[-54.83372,-29.31871],[-54.82755,-29.32496],[-54.82755,-29.33288],[-54.85324,-29.33871],[-54.84577,-29.34607],[-54.83498,-29.35137],[-54.81682,-29.34789],[-54.80622,-29.3486],[-54.79963,-29.34498],[-54.79423,-29.34995],[-54.77991,-29.34542],[-54.77483,-29.34774],[-54.76781,-29.361],[-54.7618,-29.36174],[-54.75115,-29.37886],[-54.75088,-29.39146],[-54.74269,-29.39041],[-54.73949,-29.39562],[-54.72556,-29.39241],[-54.71613,-29.39391],[-54.70626,-29.38839],[-54.69501,-29.39362],[-54.68629,-29.39405],[-54.68662,-29.32473],[-54.68246,-29.31934],[-54.66568,-29.32383],[-54.65405,-29.32034],[-54.64453,-29.31178],[-54.63553,-29.31012],[-54.62649,-29.31235],[-54.63006,-29.32773],[-54.62116,-29.33257],[-54.61707,-29.34873],[-54.61019,-29.34944],[-54.59986,-29.35549],[-54.58955,-29.35838],[-54.59212,-29.34327],[-54.58523,-29.34084],[-54.57991,-29.3281],[-54.56624,-29.32144],[-54.56381,-29.31547],[-54.54934,-29.31001],[-54.53844,-29.31129],[-54.52873,-29.31674],[-54.51283,-29.31777],[-54.50968,-29.32718],[-54.50189,-29.32761],[-54.49412,-29.32287],[-54.48705,-29.32454],[-54.4774,-29.31855],[-54.46794,-29.31918],[-54.45578,-29.30793],[-54.44138,-29.30248],[-54.43173,-29.30676],[-54.4305,-29.29868],[-54.425,-29.29246],[-54.43624,-29.28395],[-54.44022,-29.27704],[-54.4328,-29.26511],[-54.42747,-29.26331],[-54.4322,-29.25431],[-54.4235,-29.24741],[-54.42803,-29.23712],[-54.41821,-29.23911],[-54.40326,-29.22857],[-54.39232,-29.2151],[-54.39661,-29.20144],[-54.37476,-29.20231],[-54.37753,-29.19579],[-54.36674,-29.18747],[-54.37638,-29.18702],[-54.38929,-29.17505],[-54.39712,-29.15836],[-54.41032,-29.14828],[-54.40728,-29.13548],[-54.41459,-29.11795],[-54.41889,-29.114],[-54.4221,-29.09635],[-54.42697,-29.08935],[-54.43295,-29.08996],[-54.45035,-29.1086],[-54.4499,-29.11776],[-54.45516,-29.12755],[-54.47159,-29.13638],[-54.48485,-29.15014],[-54.5117,-29.15693],[-54.52136,-29.16461],[-54.52738,-29.17839],[-54.53437,-29.18229],[-54.53742,-29.17391],[-54.55578,-29.16136],[-54.57265,-29.15383],[-54.58617,-29.13599],[-54.58895,-29.12202],[-54.61659,-29.12619],[-54.64102,-29.13383],[-54.64534,-29.12784],[-54.6396,-29.12132],[-54.64284,-29.10172],[-54.64251,-29.08975],[-54.64993,-29.07568],[-54.64465,-29.06735],[-54.64644,-29.04742],[-54.65125,-29.04027],[-54.65988,-29.03723],[-54.6684,-29.04798],[-54.67346,-29.0503],[-54.6823,-29.04552],[-54.68793,-29.03633],[-54.6877,-29.02404],[-54.70444,-29.00604],[-54.71183,-28.98121],[-54.70705,-28.96239],[-54.71062,-28.95437],[-54.72471,-28.94726],[-54.73037,-28.94866],[-54.74304,-28.94252],[-54.75255,-28.94103],[-54.75613,-28.92699],[-54.76741,-28.93341],[-54.7681,-28.92365],[-54.77656,-28.92119],[-54.77349,-28.91145],[-54.77718,-28.90235],[-54.78664,-28.90111],[-54.7971,-28.89496],[-54.79433,-28.88356],[-54.80807,-28.879],[-54.81586,-28.86848],[-54.82213,-28.85725],[-54.8348,-28.84793],[-54.84431,-28.85063],[-54.84062,-28.8373],[-54.84793,-28.83292],[-54.8504,-28.84108],[-54.85933,-28.83223],[-54.86938,-28.83903],[-54.88312,-28.84318],[-54.8865,-28.83697],[-54.88168,-28.82912],[-54.89207,-28.82448],[-54.89671,-28.81553],[-54.90212,-28.81756],[-54.90107,-28.82814],[-54.9108,-28.82375],[-54.92197,-28.82535],[-54.93547,-28.82335],[-54.9434,-28.81507],[-54.95018,-28.81708],[-54.9547,-28.80937],[-54.96058,-28.80844],[-54.97948,-28.81873],[-54.9973,-28.82344],[-55.00971,-28.83061],[-55.0179,-28.83261],[-55.02405,-28.83824],[-55.03683,-28.83331],[-55.04209,-28.83574],[-55.05171,-28.84808],[-55.05291,-28.85846],[-55.05107,-28.87706],[-55.04658,-28.88755],[-55.03605,-28.89619],[-55.05634,-28.89653],[-55.06821,-28.89257],[-55.08026,-28.89603],[-55.08502,-28.90114],[-55.09558,-28.90448],[-55.09521,-28.90988],[-55.08319,-28.91034],[-55.08358,-28.91483],[-55.07283,-28.92156],[-55.07292,-28.93269],[-55.07461,-28.93552],[-55.06487,-28.95293],[-55.0572,-28.96059],[-55.05045,-28.96194],[-55.03523,-28.98216],[-55.02368,-29.00057],[-55.02415,-29.0113],[-55.0174,-29.01545],[-55.00278,-29.01051],[-54.99652,-29.01832],[-54.99306,-29.03797],[-54.98772,-29.05524],[-55.01626,-29.06525],[-55.02877,-29.06625],[-55.02992,-29.07641],[-55.03995,-29.08838],[-55.04136,-29.10048],[-55.05575,-29.11985],[-55.06273,-29.12567],[-55.0689,-29.14032],[-55.07875,-29.14556],[-55.09917,-29.1445],[-55.10556,-29.14957],[-55.10411,-29.16477],[-55.10973,-29.17487],[-55.12042,-29.17839],[-55.12972,-29.17691],[-55.12773,-29.18688],[-55.13235,-29.19842],[-55.11733,-29.20009],[-55.11419,-29.21399],[-55.09639,-29.21636],[-55.08551,-29.20913],[-55.07526,-29.21437],[-55.06988,-29.22293],[-55.05746,-29.22542],[-55.0499,-29.22429],[-55.04262,-29.23196],[-55.04769,-29.23831],[-55.04285,-29.24455],[-55.02897,-29.23887],[-55.02788,-29.24839],[-55.02155,-29.25029],[-55.01962,-29.25688],[-55.00733,-29.25648],[-55.00326,-29.26775],[-54.99764,-29.26788],[-54.98492,-29.27774],[-54.97526,-29.27873],[-54.96765,-29.29479],[-54.96156,-29.30314],[-54.95959,-29.31431],[-54.94781,-29.31461],[-54.94027,-29.32561],[-54.93229,-29.32104],[-54.92773,-29.32696]]]},"properties":{"CD_MUN":"4317400","NM_MUN":"Santiago","AREA_KM2":2414.195}},
{"type":"Feature","geometry":{"type":"Polygon","coordinates":[[[-54.36912,-28.34924],[-54.3522,-28.35409],[-54.34691,-28.34672],[-54.34391,-28.32318],[-54.33609,-28.31808],[-54.3282,-28.31865],[-54.33019,-28.32893],[-54.32111,-28.33299],[-54.31271,-28.33211],[-54.3123,-28.31541],[-54.29737,-28.31173],[-54.29115,-28.31433],[-54.29379,-28.32231],[-54.30369,-28.32595],[-54.29834,-28.34146],[-54.29113,-28.34434],[-54.28331,-28.35682],[-54.26353,-28.35308],[-54.25993,-28.34623],[-54.26519,-28.34031],[-54.26543,-28.32844],[-54.25041,-28.32011],[-54.24265,-28.32725],[-54.23223,-28.32285],[-54.2299,-28.33236],[-54.24044,-28.33845],[-54.25052,-28.33854],[-54.25195,-28.3479],[-54.24521,-28.35035],[-54.24096,-28.35824],[-54.22792,-28.36463],[-54.22789,-28.35684],[-54.2331,-28.34926],[-54.22563,-28.33897],[-54.21828,-28.34152],[-54.20657,-28.33878],[-54.19116,-28.34014],[-54.18141,-28.32942],[-54.17231,-28.33304],[-54.16029,-28.32956],[-54.15591,-28.33955],[-54.14378,-28.33663],[-54.14558,-28.33065],[-54.13814,-28.3219],[-54.1341,-28.30597],[-54.12894,-28.29817],[-54.12991,-28.28569],[-54.11955,-28.28439],[-54.11494,-28.27426],[-54.10465,-28.27772],[-54.10448,-28.26832],[-54.10874,-28.25983],[-54.10717,-28.25442],[-54.11764,-28.25032],[-54.11457,-28.24278],[-54.10701,-28.24156],[-54.11583,-28.21616],[-54.13072,-28.19262],[-54.13077,-28.1831],[-54.14512,-28.16432],[-54.15178,-28.15779],[-54.16325,-28.15801],[-54.17508,-28.15031],[-54.18019,-28.13821],[-54.18821,-28.14175],[-54.19499,-28.14048],[-54.20254,-28.14547],[-54.21231,-28.14146],[-54.22157,-28.14294],[-54.23824,-28.15032],[-54.24008,-28.15617],[-54.2489,-28.15654],[-54.26701,-28.16421],[-54.28099,-28.1655],[-54.30386,-28.15879],[-54.31419,-28.16248],[-54.32377,-28.15819],[-54.33599,-28.16149],[-54.34354,-28.1562],[-54.3492,-28.16022],[-54.36401,-28.15811],[-54.37463,-28.15121],[-54.37755,-28.15813],[-54.3902,-28.16117],[-54.3964,-28.15881],[-54.3941,-28.15132],[-54.40254,-28.14829],[-54.40381,-28.13943],[-54.41234,-28.13501],[-54.41063,-28.1931],[-54.45121,-28.19426],[-54.45098,-28.2256],[-54.47777,-28.23203],[-54.48735,-28.24598],[-54.50213,-28.25874],[-54.5265,-28.26932],[-54.53284,-28.27774],[-54.533,-28.28351],[-54.54114,-28.29402],[-54.54021,-28.30123],[-54.52624,-28.30493],[-54.51707,-28.31846],[-54.50824,-28.31717],[-54.50994,-28.30935],[-54.5176,-28.30137],[-54.5204,-28.28841],[-54.51944,-28.28149],[-54.51324,-28.27627],[-54.50282,-28.27994],[-54.50658,-28.28967],[-54.50456,-28.30314],[-54.49611,-28.31713],[-54.48729,-28.31432],[-54.49197,-28.29879],[-54.48986,-28.29178],[-54.47433,-28.28907],[-54.46404,-28.29277],[-54.45875,-28.30226],[-54.45762,-28.31281],[-54.46862,-28.31024],[-54.47649,-28.31266],[-54.47738,-28.32461],[-54.46616,-28.31858],[-54.46027,-28.32594],[-54.46251,-28.33671],[-54.4453,-28.34009],[-54.43306,-28.33587],[-54.43447,-28.32052],[-54.43163,-28.31973],[-54.42365,-28.3364],[-54.41518,-28.33565],[-54.40014,-28.31592],[-54.39455,-28.31413],[-54.38939,-28.32129],[-54.39814,-28.33038],[-54.39541,-28.3467],[-54.39009,-28.3489],[-54.38251,-28.33863],[-54.37252,-28.33677],[-54.36912,-28.34924]]]},"properties":{"CD_MUN":"4317509","NM_MUN":"Santo Ângelo","AREA_KM2":679.34}},
{"type":"Feature","geometry":{"type":"Polygon","coordinates":[[[-51.92023,-28.4942],[-51.92468,-28.48895],[-51.92666,-28.47642],[-51.94135,-28.47363],[-51.94706,-28.46931],[-51.95672,-28.47128],[-51.96479,-28.45926],[-51.96135,-28.4559],[-51.9763,-28.444],[-51.99105,-28.43943],[-51.99822,-28.43775],[-52.01255,-28.44579],[-52.01785,-28.45123],[-52.02719,-28.44999],[-52.04274,-28.45749],[-52.04952,-28.46439],[-52.05841,-28.46489],[-52.06245,-28.47409],[-52.06246,-28.47894],[-52.06971,-28.49086],[-52.08856,-28.49562],[-52.09125,-28.50729],[-52.09572,-28.51461],[-52.09444,-28.53235],[-52.09025,-28.53567],[-52.07217,-28.53321],[-52.06738,-28.53769],[-52.06754,-28.54622],[-52.03515,-28.54593],[-52.03492,-28.53716],[-52.0198,-28.53702],[-52.01978,-28.52805],[-51.96041,-28.5261],[-51.9605,-28.52064],[-51.92537,-28.52042],[-51.92501,-28.51285],[-51.91652,-28.51026],[-51.91519,-28.49893],[-51.92023,-28.4942]]]},"properties":{"CD_MUN":"4317558","NM_MUN":"Santo Antônio do Palma","AREA_KM2":126.094}},
{"type":"Feature","geometry":{"type":"Polygon","coordinates":[[[-50.45657,-30.05172],[-50.4581,-30.0369],[-50.46508,-30.02855],[-50.45962,-30.02325],[-50.45953,-30.01676],[-50.43979,-30.00258],[-50.41795,-29.98284],[-50.4083,-29.97941],[-50.39915,-29.97173],[-50.3861,-29.8849],[-50.37264,-29.88405],[-50.37248,-29.85827],[-50.39008,-29.85007],[-50.42003,-29.83078],[-50.42054,-29.82189],[-50.43426,-29.81673],[-50.43483,-29.8057],[-50.44585,-29.79959],[-50.45019,-29.80319],[-50.45859,-29.80114],[-50.46095,-29.79443],[-50.46753,-29.79278],[-50.46372,-29.77962],[-50.46725,-29.77221],[-50.4345,-29.75108],[-50.43479,-29.742],[-50.42561,-29.73795],[-50.42551,-29.7269],[-50.41048,-29.70736],[-50.40402,-29.70595],[-50.44934,-29.67937],[-50.44693,-29.69266],[-50.46245,-29.69543],[-50.49104,-29.68845],[-50.49296,-29.70026],[-50.50248,-29.69434],[-50.50742,-29.69543],[-50.51024,-29.70488],[-50.51745,-29.7076],[-50.52577,-29.71866],[-50.52995,-29.71401],[-50.54121,-29.71619],[-50.5481,-29.71243],[-50.55745,-29.72456],[-50.56561,-29.73176],[-50.57235,-29.73315],[-50.57102,-29.71614],[-50.57449,-29.71089],[-50.58787,-29.7125],[-50.59231,-29.70855],[-50.60307,-29.70688],[-50.60963,-29.69647],[-50.62284,-29.6928],[-50.63063,-29.68716],[-50.64558,-29.68148],[-50.65495,-29.68206],[-50.68411,-29.67683],[-50.68553,-29.69917],[-50.69482,-29.71305],[-50.69856,-29.71393],[-50.69296,-29.73699],[-50.6865,-29.74646],[-50.70024,-29.75863],[-50.71266,-29.7557],[-50.70662,-29.77125],[-50.70176,-29.7754],[-50.69367,-29.79015],[-50.71967,-29.79074],[-50.72925,-29.7851],[-50.74034,-29.78203],[-50.75206,-29.78883],[-50.74485,-29.79565],[-50.74378,-29.80355],[-50.73522,-29.80797],[-50.73408,-29.81357],[-50.72168,-29.81888],[-50.71498,-29.8255],[-50.70889,-29.82389],[-50.69883,-29.83308],[-50.68482,-29.84055],[-50.67994,-29.85674],[-50.67962,-29.86773],[-50.68369,-29.87355],[-50.67909,-29.88646],[-50.69153,-29.9046],[-50.69405,-29.91343],[-50.70623,-29.92617],[-50.70419,-29.94074],[-50.68703,-29.94894],[-50.68627,-29.95539],[-50.69716,-29.96478],[-50.70231,-29.97551],[-50.71785,-29.97893],[-50.71794,-29.98711],[-50.71172,-30.00331],[-50.71366,-30.01112],[-50.70055,-30.01797],[-50.70049,-30.034],[-50.68409,-30.04159],[-50.68454,-30.05155],[-50.67834,-30.05396],[-50.65722,-30.04131],[-50.65448,-30.0437],[-50.65101,-30.04172],[-50.45657,-30.05172]]]},"properties":{"CD_MUN":"4317608","NM_MUN":"Santo Antônio da Patrulha","AREA_KM2":1049.583}},
{"type":"Feature","geometry":{"type":"Polygon","coordinates":[[[-55.31811,-28.20894],[-55.32667,-28.21247],[-55.342,-28.23758],[-55.35047,-28.24657],[-55.35144,-28.25412],[-55.35945,-28.26221],[-55.36444,-28.2616],[-55.3702,-28.27245],[-55.38091,-28.28723],[-55.38372,-28.30491],[-55.40027,-28.29982],[-55.40977,-28.29456],[-55.41838,-28.27696],[-55.42938,-28.26995],[-55.44357,-28.24877],[-55.44833,-28.25316],[-55.46073,-28.25169],[-55.46403,-28.2569],[-55.48623,-28.27227],[-55.49018,-28.28598],[-55.48818,-28.29182],[-55.49026,-28.30528],[-55.49478,-28.31003],[-55.49795,-28.32054],[-55.50416,-28.3312],[-55.52533,-28.34335],[-55.50938,-28.36206],[-55.49998,-28.36613],[-55.50346,-28.39232],[-55.50691,-28.40319],[-55.51763,-28.41237],[-55.52444,-28.41518],[-55.52211,-28.42945],[-55.52338,-28.44818],[-55.52876,-28.45776],[-55.54189,-28.46243],[-55.5515,-28.46114],[-55.56803,-28.46932],[-55.57049,-28.47498],[-55.57789,-28.47706],[-55.59038,-28.48845],[-55.61116,-28.48699],[-55.62421,-28.48845],[-55.63506,-28.49618],[-55.64648,-28.4982],[-55.66296,-28.49603],[-55.67927,-28.49833],[-55.68725,-28.51516],[-55.69548,-28.51966],[-55.69713,-28.53141],[-55.70312,-28.53841],[-55.71248,-28.54224],[-55.71885,-28.54875],[-55.72835,-28.55047],[-55.72961,-28.56764],[-55.73419,-28.57322],[-55.75374,-28.58029],[-55.77237,-28.58521],[-55.76951,-28.59451],[-55.75456,-28.5986],[-55.73322,-28.62275],[-55.72833,-28.61888],[-55.72246,-28.6256],[-55.71033,-28.624],[-55.69966,-28.62742],[-55.7128,-28.64687],[-55.71999,-28.65315],[-55.71717,-28.65784],[-55.70734,-28.66164],[-55.69958,-28.65601],[-55.67568,-28.67153],[-55.65899,-28.67204],[-55.64169,-28.66919],[-55.63592,-28.67173],[-55.62878,-28.68454],[-55.61664,-28.67795],[-55.59327,-28.69003],[-55.57649,-28.68113],[-55.57297,-28.67628],[-55.56375,-28.68338],[-55.57197,-28.69447],[-55.56172,-28.69701],[-55.54984,-28.70747],[-55.53682,-28.69872],[-55.53161,-28.68637],[-55.52623,-28.69041],[-55.52231,-28.70343],[-55.51484,-28.70356],[-55.50865,-28.69388],[-55.50055,-28.69873],[-55.49317,-28.69482],[-55.48778,-28.68764],[-55.49503,-28.6802],[-55.49096,-28.66471],[-55.48631,-28.66178],[-55.48012,-28.66862],[-55.46386,-28.66383],[-55.43973,-28.673],[-55.42968,-28.65095],[-55.41221,-28.64899],[-55.40577,-28.65188],[-55.39539,-28.65119],[-55.39475,-28.65797],[-55.3816,-28.66884],[-55.37528,-28.666],[-55.37578,-28.65795],[-55.3676,-28.65382],[-55.36355,-28.66078],[-55.35403,-28.65287],[-55.34597,-28.65236],[-55.34771,-28.66091],[-55.34067,-28.66561],[-55.33046,-28.66744],[-55.32064,-28.65527],[-55.31599,-28.65756],[-55.30661,-28.65657],[-55.30312,-28.64734],[-55.28935,-28.64999],[-55.28146,-28.65414],[-55.27051,-28.64285],[-55.26176,-28.64136],[-55.2536,-28.63634],[-55.24589,-28.62354],[-55.24555,-28.61232],[-55.23989,-28.60263],[-55.23157,-28.57897],[-55.2389,-28.54932],[-55.23479,-28.54636],[-55.21771,-28.54653],[-55.20572,-28.54366],[-55.19975,-28.53502],[-55.20003,-28.527],[-55.19307,-28.51747],[-55.19374,-28.50525],[-55.18946,-28.48782],[-55.18958,-28.46833],[-55.18521,-28.45727],[-55.18747,-28.44217],[-55.174,-28.43627],[-55.16381,-28.4277],[-55.15502,-28.40902],[-55.16378,-28.40477],[-55.16417,-28.39747],[-55.17937,-28.39748],[-55.17887,-28.40856],[-55.19252,-28.40717],[-55.20199,-28.39838],[-55.19638,-28.39206],[-55.19322,-28.37587],[-55.18349,-28.35872],[-55.1898,-28.34553],[-55.20018,-28.34928],[-55.20123,-28.33843],[-55.21086,-28.32597],[-55.21261,-28.31723],[-55.20474,-28.30938],[-55.21582,-28.30296],[-55.23177,-28.30802],[-55.2431,-28.30854],[-55.25642,-28.30502],[-55.26612,-28.31081],[-55.28245,-28.31521],[-55.29335,-28.31025],[-55.31224,-28.30679],[-55.29971,-28.29672],[-55.28998,-28.29923],[-55.28491,-28.3061],[-55.27938,-28.2981],[-55.28454,-28.28469],[-55.28439,-28.27557],[-55.29207,-28.27574],[-55.30037,-28.28546],[-55.31115,-28.28113],[-55.32189,-28.28053],[-55.32738,-28.2758],[-55.31633,-28.27017],[-55.32682,-28.2587],[-55.32738,-28.24949],[-55.31741,-28.24702],[-55.30622,-28.2553],[-55.28956,-28.25731],[-55.2862,-28.24915],[-55.29464,-28.2354],[-55.28564,-28.22315],[-55.28409,-28.20896],[-55.298,-28.22085],[-55.30452,-28.21868],[-55.31352,-28.22361],[-55.31906,-28.21771],[-55.31811,-28.20894]]]},"properties":{"CD_MUN":"4317707","NM_MUN":"Santo Antônio das Missões","AREA_KM2":1710.869}},
{"type":"Feature","geometry":{"type":"Polygon","coordinates":[[[-52.60073,-28.33268],[-52.59665,-28.31876],[-52.59047,-28.30986],[-52.59353,-28.30396],[-52.61288,-28.29592],[-52.61832,-28.30368],[-52.63426,-28.30073],[-52.64832,-28.28792],[-52.65149,-28.2787],[-52.66099,-28.27315],[-52.67346,-28.27022],[-52.69948,-28.28152],[-52.7086,-28.28748],[-52.70805,-28.30135],[-52.7118,-28.31739],[-52.71545,-28.32045],[-52.7178,-28.33685],[-52.72458,-28.34388],[-52.72479,-28.35048],[-52.73487,-28.35026],[-52.75825,-28.34373],[-52.77409,-28.36813],[-52.77426,-28.37083],[-52.76803,-28.37735],[-52.76477,-28.38968],[-52.76079,-28.39497],[-52.74805,-28.40336],[-52.73207,-28.42769],[-52.71447,-28.42885],[-52.71468,-28.44314],[-52.70266,-28.44468],[-52.6981,-28.45313],[-52.69831,-28.46987],[-52.69247,-28.46901],[-52.68525,-28.46108],[-52.67543,-28.45565],[-52.67094,-28.45857],[-52.65514,-28.44306],[-52.64642,-28.44195],[-52.62946,-28.42007],[-52.626,-28.41066],[-52.63427,-28.40381],[-52.63838,-28.39021],[-52.63653,-28.3841],[-52.64772,-28.3833],[-52.64348,-28.37303],[-52.62947,-28.36362],[-52.63005,-28.35439],[-52.61254,-28.34153],[-52.60282,-28.34063],[-52.60073,-28.33268]]]},"properties":{"CD_MUN":"4317756","NM_MUN":"Santo Antônio do Planalto","AREA_KM2":203.44}},
{"type":"Feature","geometry":{"type":"Polygon","coordinates":[[[-53.89777,-27.89528],[-53.89153,-27.89998],[-53.88727,-27.91628],[-53.87186,-27.92048],[-53.86409,-27.92591],[-53.85648,-27.93957],[-53.85148,-27.94054],[-53.84575,-27.95518],[-53.83774,-27.95738],[-53.83127,-27.96572],[-53.81376,-27.97354],[-53.79801,-27.98504],[-53.7796,-27.98614],[-53.77569,-27.99064],[-53.76034,-27.99457],[-53.74904,-27.99258],[-53.73521,-27.98927],[-53.72823,-27.98329],[-53.72021,-27.98258],[-53.7053,-27.98809],[-53.6961,-27.98715],[-53.68402,-28.00481],[-53.67587,-28.00542],[-53.67755,-28.01852],[-53.67556,-28.02562],[-53.66407,-28.02679],[-53.65859,-28.03534],[-53.64252,-28.03388],[-53.63394,-28.03637],[-53.61767,-28.0307],[-53.60735,-28.03382],[-53.60311,-28.04014],[-53.589,-28.03738],[-53.58555,-28.03909],[-53.56799,-28.01999],[-53.5681,-28.00137],[-53.59208,-27.98646],[-53.60628,-27.9806],[-53.61884,-27.98159],[-53.61956,-27.96586],[-53.61001,-27.95881],[-53.62239,-27.95482],[-53.62415,-27.94538],[-53.6326,-27.9538],[-53.64167,-27.94585],[-53.64024,-27.93926],[-53.66029,-27.9288],[-53.67297,-27.92897],[-53.67995,-27.93342],[-53.68773,-27.92977],[-53.69036,-27.91984],[-53.68409,-27.90797],[-53.68822,-27.9034],[-53.68475,-27.89652],[-53.69236,-27.88788],[-53.70108,-27.8841],[-53.6908,-27.8773],[-53.70034,-27.87046],[-53.70786,-27.86182],[-53.71376,-27.86108],[-53.72319,-27.84531],[-53.72584,-27.83532],[-53.72212,-27.82972],[-53.72894,-27.82509],[-53.72363,-27.8179],[-53.73378,-27.80464],[-53.73386,-27.79642],[-53.7277,-27.79024],[-53.74435,-27.78557],[-53.7475,-27.76907],[-53.7548,-27.7714],[-53.7618,-27.76893],[-53.76655,-27.77384],[-53.7735,-27.76958],[-53.76984,-27.76317],[-53.78021,-27.75479],[-53.78506,-27.76053],[-53.80084,-27.75803],[-53.81683,-27.76725],[-53.82162,-27.76386],[-53.85433,-27.76612],[-53.8647,-27.78227],[-53.87541,-27.78695],[-53.87738,-27.79104],[-53.86692,-27.80324],[-53.86647,-27.81592],[-53.85007,-27.81696],[-53.8435,-27.82036],[-53.81881,-27.81921],[-53.81068,-27.82245],[-53.81462,-27.82794],[-53.82775,-27.83004],[-53.84395,-27.83505],[-53.85821,-27.83351],[-53.86662,-27.8383],[-53.89777,-27.89528]]]},"properties":{"CD_MUN":"4317806","NM_MUN":"Santo Augusto","AREA_KM2":467.775}},
{"type":"Feature","geometry":{"type":"Polygon","coordinates":[[[-54.68542,-27.88929],[-54.55981,-27.84084],[-54.5513,-27.83635],[-54.56373,-27.82314],[-54.55362,-27.81708],[-54.56473,-27.811],[-54.56701,-27.81666],[-54.57531,-27.81493],[-54.58329,-27.80689],[-54.58634,-27.8156],[-54.6002,-27.80149],[-54.59376,-27.7931],[-54.60388,-27.7869],[-54.61459,-27.78504],[-54.61689,-27.77084],[-54.62334,-27.77029],[-54.62693,-27.76202],[-54.63233,-27.76366],[-54.63725,-27.75575],[-54.63104,-27.74973],[-54.63841,-27.74442],[-54.64518,-27.74697],[-54.64289,-27.7316],[-54.65002,-27.72304],[-54.63922,-27.71854],[-54.65129,-27.7119],[-54.64656,-27.70553],[-54.65895,-27.70144],[-54.66803,-27.69569],[-54.66989,-27.6858],[-54.68596,-27.70463],[-54.70114,-27.71493],[-54.70849,-27.71703],[-54.72367,-27.70761],[-54.73777,-27.71271],[-54.75734,-27.72253],[-54.78492,-27.7625],[-54.79123,-27.76058],[-54.79413,-27.75145],[-54.8016,-27.7569],[-54.80698,-27.75334],[-54.81409,-27.73911],[-54.82238,-27.73965],[-54.83161,-27.74342],[-54.83375,-27.75661],[-54.82831,-27.76936],[-54.83135,-27.77993],[-54.83776,-27.78512],[-54.8495,-27.77914],[-54.85285,-27.78277],[-54.86285,-27.83399],[-54.8597,-27.83867],[-54.85048,-27.82946],[-54.84506,-27.82824],[-54.83892,-27.83689],[-54.83155,-27.84126],[-54.81919,-27.83868],[-54.8182,-27.84521],[-54.80844,-27.85658],[-54.78797,-27.84111],[-54.78008,-27.8415],[-54.78395,-27.85233],[-54.78034,-27.86308],[-54.7654,-27.8552],[-54.76307,-27.86566],[-54.75094,-27.86372],[-54.74369,-27.86794],[-54.71421,-27.86614],[-54.69087,-27.88056],[-54.68339,-27.88228],[-54.68542,-27.88929]]]},"properties":{"CD_MUN":"4317905","NM_MUN":"Santo Cristo","AREA_KM2":367.202}},
{"type":"Feature","geometry":{"type":"Polygon","coordinates":[[[-51.58794,-27.89892],[-51.59627,-27.89827],[-51.60827,-27.89224],[-51.60804,-27.88204],[-51.62364,-27.86058],[-51.63881,-27.84999],[-51.64278,-27.85938],[-51.64083,-27.86947],[-51.64841,-27.87069],[-51.66415,-27.86892],[-51.67138,-27.87086],[-51.67371,-27.87989],[-51.67977,-27.87796],[-51.68529,-27.89781],[-51.69629,-27.90228],[-51.70811,-27.90056],[-51.71138,-27.89654],[-51.72093,-27.89694],[-51.73204,-27.89034],[-51.73987,-27.90225],[-51.73125,-27.91045],[-51.73659,-27.92267],[-51.72295,-27.92855],[-51.73342,-27.93318],[-51.72009,-27.94489],[-51.71132,-27.94651],[-51.71038,-27.96027],[-51.71222,-27.96831],[-51.69163,-27.96672],[-51.69673,-27.98563],[-51.686,-27.99479],[-51.68189,-27.98334],[-51.67654,-27.98312],[-51.67274,-27.97794],[-51.63623,-27.96625],[-51.61585,-27.96926],[-51.60092,-27.95419],[-51.61033,-27.94521],[-51.61463,-27.935],[-51.60892,-27.92859],[-51.60173,-27.92789],[-51.59934,-27.91705],[-51.59168,-27.91134],[-51.58794,-27.89892]]]},"properties":{"CD_MUN":"4317954","NM_MUN":"Santo Expedito do Sul","AREA_KM2":125.595}},
{"type":"Feature","geometry":{"type":"Polygon","coordinates":[[[-56.08158,-28.85668],[-56.06631,-28.87944],[-56.05503,-28.89163],[-56.05714,-28.90051],[-56.06685,-28.9113],[-56.0518,-28.91893],[-56.0215,-28.91696],[-56.00982,-28.92638],[-56.00194,-28.9404],[-55.99523,-28.94442],[-55.96604,-28.9432],[-55.95616,-28.94038],[-55.9534,-28.94475],[-55.93441,-28.94529],[-55.92885,-28.94987],[-55.91414,-28.9486],[-55.89471,-28.95367],[-55.89185,-28.95788],[-55.87692,-28.96103],[-55.86607,-28.96894],[-55.84258,-28.96875],[-55.84,-28.97587],[-55.82834,-28.9792],[-55.81782,-28.99274],[-55.79979,-28.9943],[-55.79574,-28.9869],[-55.77317,-28.98032],[-55.76661,-28.98573],[-55.74431,-28.98606],[-55.72622,-28.98229],[-55.71844,-28.99849],[-55.69575,-29.00225],[-55.68202,-29.01627],[-55.67009,-29.01998],[-55.66132,-29.01168],[-55.63676,-29.01347],[-55.6232,-29.00821],[-55.5999,-29.01426],[-55.59387,-29.01033],[-55.58431,-29.01952],[-55.57544,-29.01448],[-55.57485,-29.00513],[-55.55876,-29.00319],[-55.54925,-29.00621],[-55.53103,-29.00202],[-55.52362,-29.00511],[-55.5046,-29.00067],[-55.49904,-29.01983],[-55.49842,-29.03592],[-55.49286,-29.05316],[-55.4828,-29.05878],[-55.48127,-29.064],[-55.47298,-29.07063],[-55.46527,-29.08223],[-55.44801,-29.07179],[-55.43873,-29.06291],[-55.42422,-29.05823],[-55.41255,-29.04749],[-55.40005,-29.01909],[-55.39987,-29.0098],[-55.39318,-29.00038],[-55.38471,-28.99693],[-55.37426,-28.98561],[-55.38564,-28.97601],[-55.37322,-28.97187],[-55.34366,-28.98602],[-55.31835,-28.99247],[-55.29299,-28.99151],[-55.29111,-28.98455],[-55.29752,-28.96833],[-55.31458,-28.96431],[-55.32267,-28.95904],[-55.3195,-28.95396],[-55.32097,-28.94203],[-55.3293,-28.93911],[-55.34232,-28.94277],[-55.34985,-28.93157],[-55.35806,-28.9318],[-55.37303,-28.92057],[-55.37313,-28.90885],[-55.37586,-28.9007],[-55.37436,-28.88989],[-55.36751,-28.87999],[-55.37796,-28.87404],[-55.38798,-28.87547],[-55.39642,-28.88012],[-55.40072,-28.87097],[-55.41371,-28.86444],[-55.428,-28.86487],[-55.43115,-28.85785],[-55.419,-28.84963],[-55.42194,-28.84325],[-55.43143,-28.84439],[-55.43277,-28.82744],[-55.44429,-28.82236],[-55.44881,-28.81288],[-55.45832,-28.81463],[-55.46581,-28.81212],[-55.46989,-28.80273],[-55.47886,-28.7981],[-55.48469,-28.78139],[-55.49201,-28.7767],[-55.49546,-28.76484],[-55.5029,-28.76523],[-55.50763,-28.74475],[-55.49716,-28.74091],[-55.49933,-28.73045],[-55.5093,-28.7333],[-55.52005,-28.72631],[-55.53432,-28.73012],[-55.53766,-28.72235],[-55.53545,-28.71066],[-55.54984,-28.70747],[-55.56172,-28.69701],[-55.57197,-28.69447],[-55.56375,-28.68338],[-55.57297,-28.67628],[-55.57649,-28.68113],[-55.59327,-28.69003],[-55.61664,-28.67795],[-55.62878,-28.68454],[-55.63592,-28.67173],[-55.64169,-28.66919],[-55.65899,-28.67204],[-55.67568,-28.67153],[-55.69958,-28.65601],[-55.70734,-28.66164],[-55.71717,-28.65784],[-55.71999,-28.65315],[-55.7128,-28.64687],[-55.69966,-28.62742],[-55.71033,-28.624],[-55.72246,-28.6256],[-55.72833,-28.61888],[-55.73322,-28.62275],[-55.75456,-28.5986],[-55.76951,-28.59451],[-55.77237,-28.58521],[-55.75374,-28.58029],[-55.73419,-28.57322],[-55.72961,-28.56764],[-55.72835,-28.55047],[-55.71885,-28.54875],[-55.71248,-28.54224],[-55.70312,-28.53841],[-55.69713,-28.53141],[-55.69548,-28.51966],[-55.68725,-28.51516],[-55.67927,-28.49833],[-55.66296,-28.49603],[-55.64648,-28.4982],[-55.63506,-28.49618],[-55.62421,-28.48845],[-55.61116,-28.48699],[-55.59038,-28.48845],[-55.57789,-28.47706],[-55.57049,-28.47498],[-55.56803,-28.46932],[-55.5515,-28.46114],[-55.54189,-28.46243],[-55.52876,-28.45776],[-55.52338,-28.44818],[-55.52211,-28.42945],[-55.52444,-28.41518],[-55.51763,-28.41237],[-55.50691,-28.40319],[-55.51352,-28.39446],[-55.5286,-28.38832],[-55.53625,-28.38959],[-55.54474,-28.37523],[-55.56313,-28.36184],[-55.56645,-28.35393],[-55.56538,-28.3435],[-55.58308,-28.33943],[-55.59026,-28.35009],[-55.59397,-28.3627],[-55.61025,-28.3719],[-55.63564,-28.36636],[-55.63423,-28.37321],[-55.63871,-28.37773],[-55.65139,-28.37995],[-55.66349,-28.38957],[-55.66903,-28.38852],[-55.67079,-28.39819],[-55.68657,-28.41469],[-55.69218,-28.41638],[-55.69525,-28.42297],[-55.70434,-28.42756],[-55.71346,-28.42576],[-55.7197,-28.41868],[-55.72831,-28.39248],[-55.73435,-28.38121],[-55.7464,-28.37323],[-55.75657,-28.36943],[-55.78144,-28.36731],[-55.79637,-28.36735],[-55.82167,-28.36359],[-55.85058,-28.35539],[-55.87109,-28.35726],[-55.87874,-28.36185],[-55.8845,-28.3748],[-55.90039,-28.39835],[-55.90305,-28.40764],[-55.90095,-28.41875],[-55.88907,-28.44478],[-55.8826,-28.46384],[-55.88133,-28.4735],[-55.88401,-28.47916],[-55.90723,-28.48157],[-55.92879,-28.48635],[-55.94929,-28.49459],[-55.96031,-28.49479],[-55.98822,-28.49812],[-56.00127,-28.5016],[-56.01122,-28.50689],[-56.02323,-28.52276],[-56.02569,-28.53479],[-56.0209,-28.5532],[-56.00715,-28.56899],[-56.00237,-28.5783],[-56.00337,-28.5978],[-56.01767,-28.61294],[-56.03739,-28.6219],[-56.04735,-28.62409],[-56.06395,-28.63559],[-56.082,-28.6542],[-56.10876,-28.67468],[-56.11915,-28.68125],[-56.14345,-28.70913],[-56.15528,-28.73054],[-56.16567,-28.74658],[-56.18231,-28.767],[-56.19416,-28.7752],[-56.21059,-28.77465],[-56.22328,-28.77684],[-56.26093,-28.77901],[-56.27095,-28.78193],[-56.28911,-28.79372],[-56.29974,-28.80811],[-56.30121,-28.81705],[-56.29729,-28.84142],[-56.30005,-28.89556],[-56.30381,-28.90303],[-56.32327,-28.92473],[-56.31155,-28.93301],[-56.30105,-28.93421],[-56.27917,-28.94064],[-56.27067,-28.93542],[-56.26095,-28.94413],[-56.25479,-28.93688],[-56.24284,-28.93499],[-56.2318,-28.93752],[-56.22041,-28.92954],[-56.21304,-28.92966],[-56.20617,-28.91814],[-56.20528,-28.91079],[-56.19054,-28.90187],[-56.17871,-28.90099],[-56.1793,-28.88613],[-56.17276,-28.88396],[-56.16681,-28.86485],[-56.16014,-28.86279],[-56.14587,-28.86474],[-56.13726,-28.86051],[-56.13214,-28.86635],[-56.12238,-28.85516],[-56.10335,-28.84904],[-56.09628,-28.85786],[-56.08755,-28.85376],[-56.08158,-28.85668]]]},"properties":{"CD_MUN":"4318002","NM_MUN":"São Borja","AREA_KM2":3616.69}},
{"type":"Feature","geometry":{"type":"Polygon","coordinates":[[[-51.91652,-28.51026],[-51.90769,-28.51404],[-51.90743,-28.52234],[-51.91608,-28.52728],[-51.92425,-28.53637],[-51.91147,-28.54024],[-51.9144,-28.54663],[-51.91581,-28.56164],[-51.9106,-28.56383],[-51.89306,-28.56336],[-51.88476,-28.57566],[-51.87557,-28.58003],[-51.86375,-28.5819],[-51.85365,-28.59043],[-51.84467,-28.58934],[-51.83684,-28.5826],[-51.84037,-28.5776],[-51.8265,-28.57285],[-51.80865,-28.55701],[-51.81409,-28.55207],[-51.80281,-28.53775],[-51.80982,-28.5331],[-51.80312,-28.52728],[-51.82502,-28.52774],[-51.82484,-28.52116],[-51.837,-28.52125],[-51.8368,-28.51568],[-51.84906,-28.51561],[-51.84923,-28.50974],[-51.863,-28.50967],[-51.87626,-28.50585],[-51.87619,-28.49025],[-51.88903,-28.49],[-51.88889,-28.48386],[-51.9124,-28.48435],[-51.92023,-28.4942],[-51.91519,-28.49893],[-51.91652,-28.51026]]]},"properties":{"CD_MUN":"4318051","NM_MUN":"São Domingos do Sul","AREA_KM2":78.67}},
{"type":"Feature","geometry":{"type":"Polygon","coordinates":[[[-55.37813,-29.61487],[-55.36961,-29.61264],[-55.35551,-29.62001],[-55.33842,-29.63677],[-55.32627,-29.64221],[-55.30907,-29.63124],[-55.29289,-29.63062],[-55.28524,-29.62112],[-55.27527,-29.61726],[-55.26806,-29.61934],[-55.25893,-29.61734],[-55.24346,-29.62031],[-55.23751,-29.63176],[-55.23286,-29.63503],[-55.22396,-29.63143],[-55.21251,-29.63616],[-55.21285,-29.65108],[-55.20657,-29.65914],[-55.19589,-29.66592],[-55.19256,-29.67734],[-55.19518,-29.69064],[-55.19165,-29.69675],[-55.15842,-29.69763],[-55.14406,-29.69507],[-55.13154,-29.69119],[-55.12783,-29.68465],[-55.1241,-29.66025],[-55.11869,-29.65741],[-55.0933,-29.65858],[-55.09501,-29.65039],[-55.0855,-29.64861],[-55.07444,-29.65981],[-55.07708,-29.66958],[-55.07024,-29.6812],[-55.06305,-29.68284],[-55.03935,-29.70611],[-55.02075,-29.70622],[-55.01042,-29.71061],[-54.99198,-29.70493],[-54.98776,-29.69973],[-54.96228,-29.69574],[-54.95045,-29.68684],[-54.944,-29.67655],[-54.93839,-29.67714],[-54.92255,-29.66263],[-54.90812,-29.66792],[-54.89407,-29.66379],[-54.88325,-29.66346],[-54.87055,-29.67012],[-54.85983,-29.66959],[-54.85538,-29.66297],[-54.84907,-29.66143],[-54.83212,-29.66572],[-54.82512,-29.65482],[-54.82729,-29.64396],[-54.82469,-29.63758],[-54.81457,-29.63893],[-54.80647,-29.63214],[-54.8,-29.62278],[-54.79262,-29.61837],[-54.78331,-29.60399],[-54.7838,-29.59851],[-54.79153,-29.59039],[-54.797,-29.57749],[-54.81414,-29.57557],[-54.82141,-29.57175],[-54.83285,-29.57456],[-54.84034,-29.56549],[-54.83683,-29.55936],[-54.84289,-29.55043],[-54.86225,-29.54491],[-54.86166,-29.53294],[-54.84197,-29.51964],[-54.8345,-29.50554],[-54.83638,-29.49824],[-54.83325,-29.48791],[-54.8418,-29.48842],[-54.85,-29.47709],[-54.84806,-29.46707],[-54.85354,-29.46072],[-54.85116,-29.44319],[-54.86771,-29.42033],[-54.86993,-29.41221],[-54.86542,-29.40526],[-54.86568,-29.39766],[-54.87554,-29.38328],[-54.88405,-29.37821],[-54.88487,-29.37185],[-54.89416,-29.3643],[-54.89567,-29.34932],[-54.90098,-29.34241],[-54.91321,-29.34058],[-54.92773,-29.32696],[-54.93229,-29.32104],[-54.94027,-29.32561],[-54.94781,-29.31461],[-54.95959,-29.31431],[-54.96156,-29.30314],[-54.96765,-29.29479],[-54.97526,-29.27873],[-54.98492,-29.27774],[-54.99764,-29.26788],[-55.00326,-29.26775],[-55.00733,-29.25648],[-55.01962,-29.25688],[-55.02155,-29.25029],[-55.02788,-29.24839],[-55.02897,-29.23887],[-55.04285,-29.24455],[-55.04769,-29.23831],[-55.04262,-29.23196],[-55.0499,-29.22429],[-55.05746,-29.22542],[-55.06988,-29.22293],[-55.07526,-29.21437],[-55.08551,-29.20913],[-55.09639,-29.21636],[-55.11419,-29.21399],[-55.11733,-29.20009],[-55.13235,-29.19842],[-55.1413,-29.19403],[-55.14672,-29.19893],[-55.1554,-29.1955],[-55.16304,-29.20487],[-55.17554,-29.19123],[-55.18066,-29.19784],[-55.18141,-29.20836],[-55.19101,-29.2102],[-55.19573,-29.20271],[-55.20644,-29.20582],[-55.2064,-29.19622],[-55.20979,-29.1897],[-55.23319,-29.19468],[-55.23518,-29.18856],[-55.25378,-29.19717],[-55.26238,-29.2086],[-55.26797,-29.20577],[-55.27893,-29.21097],[-55.29551,-29.21463],[-55.30335,-29.21335],[-55.31257,-29.20478],[-55.31638,-29.21567],[-55.32175,-29.21601],[-55.33652,-29.22343],[-55.34486,-29.22117],[-55.34377,-29.20773],[-55.35277,-29.20543],[-55.36186,-29.20681],[-55.36887,-29.21942],[-55.36704,-29.23093],[-55.37658,-29.23692],[-55.38751,-29.22987],[-55.3951,-29.23711],[-55.40187,-29.23419],[-55.40091,-29.21977],[-55.39318,-29.20753],[-55.40161,-29.20473],[-55.40538,-29.20989],[-55.41759,-29.21102],[-55.42703,-29.20862],[-55.4337,-29.21344],[-55.44267,-29.21243],[-55.45096,-29.20598],[-55.45911,-29.21514],[-55.4433,-29.22754],[-55.43242,-29.25645],[-55.42062,-29.27051],[-55.42072,-29.28902],[-55.41691,-29.29654],[-55.41536,-29.30833],[-55.41646,-29.32175],[-55.42039,-29.32271],[-55.43442,-29.31672],[-55.44508,-29.31855],[-55.45917,-29.32526],[-55.45783,-29.34011],[-55.46234,-29.34254],[-55.46257,-29.35253],[-55.47062,-29.35734],[-55.48267,-29.36841],[-55.4825,-29.37939],[-55.46564,-29.37813],[-55.45231,-29.37417],[-55.44006,-29.36551],[-55.43015,-29.36213],[-55.42748,-29.36802],[-55.42948,-29.38125],[-55.43917,-29.39605],[-55.43168,-29.40166],[-55.40998,-29.40244],[-55.40509,-29.40988],[-55.40235,-29.42406],[-55.39152,-29.43199],[-55.39768,-29.43695],[-55.3912,-29.44181],[-55.37857,-29.44077],[-55.38106,-29.449],[-55.37047,-29.44775],[-55.36018,-29.45721],[-55.36918,-29.45956],[-55.36325,-29.4688],[-55.36469,-29.47284],[-55.35785,-29.48013],[-55.33844,-29.47708],[-55.34643,-29.48768],[-55.34534,-29.49789],[-55.33953,-29.50652],[-55.33324,-29.51002],[-55.3284,-29.52221],[-55.33043,-29.53126],[-55.34355,-29.53151],[-55.35188,-29.53787],[-55.34788,-29.54202],[-55.35424,-29.54914],[-55.36707,-29.55541],[-55.36914,-29.57213],[-55.37347,-29.57362],[-55.37267,-29.58429],[-55.37813,-29.61487]]]},"properties":{"CD_MUN":"4318101","NM_MUN":"São Francisco de Assis","AREA_KM2":2506.975}},
{"type":"Feature","geometry":{"type":"Polygon","coordinates":[[[-50.35753,-29.11707],[-50.37324,-29.10741],[-50.40214,-29.11869],[-50.4112,-29.11891],[-50.42706,-29.13289],[-50.44389,-29.12924],[-50.44419,-29.11569],[-50.43742,-29.09755],[-50.43762,-29.08832],[-50.43151,-29.07599],[-50.44342,-29.05116],[-50.45328,-29.04025],[-50.46011,-29.01382],[-50.4572,-29.00398],[-50.46439,-28.99503],[-50.45868,-28.9929],[-50.46301,-28.98481],[-50.46352,-28.95957],[-50.47499,-28.94267],[-50.47543,-28.93715],[-50.48612,-28.93276],[-50.48947,-28.92564],[-50.49769,-28.92752],[-50.50714,-28.92052],[-50.5075,-28.91402],[-50.51608,-28.9099],[-50.51501,-28.89787],[-50.52629,-28.89346],[-50.52906,-28.88947],[-50.53953,-28.88794],[-50.54678,-28.89391],[-50.5622,-28.88661],[-50.54968,-28.86504],[-50.5631,-28.86501],[-50.57315,-28.85565],[-50.58456,-28.85276],[-50.57863,-28.84322],[-50.60475,-28.83185],[-50.60047,-28.82184],[-50.60426,-28.81006],[-50.61753,-28.80408],[-50.61973,-28.81606],[-50.62961,-28.81749],[-50.64005,-28.81249],[-50.66132,-28.81531],[-50.66434,-28.81088],[-50.65512,-28.80333],[-50.66139,-28.79693],[-50.69121,-28.80191],[-50.70502,-28.79513],[-50.72048,-28.80188],[-50.72884,-28.80141],[-50.72968,-28.79556],[-50.71788,-28.78662],[-50.72234,-28.78164],[-50.73265,-28.78489],[-50.7393,-28.79859],[-50.74506,-28.79552],[-50.74592,-28.78268],[-50.75543,-28.772],[-50.76109,-28.77349],[-50.76379,-28.78741],[-50.78614,-28.79324],[-50.79837,-28.80042],[-50.78652,-28.81445],[-50.80887,-28.81981],[-50.81872,-28.82566],[-50.82979,-28.82346],[-50.83955,-28.81465],[-50.84978,-28.81721],[-50.84995,-28.83268],[-50.84082,-28.82993],[-50.83843,-28.83595],[-50.8208,-28.83648],[-50.81763,-28.84239],[-50.82026,-28.84973],[-50.82724,-28.8552],[-50.82102,-28.86736],[-50.80421,-28.86846],[-50.79494,-28.87577],[-50.79798,-28.88418],[-50.81126,-28.88518],[-50.81996,-28.89245],[-50.81025,-28.89994],[-50.80556,-28.90915],[-50.8096,-28.91474],[-50.81026,-28.93037],[-50.79468,-28.93433],[-50.78716,-28.9417],[-50.79708,-28.94409],[-50.80766,-28.95137],[-50.81044,-28.95942],[-50.79503,-28.96684],[-50.79214,-28.97783],[-50.78377,-28.97917],[-50.7827,-29.00008],[-50.78503,-29.00667],[-50.79923,-29.02538],[-50.80627,-29.02493],[-50.80995,-29.03168],[-50.81593,-29.03071],[-50.81809,-29.04304],[-50.82289,-29.05429],[-50.831,-29.06248],[-50.83946,-29.06053],[-50.85226,-29.06608],[-50.86923,-29.06899],[-50.89311,-29.06684],[-50.90846,-29.07503],[-50.9315,-29.07442],[-50.94378,-29.07124],[-50.94082,-29.07997],[-50.93149,-29.07861],[-50.91465,-29.08036],[-50.90247,-29.09034],[-50.90264,-29.09892],[-50.91091,-29.10778],[-50.91287,-29.11786],[-50.90428,-29.11604],[-50.88091,-29.11958],[-50.87497,-29.11638],[-50.86661,-29.12321],[-50.85453,-29.11953],[-50.84238,-29.12717],[-50.83791,-29.14153],[-50.84151,-29.15346],[-50.84017,-29.17019],[-50.83599,-29.18605],[-50.85466,-29.21313],[-50.8542,-29.21954],[-50.85965,-29.22544],[-50.85634,-29.23427],[-50.86155,-29.23899],[-50.85927,-29.24759],[-50.85487,-29.25264],[-50.85577,-29.25956],[-50.84926,-29.26692],[-50.8434,-29.2593],[-50.81827,-29.25764],[-50.8026,-29.26733],[-50.79679,-29.27686],[-50.781,-29.27899],[-50.77672,-29.27534],[-50.76309,-29.27625],[-50.75691,-29.28982],[-50.76299,-29.30226],[-50.75706,-29.31372],[-50.74574,-29.31967],[-50.74299,-29.32696],[-50.72366,-29.32832],[-50.71145,-29.33437],[-50.69656,-29.33012],[-50.69192,-29.32274],[-50.67519,-29.33561],[-50.67307,-29.34056],[-50.67503,-29.35282],[-50.68237,-29.35961],[-50.67493,-29.37481],[-50.66745,-29.37043],[-50.65251,-29.37366],[-50.64465,-29.38224],[-50.64455,-29.40597],[-50.65746,-29.42209],[-50.6626,-29.41788],[-50.67144,-29.41987],[-50.68054,-29.41456],[-50.68476,-29.40687],[-50.69502,-29.41159],[-50.70464,-29.41903],[-50.70497,-29.42482],[-50.71767,-29.43694],[-50.72612,-29.4477],[-50.72729,-29.4543],[-50.71522,-29.4557],[-50.68901,-29.47397],[-50.68815,-29.48356],[-50.67507,-29.47177],[-50.67413,-29.48786],[-50.6605,-29.50631],[-50.65115,-29.50248],[-50.63086,-29.5586],[-50.61034,-29.55732],[-50.60237,-29.55182],[-50.59005,-29.55327],[-50.57519,-29.55303],[-50.56094,-29.54639],[-50.55276,-29.53864],[-50.46107,-29.53862],[-50.43289,-29.53726],[-50.42121,-29.51833],[-50.40668,-29.51875],[-50.39063,-29.51134],[-50.37992,-29.50901],[-50.34772,-29.49433],[-50.33738,-29.48772],[-50.32306,-29.47434],[-50.31493,-29.47434],[-50.32142,-29.45958],[-50.31478,-29.45709],[-50.32399,-29.44021],[-50.30283,-29.44766],[-50.2925,-29.45944],[-50.28441,-29.45978],[-50.26682,-29.46638],[-50.26865,-29.47656],[-50.28527,-29.4785],[-50.29436,-29.4853],[-50.2965,-29.49509],[-50.2923,-29.50639],[-50.28086,-29.50596],[-50.27618,-29.48941],[-50.26404,-29.4902],[-50.26073,-29.49609],[-50.22696,-29.49269],[-50.21604,-29.49676],[-50.21381,-29.5042],[-50.22166,-29.50649],[-50.22003,-29.51263],[-50.2073,-29.51661],[-50.19724,-29.51687],[-50.18498,-29.5307],[-50.16801,-29.53513],[-50.17042,-29.52332],[-50.17611,-29.52199],[-50.18819,-29.5064],[-50.18227,-29.48985],[-50.15728,-29.47098],[-50.16787,-29.46555],[-50.16748,-29.47396],[-50.18289,-29.47782],[-50.18852,-29.48423],[-50.2007,-29.48282],[-50.20123,-29.47761],[-50.21553,-29.47645],[-50.20436,-29.46651],[-50.21007,-29.4577],[-50.20987,-29.44202],[-50.22348,-29.44395],[-50.22834,-29.43535],[-50.24366,-29.4224],[-50.23401,-29.41325],[-50.22999,-29.41657],[-50.22028,-29.41331],[-50.22309,-29.40358],[-50.21327,-29.3988],[-50.22004,-29.38944],[-50.2352,-29.39418],[-50.23692,-29.38016],[-50.24182,-29.36884],[-50.23824,-29.36159],[-50.24902,-29.34547],[-50.24925,-29.33036],[-50.23903,-29.33699],[-50.23093,-29.33662],[-50.21785,-29.32887],[-50.20913,-29.33131],[-50.20765,-29.33815],[-50.1935,-29.34218],[-50.19454,-29.35236],[-50.20418,-29.35646],[-50.20395,-29.36633],[-50.18504,-29.35953],[-50.17972,-29.35984],[-50.17584,-29.35063],[-50.16063,-29.33944],[-50.15096,-29.34019],[-50.12019,-29.3343],[-50.11322,-29.3268],[-50.09914,-29.33415],[-50.08421,-29.34945],[-50.0752,-29.35847],[-50.06013,-29.3648],[-50.05285,-29.35693],[-50.041,-29.35507],[-50.03851,-29.34725],[-50.04678,-29.34036],[-50.05577,-29.34137],[-50.07101,-29.32949],[-50.07228,-29.3247],[-50.08579,-29.31803],[-50.09149,-29.31076],[-50.09918,-29.31143],[-50.11253,-29.30397],[-50.11711,-29.2918],[-50.13037,-29.28696],[-50.12829,-29.29787],[-50.13294,-29.30034],[-50.14082,-29.2865],[-50.14885,-29.28202],[-50.14346,-29.27582],[-50.1446,-29.27016],[-50.18314,-29.26456],[-50.19978,-29.25697],[-50.24149,-29.27285],[-50.25708,-29.27738],[-50.27032,-29.29087],[-50.27563,-29.28747],[-50.28703,-29.29555],[-50.29557,-29.29162],[-50.30322,-29.28337],[-50.29743,-29.27819],[-50.31431,-29.2691],[-50.31556,-29.25923],[-50.327,-29.25752],[-50.325,-29.25127],[-50.33263,-29.23947],[-50.32445,-29.22187],[-50.33014,-29.21873],[-50.34283,-29.20435],[-50.34557,-29.19778],[-50.35687,-29.19046],[-50.35984,-29.16311],[-50.35592,-29.15667],[-50.3524,-29.13655],[-50.36203,-29.13821],[-50.36532,-29.13167],[-50.35631,-29.12596],[-50.35753,-29.11707]]]},"properties":{"CD_MUN":"4318200","NM_MUN":"São Francisco de Paula","AREA_KM2":3317.794}},
{"type":"Feature","geometry":{"type":"Polygon","coordinates":[[[-54.68968,-30.62865],[-54.68138,-30.62867],[-54.68387,-30.61384],[-54.67674,-30.61163],[-54.67579,-30.60509],[-54.61965,-30.61744],[-54.60813,-30.62318],[-54.58551,-30.61579],[-54.58058,-30.6118],[-54.56757,-30.61469],[-54.55907,-30.61384],[-54.54771,-30.62151],[-54.52662,-30.61408],[-54.52141,-30.62123],[-54.51069,-30.62501],[-54.50402,-30.63135],[-54.49595,-30.63157],[-54.47491,-30.62238],[-54.46586,-30.62392],[-54.45582,-30.62074],[-54.44849,-30.6268],[-54.43902,-30.62285],[-54.43191,-30.6303],[-54.41456,-30.63998],[-54.40775,-30.64977],[-54.40991,-30.65489],[-54.40145,-30.66676],[-54.39027,-30.67416],[-54.3849,-30.67232],[-54.37395,-30.67697],[-54.37112,-30.68671],[-54.36254,-30.69402],[-54.35663,-30.70306],[-54.35329,-30.71538],[-54.35227,-30.73097],[-54.3463,-30.73708],[-54.33006,-30.73518],[-54.32326,-30.72823],[-54.32202,-30.71874],[-54.30827,-30.73125],[-54.29399,-30.72723],[-54.2869,-30.73083],[-54.27887,-30.73015],[-54.26434,-30.73807],[-54.26301,-30.74404],[-54.24774,-30.74995],[-54.23244,-30.74312],[-54.21839,-30.74918],[-54.21384,-30.75791],[-54.19431,-30.75853],[-54.17648,-30.76749],[-54.17148,-30.77308],[-54.16038,-30.77736],[-54.15025,-30.76658],[-54.14254,-30.76188],[-54.13856,-30.74659],[-54.14539,-30.73494],[-54.14116,-30.71805],[-54.1366,-30.71065],[-54.12613,-30.7052],[-54.11729,-30.7057],[-54.0943,-30.69853],[-54.08644,-30.70082],[-54.08013,-30.69589],[-54.0585,-30.68692],[-54.05283,-30.69247],[-54.03765,-30.70016],[-54.02772,-30.69252],[-54.01816,-30.69346],[-54.0174,-30.68175],[-54.01271,-30.66317],[-54.00254,-30.6482],[-53.99531,-30.64724],[-53.98128,-30.63942],[-53.97832,-30.63026],[-53.9866,-30.61626],[-53.97519,-30.60968],[-53.96245,-30.59006],[-53.95314,-30.59175],[-53.93444,-30.5744],[-53.93768,-30.56292],[-53.94356,-30.55959],[-53.95895,-30.56093],[-53.97243,-30.55765],[-53.9794,-30.55861],[-54.00091,-30.55393],[-54.00759,-30.5483],[-54.025,-30.54113],[-54.0368,-30.5404],[-54.04807,-30.54544],[-54.05429,-30.53841],[-54.06135,-30.53657],[-54.07228,-30.53982],[-54.07002,-30.52649],[-54.0623,-30.51794],[-54.06579,-30.51224],[-54.06062,-30.50056],[-54.0705,-30.48205],[-54.08196,-30.46397],[-54.09094,-30.46303],[-54.1,-30.47821],[-54.10719,-30.48165],[-54.10826,-30.48982],[-54.11686,-30.49577],[-54.12769,-30.51167],[-54.13972,-30.52072],[-54.14702,-30.53859],[-54.15909,-30.53744],[-54.16091,-30.52729],[-54.15648,-30.52254],[-54.15334,-30.51009],[-54.16836,-30.50206],[-54.17844,-30.4994],[-54.20192,-30.47641],[-54.2307,-30.45396],[-54.24072,-30.43788],[-54.24784,-30.42013],[-54.25452,-30.41528],[-54.2712,-30.39692],[-54.27003,-30.3835],[-54.26483,-30.37387],[-54.26722,-30.36902],[-54.25578,-30.35944],[-54.25696,-30.35373],[-54.24512,-30.34738],[-54.24562,-30.32874],[-54.24905,-30.32022],[-54.24806,-30.31259],[-54.25123,-30.30007],[-54.25142,-30.28774],[-54.25711,-30.27482],[-54.26919,-30.2637],[-54.26546,-30.25489],[-54.26893,-30.24975],[-54.26585,-30.23924],[-54.2594,-30.22814],[-54.25257,-30.22292],[-54.23673,-30.22562],[-54.23404,-30.21869],[-54.21498,-30.21496],[-54.19196,-30.20653],[-54.18324,-30.20003],[-54.17792,-30.1919],[-54.1683,-30.1931],[-54.162,-30.18998],[-54.16369,-30.17558],[-54.14193,-30.16779],[-54.13507,-30.18055],[-54.11771,-30.18165],[-54.1131,-30.1875],[-54.09726,-30.18893],[-54.0952,-30.19473],[-54.08578,-30.1967],[-54.07914,-30.20309],[-54.06798,-30.20651],[-54.0429,-30.2216],[-54.02186,-30.22907],[-54.01172,-30.23823],[-54.01269,-30.24348],[-54.00052,-30.24737],[-53.98987,-30.24763],[-53.98508,-30.2342],[-53.9878,-30.22563],[-53.98183,-30.22161],[-53.96696,-30.21798],[-53.9628,-30.21996],[-53.95465,-30.2075],[-53.96415,-30.20067],[-53.96715,-30.18627],[-53.97195,-30.17935],[-53.97379,-30.16938],[-53.96278,-30.16183],[-53.95366,-30.14019],[-53.95213,-30.12989],[-53.95738,-30.12388],[-53.94158,-30.11217],[-53.94451,-30.10524],[-53.93554,-30.10219],[-53.9269,-30.09019],[-53.91555,-30.08466],[-53.91182,-30.06917],[-53.90596,-30.06624],[-53.91036,-30.05294],[-53.91006,-30.04615],[-53.90183,-30.04375],[-53.89062,-30.03072],[-53.88316,-30.01785],[-53.87733,-30.017],[-53.87184,-30.00719],[-53.87349,-30.00077],[-53.86922,-29.99398],[-53.87722,-29.98825],[-53.892,-29.98342],[-53.89911,-29.98821],[-53.90784,-29.98288],[-53.93017,-29.98872],[-53.94543,-29.98736],[-53.95148,-29.99099],[-53.96441,-29.98985],[-53.97359,-29.98537],[-54.00049,-29.98591],[-54.00821,-29.98127],[-54.00847,-29.97154],[-54.01758,-29.9654],[-54.02483,-29.96534],[-54.03348,-29.95757],[-54.02911,-29.94987],[-54.02888,-29.93901],[-54.03701,-29.92055],[-54.04013,-29.91745],[-54.05153,-29.91165],[-54.07357,-29.9108],[-54.10576,-29.92587],[-54.12301,-29.92028],[-54.13713,-29.92052],[-54.1428,-29.92477],[-54.16624,-29.92828],[-54.19292,-29.92626],[-54.20817,-29.91576],[-54.2212,-29.915],[-54.22971,-29.90472],[-54.24557,-29.89267],[-54.25643,-29.90684],[-54.27799,-29.92212],[-54.28274,-29.93025],[-54.29866,-29.93427],[-54.30853,-29.92745],[-54.31992,-29.92555],[-54.32925,-29.92747],[-54.34018,-29.92768],[-54.35325,-29.93581],[-54.36553,-29.93408],[-54.37371,-29.9371],[-54.40066,-29.93914],[-54.40505,-29.94841],[-54.43938,-29.95402],[-54.4537,-29.96012],[-54.47039,-29.95898],[-54.47178,-29.94863],[-54.47719,-29.94107],[-54.50009,-29.93313],[-54.51354,-29.94323],[-54.52754,-29.94542],[-54.53313,-29.95039],[-54.5481,-29.9535],[-54.55574,-29.9582],[-54.57697,-29.9598],[-54.58589,-29.96245],[-54.58791,-29.97395],[-54.612,-29.98475],[-54.61981,-29.99373],[-54.62864,-29.99157],[-54.63274,-29.99593],[-54.62957,-30.00458],[-54.64189,-30.01475],[-54.64092,-30.02602],[-54.65301,-30.02458],[-54.65962,-30.03213],[-54.66863,-30.03455],[-54.67736,-30.03094],[-54.68894,-30.03765],[-54.6958,-30.02987],[-54.70299,-30.02902],[-54.70393,-30.04031],[-54.69872,-30.04294],[-54.7005,-30.0556],[-54.68854,-30.06295],[-54.68753,-30.07429],[-54.67825,-30.08015],[-54.67073,-30.09561],[-54.6551,-30.1087],[-54.63232,-30.10634],[-54.62694,-30.1166],[-54.63053,-30.12347],[-54.64795,-30.13703],[-54.64753,-30.14834],[-54.66822,-30.15567],[-54.66492,-30.16309],[-54.66721,-30.17475],[-54.67824,-30.18145],[-54.68549,-30.19895],[-54.69016,-30.19942],[-54.70826,-30.21002],[-54.706,-30.21419],[-54.70636,-30.23343],[-54.71343,-30.24196],[-54.71131,-30.25226],[-54.71357,-30.2635],[-54.72672,-30.2721],[-54.7324,-30.26981],[-54.75293,-30.27651],[-54.76118,-30.2823],[-54.77125,-30.27546],[-54.78072,-30.27662],[-54.81631,-30.26851],[-54.82373,-30.27101],[-54.83346,-30.26916],[-54.83889,-30.27208],[-54.84741,-30.26586],[-54.85232,-30.26954],[-54.87171,-30.26912],[-54.87869,-30.27693],[-54.86998,-30.2796],[-54.86346,-30.28724],[-54.86508,-30.29143],[-54.84566,-30.30501],[-54.82935,-30.32416],[-54.81736,-30.32004],[-54.80381,-30.32312],[-54.80191,-30.32908],[-54.80797,-30.33777],[-54.79592,-30.34046],[-54.78914,-30.34933],[-54.78395,-30.34979],[-54.78379,-30.37486],[-54.79594,-30.37357],[-54.79488,-30.38424],[-54.78589,-30.38409],[-54.78556,-30.39024],[-54.77809,-30.39605],[-54.76958,-30.41657],[-54.76032,-30.41378],[-54.74432,-30.42053],[-54.74913,-30.42739],[-54.73915,-30.42904],[-54.73637,-30.43839],[-54.74377,-30.44117],[-54.74182,-30.45189],[-54.71907,-30.45786],[-54.71304,-30.46349],[-54.72046,-30.46754],[-54.71944,-30.47481],[-54.71106,-30.47962],[-54.71475,-30.49105],[-54.71487,-30.50053],[-54.73853,-30.50611],[-54.74776,-30.51598],[-54.73575,-30.53005],[-54.73529,-30.55903],[-54.73184,-30.56847],[-54.72015,-30.57842],[-54.72884,-30.58801],[-54.72482,-30.59907],[-54.72017,-30.59649],[-54.70359,-30.59861],[-54.69548,-30.60862],[-54.6946,-30.62121],[-54.68968,-30.62865]]]},"properties":{"CD_MUN":"4318309","NM_MUN":"São Gabriel","AREA_KM2":5053.46}},
{"type":"Feature","geometry":{"type":"Polygon","coordinates":[[[-51.62785,-29.9462],[-51.63303,-29.94716],[-51.66434,-29.94481],[-51.70514,-29.94936],[-51.719,-29.94945],[-51.72664,-29.94667],[-51.73414,-29.95325],[-51.75003,-29.95979],[-51.7648,-29.95636],[-51.78216,-29.95939],[-51.79518,-29.96032],[-51.79784,-29.96357],[-51.81599,-29.97201],[-51.82961,-29.96706],[-51.84753,-29.97015],[-51.85253,-29.9821],[-51.84609,-29.99441],[-51.85255,-30.01119],[-51.85015,-30.01583],[-51.85574,-30.02793],[-51.85795,-30.03872],[-51.87194,-30.03868],[-51.87367,-30.03207],[-51.887,-30.02963],[-51.90046,-30.03595],[-51.90438,-30.04015],[-51.90703,-30.05192],[-51.91243,-30.05468],[-51.83368,-30.11394],[-51.8577,-30.1321],[-51.85875,-30.14151],[-51.85709,-30.16056],[-51.84234,-30.1688],[-51.85937,-30.17526],[-51.86632,-30.17233],[-51.87907,-30.17724],[-51.88509,-30.18973],[-51.89611,-30.19686],[-51.92238,-30.20941],[-51.92663,-30.22694],[-51.94842,-30.23655],[-51.96736,-30.24036],[-51.97076,-30.25371],[-51.97981,-30.24806],[-51.985,-30.24889],[-51.98752,-30.25852],[-51.98715,-30.26961],[-51.99898,-30.27333],[-51.99563,-30.28497],[-52.01379,-30.2932],[-52.00773,-30.30089],[-52.01348,-30.3262],[-52.0255,-30.33108],[-52.02419,-30.3352],[-52.03232,-30.34623],[-52.03012,-30.35244],[-52.03574,-30.36146],[-52.03058,-30.37449],[-52.03709,-30.39743],[-52.09632,-30.40506],[-52.15872,-30.44273],[-52.15276,-30.44403],[-52.13996,-30.46509],[-52.13329,-30.46729],[-52.12498,-30.47629],[-52.11137,-30.48051],[-52.10684,-30.47623],[-52.10076,-30.49145],[-52.09089,-30.49571],[-52.08982,-30.50333],[-52.07963,-30.51055],[-52.05669,-30.50985],[-52.02696,-30.53711],[-52.01946,-30.53713],[-52.01137,-30.54551],[-52.00258,-30.56171],[-51.98672,-30.56748],[-51.98225,-30.57588],[-52.00108,-30.59636],[-51.99786,-30.60151],[-51.9821,-30.60638],[-51.98729,-30.61563],[-51.98473,-30.62218],[-51.97234,-30.63785],[-51.96793,-30.63277],[-51.92355,-30.59088],[-51.90476,-30.57674],[-51.9088,-30.57551],[-51.91741,-30.5561],[-51.91432,-30.54462],[-51.90573,-30.54073],[-51.91233,-30.52615],[-51.91651,-30.52235],[-51.9154,-30.50885],[-51.92522,-30.49802],[-51.91424,-30.48077],[-51.91687,-30.47125],[-51.91346,-30.46532],[-51.90265,-30.46178],[-51.90164,-30.44756],[-51.91983,-30.42932],[-51.92563,-30.42843],[-51.92768,-30.41785],[-51.92241,-30.41623],[-51.92355,-30.4061],[-51.90926,-30.3979],[-51.90672,-30.38943],[-51.89348,-30.39035],[-51.88473,-30.38475],[-51.87554,-30.38811],[-51.8723,-30.38135],[-51.85553,-30.36665],[-51.84339,-30.34701],[-51.85694,-30.32952],[-51.86407,-30.3295],[-51.86851,-30.3202],[-51.85969,-30.31859],[-51.84428,-30.30231],[-51.84121,-30.29377],[-51.84567,-30.2852],[-51.8438,-30.27989],[-51.84711,-30.26904],[-51.85006,-30.20397],[-51.80241,-30.14819],[-51.81688,-30.13808],[-51.8228,-30.13015],[-51.82122,-30.12203],[-51.81142,-30.10516],[-51.81137,-30.10032],[-51.80305,-30.0922],[-51.78268,-30.07794],[-51.73393,-30.06035],[-51.68734,-30.01482],[-51.68169,-30.01069],[-51.67045,-30.0029],[-51.65388,-29.99609],[-51.64686,-29.98535],[-51.6369,-29.97646],[-51.63704,-29.97208],[-51.65265,-29.96069],[-51.65356,-29.95458],[-51.6294,-29.94959],[-51.62785,-29.9462]]]},"properties":{"CD_MUN":"4318408","NM_MUN":"São Jerônimo","AREA_KM2":935.596}},
{"type":"Feature","geometry":{"type":"Polygon","coordinates":[[[-51.93974,-27.79078],[-51.93398,-27.80011],[-51.91986,-27.81241],[-51.9156,-27.79868],[-51.91195,-27.79834],[-51.89601,-27.81535],[-51.88426,-27.81903],[-51.87854,-27.82704],[-51.85623,-27.83458],[-51.85494,-27.84399],[-51.84804,-27.85159],[-51.84151,-27.85135],[-51.81038,-27.8663],[-51.79991,-27.86716],[-51.77994,-27.85501],[-51.76525,-27.85401],[-51.76432,-27.8454],[-51.75553,-27.84417],[-51.75032,-27.83884],[-51.74414,-27.84411],[-51.73732,-27.8428],[-51.74318,-27.82579],[-51.75376,-27.82172],[-51.75293,-27.81317],[-51.7427,-27.80688],[-51.76514,-27.79975],[-51.76001,-27.79205],[-51.76152,-27.78493],[-51.75192,-27.78153],[-51.74548,-27.77471],[-51.75425,-27.7675],[-51.76228,-27.76852],[-51.77686,-27.76565],[-51.77681,-27.76028],[-51.82788,-27.75882],[-51.8334,-27.75341],[-51.85695,-27.75011],[-51.87537,-27.72855],[-51.88103,-27.71978],[-51.89394,-27.71055],[-51.89979,-27.71371],[-51.8884,-27.72221],[-51.88959,-27.72756],[-51.89967,-27.73294],[-51.8958,-27.73875],[-51.90742,-27.75697],[-51.92473,-27.75222],[-51.92827,-27.75866],[-51.91558,-27.76692],[-51.91068,-27.78133],[-51.91747,-27.78145],[-51.92453,-27.76822],[-51.93145,-27.77234],[-51.92887,-27.78367],[-51.93974,-27.79078]]]},"properties":{"CD_MUN":"4318424","NM_MUN":"São João da Urtiga","AREA_KM2":171.029}},
{"type":"Feature","geometry":{"type":"Polygon","coordinates":[[[-53.40409,-29.61065],[-53.41046,-29.6014],[-53.42027,-29.59907],[-53.42444,-29.60384],[-53.4317,-29.59609],[-53.44552,-29.59744],[-53.45469,-29.5895],[-53.46372,-29.5856],[-53.46922,-29.58909],[-53.47739,-29.61241],[-53.46758,-29.63969],[-53.52633,-29.63922],[-53.54717,-29.66089],[-53.54716,-29.67413],[-53.53665,-29.681],[-53.52977,-29.69576],[-53.422,-29.65119],[-53.41225,-29.64223],[-53.40123,-29.62779],[-53.38435,-29.6318],[-53.38508,-29.62518],[-53.39659,-29.62475],[-53.40409,-29.61065]]]},"properties":{"CD_MUN":"4318432","NM_MUN":"São João do Polêsine","AREA_KM2":78.32}},
{"type":"Feature","geometry":{"type":"Polygon","coordinates":[[[-51.61976,-28.47965],[-51.62198,-28.47614],[-51.64168,-28.46561],[-51.65146,-28.47054],[-51.65454,-28.46588],[-51.68712,-28.4667],[-51.69769,-28.4634],[-51.71149,-28.4551],[-51.73815,-28.44971],[-51.76026,-28.44933],[-51.76183,-28.45808],[-51.76942,-28.45777],[-51.77512,-28.46328],[-51.77142,-28.46926],[-51.7826,-28.47169],[-51.78027,-28.48404],[-51.78984,-28.48745],[-51.78846,-28.50017],[-51.78098,-28.51105],[-51.7876,-28.51651],[-51.79064,-28.52582],[-51.79737,-28.53211],[-51.79333,-28.5459],[-51.78367,-28.55195],[-51.76553,-28.5581],[-51.74907,-28.56051],[-51.74696,-28.55198],[-51.74044,-28.54859],[-51.73995,-28.53058],[-51.71165,-28.52642],[-51.70128,-28.52643],[-51.69868,-28.52043],[-51.67616,-28.52072],[-51.66452,-28.51807],[-51.6554,-28.52404],[-51.64494,-28.51532],[-51.626,-28.51084],[-51.6239,-28.51489],[-51.61818,-28.51311],[-51.61416,-28.50415],[-51.61881,-28.4954],[-51.61685,-28.48899],[-51.61976,-28.47965]]]},"properties":{"CD_MUN":"4318440","NM_MUN":"São Jorge","AREA_KM2":125.62}},
{"type":"Feature","geometry":{"type":"Polygon","coordinates":[[[-53.2029,-27.80348],[-53.20328,-27.82008],[-53.19631,-27.82055],[-53.19234,-27.82949],[-53.18509,-27.82702],[-53.17379,-27.82749],[-53.16392,-27.83111],[-53.15577,-27.82592],[-53.14032,-27.82796],[-53.13645,-27.83182],[-53.11387,-27.83624],[-53.0946,-27.84588],[-53.09135,-27.83876],[-53.09911,-27.83455],[-53.10291,-27.82321],[-53.09739,-27.8196],[-53.08772,-27.82428],[-53.08236,-27.81631],[-53.06908,-27.8138],[-53.05968,-27.80576],[-53.05616,-27.79713],[-53.0584,-27.78934],[-53.06446,-27.78442],[-53.06592,-27.77486],[-53.07832,-27.77606],[-53.08738,-27.77005],[-53.08971,-27.76494],[-53.09846,-27.76055],[-53.11257,-27.75816],[-53.13985,-27.7499],[-53.14601,-27.74609],[-53.16235,-27.75601],[-53.17067,-27.75439],[-53.1791,-27.75736],[-53.17847,-27.76609],[-53.18599,-27.77788],[-53.18293,-27.78541],[-53.19042,-27.79418],[-53.1985,-27.79722],[-53.2029,-27.80348]]]},"properties":{"CD_MUN":"4318457","NM_MUN":"São José das Missões","AREA_KM2":98.125}},
{"type":"Feature","geometry":{"type":"Polygon","coordinates":[[[-52.22605,-29.03781],[-52.26651,-29.02589],[-52.28607,-29.02118],[-52.28767,-29.01476],[-52.30594,-29.00536],[-52.30693,-29.01349],[-52.32016,-29.01884],[-52.3302,-29.02006],[-52.33719,-29.04032],[-52.33494,-29.04611],[-52.33657,-29.05909],[-52.32423,-29.06922],[-52.31386,-29.08465],[-52.31418,-29.09013],[-52.30567,-29.09983],[-52.29748,-29.104],[-52.28986,-29.11676],[-52.29046,-29.12966],[-52.26828,-29.11757],[-52.25549,-29.12029],[-52.24689,-29.10198],[-52.22471,-29.09983],[-52.21226,-29.09457],[-52.20672,-29.08484],[-52.20469,-29.07291],[-52.22301,-29.06896],[-52.21821,-29.06227],[-52.21031,-29.06279],[-52.21025,-29.05433],[-52.21528,-29.03987],[-52.22605,-29.03781]]]},"properties":{"CD_MUN":"4318465","NM_MUN":"São José do Herval","AREA_KM2":102.912}},
{"type":"Feature","geometry":{"type":"Polygon","coordinates":[[[-51.17781,-29.49411],[-51.20583,-29.48502],[-51.22237,-29.48276],[-51.22606,-29.50118],[-51.25243,-29.49675],[-51.25424,-29.5016],[-51.26529,-29.50298],[-51.2774,-29.50918],[-51.29015,-29.52523],[-51.30302,-29.52314],[-51.29497,-29.53223],[-51.30844,-29.54022],[-51.30713,-29.56175],[-51.30195,-29.57113],[-51.30305,-29.57991],[-51.27961,-29.58384],[-51.26992,-29.59024],[-51.25785,-29.58496],[-51.24501,-29.58367],[-51.25198,-29.57362],[-51.26001,-29.57125],[-51.26204,-29.55988],[-51.25399,-29.558],[-51.24912,-29.56209],[-51.2374,-29.55257],[-51.22414,-29.54712],[-51.22231,-29.53896],[-51.23158,-29.53686],[-51.23622,-29.52731],[-51.23336,-29.52082],[-51.21965,-29.52071],[-51.21712,-29.51501],[-51.2033,-29.51114],[-51.1968,-29.49919],[-51.19062,-29.50058],[-51.17781,-29.49411]]]},"properties":{"CD_MUN":"4318481","NM_MUN":"São José do Hortêncio","AREA_KM2":63.709}},
{"type":"Feature","geometry":{"type":"Polygon","coordinates":[[[-54.16868,-27.69156],[-54.16906,-27.70377],[-54.17919,-27.72035],[-54.18472,-27.72107],[-54.19757,-27.73095],[-54.18849,-27.7426],[-54.17853,-27.74865],[-54.18145,-27.7555],[-54.16856,-27.76988],[-54.16061,-27.76918],[-54.14059,-27.75578],[-54.13051,-27.75841],[-54.12674,-27.75156],[-54.11038,-27.75507],[-54.11162,-27.7619],[-54.11936,-27.76269],[-54.12576,-27.76873],[-54.11013,-27.76843],[-54.10874,-27.77824],[-54.10428,-27.78613],[-54.09311,-27.78032],[-54.08977,-27.78796],[-54.0796,-27.78382],[-54.07095,-27.77145],[-54.06014,-27.76766],[-54.06099,-27.74987],[-54.06734,-27.74343],[-54.07077,-27.7356],[-54.06477,-27.72603],[-54.06672,-27.72019],[-54.08738,-27.72801],[-54.09342,-27.72436],[-54.09073,-27.71173],[-54.10509,-27.71478],[-54.11339,-27.70241],[-54.10868,-27.69743],[-54.11387,-27.6926],[-54.12103,-27.69957],[-54.12922,-27.69667],[-54.13353,-27.70062],[-54.13035,-27.71424],[-54.13897,-27.7134],[-54.13906,-27.70585],[-54.15687,-27.70927],[-54.16453,-27.70209],[-54.15778,-27.69378],[-54.14988,-27.69439],[-54.14636,-27.68656],[-54.15581,-27.68427],[-54.16868,-27.69156]]]},"properties":{"CD_MUN":"4318499","NM_MUN":"São José do Inhacorá","AREA_KM2":77.732}},
{"type":"Feature","geometry":{"type":"MultiPolygon","coordinates":[[[[-52.08304,-32.16017],[-52.07724,-32.14321],[-52.04527,-32.11059],[-52.01814,-32.08142],[-51.96891,-32.03184],[-51.92078,-31.98774],[-51.89516,-31.96643],[-51.86764,-31.94532],[-51.83088,-31.91916],[-51.7966,-31.89771],[-51.74802,-31.86998],[-51.69132,-31.84088],[-51.6246,-31.80949],[-51.50237,-31.74288],[-51.48372,-31.73193],[-51.42724,-31.69562],[-51.37549,-31.65797],[-51.34468,-31.63622],[-51.33095,-31.62539],[-51.29381,-31.59873],[-51.26752,-31.57861],[-51.22094,-31.53941],[-51.18596,-31.50439],[-51.19364,-31.49805],[-51.23754,-31.45744],[-51.26434,-31.48279],[-51.28241,-31.49693],[-51.31064,-31.51285],[-51.33645,-31.52309],[-51.34321,-31.52791],[-51.36111,-31.53203],[-51.38311,-31.52697],[-51.39931,-31.52041],[-51.41634,-31.50956],[-51.42818,-31.492],[-51.44059,-31.50668],[-51.45512,-31.52885],[-51.44644,-31.53093],[-51.44677,-31.53617],[-51.45572,-31.54637],[-51.46079,-31.5563],[-51.46216,-31.56705],[-51.45865,-31.57836],[-51.45054,-31.59496],[-51.43668,-31.61413],[-51.46976,-31.5897],[-51.47427,-31.57895],[-51.47515,-31.56596],[-51.49841,-31.58316],[-51.53039,-31.62304],[-51.54713,-31.65058],[-51.56148,-31.67005],[-51.58335,-31.69626],[-51.61326,-31.72941],[-51.63192,-31.74339],[-51.65873,-31.76688],[-51.68179,-31.77569],[-51.68963,-31.78134],[-51.70865,-31.78484],[-51.7255,-31.78564],[-51.73459,-31.78869],[-51.77344,-31.78646],[-51.8023,-31.78846],[-51.81837,-31.79723],[-51.83176,-31.80039],[-51.81343,-31.8083],[-51.80478,-31.81475],[-51.80295,-31.83275],[-51.81123,-31.84465],[-51.84369,-31.86276],[-51.86041,-31.87018],[-51.87871,-31.87308],[-51.90278,-31.8705],[-51.92305,-31.8634],[-51.95667,-31.84413],[-51.96574,-31.8405],[-51.98649,-31.82724],[-52.00813,-31.81818],[-52.0303,-31.81501],[-52.04912,-31.81425],[-52.06663,-31.8176],[-52.07927,-31.82624],[-52.09812,-31.83591],[-52.08957,-31.84614],[-52.08719,-31.85927],[-52.07874,-31.86882],[-52.04852,-31.88955],[-52.04406,-31.90189],[-52.03201,-31.90698],[-52.01521,-31.92242],[-52.00614,-31.93902],[-52.00544,-31.95153],[-52.01525,-31.96671],[-52.04048,-31.97311],[-52.05323,-31.97933],[-52.05383,-31.98493],[-52.04387,-32.00687],[-52.04533,-32.01397],[-52.03905,-32.03002],[-52.04116,-32.04461],[-52.04504,-32.04898],[-52.04969,-32.07721],[-52.0583,-32.08024],[-52.06054,-32.08973],[-52.07404,-32.10812],[-52.0851,-32.12703],[-52.07881,-32.13784],[-52.07908,-32.14769],[-52.08304,-32.16017]]],[[[-52.10249,-31.79121],[-52.10858,-31.79542],[-52.10399,-31.80194],[-52.09717,-31.79887],[-52.10249,-31.79121]]]]},"properties":{"CD_MUN":"4318507","NM_MUN":"São José do Norte","AREA_KM2":1071.824}},
{"type":"Feature","geometry":{"type":"Polygon","coordinates":[[[-51.69466,-27.6999],[-51.69073,-27.70549],[-51.67646,-27.71283],[-51.66577,-27.7123],[-51.66535,-27.71902],[-51.65504,-27.72319],[-51.65517,-27.73306],[-51.63445,-27.73904],[-51.62868,-27.75105],[-51.61925,-27.75615],[-51.61423,-27.7677],[-51.61919,-27.77861],[-51.62362,-27.78002],[-51.62263,-27.79141],[-51.60101,-27.78669],[-51.60489,-27.8204],[-51.60712,-27.84852],[-51.59354,-27.86717],[-51.59108,-27.88077],[-51.60804,-27.88204],[-51.60827,-27.89224],[-51.59627,-27.89827],[-51.58794,-27.89892],[-51.58579,-27.89388],[-51.57259,-27.88838],[-51.56603,-27.8885],[-51.56228,-27.88134],[-51.54226,-27.87469],[-51.54211,-27.86958],[-51.53229,-27.85899],[-51.52159,-27.86863],[-51.52194,-27.8777],[-51.51826,-27.88349],[-51.50263,-27.88871],[-51.49816,-27.88798],[-51.47642,-27.89673],[-51.46339,-27.89331],[-51.46496,-27.8868],[-51.45736,-27.8788],[-51.45228,-27.86387],[-51.45057,-27.8521],[-51.44697,-27.84713],[-51.45697,-27.82462],[-51.46771,-27.81751],[-51.47752,-27.81652],[-51.49439,-27.80371],[-51.49461,-27.79467],[-51.50168,-27.78827],[-51.50585,-27.7499],[-51.51633,-27.73855],[-51.51352,-27.72948],[-51.50214,-27.72937],[-51.5002,-27.72362],[-51.50734,-27.71007],[-51.51438,-27.71268],[-51.53083,-27.70926],[-51.524,-27.69324],[-51.51577,-27.68471],[-51.51729,-27.67672],[-51.53422,-27.6725],[-51.53243,-27.66508],[-51.53814,-27.65819],[-51.54412,-27.65793],[-51.54457,-27.64543],[-51.55094,-27.6391],[-51.55673,-27.63871],[-51.56214,-27.63196],[-51.5776,-27.66091],[-51.58407,-27.66345],[-51.60545,-27.66137],[-51.61228,-27.65828],[-51.61645,-27.66642],[-51.62192,-27.66719],[-51.6363,-27.67873],[-51.64938,-27.67622],[-51.67046,-27.68337],[-51.67593,-27.68361],[-51.67976,-27.6909],[-51.69466,-27.6999]]]},"properties":{"CD_MUN":"4318606","NM_MUN":"São José do Ouro","AREA_KM2":335.287}},
{"type":"Feature","geometry":{"type":"Polygon","coordinates":[[[-51.50324,-29.57699],[-51.50267,-29.58693],[-51.49528,-29.60175],[-51.48494,-29.60619],[-51.4671,-29.62137],[-51.46872,-29.61782],[-51.45924,-29.60927],[-51.46507,-29.59879],[-51.46978,-29.58304],[-51.46121,-29.57719],[-51.462,-29.56897],[-51.46516,-29.55922],[-51.47024,-29.55728],[-51.46891,-29.54853],[-51.45772,-29.51017],[-51.4534,-29.50171],[-51.45742,-29.49572],[-51.47162,-29.49788],[-51.47243,-29.50265],[-51.4861,-29.50964],[-51.49035,-29.49944],[-51.49054,-29.48714],[-51.51024,-29.49741],[-51.51029,-29.50555],[-51.52007,-29.50267],[-51.52164,-29.51151],[-51.50979,-29.5228],[-51.51423,-29.5267],[-51.51717,-29.54188],[-51.50285,-29.56603],[-51.50324,-29.57699]]]},"properties":{"CD_MUN":"4318614","NM_MUN":"São José do Sul","AREA_KM2":54.764}},
{"type":"Feature","geometry":{"type":"Polygon","coordinates":[[[-50.1935,-28.8395],[-50.19866,-28.83206],[-50.19161,-28.82428],[-50.18125,-28.82401],[-50.18291,-28.83099],[-50.1658,-28.83549],[-50.1538,-28.81993],[-50.14044,-28.82728],[-50.12812,-28.82055],[-50.11269,-28.82388],[-50.10589,-28.82986],[-50.0981,-28.82816],[-50.09416,-28.83269],[-50.08635,-28.83201],[-50.08445,-28.84461],[-50.07358,-28.84247],[-50.07099,-28.83782],[-50.05173,-28.84625],[-50.02274,-28.86236],[-50.0146,-28.87622],[-50.00855,-28.88192],[-50.00845,-28.88942],[-49.9999,-28.88812],[-49.98873,-28.89718],[-49.97846,-28.89785],[-49.96995,-28.90148],[-49.96548,-28.89652],[-49.95085,-28.89347],[-49.94949,-28.87571],[-49.95676,-28.87036],[-49.96714,-28.87669],[-49.96872,-28.86967],[-49.95709,-28.86177],[-49.96212,-28.85355],[-49.95782,-28.8291],[-49.96474,-28.82836],[-49.96609,-28.8198],[-49.95747,-28.79877],[-49.96217,-28.7776],[-49.96133,-28.77218],[-49.95078,-28.7633],[-49.95343,-28.75801],[-49.94574,-28.75194],[-49.93703,-28.75667],[-49.92759,-28.75377],[-49.92174,-28.74554],[-49.93144,-28.73789],[-49.93468,-28.72568],[-49.92604,-28.71831],[-49.90795,-28.71377],[-49.90486,-28.71848],[-49.89326,-28.72288],[-49.88106,-28.72229],[-49.89181,-28.73924],[-49.88916,-28.7457],[-49.87814,-28.74373],[-49.88332,-28.7377],[-49.86802,-28.72196],[-49.87272,-28.71535],[-49.86938,-28.70102],[-49.84245,-28.7063],[-49.83406,-28.69329],[-49.82094,-28.69276],[-49.82453,-28.6869],[-49.83801,-28.69003],[-49.83694,-28.68087],[-49.84042,-28.67614],[-49.83918,-28.66654],[-49.82458,-28.66574],[-49.81078,-28.6519],[-49.81534,-28.64848],[-49.81662,-28.63814],[-49.80881,-28.63534],[-49.80747,-28.62842],[-49.79819,-28.62402],[-49.79807,-28.61767],[-49.78256,-28.6098],[-49.78434,-28.62438],[-49.7789,-28.62948],[-49.75663,-28.61604],[-49.75699,-28.62733],[-49.7443,-28.62429],[-49.71595,-28.62379],[-49.70791,-28.63024],[-49.69367,-28.62555],[-49.69139,-28.62137],[-49.7022,-28.6047],[-49.71019,-28.60434],[-49.71215,-28.59093],[-49.70797,-28.58223],[-49.71766,-28.57722],[-49.72598,-28.5695],[-49.7311,-28.551],[-49.74606,-28.54978],[-49.74943,-28.54569],[-49.74672,-28.53539],[-49.73548,-28.52362],[-49.72687,-28.51893],[-49.73882,-28.50851],[-49.73927,-28.50033],[-49.74826,-28.49397],[-49.76546,-28.5012],[-49.771,-28.49227],[-49.7652,-28.48427],[-49.76757,-28.47658],[-49.76433,-28.46267],[-49.78101,-28.47177],[-49.77805,-28.47726],[-49.78604,-28.48765],[-49.78225,-28.49666],[-49.79093,-28.49642],[-49.79521,-28.48894],[-49.80384,-28.48401],[-49.80878,-28.46922],[-49.81727,-28.46987],[-49.81648,-28.47856],[-49.82415,-28.47878],[-49.83934,-28.49649],[-49.8448,-28.49467],[-49.84393,-28.4852],[-49.85213,-28.48809],[-49.86665,-28.48863],[-49.86902,-28.48063],[-49.86293,-28.47202],[-49.86357,-28.46285],[-49.87343,-28.45927],[-49.87099,-28.45064],[-49.86051,-28.45023],[-49.85422,-28.44466],[-49.87022,-28.44156],[-49.88022,-28.44693],[-49.89291,-28.4403],[-49.89805,-28.44562],[-49.88885,-28.45942],[-49.90042,-28.46471],[-49.9186,-28.45826],[-49.92851,-28.45122],[-49.93739,-28.45693],[-49.92887,-28.46682],[-49.92883,-28.47213],[-49.94232,-28.48243],[-49.94659,-28.48004],[-49.95135,-28.46693],[-49.95224,-28.45075],[-49.96938,-28.45252],[-49.97077,-28.44021],[-49.98098,-28.44064],[-49.98952,-28.44822],[-49.98939,-28.45715],[-50.00245,-28.45803],[-50.01388,-28.45078],[-50.01967,-28.45192],[-50.02392,-28.45936],[-50.02718,-28.47427],[-50.03954,-28.48004],[-50.05138,-28.47609],[-50.06865,-28.47921],[-50.06673,-28.48908],[-50.07268,-28.50808],[-50.06461,-28.51137],[-50.05815,-28.52404],[-50.05827,-28.53415],[-50.053,-28.55045],[-50.04818,-28.55891],[-50.04867,-28.56805],[-50.03197,-28.56371],[-50.02554,-28.57287],[-50.03284,-28.5807],[-50.03383,-28.58824],[-50.03898,-28.59354],[-50.0409,-28.60507],[-50.03737,-28.61966],[-50.02786,-28.62641],[-50.02591,-28.63489],[-50.03763,-28.6376],[-50.043,-28.63575],[-50.06166,-28.63796],[-50.07321,-28.63565],[-50.10063,-28.63846],[-50.11015,-28.64527],[-50.10791,-28.6535],[-50.09912,-28.66283],[-50.10567,-28.68148],[-50.12806,-28.69022],[-50.13072,-28.69518],[-50.14508,-28.70903],[-50.15873,-28.71221],[-50.16115,-28.71951],[-50.17727,-28.73667],[-50.18463,-28.74837],[-50.19993,-28.78097],[-50.19666,-28.79552],[-50.20581,-28.8089],[-50.21157,-28.81134],[-50.21082,-28.82308],[-50.20803,-28.82992],[-50.21557,-28.83732],[-50.20613,-28.84081],[-50.20087,-28.84898],[-50.1935,-28.8395]]]},"properties":{"CD_MUN":"4318622","NM_MUN":"São José dos Ausentes","AREA_KM2":1173.907}},
{"type":"Feature","geometry":{"type":"Polygon","coordinates":[[[-51.19085,-29.77783],[-51.16915,-29.79026],[-51.16571,-29.79916],[-51.13673,-29.79901],[-51.06812,-29.81128],[-51.06951,-29.8031],[-51.07651,-29.79358],[-51.07186,-29.78514],[-51.07913,-29.77987],[-51.08708,-29.76235],[-51.08706,-29.74549],[-51.08482,-29.7351],[-51.12199,-29.73658],[-51.13228,-29.74098],[-51.1465,-29.72829],[-51.14691,-29.71667],[-51.1577,-29.71638],[-51.15955,-29.69271],[-51.16722,-29.69546],[-51.17869,-29.69311],[-51.17709,-29.67218],[-51.19354,-29.68039],[-51.19242,-29.69372],[-51.19666,-29.69974],[-51.1967,-29.71535],[-51.20603,-29.72404],[-51.20982,-29.73442],[-51.20381,-29.75624],[-51.1904,-29.77027],[-51.19085,-29.77783]]]},"properties":{"CD_MUN":"4318705","NM_MUN":"São Leopoldo","AREA_KM2":103.009}},
{"type":"Feature","geometry":{"type":"Polygon","coordinates":[[[-52.01024,-31.50094],[-52.00833,-31.49323],[-52.00351,-31.45293],[-51.99369,-31.41357],[-51.98707,-31.39454],[-51.98064,-31.38372],[-51.96068,-31.37299],[-51.96322,-31.36273],[-51.96013,-31.35278],[-51.94864,-31.33932],[-51.939,-31.33518],[-51.92299,-31.33186],[-51.9314,-31.32708],[-51.93056,-31.31893],[-51.91946,-31.31077],[-51.89209,-31.31568],[-51.88285,-31.31476],[-51.87504,-31.30904],[-51.87247,-31.30033],[-51.85702,-31.3177],[-51.85808,-31.32675],[-51.85022,-31.32771],[-51.84394,-31.32325],[-51.83393,-31.3064],[-51.82678,-31.30285],[-51.82295,-31.29584],[-51.81174,-31.28575],[-51.79947,-31.2662],[-51.79907,-31.25992],[-51.79324,-31.25445],[-51.78029,-31.23336],[-51.78591,-31.2265],[-51.78833,-31.21189],[-51.78419,-31.20552],[-51.78865,-31.19053],[-51.79463,-31.18475],[-51.78977,-31.17639],[-51.79812,-31.16838],[-51.80628,-31.16708],[-51.81302,-31.17332],[-51.82073,-31.16752],[-51.82039,-31.15909],[-51.80896,-31.1466],[-51.79156,-31.14019],[-51.7895,-31.12361],[-51.80907,-31.12471],[-51.81984,-31.11967],[-51.82177,-31.10993],[-51.83808,-31.09974],[-51.84839,-31.09798],[-51.85699,-31.10041],[-51.85816,-31.09099],[-51.86735,-31.09404],[-51.87183,-31.09117],[-51.86013,-31.07246],[-51.86544,-31.06187],[-51.8758,-31.06057],[-51.8758,-31.04365],[-51.88494,-31.03756],[-51.90154,-31.03665],[-51.90541,-31.04383],[-51.92461,-31.04585],[-51.93224,-31.05281],[-51.93449,-31.06591],[-51.94787,-31.07589],[-51.95634,-31.09431],[-51.94739,-31.09652],[-51.94499,-31.10216],[-51.93229,-31.10374],[-51.93289,-31.11025],[-51.94455,-31.10525],[-51.95834,-31.1067],[-51.96437,-31.1037],[-51.97922,-31.10337],[-51.98729,-31.09992],[-51.99671,-31.09995],[-52.00818,-31.1038],[-52.01745,-31.11238],[-52.01829,-31.12406],[-52.01464,-31.13199],[-52.02174,-31.14996],[-52.02596,-31.16511],[-52.03096,-31.14955],[-52.05607,-31.16034],[-52.0661,-31.15782],[-52.08873,-31.14681],[-52.08886,-31.14014],[-52.09539,-31.13194],[-52.1071,-31.11015],[-52.11843,-31.11123],[-52.12617,-31.10763],[-52.1232,-31.09453],[-52.11378,-31.09184],[-52.11641,-31.08607],[-52.11365,-31.07591],[-52.12029,-31.06933],[-52.125,-31.05897],[-52.13651,-31.04906],[-52.14744,-31.05016],[-52.15574,-31.04096],[-52.15132,-31.03589],[-52.14152,-31.03274],[-52.13319,-31.02598],[-52.11672,-31.0177],[-52.10957,-31.00717],[-52.09836,-31.00422],[-52.11076,-30.99804],[-52.12124,-30.99769],[-52.14196,-31.00603],[-52.14716,-31.00355],[-52.17013,-31.00283],[-52.20705,-30.99409],[-52.2163,-30.98704],[-52.23184,-30.98336],[-52.24488,-30.98531],[-52.25908,-30.99442],[-52.25991,-31.01119],[-52.26801,-31.01423],[-52.26638,-31.02155],[-52.27131,-31.02603],[-52.27371,-31.03512],[-52.2789,-31.04134],[-52.27368,-31.05824],[-52.27401,-31.07127],[-52.28038,-31.08125],[-52.28913,-31.08862],[-52.29873,-31.08781],[-52.31003,-31.0965],[-52.32483,-31.10179],[-52.33033,-31.10054],[-52.33707,-31.10724],[-52.34328,-31.10411],[-52.35491,-31.10918],[-52.35589,-31.1182],[-52.36288,-31.12282],[-52.36707,-31.13623],[-52.38596,-31.13396],[-52.3901,-31.1476],[-52.4042,-31.14814],[-52.40958,-31.16724],[-52.41487,-31.17441],[-52.4244,-31.17937],[-52.42311,-31.19035],[-52.42822,-31.19228],[-52.43609,-31.20235],[-52.44364,-31.20395],[-52.44431,-31.21031],[-52.46236,-31.21474],[-52.46464,-31.22113],[-52.47357,-31.23163],[-52.47008,-31.2392],[-52.47531,-31.24498],[-52.45995,-31.25773],[-52.46051,-31.27024],[-52.44977,-31.27105],[-52.43972,-31.28142],[-52.43868,-31.29136],[-52.42675,-31.30471],[-52.42226,-31.32941],[-52.42266,-31.33633],[-52.40999,-31.34283],[-52.4106,-31.35079],[-52.3996,-31.35705],[-52.38559,-31.35166],[-52.37723,-31.35673],[-52.36245,-31.35429],[-52.33812,-31.35979],[-52.32998,-31.35884],[-52.32342,-31.36282],[-52.3143,-31.36175],[-52.30119,-31.36406],[-52.29303,-31.36805],[-52.29349,-31.3759],[-52.28888,-31.38376],[-52.27737,-31.3905],[-52.26511,-31.39274],[-52.24721,-31.38916],[-52.23598,-31.38886],[-52.22961,-31.39271],[-52.22181,-31.3866],[-52.22302,-31.3817],[-52.20567,-31.37753],[-52.18141,-31.38314],[-52.17649,-31.39098],[-52.16164,-31.40305],[-52.16834,-31.41123],[-52.15746,-31.41469],[-52.13915,-31.42695],[-52.12361,-31.42901],[-52.11432,-31.44944],[-52.10702,-31.45216],[-52.10701,-31.46325],[-52.10112,-31.47207],[-52.08734,-31.48213],[-52.07532,-31.48494],[-52.06614,-31.49909],[-52.05827,-31.50451],[-52.05226,-31.51431],[-52.03373,-31.52081],[-52.03383,-31.50721],[-52.02201,-31.50247],[-52.01024,-31.50094]]]},"properties":{"CD_MUN":"4318804","NM_MUN":"São Lourenço do Sul","AREA_KM2":2036.125}},
{"type":"Feature","geometry":{"type":"Polygon","coordinates":[[[-55.16381,-28.4277],[-55.15901,-28.43704],[-55.15379,-28.43605],[-55.14774,-28.44585],[-55.13991,-28.44927],[-55.128,-28.46488],[-55.12276,-28.47878],[-55.10292,-28.46397],[-55.08882,-28.4701],[-55.07914,-28.47185],[-55.03853,-28.48581],[-55.01598,-28.47894],[-55.0016,-28.48631],[-54.9911,-28.48874],[-54.96409,-28.48794],[-54.93942,-28.49254],[-54.92014,-28.49802],[-54.90797,-28.49764],[-54.90503,-28.50868],[-54.90501,-28.52544],[-54.91917,-28.53218],[-54.91825,-28.54169],[-54.92714,-28.55929],[-54.91127,-28.56228],[-54.91045,-28.57022],[-54.91513,-28.57345],[-54.91023,-28.58496],[-54.89538,-28.58165],[-54.89176,-28.58887],[-54.87625,-28.59199],[-54.86369,-28.5827],[-54.86661,-28.57804],[-54.85839,-28.5668],[-54.84469,-28.56474],[-54.84636,-28.57152],[-54.85369,-28.57627],[-54.86175,-28.58827],[-54.85338,-28.58978],[-54.84512,-28.5858],[-54.84178,-28.59948],[-54.83295,-28.59923],[-54.82079,-28.62027],[-54.81648,-28.61081],[-54.80963,-28.61569],[-54.81371,-28.62548],[-54.80475,-28.6273],[-54.78845,-28.60824],[-54.76734,-28.61907],[-54.76642,-28.61197],[-54.75226,-28.61035],[-54.7484,-28.59403],[-54.73645,-28.59471],[-54.72939,-28.58658],[-54.72268,-28.58696],[-54.70011,-28.57632],[-54.6966,-28.56867],[-54.68961,-28.56748],[-54.68264,-28.55902],[-54.68183,-28.54852],[-54.68505,-28.53801],[-54.68062,-28.52323],[-54.67504,-28.51812],[-54.67137,-28.50892],[-54.67143,-28.49677],[-54.66809,-28.49219],[-54.67107,-28.48335],[-54.67309,-28.46657],[-54.67045,-28.4616],[-54.66964,-28.44333],[-54.66652,-28.43917],[-54.65693,-28.44648],[-54.6516,-28.45498],[-54.634,-28.45894],[-54.61355,-28.47348],[-54.60053,-28.47577],[-54.58687,-28.48158],[-54.58199,-28.4722],[-54.57448,-28.46491],[-54.56975,-28.45357],[-54.57425,-28.42542],[-54.57522,-28.41147],[-54.56494,-28.41225],[-54.55162,-28.40604],[-54.53744,-28.40399],[-54.54182,-28.39938],[-54.53791,-28.39158],[-54.54028,-28.38668],[-54.54945,-28.38301],[-54.54458,-28.37715],[-54.55418,-28.37279],[-54.55205,-28.36362],[-54.56187,-28.36011],[-54.57237,-28.36354],[-54.57592,-28.36926],[-54.57855,-28.38275],[-54.58652,-28.38861],[-54.59231,-28.40702],[-54.592,-28.41382],[-54.59755,-28.43111],[-54.60152,-28.43634],[-54.61342,-28.4391],[-54.61862,-28.43469],[-54.63453,-28.4317],[-54.64572,-28.4217],[-54.65982,-28.41904],[-54.65274,-28.40955],[-54.6514,-28.39704],[-54.67543,-28.39302],[-54.68618,-28.38057],[-54.69051,-28.36437],[-54.68716,-28.35916],[-54.68587,-28.3445],[-54.69878,-28.33793],[-54.71609,-28.35262],[-54.72221,-28.35458],[-54.72841,-28.3634],[-54.73573,-28.36276],[-54.75332,-28.36696],[-54.76867,-28.3577],[-54.78836,-28.36263],[-54.80951,-28.36101],[-54.82034,-28.37309],[-54.83274,-28.36515],[-54.84685,-28.36201],[-54.85828,-28.36946],[-54.86724,-28.36345],[-54.86326,-28.35863],[-54.86606,-28.34875],[-54.85873,-28.33902],[-54.8453,-28.33716],[-54.84766,-28.33079],[-54.86763,-28.31139],[-54.8639,-28.30601],[-54.87179,-28.29131],[-54.87124,-28.28527],[-54.87578,-28.27668],[-54.88311,-28.27186],[-54.89006,-28.27789],[-54.8955,-28.28839],[-54.90308,-28.28885],[-54.90625,-28.27829],[-54.91423,-28.27594],[-54.92518,-28.26012],[-54.92395,-28.25425],[-54.93391,-28.24707],[-54.94017,-28.2344],[-54.94848,-28.22715],[-54.94971,-28.19944],[-54.9589,-28.18826],[-54.96954,-28.18749],[-54.97161,-28.16351],[-54.97718,-28.15818],[-54.98703,-28.15941],[-54.99264,-28.15057],[-55.0042,-28.14175],[-55.00713,-28.14909],[-54.99793,-28.15923],[-54.99539,-28.17041],[-55.00771,-28.16695],[-55.02531,-28.17651],[-55.01842,-28.18605],[-55.02094,-28.19809],[-55.03215,-28.20566],[-55.03617,-28.21606],[-55.02633,-28.22955],[-55.01222,-28.2345],[-55.00963,-28.23875],[-54.99254,-28.24964],[-54.99078,-28.2596],[-55.00793,-28.26929],[-55.01818,-28.28076],[-55.01681,-28.28723],[-55.02772,-28.29508],[-55.03734,-28.2951],[-55.0562,-28.31547],[-55.05665,-28.32193],[-55.05476,-28.32913],[-55.06515,-28.33935],[-55.07979,-28.33285],[-55.09151,-28.33185],[-55.10789,-28.33677],[-55.11708,-28.3338],[-55.1218,-28.33759],[-55.13518,-28.33611],[-55.14733,-28.33154],[-55.15459,-28.32582],[-55.15807,-28.31737],[-55.16358,-28.31697],[-55.17108,-28.32275],[-55.17936,-28.32175],[-55.18359,-28.31383],[-55.19381,-28.32596],[-55.20123,-28.33843],[-55.20018,-28.34928],[-55.1898,-28.34553],[-55.18349,-28.35872],[-55.19322,-28.37587],[-55.19638,-28.39206],[-55.20199,-28.39838],[-55.19252,-28.40717],[-55.17887,-28.40856],[-55.17937,-28.39748],[-55.16417,-28.39747],[-55.16378,-28.40477],[-55.15502,-28.40902],[-55.16381,-28.4277]]]},"properties":{"CD_MUN":"4318903","NM_MUN":"São Luiz Gonzaga","AREA_KM2":1295.522}},
{"type":"Feature","geometry":{"type":"Polygon","coordinates":[[[-51.11208,-29.03266],[-51.10573,-29.04025],[-51.08728,-29.03571],[-51.083,-29.0377],[-51.07204,-29.03269],[-51.06192,-29.03562],[-51.05639,-29.03095],[-51.03716,-29.03437],[-51.0294,-29.02794],[-51.01574,-29.02502],[-51.01207,-29.01719],[-51.00483,-29.02644],[-50.98969,-29.02253],[-50.96978,-29.01167],[-50.96201,-29.0125],[-50.93073,-29.02417],[-50.91857,-29.02538],[-50.92421,-29.01717],[-50.92182,-29.0036],[-50.93728,-28.99922],[-50.94395,-28.98147],[-50.95159,-28.97898],[-50.95748,-28.96099],[-50.96883,-28.95574],[-50.97877,-28.9459],[-50.98447,-28.9452],[-51.0167,-28.93148],[-51.03164,-28.92765],[-51.03651,-28.92152],[-51.05539,-28.91783],[-51.06024,-28.91279],[-51.06222,-28.90339],[-51.07077,-28.89591],[-51.07385,-28.88701],[-51.08564,-28.88404],[-51.09125,-28.8793],[-51.119,-28.88084],[-51.12451,-28.87689],[-51.1411,-28.88314],[-51.14683,-28.88172],[-51.15242,-28.87293],[-51.16051,-28.87404],[-51.173,-28.88946],[-51.1742,-28.90159],[-51.17145,-28.9153],[-51.1552,-28.92695],[-51.15073,-28.9356],[-51.15287,-28.94196],[-51.16725,-28.94637],[-51.17117,-28.93754],[-51.18561,-28.94225],[-51.17728,-28.94368],[-51.16788,-28.95032],[-51.155,-28.96565],[-51.15298,-28.97189],[-51.14104,-28.97159],[-51.14068,-28.97708],[-51.13377,-28.98225],[-51.12481,-28.98087],[-51.12145,-28.98786],[-51.12102,-28.99953],[-51.12763,-29.00703],[-51.12255,-29.01298],[-51.12202,-29.02395],[-51.11208,-29.03266]]]},"properties":{"CD_MUN":"4319000","NM_MUN":"São Marcos","AREA_KM2":256.159}},
{"type":"Feature","geometry":{"type":"Polygon","coordinates":[[[-53.97881,-27.7797],[-53.96413,-27.7792],[-53.9579,-27.77487],[-53.94988,-27.77567],[-53.94242,-27.77077],[-53.92775,-27.77489],[-53.92251,-27.77251],[-53.90946,-27.77367],[-53.90454,-27.77928],[-53.89266,-27.78106],[-53.87158,-27.76577],[-53.86402,-27.7632],[-53.85433,-27.76612],[-53.82162,-27.76386],[-53.82891,-27.75291],[-53.82955,-27.74734],[-53.84193,-27.73506],[-53.84359,-27.72895],[-53.89011,-27.72237],[-53.90158,-27.71528],[-53.90539,-27.70226],[-53.91528,-27.69891],[-53.91754,-27.69242],[-53.92288,-27.69261],[-53.93684,-27.68604],[-53.94619,-27.68957],[-53.95556,-27.68626],[-53.96306,-27.67561],[-53.97103,-27.67257],[-53.97317,-27.66661],[-53.98219,-27.67063],[-53.98803,-27.66322],[-53.99967,-27.66256],[-54.0077,-27.66708],[-54.02793,-27.66672],[-54.02536,-27.67194],[-54.03017,-27.67939],[-54.02915,-27.69719],[-54.04061,-27.70304],[-54.04701,-27.70958],[-54.05279,-27.72828],[-54.06791,-27.73159],[-54.07077,-27.7356],[-54.06734,-27.74343],[-54.06584,-27.73494],[-54.05662,-27.74033],[-54.04521,-27.73746],[-54.03808,-27.74119],[-54.04192,-27.75148],[-54.03148,-27.75085],[-54.02422,-27.74069],[-54.01738,-27.74413],[-54.02239,-27.75416],[-54.01629,-27.76515],[-54.00873,-27.75518],[-54.00005,-27.77074],[-53.9915,-27.76527],[-53.98497,-27.77605],[-53.97881,-27.7797]]]},"properties":{"CD_MUN":"4319109","NM_MUN":"São Martinho","AREA_KM2":171.245}},
{"type":"Feature","geometry":{"type":"Polygon","coordinates":[[[-53.85606,-29.59227],[-53.85383,-29.58746],[-53.84144,-29.58461],[-53.84094,-29.56374],[-53.82732,-29.55769],[-53.80879,-29.54344],[-53.79914,-29.53945],[-53.78821,-29.52683],[-53.77227,-29.52573],[-53.76927,-29.51848],[-53.75877,-29.51692],[-53.75606,-29.50794],[-53.74208,-29.50069],[-53.73955,-29.49315],[-53.71668,-29.49037],[-53.70345,-29.48013],[-53.69611,-29.4785],[-53.69506,-29.46572],[-53.68758,-29.46611],[-53.69247,-29.45204],[-53.69033,-29.44368],[-53.69192,-29.42982],[-53.69477,-29.42498],[-53.69297,-29.41556],[-53.6967,-29.41089],[-53.7199,-29.405],[-53.71809,-29.39464],[-53.72645,-29.39264],[-53.73071,-29.38609],[-53.74215,-29.3846],[-53.7433,-29.37709],[-53.75434,-29.37164],[-53.76288,-29.36242],[-53.75897,-29.35651],[-53.76555,-29.34476],[-53.77671,-29.34684],[-53.79213,-29.34501],[-53.79354,-29.34788],[-53.7913,-29.36673],[-53.79961,-29.37027],[-53.82494,-29.36724],[-53.83491,-29.36856],[-53.83788,-29.35801],[-53.85223,-29.37043],[-53.86178,-29.37431],[-53.86874,-29.38351],[-53.88122,-29.38496],[-53.88519,-29.3948],[-53.89535,-29.38361],[-53.90554,-29.39032],[-53.90207,-29.39733],[-53.9125,-29.40057],[-53.91382,-29.39526],[-53.93343,-29.39547],[-53.94586,-29.40397],[-53.95822,-29.40565],[-53.96536,-29.40183],[-53.97293,-29.40582],[-53.98336,-29.40556],[-53.99643,-29.4088],[-53.99649,-29.41776],[-54.01102,-29.42301],[-54.00909,-29.41296],[-54.02706,-29.40475],[-54.03541,-29.40159],[-54.05169,-29.41473],[-54.05405,-29.43],[-54.0632,-29.43719],[-54.06755,-29.43089],[-54.07531,-29.43562],[-54.06932,-29.44719],[-54.09106,-29.44461],[-54.09155,-29.45514],[-54.09969,-29.46104],[-54.08295,-29.46948],[-54.06333,-29.496],[-54.06192,-29.50686],[-54.05517,-29.50847],[-54.05072,-29.52598],[-54.04561,-29.52746],[-54.04229,-29.54425],[-54.0292,-29.55548],[-53.99987,-29.56743],[-53.96826,-29.56723],[-53.96492,-29.57218],[-53.95231,-29.57558],[-53.94684,-29.59121],[-53.94251,-29.59647],[-53.94622,-29.60548],[-53.92546,-29.59964],[-53.90797,-29.60086],[-53.90283,-29.60393],[-53.85918,-29.61064],[-53.86001,-29.60434],[-53.85606,-29.59227]]]},"properties":{"CD_MUN":"4319125","NM_MUN":"São Martinho da Serra","AREA_KM2":669.547}},
{"type":"Feature","geometry":{"type":"Polygon","coordinates":[[[-54.67128,-28.71597],[-54.65568,-28.7302],[-54.66007,-28.73448],[-54.65283,-28.74046],[-54.64347,-28.73274],[-54.6417,-28.74193],[-54.62824,-28.74815],[-54.61837,-28.73914],[-54.61011,-28.74603],[-54.61732,-28.7533],[-54.61644,-28.75989],[-54.62544,-28.76464],[-54.61439,-28.77015],[-54.61174,-28.77967],[-54.60193,-28.78188],[-54.59795,-28.78663],[-54.59053,-28.78479],[-54.58629,-28.79322],[-54.59573,-28.80575],[-54.58537,-28.81233],[-54.5787,-28.81307],[-54.57222,-28.82507],[-54.57775,-28.83688],[-54.56512,-28.83757],[-54.55617,-28.84736],[-54.55301,-28.84264],[-54.53858,-28.84737],[-54.54675,-28.85422],[-54.52943,-28.85982],[-54.52837,-28.86718],[-54.51759,-28.86857],[-54.50867,-28.87329],[-54.50449,-28.86809],[-54.49225,-28.86776],[-54.47956,-28.87629],[-54.4815,-28.88248],[-54.46676,-28.87938],[-54.46021,-28.88042],[-54.43435,-28.90304],[-54.42228,-28.92109],[-54.41038,-28.92221],[-54.41256,-28.93681],[-54.40189,-28.9449],[-54.39941,-28.96416],[-54.39204,-28.97411],[-54.38929,-28.98774],[-54.37772,-29.00448],[-54.36425,-28.98526],[-54.3511,-28.97292],[-54.3571,-28.96107],[-54.34381,-28.92977],[-54.33091,-28.93108],[-54.33149,-28.91815],[-54.34671,-28.89851],[-54.35421,-28.89386],[-54.36315,-28.86553],[-54.36044,-28.85341],[-54.35614,-28.85129],[-54.36101,-28.83699],[-54.35781,-28.82334],[-54.3611,-28.79825],[-54.35865,-28.78676],[-54.36402,-28.78437],[-54.37262,-28.79135],[-54.37953,-28.78595],[-54.39376,-28.79008],[-54.38943,-28.77481],[-54.39335,-28.76515],[-54.39209,-28.75445],[-54.39956,-28.73389],[-54.4108,-28.72694],[-54.40281,-28.70975],[-54.39013,-28.70375],[-54.37792,-28.69498],[-54.36436,-28.6841],[-54.35005,-28.66633],[-54.35821,-28.66114],[-54.37342,-28.66672],[-54.37806,-28.65968],[-54.38627,-28.65966],[-54.39163,-28.66603],[-54.41196,-28.6539],[-54.43138,-28.65829],[-54.4406,-28.65102],[-54.43942,-28.63927],[-54.42527,-28.62338],[-54.42778,-28.61439],[-54.41839,-28.60863],[-54.42116,-28.59181],[-54.43027,-28.58526],[-54.44055,-28.58575],[-54.44698,-28.58159],[-54.43374,-28.56349],[-54.42354,-28.56068],[-54.40927,-28.5612],[-54.3993,-28.56769],[-54.39629,-28.55586],[-54.40606,-28.55066],[-54.41583,-28.53866],[-54.41873,-28.5242],[-54.4281,-28.51681],[-54.43478,-28.50619],[-54.46332,-28.48865],[-54.47807,-28.46713],[-54.49021,-28.4574],[-54.4823,-28.45138],[-54.49388,-28.44831],[-54.50014,-28.43684],[-54.50814,-28.43108],[-54.51736,-28.43136],[-54.51964,-28.4251],[-54.53173,-28.41507],[-54.53744,-28.40399],[-54.55162,-28.40604],[-54.56494,-28.41225],[-54.57522,-28.41147],[-54.57425,-28.42542],[-54.56975,-28.45357],[-54.57448,-28.46491],[-54.58199,-28.4722],[-54.58687,-28.48158],[-54.60053,-28.47577],[-54.61355,-28.47348],[-54.634,-28.45894],[-54.6516,-28.45498],[-54.65693,-28.44648],[-54.66652,-28.43917],[-54.66964,-28.44333],[-54.67045,-28.4616],[-54.67309,-28.46657],[-54.67107,-28.48335],[-54.66809,-28.49219],[-54.67143,-28.49677],[-54.67137,-28.50892],[-54.67504,-28.51812],[-54.68062,-28.52323],[-54.68505,-28.53801],[-54.68183,-28.54852],[-54.68264,-28.55902],[-54.68961,-28.56748],[-54.6966,-28.56867],[-54.70011,-28.57632],[-54.72268,-28.58696],[-54.72939,-28.58658],[-54.72655,-28.59636],[-54.73545,-28.60071],[-54.73202,-28.61094],[-54.72283,-28.62544],[-54.72402,-28.63649],[-54.70112,-28.61938],[-54.67719,-28.63446],[-54.6747,-28.64203],[-54.68218,-28.64706],[-54.68879,-28.6776],[-54.68106,-28.67487],[-54.67181,-28.67989],[-54.6789,-28.68606],[-54.66824,-28.70837],[-54.67128,-28.71597]]]},"properties":{"CD_MUN":"4319158","NM_MUN":"São Miguel das Missões","AREA_KM2":1228.447}},
{"type":"Feature","geometry":{"type":"Polygon","coordinates":[[[-55.31811,-28.20894],[-55.31906,-28.21771],[-55.31352,-28.22361],[-55.30452,-28.21868],[-55.298,-28.22085],[-55.28409,-28.20896],[-55.28564,-28.22315],[-55.29464,-28.2354],[-55.2862,-28.24915],[-55.28956,-28.25731],[-55.30622,-28.2553],[-55.31741,-28.24702],[-55.32738,-28.24949],[-55.32682,-28.2587],[-55.31633,-28.27017],[-55.32738,-28.2758],[-55.32189,-28.28053],[-55.31115,-28.28113],[-55.30037,-28.28546],[-55.29207,-28.27574],[-55.28439,-28.27557],[-55.28454,-28.28469],[-55.27938,-28.2981],[-55.28491,-28.3061],[-55.28998,-28.29923],[-55.29971,-28.29672],[-55.31224,-28.30679],[-55.29335,-28.31025],[-55.28245,-28.31521],[-55.26612,-28.31081],[-55.25642,-28.30502],[-55.2431,-28.30854],[-55.23177,-28.30802],[-55.21582,-28.30296],[-55.20474,-28.30938],[-55.21261,-28.31723],[-55.21086,-28.32597],[-55.20123,-28.33843],[-55.19381,-28.32596],[-55.18359,-28.31383],[-55.17936,-28.32175],[-55.17108,-28.32275],[-55.16358,-28.31697],[-55.15807,-28.31737],[-55.15459,-28.32582],[-55.14733,-28.33154],[-55.13518,-28.33611],[-55.1218,-28.33759],[-55.11708,-28.3338],[-55.10789,-28.33677],[-55.09151,-28.33185],[-55.07979,-28.33285],[-55.06515,-28.33935],[-55.05476,-28.32913],[-55.05665,-28.32193],[-55.0751,-28.31248],[-55.07805,-28.30501],[-55.07766,-28.2935],[-55.08056,-28.28935],[-55.11446,-28.26166],[-55.13829,-28.25331],[-55.137,-28.23793],[-55.14403,-28.23065],[-55.13077,-28.20927],[-55.14623,-28.18715],[-55.18993,-28.15084],[-55.20052,-28.15203],[-55.21869,-28.14911],[-55.2265,-28.13947],[-55.24529,-28.13061],[-55.25909,-28.13656],[-55.26597,-28.13704],[-55.265,-28.12365],[-55.27164,-28.11504],[-55.27072,-28.10756],[-55.2764,-28.09645],[-55.29103,-28.09812],[-55.30882,-28.08776],[-55.31877,-28.07353],[-55.31764,-28.06963],[-55.3225,-28.05458],[-55.33234,-28.05969],[-55.34236,-28.04974],[-55.35451,-28.04261],[-55.37552,-28.03404],[-55.39051,-28.04523],[-55.41397,-28.05465],[-55.42217,-28.06216],[-55.43844,-28.08633],[-55.42872,-28.09205],[-55.42193,-28.09978],[-55.41487,-28.08782],[-55.40884,-28.08969],[-55.41196,-28.09791],[-55.40296,-28.10583],[-55.40254,-28.11511],[-55.39432,-28.12038],[-55.39664,-28.12905],[-55.39043,-28.12996],[-55.38963,-28.11585],[-55.37893,-28.12066],[-55.36847,-28.11576],[-55.36625,-28.12346],[-55.35602,-28.1226],[-55.35498,-28.13357],[-55.36094,-28.1455],[-55.36695,-28.14882],[-55.36856,-28.16173],[-55.3662,-28.16484],[-55.35451,-28.16241],[-55.35867,-28.17293],[-55.34542,-28.17429],[-55.3385,-28.18484],[-55.32853,-28.18521],[-55.32322,-28.17697],[-55.30823,-28.17456],[-55.3036,-28.17844],[-55.31647,-28.18919],[-55.32586,-28.18876],[-55.32965,-28.19499],[-55.34047,-28.1918],[-55.34207,-28.2036],[-55.33567,-28.20697],[-55.32811,-28.20313],[-55.31641,-28.20301],[-55.31811,-28.20894]]]},"properties":{"CD_MUN":"4319208","NM_MUN":"São Nicolau","AREA_KM2":485.588}},
{"type":"Feature","geometry":{"type":"Polygon","coordinates":[[[-55.07345,-28.00988],[-55.0532,-28.00176],[-55.04548,-28.00313],[-55.02907,-28.02162],[-55.01639,-28.03809],[-55.0074,-28.04117],[-54.98983,-28.05447],[-54.98109,-28.0561],[-54.92805,-28.05584],[-54.92801,-28.05755],[-54.90653,-28.05762],[-54.90661,-28.04599],[-54.86638,-28.04572],[-54.86659,-28.00938],[-54.86162,-27.99914],[-54.87335,-28.00153],[-54.88375,-27.99702],[-54.88573,-27.98897],[-54.91187,-27.98973],[-54.90595,-27.98096],[-54.89556,-27.9733],[-54.90715,-27.97003],[-54.91921,-27.95578],[-54.91113,-27.95561],[-54.90859,-27.94903],[-54.92424,-27.9515],[-54.93219,-27.94678],[-54.94095,-27.94687],[-54.9398,-27.93018],[-54.95232,-27.93579],[-54.96924,-27.9347],[-54.96473,-27.92193],[-54.97959,-27.91498],[-54.9759,-27.90912],[-54.98827,-27.90474],[-54.99782,-27.90887],[-55.0065,-27.90761],[-55.00637,-27.91631],[-55.01649,-27.91654],[-55.01624,-27.92495],[-55.03265,-27.92256],[-55.04858,-27.9228],[-55.04853,-27.94196],[-55.07957,-27.94218],[-55.07345,-28.00988]]]},"properties":{"CD_MUN":"4319307","NM_MUN":"São Paulo das Missões","AREA_KM2":223.942}},
{"type":"Feature","geometry":{"type":"Polygon","coordinates":[[[-51.5835,-29.40708],[-51.5834,-29.41532],[-51.5737,-29.41964],[-51.57298,-29.42528],[-51.56152,-29.43118],[-51.54294,-29.42993],[-51.53017,-29.43074],[-51.52619,-29.4276],[-51.51406,-29.43133],[-51.50536,-29.42938],[-51.49745,-29.43244],[-51.47318,-29.43734],[-51.46599,-29.43234],[-51.45498,-29.4344],[-51.45023,-29.43006],[-51.43569,-29.43135],[-51.44129,-29.4171],[-51.47498,-29.40008],[-51.48594,-29.40063],[-51.49179,-29.40646],[-51.51688,-29.40996],[-51.52,-29.40788],[-51.54249,-29.41889],[-51.55223,-29.41541],[-51.55891,-29.40365],[-51.5742,-29.40191],[-51.5835,-29.40708]]]},"properties":{"CD_MUN":"4319356","NM_MUN":"São Pedro da Serra","AREA_KM2":35.207}},
{"type":"Feature","geometry":{"type":"Polygon","coordinates":[[[-53.29221,-27.75458],[-53.29251,-27.76403],[-53.27841,-27.78852],[-53.27345,-27.82056],[-53.2751,-27.82579],[-53.26843,-27.83844],[-53.25772,-27.83512],[-53.2433,-27.82549],[-53.21056,-27.80594],[-53.2029,-27.80348],[-53.1985,-27.79722],[-53.19042,-27.79418],[-53.18293,-27.78541],[-53.18599,-27.77788],[-53.17847,-27.76609],[-53.1791,-27.75736],[-53.17946,-27.74948],[-53.19257,-27.74265],[-53.19749,-27.73289],[-53.20247,-27.7361],[-53.20079,-27.74539],[-53.21198,-27.74779],[-53.22772,-27.74441],[-53.24632,-27.75495],[-53.24652,-27.74048],[-53.25704,-27.72681],[-53.26433,-27.73076],[-53.26731,-27.73895],[-53.26936,-27.76263],[-53.27431,-27.75167],[-53.28306,-27.74513],[-53.29399,-27.7499],[-53.29221,-27.75458]]]},"properties":{"CD_MUN":"4319364","NM_MUN":"São Pedro das Missões","AREA_KM2":79.894}},
{"type":"Feature","geometry":{"type":"Polygon","coordinates":[[[-54.94399,-28.18252],[-54.92856,-28.2011],[-54.91437,-28.19183],[-54.92093,-28.18155],[-54.91883,-28.17745],[-54.90582,-28.17274],[-54.90118,-28.1656],[-54.89392,-28.16738],[-54.88101,-28.18516],[-54.88949,-28.18389],[-54.89595,-28.18866],[-54.89531,-28.19572],[-54.8817,-28.20215],[-54.85952,-28.18796],[-54.85635,-28.18112],[-54.86111,-28.16225],[-54.85578,-28.16112],[-54.85635,-28.08888],[-54.86638,-28.08917],[-54.86638,-28.04572],[-54.90661,-28.04599],[-54.90653,-28.05762],[-54.92801,-28.05755],[-54.92787,-28.12901],[-54.92554,-28.14039],[-54.92865,-28.1475],[-54.93497,-28.14873],[-54.94277,-28.16632],[-54.94399,-28.18252]]]},"properties":{"CD_MUN":"4319372","NM_MUN":"São Pedro do Butiá","AREA_KM2":107.559}},
{"type":"Feature","geometry":{"type":"Polygon","coordinates":[[[-54.09969,-29.46104],[-54.12157,-29.46309],[-54.1329,-29.46849],[-54.14168,-29.48038],[-54.15306,-29.48036],[-54.1548,-29.46968],[-54.17017,-29.45945],[-54.17277,-29.46903],[-54.16749,-29.47663],[-54.17037,-29.48316],[-54.18381,-29.47957],[-54.19123,-29.48245],[-54.19444,-29.49242],[-54.20631,-29.48369],[-54.21563,-29.49377],[-54.22405,-29.49246],[-54.23239,-29.48509],[-54.23928,-29.48934],[-54.24266,-29.50096],[-54.24761,-29.50638],[-54.2563,-29.49929],[-54.26197,-29.50625],[-54.27885,-29.51766],[-54.28487,-29.52491],[-54.30132,-29.53111],[-54.30409,-29.53909],[-54.31263,-29.54093],[-54.31487,-29.54807],[-54.34215,-29.54932],[-54.34166,-29.56771],[-54.33048,-29.56855],[-54.33081,-29.5753],[-54.34961,-29.58058],[-54.36201,-29.57976],[-54.37853,-29.57283],[-54.37573,-29.5673],[-54.38286,-29.56358],[-54.38837,-29.58241],[-54.40427,-29.57679],[-54.40561,-29.57046],[-54.41849,-29.57169],[-54.42051,-29.58537],[-54.41332,-29.60421],[-54.43199,-29.61551],[-54.45835,-29.61197],[-54.46439,-29.61546],[-54.46476,-29.62275],[-54.47015,-29.62556],[-54.46646,-29.6354],[-54.47789,-29.64767],[-54.46919,-29.6515],[-54.46335,-29.659],[-54.47195,-29.66576],[-54.47619,-29.69019],[-54.48215,-29.70052],[-54.47496,-29.7119],[-54.48176,-29.71733],[-54.49017,-29.7141],[-54.49915,-29.7214],[-54.49065,-29.72862],[-54.49921,-29.73814],[-54.49199,-29.74253],[-54.49012,-29.73673],[-54.466,-29.73814],[-54.45713,-29.74256],[-54.44094,-29.74706],[-54.42684,-29.7463],[-54.40713,-29.7385],[-54.38655,-29.73796],[-54.38143,-29.73312],[-54.36001,-29.73835],[-54.36028,-29.73286],[-54.3496,-29.73278],[-54.34053,-29.72739],[-54.31916,-29.73294],[-54.31053,-29.73782],[-54.30504,-29.73691],[-54.30513,-29.72961],[-54.28862,-29.7121],[-54.27705,-29.71482],[-54.2604,-29.70326],[-54.25163,-29.69336],[-54.24021,-29.69012],[-54.22346,-29.69504],[-54.21288,-29.6909],[-54.19873,-29.69041],[-54.18866,-29.69944],[-54.17709,-29.689],[-54.16666,-29.6863],[-54.15253,-29.69303],[-54.14071,-29.69291],[-54.13203,-29.68646],[-54.12827,-29.68529],[-54.12062,-29.67251],[-54.1082,-29.66785],[-54.10388,-29.65791],[-54.09454,-29.64826],[-54.08204,-29.64707],[-54.07558,-29.63862],[-54.05741,-29.63985],[-54.04717,-29.63731],[-54.03812,-29.63836],[-54.02589,-29.6337],[-54.01666,-29.63289],[-54.00647,-29.63729],[-53.99761,-29.63593],[-53.98765,-29.62555],[-53.97933,-29.62252],[-53.97886,-29.60315],[-53.98608,-29.5941],[-53.9931,-29.57613],[-53.99987,-29.56743],[-54.0292,-29.55548],[-54.04229,-29.54425],[-54.04561,-29.52746],[-54.05072,-29.52598],[-54.05517,-29.50847],[-54.06192,-29.50686],[-54.06333,-29.496],[-54.08295,-29.46948],[-54.09969,-29.46104]]]},"properties":{"CD_MUN":"4319406","NM_MUN":"São Pedro do Sul","AREA_KM2":873.394}},
{"type":"Feature","geometry":{"type":"Polygon","coordinates":[[[-51.39159,-29.6531],[-51.38516,-29.64461],[-51.3641,-29.63758],[-51.34905,-29.63882],[-51.33988,-29.63436],[-51.33587,-29.63815],[-51.33538,-29.64764],[-51.32125,-29.64764],[-51.30893,-29.6377],[-51.29893,-29.64787],[-51.28716,-29.64617],[-51.27675,-29.65595],[-51.2772,-29.65123],[-51.28814,-29.61886],[-51.27921,-29.60986],[-51.28398,-29.59372],[-51.27961,-29.58384],[-51.30305,-29.57991],[-51.30195,-29.57113],[-51.30713,-29.56175],[-51.30844,-29.54022],[-51.29497,-29.53223],[-51.30302,-29.52314],[-51.31881,-29.52072],[-51.32768,-29.52546],[-51.33655,-29.52314],[-51.3365,-29.51621],[-51.34761,-29.51703],[-51.34135,-29.53203],[-51.35195,-29.53958],[-51.37209,-29.53661],[-51.37624,-29.55243],[-51.383,-29.55051],[-51.39673,-29.55185],[-51.39085,-29.56319],[-51.39487,-29.57103],[-51.38738,-29.57625],[-51.38665,-29.58364],[-51.38694,-29.59412],[-51.38282,-29.60043],[-51.38285,-29.62262],[-51.37812,-29.63034],[-51.38888,-29.63099],[-51.39243,-29.63798],[-51.39159,-29.6531]]]},"properties":{"CD_MUN":"4319505","NM_MUN":"São Sebastião do Caí","AREA_KM2":114.293}},
{"type":"Feature","geometry":{"type":"Polygon","coordinates":[[[-53.74519,-30.51371],[-53.72634,-30.4923],[-53.72644,-30.48826],[-53.71338,-30.48465],[-53.71141,-30.48029],[-53.71963,-30.44909],[-53.71389,-30.43638],[-53.72139,-30.42243],[-53.71744,-30.41964],[-53.7134,-30.40292],[-53.70257,-30.40915],[-53.70089,-30.41552],[-53.69258,-30.42226],[-53.65595,-30.43231],[-53.64789,-30.42574],[-53.64341,-30.41124],[-53.63464,-30.40324],[-53.63435,-30.3943],[-53.61404,-30.37781],[-53.5477,-30.36302],[-53.5475,-30.37624],[-53.55063,-30.38292],[-53.54674,-30.39282],[-53.53388,-30.40202],[-53.52759,-30.40321],[-53.51658,-30.39715],[-53.51159,-30.38653],[-53.5012,-30.37958],[-53.50111,-30.37064],[-53.49398,-30.36579],[-53.49044,-30.35549],[-53.48272,-30.34331],[-53.47404,-30.33797],[-53.46606,-30.32847],[-53.4691,-30.31337],[-53.4625,-30.30104],[-53.48158,-30.29611],[-53.48539,-30.29035],[-53.48275,-30.28369],[-53.47307,-30.28573],[-53.47299,-30.27235],[-53.46651,-30.26228],[-53.45821,-30.2609],[-53.45113,-30.25078],[-53.43601,-30.2388],[-53.41981,-30.23032],[-53.41912,-30.22168],[-53.4142,-30.21145],[-53.40556,-30.20982],[-53.39014,-30.21307],[-53.38305,-30.20934],[-53.3846,-30.20402],[-53.35258,-30.18045],[-53.35098,-30.17096],[-53.342,-30.17032],[-53.34279,-30.16231],[-53.31855,-30.14328],[-53.30331,-30.1388],[-53.28503,-30.1138],[-53.27116,-30.09882],[-53.26263,-30.09539],[-53.26259,-30.09055],[-53.24504,-30.09077],[-53.23495,-30.08086],[-53.23632,-30.0744],[-53.22329,-30.06979],[-53.21849,-30.06034],[-53.20941,-30.05589],[-53.20503,-30.0431],[-53.1947,-30.04289],[-53.19269,-30.0272],[-53.17583,-30.01839],[-53.17544,-30.00698],[-53.16539,-30.00347],[-53.16717,-29.99481],[-53.1602,-29.9928],[-53.15345,-29.98445],[-53.14627,-29.98475],[-53.14275,-29.97881],[-53.12566,-29.96828],[-53.13544,-29.96767],[-53.14967,-29.9626],[-53.16322,-29.96353],[-53.17367,-29.96714],[-53.19508,-29.96103],[-53.20326,-29.96389],[-53.22226,-29.96296],[-53.22706,-29.96679],[-53.2497,-29.96188],[-53.25393,-29.9578],[-53.26199,-29.96728],[-53.27614,-29.97799],[-53.28359,-29.98594],[-53.29519,-29.97803],[-53.30891,-29.9819],[-53.31885,-29.99369],[-53.33427,-29.99919],[-53.34075,-29.99633],[-53.34308,-30.00573],[-53.35036,-30.0118],[-53.37457,-30.02246],[-53.39084,-30.02429],[-53.40083,-30.03106],[-53.41885,-30.03791],[-53.4331,-30.03927],[-53.43859,-30.04417],[-53.44956,-30.04751],[-53.45241,-30.04282],[-53.48094,-30.044],[-53.4851,-30.04847],[-53.48233,-30.05955],[-53.49936,-30.06002],[-53.50852,-30.06538],[-53.51206,-30.05851],[-53.52556,-30.05604],[-53.53712,-30.06015],[-53.55173,-30.0822],[-53.57067,-30.08924],[-53.5862,-30.09737],[-53.59256,-30.09809],[-53.60627,-30.09266],[-53.61696,-30.09192],[-53.63407,-30.09409],[-53.6435,-30.07532],[-53.67112,-30.05084],[-53.65402,-30.01837],[-53.63929,-30.00082],[-53.63498,-29.98946],[-53.6411,-29.97661],[-53.63629,-29.96408],[-53.63964,-29.95289],[-53.65189,-29.93014],[-53.6486,-29.91431],[-53.65224,-29.89276],[-53.66294,-29.89431],[-53.66841,-29.90786],[-53.68157,-29.91672],[-53.68705,-29.92489],[-53.69313,-29.9255],[-53.69915,-29.9189],[-53.70841,-29.92107],[-53.70307,-29.92866],[-53.71155,-29.9368],[-53.71064,-29.94995],[-53.72461,-29.95497],[-53.72542,-29.96505],[-53.73585,-29.96137],[-53.74147,-29.96379],[-53.74468,-29.97624],[-53.75667,-29.9865],[-53.76879,-29.9845],[-53.7808,-29.99352],[-53.78389,-30.00241],[-53.80303,-30.00403],[-53.81018,-29.99585],[-53.82989,-29.99807],[-53.83486,-29.98624],[-53.85129,-29.98651],[-53.85351,-29.99319],[-53.86922,-29.99398],[-53.87349,-30.00077],[-53.87184,-30.00719],[-53.87733,-30.017],[-53.88316,-30.01785],[-53.89062,-30.03072],[-53.90183,-30.04375],[-53.91006,-30.04615],[-53.91036,-30.05294],[-53.90596,-30.06624],[-53.91182,-30.06917],[-53.91555,-30.08466],[-53.9269,-30.09019],[-53.93554,-30.10219],[-53.94451,-30.10524],[-53.94158,-30.11217],[-53.95738,-30.12388],[-53.95213,-30.12989],[-53.95366,-30.14019],[-53.96278,-30.16183],[-53.97379,-30.16938],[-53.97195,-30.17935],[-53.96715,-30.18627],[-53.96415,-30.20067],[-53.95465,-30.2075],[-53.94428,-30.21243],[-53.93467,-30.20839],[-53.92238,-30.22095],[-53.90971,-30.22634],[-53.90906,-30.22976],[-53.89216,-30.23466],[-53.87645,-30.2464],[-53.8571,-30.25124],[-53.83393,-30.2615],[-53.82413,-30.24604],[-53.80326,-30.24712],[-53.78659,-30.25511],[-53.77916,-30.25402],[-53.76671,-30.24514],[-53.75932,-30.24386],[-53.76114,-30.25571],[-53.75906,-30.26644],[-53.76241,-30.2699],[-53.75951,-30.27854],[-53.77107,-30.27846],[-53.77306,-30.29293],[-53.78858,-30.30582],[-53.78956,-30.3094],[-53.77882,-30.31631],[-53.77586,-30.32821],[-53.74207,-30.32166],[-53.74036,-30.33727],[-53.73424,-30.35583],[-53.74502,-30.36811],[-53.74322,-30.37672],[-53.74579,-30.38511],[-53.7584,-30.38505],[-53.77458,-30.39186],[-53.79241,-30.4035],[-53.79773,-30.41671],[-53.80556,-30.4195],[-53.80987,-30.42978],[-53.82711,-30.44235],[-53.83122,-30.45244],[-53.83306,-30.46546],[-53.84524,-30.48298],[-53.83608,-30.48789],[-53.84136,-30.49251],[-53.82515,-30.50649],[-53.82062,-30.51753],[-53.80449,-30.5212],[-53.78492,-30.51746],[-53.76677,-30.5196],[-53.74519,-30.51371]]]},"properties":{"CD_MUN":"4319604","NM_MUN":"São Sepé","AREA_KM2":2204.779}},
{"type":"Feature","geometry":{"type":"Polygon","coordinates":[[[-52.67026,-27.5795],[-52.67636,-27.58582],[-52.66743,-27.58905],[-52.66383,-27.58002],[-52.64998,-27.58055],[-52.64971,-27.57042],[-52.64316,-27.57082],[-52.63852,-27.56446],[-52.6305,-27.57242],[-52.62942,-27.57817],[-52.61987,-27.58258],[-52.59967,-27.58207],[-52.59234,-27.58979],[-52.57042,-27.59442],[-52.56556,-27.60418],[-52.55726,-27.60281],[-52.54015,-27.60965],[-52.53004,-27.60793],[-52.51754,-27.61498],[-52.50381,-27.60957],[-52.48626,-27.61056],[-52.47722,-27.60353],[-52.47739,-27.585],[-52.47974,-27.58298],[-52.47961,-27.56123],[-52.48446,-27.55864],[-52.47786,-27.54602],[-52.50042,-27.5444],[-52.50642,-27.53126],[-52.52687,-27.53025],[-52.52686,-27.50671],[-52.51029,-27.50666],[-52.5073,-27.50169],[-52.51198,-27.48669],[-52.51854,-27.48268],[-52.52168,-27.47548],[-52.53102,-27.48125],[-52.53185,-27.4872],[-52.53885,-27.49244],[-52.57027,-27.46415],[-52.58222,-27.45836],[-52.59287,-27.46777],[-52.58508,-27.46961],[-52.57181,-27.48186],[-52.57453,-27.48761],[-52.56608,-27.50518],[-52.56038,-27.51256],[-52.57298,-27.52401],[-52.58132,-27.53564],[-52.59829,-27.53419],[-52.62336,-27.54227],[-52.64756,-27.53486],[-52.65532,-27.53969],[-52.66326,-27.53381],[-52.66984,-27.54108],[-52.67254,-27.55298],[-52.67052,-27.56642],[-52.67824,-27.56894],[-52.67799,-27.57581],[-52.67026,-27.5795]]]},"properties":{"CD_MUN":"4319703","NM_MUN":"São Valentim","AREA_KM2":154.45}},
{"type":"Feature","geometry":{"type":"Polygon","coordinates":[[[-51.77963,-29.09424],[-51.75851,-29.10365],[-51.75222,-29.11437],[-51.739,-29.11883],[-51.73213,-29.12898],[-51.73913,-29.13675],[-51.73055,-29.13378],[-51.72263,-29.1219],[-51.71323,-29.11679],[-51.71302,-29.1124],[-51.7214,-29.10541],[-51.72997,-29.0945],[-51.73074,-29.08476],[-51.72516,-29.07754],[-51.7196,-29.07914],[-51.71404,-29.09067],[-51.71067,-29.0805],[-51.71963,-29.05954],[-51.72001,-29.0548],[-51.71033,-29.04598],[-51.71454,-29.04196],[-51.72915,-29.03557],[-51.72773,-29.02386],[-51.73753,-29.01906],[-51.74285,-29.00564],[-51.73854,-29.00012],[-51.74118,-28.99452],[-51.76002,-28.99649],[-51.7606,-29.00809],[-51.77988,-29.00809],[-51.77967,-29.00076],[-51.79282,-28.99868],[-51.79481,-29.00887],[-51.8141,-29.01451],[-51.80533,-29.0457],[-51.80904,-29.0643],[-51.8036,-29.06545],[-51.8084,-29.08172],[-51.77963,-29.09424]]]},"properties":{"CD_MUN":"4319711","NM_MUN":"São Valentim do Sul","AREA_KM2":91.898}},
{"type":"Feature","geometry":{"type":"Polygon","coordinates":[[[-53.95338,-27.85155],[-53.94319,-27.85292],[-53.94128,-27.86212],[-53.92471,-27.87057],[-53.92056,-27.88155],[-53.90941,-27.88308],[-53.89777,-27.89528],[-53.86662,-27.8383],[-53.85821,-27.83351],[-53.84395,-27.83505],[-53.82775,-27.83004],[-53.81462,-27.82794],[-53.81068,-27.82245],[-53.81881,-27.81921],[-53.8435,-27.82036],[-53.85007,-27.81696],[-53.86647,-27.81592],[-53.86692,-27.80324],[-53.87738,-27.79104],[-53.87541,-27.78695],[-53.8647,-27.78227],[-53.85433,-27.76612],[-53.86402,-27.7632],[-53.87158,-27.76577],[-53.89266,-27.78106],[-53.90454,-27.77928],[-53.90946,-27.77367],[-53.92251,-27.77251],[-53.92775,-27.77489],[-53.94242,-27.77077],[-53.94988,-27.77567],[-53.9579,-27.77487],[-53.96413,-27.7792],[-53.97881,-27.7797],[-53.9738,-27.78622],[-53.9748,-27.80428],[-53.97054,-27.80839],[-53.96062,-27.80782],[-53.9663,-27.81684],[-53.96632,-27.82412],[-53.95983,-27.8308],[-53.95192,-27.83054],[-53.95338,-27.85155]]]},"properties":{"CD_MUN":"4319737","NM_MUN":"São Valério do Sul","AREA_KM2":107.402}},
{"type":"Feature","geometry":{"type":"Polygon","coordinates":[[[-51.3505,-29.35186],[-51.39806,-29.35165],[-51.39994,-29.41704],[-51.39002,-29.41093],[-51.36416,-29.40505],[-51.3686,-29.40037],[-51.3558,-29.39714],[-51.35155,-29.40729],[-51.34309,-29.41338],[-51.33213,-29.40962],[-51.34464,-29.38132],[-51.35194,-29.37589],[-51.35543,-29.36756],[-51.3505,-29.35186]]]},"properties":{"CD_MUN":"4319752","NM_MUN":"São Vendelino","AREA_KM2":31.935}},
{"type":"Feature","geometry":{"type":"Polygon","coordinates":[[[-54.49199,-29.74253],[-54.49921,-29.73814],[-54.49065,-29.72862],[-54.49915,-29.7214],[-54.49017,-29.7141],[-54.48176,-29.71733],[-54.47496,-29.7119],[-54.48215,-29.70052],[-54.47619,-29.69019],[-54.47195,-29.66576],[-54.46335,-29.659],[-54.46919,-29.6515],[-54.47789,-29.64767],[-54.4889,-29.64025],[-54.50219,-29.62837],[-54.51194,-29.62715],[-54.52587,-29.61419],[-54.53544,-29.61287],[-54.54271,-29.60765],[-54.55888,-29.60162],[-54.56464,-29.5957],[-54.56417,-29.58938],[-54.57177,-29.58476],[-54.56879,-29.56917],[-54.55184,-29.56697],[-54.543,-29.54812],[-54.54927,-29.54283],[-54.56968,-29.53974],[-54.56938,-29.5309],[-54.57811,-29.53521],[-54.58758,-29.52882],[-54.59283,-29.53744],[-54.59971,-29.54258],[-54.62226,-29.54719],[-54.62736,-29.55054],[-54.63286,-29.57277],[-54.64983,-29.56847],[-54.65826,-29.56118],[-54.67311,-29.56256],[-54.68698,-29.57203],[-54.69694,-29.57617],[-54.70158,-29.58569],[-54.71914,-29.59052],[-54.72749,-29.59474],[-54.73605,-29.58943],[-54.74863,-29.59176],[-54.74381,-29.60006],[-54.7515,-29.60331],[-54.75439,-29.61282],[-54.76728,-29.61016],[-54.77634,-29.61092],[-54.77833,-29.62156],[-54.79318,-29.62915],[-54.8,-29.62278],[-54.80647,-29.63214],[-54.81457,-29.63893],[-54.82469,-29.63758],[-54.82729,-29.64396],[-54.82512,-29.65482],[-54.83212,-29.66572],[-54.84907,-29.66143],[-54.85538,-29.66297],[-54.85983,-29.66959],[-54.87055,-29.67012],[-54.88325,-29.66346],[-54.89407,-29.66379],[-54.90812,-29.66792],[-54.92255,-29.66263],[-54.93839,-29.67714],[-54.944,-29.67655],[-54.95045,-29.68684],[-54.96228,-29.69574],[-54.98776,-29.69973],[-54.99198,-29.70493],[-55.01042,-29.71061],[-55.02075,-29.70622],[-55.03935,-29.70611],[-55.06305,-29.68284],[-55.07024,-29.6812],[-55.07708,-29.66958],[-55.07444,-29.65981],[-55.0855,-29.64861],[-55.09501,-29.65039],[-55.0933,-29.65858],[-55.11869,-29.65741],[-55.1241,-29.66025],[-55.12783,-29.68465],[-55.13154,-29.69119],[-55.14406,-29.69507],[-55.12616,-29.69769],[-55.1242,-29.70354],[-55.12908,-29.7196],[-55.12694,-29.73037],[-55.12641,-29.74917],[-55.13543,-29.75713],[-55.13165,-29.76518],[-55.12174,-29.76696],[-55.11007,-29.76361],[-55.09593,-29.75578],[-55.08089,-29.75764],[-55.08397,-29.76543],[-55.09795,-29.76922],[-55.09539,-29.77699],[-55.07046,-29.77667],[-55.06959,-29.76769],[-55.06468,-29.76343],[-55.05556,-29.76713],[-55.05051,-29.77886],[-55.04138,-29.78465],[-55.015,-29.78187],[-55.00763,-29.77901],[-54.9822,-29.78064],[-54.97054,-29.77725],[-54.95809,-29.77779],[-54.9465,-29.78585],[-54.93671,-29.78217],[-54.92888,-29.78402],[-54.92265,-29.79068],[-54.91983,-29.8095],[-54.90133,-29.81183],[-54.88742,-29.80668],[-54.88143,-29.80681],[-54.87381,-29.819],[-54.86729,-29.82286],[-54.85745,-29.83747],[-54.84209,-29.85012],[-54.83212,-29.85589],[-54.82713,-29.85076],[-54.80818,-29.84016],[-54.80125,-29.83854],[-54.79006,-29.83012],[-54.77523,-29.82899],[-54.76846,-29.83407],[-54.75961,-29.82855],[-54.74843,-29.82871],[-54.74501,-29.83319],[-54.73336,-29.82622],[-54.72447,-29.82591],[-54.71348,-29.83043],[-54.70507,-29.82969],[-54.69724,-29.82335],[-54.69717,-29.81879],[-54.6757,-29.80792],[-54.65661,-29.81092],[-54.64479,-29.80629],[-54.64041,-29.81293],[-54.61919,-29.81515],[-54.61024,-29.81186],[-54.59986,-29.8212],[-54.58537,-29.81461],[-54.56688,-29.81002],[-54.5759,-29.8002],[-54.56436,-29.79753],[-54.55589,-29.78968],[-54.55916,-29.7822],[-54.5526,-29.7782],[-54.54617,-29.77984],[-54.5031,-29.74713],[-54.49488,-29.7504],[-54.49199,-29.74253]]]},"properties":{"CD_MUN":"4319802","NM_MUN":"São Vicente do Sul","AREA_KM2":1174.822}},
{"type":"Feature","geometry":{"type":"Polygon","coordinates":[[[-51.05581,-29.61563],[-51.03477,-29.61778],[-51.0395,-29.64876],[-51.01978,-29.65109],[-51.00733,-29.6504],[-51.0138,-29.69584],[-51.00509,-29.69759],[-50.99624,-29.70633],[-50.97381,-29.70103],[-50.96287,-29.70243],[-50.95815,-29.6889],[-50.9469,-29.69311],[-50.94157,-29.69118],[-50.95245,-29.68217],[-50.96023,-29.67963],[-50.9541,-29.66642],[-50.95126,-29.63706],[-50.95097,-29.62045],[-50.95592,-29.61215],[-50.96191,-29.60888],[-50.96022,-29.59599],[-50.94989,-29.59594],[-50.9473,-29.5826],[-50.94823,-29.57137],[-50.94463,-29.55735],[-50.94694,-29.5526],[-50.95958,-29.55024],[-50.96816,-29.54497],[-50.98684,-29.54715],[-51.00268,-29.54165],[-51.01402,-29.54802],[-51.04378,-29.54491],[-51.04886,-29.56171],[-51.05496,-29.60202],[-51.05581,-29.61563]]]},"properties":{"CD_MUN":"4319901","NM_MUN":"Sapiranga","AREA_KM2":136.473}},
{"type":"Feature","geometry":{"type":"Polygon","coordinates":[[[-51.18117,-29.82958],[-51.17028,-29.8313],[-51.15532,-29.83708],[-51.14577,-29.84853],[-51.13688,-29.85014],[-51.1256,-29.86063],[-51.11907,-29.85907],[-51.10126,-29.8687],[-51.10078,-29.86848],[-51.09557,-29.86416],[-51.09385,-29.85167],[-51.08971,-29.84884],[-51.08114,-29.82976],[-51.06812,-29.81128],[-51.13673,-29.79901],[-51.16571,-29.79916],[-51.16915,-29.79026],[-51.19085,-29.77783],[-51.19452,-29.78769],[-51.19073,-29.79112],[-51.19263,-29.8034],[-51.1975,-29.80915],[-51.19064,-29.82475],[-51.18117,-29.82958]]]},"properties":{"CD_MUN":"4320008","NM_MUN":"Sapucaia do Sul","AREA_KM2":58.247}},
{"type":"Feature","geometry":{"type":"Polygon","coordinates":[[[-52.97636,-27.95342],[-52.96978,-27.96959],[-52.94792,-27.95452],[-52.94826,-27.96677],[-52.93464,-27.96145],[-52.93539,-27.98732],[-52.92686,-27.98546],[-52.91895,-28.0009],[-52.9088,-28.0145],[-52.92344,-28.02562],[-52.9352,-28.03736],[-52.9353,-28.04233],[-52.9444,-28.04428],[-52.93825,-28.05214],[-52.9282,-28.04864],[-52.9232,-28.05879],[-52.90993,-28.05864],[-52.89714,-28.06865],[-52.88888,-28.06329],[-52.86799,-28.06691],[-52.86614,-28.06938],[-52.86473,-28.06282],[-52.85067,-28.05598],[-52.84696,-28.06242],[-52.83893,-28.0604],[-52.84196,-28.05297],[-52.83165,-28.04096],[-52.83239,-28.02999],[-52.82819,-28.02921],[-52.82296,-28.02255],[-52.82117,-28.00904],[-52.79981,-27.98406],[-52.78966,-27.98496],[-52.78003,-27.97815],[-52.76769,-27.97505],[-52.75881,-27.9686],[-52.75796,-27.95691],[-52.74995,-27.95507],[-52.74491,-27.94505],[-52.76582,-27.93042],[-52.77215,-27.91545],[-52.78129,-27.91154],[-52.79432,-27.91319],[-52.79647,-27.90044],[-52.81159,-27.89294],[-52.81588,-27.88794],[-52.83364,-27.89081],[-52.85681,-27.87947],[-52.85808,-27.88357],[-52.87579,-27.88183],[-52.8906,-27.88528],[-52.90001,-27.88199],[-52.90694,-27.88877],[-52.91337,-27.88569],[-52.92365,-27.88738],[-52.9267,-27.88005],[-52.93545,-27.88341],[-52.9402,-27.8808],[-52.94322,-27.8711],[-52.95228,-27.87676],[-52.96809,-27.87061],[-52.9713,-27.8776],[-52.99052,-27.86432],[-52.99291,-27.85868],[-52.98993,-27.83441],[-53.00502,-27.83316],[-53.00816,-27.82682],[-53.01534,-27.82334],[-53.02077,-27.81595],[-53.01914,-27.80482],[-53.03894,-27.79675],[-53.05616,-27.79713],[-53.05968,-27.80576],[-53.06908,-27.8138],[-53.06125,-27.818],[-53.05359,-27.81766],[-53.04191,-27.82183],[-53.04368,-27.83051],[-53.05722,-27.82322],[-53.05926,-27.8352],[-53.06431,-27.84454],[-53.05053,-27.84206],[-53.05142,-27.85022],[-53.0691,-27.85078],[-53.07502,-27.85646],[-53.06825,-27.8627],[-53.05679,-27.85714],[-53.04338,-27.8651],[-53.04332,-27.8718],[-53.05678,-27.87439],[-53.04917,-27.88171],[-53.02472,-27.88531],[-53.01578,-27.88529],[-53.00996,-27.89111],[-52.98668,-27.89884],[-52.98071,-27.9087],[-52.96706,-27.91344],[-52.96441,-27.92835],[-52.95493,-27.9367],[-52.9623,-27.93867],[-52.96229,-27.94485],[-52.97581,-27.94827],[-52.97636,-27.95342]]]},"properties":{"CD_MUN":"4320107","NM_MUN":"Sarandi","AREA_KM2":351.717}},
{"type":"Feature","geometry":{"type":"Polygon","coordinates":[[[-53.4925,-27.45022],[-53.49152,-27.45926],[-53.47003,-27.45341],[-53.46823,-27.45858],[-53.4793,-27.46972],[-53.46348,-27.46975],[-53.46536,-27.47871],[-53.4593,-27.4934],[-53.45442,-27.49682],[-53.43608,-27.49835],[-53.43725,-27.50903],[-53.42892,-27.51338],[-53.43051,-27.52943],[-53.42486,-27.52829],[-53.41966,-27.53551],[-53.40611,-27.53912],[-53.411,-27.54515],[-53.41073,-27.55584],[-53.40614,-27.55824],[-53.39967,-27.58147],[-53.3908,-27.58036],[-53.38253,-27.59518],[-53.39383,-27.60162],[-53.3886,-27.61135],[-53.38108,-27.61047],[-53.36582,-27.61739],[-53.34619,-27.61908],[-53.31856,-27.60058],[-53.30206,-27.58463],[-53.29547,-27.58373],[-53.29133,-27.57765],[-53.29271,-27.57028],[-53.28955,-27.5588],[-53.29302,-27.55407],[-53.28953,-27.54705],[-53.28302,-27.5461],[-53.29111,-27.52991],[-53.28617,-27.52185],[-53.27582,-27.51799],[-53.28301,-27.51077],[-53.28255,-27.49341],[-53.28013,-27.48429],[-53.27392,-27.48117],[-53.2791,-27.47285],[-53.29016,-27.46748],[-53.28643,-27.46051],[-53.30576,-27.4444],[-53.30951,-27.42923],[-53.28598,-27.42535],[-53.29637,-27.41492],[-53.28769,-27.39643],[-53.3034,-27.38853],[-53.32367,-27.40702],[-53.3432,-27.41495],[-53.35244,-27.42047],[-53.37034,-27.41673],[-53.38972,-27.41706],[-53.39665,-27.42185],[-53.419,-27.42675],[-53.42711,-27.4236],[-53.45882,-27.43702],[-53.4925,-27.45022]]]},"properties":{"CD_MUN":"4320206","NM_MUN":"Seberi","AREA_KM2":300.827}},
{"type":"Feature","geometry":{"type":"Polygon","coordinates":[[[-54.02793,-27.66672],[-54.0077,-27.66708],[-53.99967,-27.66256],[-53.98803,-27.66322],[-53.98219,-27.67063],[-53.97317,-27.66661],[-53.97103,-27.67257],[-53.96306,-27.67561],[-53.95556,-27.68626],[-53.94619,-27.68957],[-53.93684,-27.68604],[-53.92288,-27.69261],[-53.91754,-27.69242],[-53.9091,-27.69038],[-53.90266,-27.69605],[-53.88651,-27.68035],[-53.8909,-27.67705],[-53.88134,-27.67015],[-53.88149,-27.65951],[-53.88997,-27.65766],[-53.88321,-27.64815],[-53.88119,-27.63787],[-53.89924,-27.62492],[-53.89647,-27.60729],[-53.89273,-27.60239],[-53.89771,-27.5953],[-53.90924,-27.59235],[-53.92205,-27.60162],[-53.93149,-27.60094],[-53.93636,-27.59461],[-53.9425,-27.60415],[-53.97338,-27.61028],[-53.97742,-27.603],[-53.97613,-27.59516],[-53.98362,-27.5903],[-53.99163,-27.59491],[-54.00638,-27.58746],[-54.00942,-27.59141],[-54.01999,-27.59118],[-54.02012,-27.60007],[-54.00479,-27.60532],[-54.00789,-27.62098],[-54.03145,-27.62709],[-54.03553,-27.63308],[-54.02931,-27.64316],[-54.03717,-27.65484],[-54.03379,-27.66264],[-54.02793,-27.66672]]]},"properties":{"CD_MUN":"4320230","NM_MUN":"Sede Nova","AREA_KM2":119.312}},
{"type":"Feature","geometry":{"type":"Polygon","coordinates":[[[-52.82451,-29.32747],[-52.84484,-29.3241],[-52.86016,-29.31782],[-52.87779,-29.3213],[-52.89175,-29.31304],[-52.89114,-29.30831],[-52.88258,-29.30093],[-52.886,-29.29459],[-52.88596,-29.28507],[-52.89295,-29.27975],[-52.89635,-29.26767],[-52.88596,-29.26288],[-52.88547,-29.24998],[-52.89255,-29.24541],[-52.88979,-29.23691],[-52.89983,-29.23217],[-52.89746,-29.21563],[-52.88528,-29.20932],[-52.88381,-29.20574],[-52.89265,-29.20146],[-52.89871,-29.20656],[-52.90725,-29.20296],[-52.91611,-29.19226],[-52.91719,-29.18543],[-52.924,-29.19284],[-52.92951,-29.20411],[-52.93696,-29.21293],[-52.94309,-29.2138],[-52.95026,-29.22244],[-52.95862,-29.22667],[-52.95576,-29.23629],[-52.95784,-29.24277],[-52.94527,-29.2562],[-52.94595,-29.26223],[-52.97921,-29.26007],[-52.98748,-29.26222],[-52.99881,-29.26132],[-53.01161,-29.26693],[-53.02073,-29.2658],[-53.0326,-29.27227],[-53.029,-29.27565],[-53.01731,-29.30905],[-53.02385,-29.31323],[-53.02723,-29.33019],[-53.02447,-29.33708],[-53.0129,-29.3461],[-52.98692,-29.34883],[-52.98465,-29.35501],[-52.97429,-29.3585],[-52.96617,-29.37523],[-52.96935,-29.38682],[-52.95985,-29.39649],[-52.95033,-29.39799],[-52.93859,-29.39493],[-52.85076,-29.38634],[-52.85147,-29.37808],[-52.83298,-29.36121],[-52.82511,-29.3596],[-52.82242,-29.3657],[-52.8151,-29.36599],[-52.81389,-29.34826],[-52.81904,-29.34487],[-52.82451,-29.32747]]]},"properties":{"CD_MUN":"4320263","NM_MUN":"Segredo","AREA_KM2":245.17}},
{"type":"Feature","geometry":{"type":"Polygon","coordinates":[[[-52.92556,-28.7298],[-52.92394,-28.70751],[-52.93656,-28.70016],[-52.93801,-28.68512],[-52.93275,-28.67772],[-52.93822,-28.67282],[-52.93667,-28.66295],[-52.93048,-28.65896],[-52.92562,-28.64478],[-52.93379,-28.63978],[-52.932,-28.63287],[-52.93538,-28.61974],[-52.92161,-28.61805],[-52.92079,-28.60214],[-52.91678,-28.59575],[-52.92695,-28.58466],[-52.93751,-28.58422],[-52.95538,-28.57624],[-52.96246,-28.57664],[-52.98012,-28.58426],[-52.99668,-28.58942],[-53.00995,-28.58721],[-53.01754,-28.58917],[-53.01522,-28.59198],[-53.01785,-28.60391],[-53.02577,-28.61496],[-53.02747,-28.63025],[-53.02534,-28.64062],[-53.02942,-28.64337],[-53.02804,-28.66067],[-53.02509,-28.66927],[-53.03173,-28.67339],[-53.03531,-28.68524],[-53.0304,-28.69004],[-53.02194,-28.69808],[-53.01983,-28.70998],[-53.01279,-28.71497],[-53.0327,-28.72945],[-53.02799,-28.75265],[-53.0343,-28.76371],[-53.02783,-28.76153],[-53.02232,-28.7674],[-53.01306,-28.76464],[-53.00762,-28.77165],[-52.99729,-28.77028],[-53.01096,-28.7606],[-53.01013,-28.75716],[-52.9914,-28.75232],[-52.98596,-28.7485],[-52.97489,-28.7517],[-52.9694,-28.76081],[-52.95609,-28.76101],[-52.95381,-28.74865],[-52.96284,-28.74417],[-52.95328,-28.73924],[-52.94379,-28.73856],[-52.92556,-28.7298]]]},"properties":{"CD_MUN":"4320305","NM_MUN":"Selbach","AREA_KM2":176.471}},
{"type":"Feature","geometry":{"type":"Polygon","coordinates":[[[-54.58473,-28.09367],[-54.57442,-28.09331],[-54.57445,-28.1024],[-54.56101,-28.10233],[-54.56099,-28.11239],[-54.55401,-28.11651],[-54.54419,-28.11573],[-54.53236,-28.11423],[-54.53144,-28.09991],[-54.52802,-28.09271],[-54.51561,-28.09293],[-54.51974,-28.07883],[-54.51412,-28.07559],[-54.50551,-28.06471],[-54.50373,-28.05845],[-54.49182,-28.05845],[-54.48629,-28.05014],[-54.48378,-28.03661],[-54.47889,-28.02935],[-54.47136,-28.02691],[-54.46151,-28.02859],[-54.45753,-28.01796],[-54.45708,-28.00636],[-54.46447,-27.99074],[-54.47441,-27.98326],[-54.48125,-27.98047],[-54.4831,-27.97302],[-54.49159,-27.96588],[-54.51543,-27.98284],[-54.53365,-27.98023],[-54.557,-27.97987],[-54.56734,-27.96499],[-54.57867,-27.95973],[-54.58285,-27.95189],[-54.59541,-27.94381],[-54.59504,-28.01398],[-54.58506,-28.01472],[-54.58473,-28.09367]]]},"properties":{"CD_MUN":"4320321","NM_MUN":"Senador Salgado Filho","AREA_KM2":147.068}},
{"type":"Feature","geometry":{"type":"Polygon","coordinates":[[[-51.63034,-30.74482],[-51.60769,-30.71987],[-51.59115,-30.71493],[-51.57959,-30.70262],[-51.57235,-30.67787],[-51.56328,-30.65702],[-51.55959,-30.64435],[-51.55138,-30.6365],[-51.53988,-30.60588],[-51.53884,-30.59343],[-51.52554,-30.57711],[-51.51916,-30.55963],[-51.50878,-30.54021],[-51.5003,-30.53292],[-51.4987,-30.52141],[-51.49131,-30.5026],[-51.49737,-30.51063],[-51.50801,-30.51161],[-51.52454,-30.51004],[-51.53607,-30.50723],[-51.53566,-30.51397],[-51.54683,-30.52155],[-51.55512,-30.51859],[-51.56319,-30.5108],[-51.57502,-30.51573],[-51.58354,-30.52609],[-51.59004,-30.5293],[-51.59969,-30.52896],[-51.60504,-30.52424],[-51.62106,-30.5349],[-51.623,-30.54292],[-51.64093,-30.54019],[-51.64878,-30.52543],[-51.65762,-30.51868],[-51.65577,-30.5306],[-51.6583,-30.55641],[-51.65507,-30.56798],[-51.66566,-30.57016],[-51.65639,-30.58478],[-51.66321,-30.58968],[-51.65815,-30.60485],[-51.64875,-30.61366],[-51.65685,-30.62763],[-51.65279,-30.63281],[-51.65418,-30.64151],[-51.66663,-30.64178],[-51.66664,-30.64998],[-51.67643,-30.65497],[-51.68287,-30.67231],[-51.68858,-30.67727],[-51.68535,-30.68302],[-51.6972,-30.69042],[-51.69406,-30.69463],[-51.69721,-30.70742],[-51.69473,-30.7169],[-51.68941,-30.72152],[-51.69506,-30.73331],[-51.69769,-30.74532],[-51.69133,-30.75849],[-51.68248,-30.75757],[-51.67228,-30.75221],[-51.65438,-30.75029],[-51.63479,-30.75006],[-51.63034,-30.74482]]]},"properties":{"CD_MUN":"4320354","NM_MUN":"Sentinela do Sul","AREA_KM2":282.13}},
{"type":"Feature","geometry":{"type":"Polygon","coordinates":[[[-51.84815,-28.66347],[-51.99437,-28.6725],[-51.99301,-28.65625],[-51.99519,-28.64838],[-51.99647,-28.61049],[-52.06651,-28.61444],[-52.05414,-28.62084],[-52.05492,-28.62794],[-52.06556,-28.6346],[-52.05956,-28.6416],[-52.04428,-28.63632],[-52.03856,-28.64455],[-52.02346,-28.64852],[-52.0131,-28.63877],[-52.0066,-28.63874],[-51.99898,-28.65174],[-52.00346,-28.66047],[-51.99881,-28.67005],[-52.00878,-28.67944],[-51.99268,-28.68235],[-51.98697,-28.68909],[-51.98606,-28.70689],[-51.98692,-28.72147],[-51.9916,-28.72983],[-51.98998,-28.7385],[-51.99217,-28.74828],[-51.98554,-28.75348],[-51.98519,-28.76345],[-51.95892,-28.76133],[-51.85608,-28.75503],[-51.8446,-28.75277],[-51.83817,-28.74454],[-51.8495,-28.73686],[-51.84697,-28.7249],[-51.85275,-28.71472],[-51.84791,-28.71114],[-51.83358,-28.71491],[-51.82491,-28.70856],[-51.84813,-28.70197],[-51.85328,-28.69778],[-51.85664,-28.68806],[-51.8364,-28.67954],[-51.84679,-28.67657],[-51.85685,-28.67865],[-51.86376,-28.67577],[-51.85652,-28.66904],[-51.84758,-28.67108],[-51.84815,-28.66347]]]},"properties":{"CD_MUN":"4320404","NM_MUN":"Serafina Corrêa","AREA_KM2":163.31}},
{"type":"Feature","geometry":{"type":"Polygon","coordinates":[[[-52.2015,-29.42537],[-52.19647,-29.42053],[-52.17424,-29.41616],[-52.15788,-29.41444],[-52.16048,-29.40588],[-52.16936,-29.40824],[-52.17887,-29.4063],[-52.18332,-29.3988],[-52.18183,-29.38362],[-52.18814,-29.3796],[-52.1924,-29.36077],[-52.20589,-29.35707],[-52.22465,-29.35653],[-52.23351,-29.35394],[-52.24747,-29.35564],[-52.30042,-29.35542],[-52.30894,-29.35901],[-52.30822,-29.3652],[-52.30103,-29.3749],[-52.31763,-29.38027],[-52.315,-29.39245],[-52.30206,-29.39809],[-52.30518,-29.40423],[-52.29509,-29.40669],[-52.28657,-29.41574],[-52.2737,-29.42086],[-52.2747,-29.42476],[-52.25588,-29.43887],[-52.24894,-29.44809],[-52.24243,-29.44827],[-52.23222,-29.45671],[-52.21844,-29.45528],[-52.21778,-29.44869],[-52.227,-29.43778],[-52.22375,-29.42092],[-52.2015,-29.42537]]]},"properties":{"CD_MUN":"4320453","NM_MUN":"Sério","AREA_KM2":98.131}},
{"type":"Feature","geometry":{"type":"Polygon","coordinates":[[[-52.1242,-28.02409],[-52.1198,-28.02077],[-52.12812,-28.0123],[-52.11179,-28.01017],[-52.10315,-28.016],[-52.09873,-28.00394],[-52.08861,-27.99392],[-52.09673,-27.98995],[-52.10022,-27.98247],[-52.08919,-27.97693],[-52.08656,-27.97519],[-52.09171,-27.95473],[-52.09596,-27.94971],[-52.08766,-27.94333],[-52.09135,-27.93592],[-52.10357,-27.94052],[-52.10621,-27.94763],[-52.11501,-27.94673],[-52.126,-27.95263],[-52.1306,-27.94914],[-52.14302,-27.9534],[-52.14697,-27.94591],[-52.1573,-27.94869],[-52.17042,-27.94308],[-52.18879,-27.95965],[-52.20043,-27.96303],[-52.21579,-27.97222],[-52.22772,-27.97244],[-52.2327,-27.97393],[-52.2468,-27.96533],[-52.2582,-27.96204],[-52.26855,-27.95478],[-52.27783,-27.95798],[-52.28817,-27.95802],[-52.29523,-27.95465],[-52.30294,-27.96198],[-52.31007,-27.96121],[-52.31731,-27.96536],[-52.32073,-27.97334],[-52.3348,-27.97653],[-52.34204,-27.98221],[-52.35019,-27.98159],[-52.36025,-27.98746],[-52.37251,-27.97704],[-52.37843,-27.98239],[-52.40104,-27.98339],[-52.40442,-27.9914],[-52.42321,-27.98735],[-52.42647,-27.9832],[-52.43895,-27.98773],[-52.44314,-27.98196],[-52.45014,-27.98444],[-52.45292,-27.97659],[-52.47611,-27.97067],[-52.47691,-27.95904],[-52.49576,-27.95921],[-52.4967,-27.94918],[-52.50492,-27.94381],[-52.52412,-27.94206],[-52.53535,-27.93617],[-52.54205,-27.93969],[-52.53665,-27.94927],[-52.54163,-27.95574],[-52.56269,-27.94117],[-52.55518,-27.95547],[-52.56029,-27.96039],[-52.56685,-27.95301],[-52.58023,-27.94551],[-52.57109,-27.96183],[-52.55195,-27.96587],[-52.55145,-27.9755],[-52.54392,-27.98767],[-52.54381,-27.99215],[-52.5314,-27.99401],[-52.53165,-28.00557],[-52.52762,-28.01333],[-52.5135,-28.0186],[-52.51462,-28.02862],[-52.50696,-28.03609],[-52.50354,-28.03441],[-52.49228,-28.0427],[-52.47701,-28.06557],[-52.47664,-28.0725],[-52.4563,-28.07432],[-52.4546,-28.07975],[-52.44005,-28.07047],[-52.43185,-28.07688],[-52.42924,-28.06961],[-52.40091,-28.07787],[-52.39757,-28.08839],[-52.38894,-28.09025],[-52.38191,-28.08124],[-52.38216,-28.07072],[-52.37732,-28.05957],[-52.37555,-28.04318],[-52.37884,-28.03695],[-52.37703,-28.01919],[-52.36892,-28.02766],[-52.35916,-28.02399],[-52.35341,-28.03243],[-52.32636,-28.02885],[-52.31689,-28.03639],[-52.31444,-28.04969],[-52.30789,-28.05136],[-52.29745,-28.0625],[-52.29602,-28.07595],[-52.28925,-28.07722],[-52.27104,-28.06788],[-52.25922,-28.0716],[-52.24755,-28.06352],[-52.24145,-28.07292],[-52.24069,-28.07924],[-52.22464,-28.0741],[-52.21395,-28.06469],[-52.20189,-28.06426],[-52.19736,-28.06723],[-52.18659,-28.06495],[-52.18155,-28.06795],[-52.17431,-28.06428],[-52.16458,-28.07359],[-52.15812,-28.07785],[-52.15698,-28.06027],[-52.14964,-28.05817],[-52.13733,-28.04341],[-52.13955,-28.03155],[-52.13036,-28.03039],[-52.1242,-28.02409]]]},"properties":{"CD_MUN":"4320503","NM_MUN":"Sertão","AREA_KM2":440.631}},
{"type":"Feature","geometry":{"type":"Polygon","coordinates":[[[-51.53623,-30.4124],[-51.53636,-30.40012],[-51.65057,-30.39889],[-51.65044,-30.38393],[-51.68092,-30.38368],[-51.67263,-30.38864],[-51.67452,-30.39827],[-51.68163,-30.40051],[-51.68265,-30.41444],[-51.69186,-30.42163],[-51.68051,-30.43768],[-51.70066,-30.44001],[-51.7177,-30.44793],[-51.71415,-30.45935],[-51.71313,-30.47233],[-51.72305,-30.47253],[-51.7516,-30.48458],[-51.74939,-30.49739],[-51.75877,-30.50503],[-51.75486,-30.51367],[-51.75702,-30.52281],[-51.7518,-30.52645],[-51.75012,-30.53457],[-51.7391,-30.52742],[-51.71581,-30.52821],[-51.70532,-30.52435],[-51.69506,-30.52686],[-51.68929,-30.51542],[-51.67901,-30.509],[-51.67202,-30.51],[-51.66514,-30.51672],[-51.65762,-30.51868],[-51.64878,-30.52543],[-51.64093,-30.54019],[-51.623,-30.54292],[-51.62106,-30.5349],[-51.60504,-30.52424],[-51.59969,-30.52896],[-51.59004,-30.5293],[-51.58354,-30.52609],[-51.57502,-30.51573],[-51.56319,-30.5108],[-51.55512,-30.51859],[-51.54683,-30.52155],[-51.53566,-30.51397],[-51.53607,-30.50723],[-51.52454,-30.51004],[-51.53572,-30.44935],[-51.53623,-30.4124]]]},"properties":{"CD_MUN":"4320552","NM_MUN":"Sertão Santana","AREA_KM2":252.013}},
{"type":"Feature","geometry":{"type":"Polygon","coordinates":[[[-54.54419,-28.11573],[-54.54151,-28.12468],[-54.53195,-28.12959],[-54.51511,-28.12115],[-54.50637,-28.11248],[-54.49532,-28.12706],[-54.49156,-28.12434],[-54.4923,-28.24213],[-54.48735,-28.24598],[-54.47777,-28.23203],[-54.45098,-28.2256],[-54.45121,-28.19426],[-54.41063,-28.1931],[-54.41234,-28.13501],[-54.40381,-28.13943],[-54.39614,-28.12876],[-54.416,-28.11203],[-54.4112,-28.10217],[-54.42736,-28.09361],[-54.42927,-28.08642],[-54.42464,-28.07601],[-54.4268,-28.06995],[-54.44292,-28.07139],[-54.46454,-28.07729],[-54.47501,-28.0853],[-54.48234,-28.08587],[-54.49414,-28.09887],[-54.51004,-28.10077],[-54.51561,-28.09293],[-54.52802,-28.09271],[-54.53144,-28.09991],[-54.53236,-28.11423],[-54.54419,-28.11573]]]},"properties":{"CD_MUN":"4320578","NM_MUN":"Sete de Setembro","AREA_KM2":129.238}},
{"type":"Feature","geometry":{"type":"Polygon","coordinates":[[[-52.19419,-27.40836],[-52.1943,-27.41883],[-52.19009,-27.42771],[-52.19353,-27.44253],[-52.18062,-27.4438],[-52.16866,-27.45891],[-52.16256,-27.45653],[-52.15853,-27.46766],[-52.1447,-27.47781],[-52.13296,-27.46549],[-52.10864,-27.47517],[-52.1079,-27.48095],[-52.06707,-27.48027],[-52.06665,-27.45392],[-52.02881,-27.45453],[-52.02975,-27.43594],[-52.03416,-27.42775],[-52.03266,-27.41954],[-52.05131,-27.40908],[-52.06569,-27.417],[-52.07385,-27.41518],[-52.07415,-27.40114],[-52.06532,-27.40476],[-52.06205,-27.38786],[-52.0479,-27.37243],[-52.04735,-27.3553],[-52.04903,-27.34631],[-52.07201,-27.33841],[-52.08219,-27.34017],[-52.09665,-27.34844],[-52.1071,-27.34341],[-52.10752,-27.35136],[-52.11536,-27.35131],[-52.11171,-27.36017],[-52.11185,-27.37381],[-52.17804,-27.37406],[-52.17329,-27.3783],[-52.20014,-27.40161],[-52.19419,-27.40836]]]},"properties":{"CD_MUN":"4320602","NM_MUN":"Severiano de Almeida","AREA_KM2":167.598}},
{"type":"Feature","geometry":{"type":"Polygon","coordinates":[[[-53.62723,-29.60473],[-53.64466,-29.61357],[-53.65004,-29.62282],[-53.64212,-29.62809],[-53.63804,-29.63815],[-53.63032,-29.63816],[-53.61873,-29.64883],[-53.63264,-29.67073],[-53.61458,-29.67055],[-53.60475,-29.67767],[-53.59264,-29.68034],[-53.58608,-29.6947],[-53.55663,-29.68769],[-53.55177,-29.69978],[-53.54475,-29.70407],[-53.52977,-29.69576],[-53.53665,-29.681],[-53.54716,-29.67413],[-53.54717,-29.66089],[-53.52633,-29.63922],[-53.46758,-29.63969],[-53.47739,-29.61241],[-53.48716,-29.61407],[-53.49564,-29.621],[-53.50035,-29.61734],[-53.50921,-29.62363],[-53.51507,-29.62106],[-53.51638,-29.61269],[-53.52274,-29.60784],[-53.52959,-29.61542],[-53.53038,-29.59598],[-53.53686,-29.59194],[-53.54973,-29.57435],[-53.55322,-29.57246],[-53.56568,-29.58008],[-53.58285,-29.57704],[-53.62723,-29.60473]]]},"properties":{"CD_MUN":"4320651","NM_MUN":"Silveira Martins","AREA_KM2":119.285}},
{"type":"Feature","geometry":{"type":"Polygon","coordinates":[[[-52.75783,-29.40492],[-52.75098,-29.39987],[-52.73469,-29.40096],[-52.71099,-29.39782],[-52.70248,-29.40138],[-52.67204,-29.39674],[-52.66861,-29.39286],[-52.65977,-29.39572],[-52.65223,-29.39025],[-52.64162,-29.39795],[-52.62293,-29.42484],[-52.61299,-29.42717],[-52.60824,-29.43663],[-52.59668,-29.45048],[-52.58031,-29.46568],[-52.5713,-29.4658],[-52.57176,-29.47287],[-52.58823,-29.47536],[-52.60684,-29.47376],[-52.61241,-29.48145],[-52.60727,-29.48684],[-52.61404,-29.49297],[-52.63492,-29.49441],[-52.64467,-29.49805],[-52.666,-29.4974],[-52.67977,-29.50019],[-52.67728,-29.50739],[-52.68207,-29.52659],[-52.66946,-29.52852],[-52.66884,-29.53465],[-52.65798,-29.53189],[-52.64897,-29.52215],[-52.64012,-29.52158],[-52.63339,-29.5309],[-52.61689,-29.52482],[-52.61609,-29.53554],[-52.62382,-29.54512],[-52.61547,-29.5481],[-52.6193,-29.55384],[-52.62052,-29.58076],[-52.58418,-29.58268],[-52.58429,-29.5857],[-52.56499,-29.58473],[-52.52779,-29.56488],[-52.49182,-29.5643],[-52.47336,-29.56052],[-52.45038,-29.54953],[-52.45038,-29.54568],[-52.43917,-29.54025],[-52.44507,-29.51875],[-52.45117,-29.51015],[-52.43773,-29.49437],[-52.43955,-29.4779],[-52.43533,-29.47124],[-52.44005,-29.45812],[-52.45063,-29.45144],[-52.44096,-29.43688],[-52.44841,-29.43129],[-52.4572,-29.41568],[-52.45053,-29.41101],[-52.45724,-29.39957],[-52.44031,-29.39997],[-52.4407,-29.38488],[-52.43485,-29.37832],[-52.44499,-29.37875],[-52.45137,-29.38348],[-52.46012,-29.38475],[-52.46226,-29.37395],[-52.46443,-29.36715],[-52.48432,-29.35159],[-52.48971,-29.34416],[-52.49601,-29.34597],[-52.50895,-29.34407],[-52.52259,-29.33782],[-52.52683,-29.33203],[-52.53512,-29.32898],[-52.53182,-29.34277],[-52.53809,-29.34879],[-52.53635,-29.36195],[-52.54284,-29.37637],[-52.55246,-29.37542],[-52.56525,-29.36876],[-52.57171,-29.37581],[-52.57856,-29.36775],[-52.59036,-29.36443],[-52.59653,-29.36564],[-52.6076,-29.35631],[-52.62157,-29.35993],[-52.62559,-29.33878],[-52.6343,-29.33037],[-52.64476,-29.3308],[-52.66088,-29.32035],[-52.67205,-29.31942],[-52.68562,-29.30936],[-52.69988,-29.30451],[-52.70963,-29.30578],[-52.71874,-29.30567],[-52.72024,-29.31194],[-52.74148,-29.34246],[-52.73906,-29.34851],[-52.74346,-29.36516],[-52.75424,-29.3642],[-52.74965,-29.3728],[-52.75718,-29.37966],[-52.75942,-29.39531],[-52.76421,-29.40024],[-52.75783,-29.40492]]]},"properties":{"CD_MUN":"4320677","NM_MUN":"Sinimbu","AREA_KM2":510.213}},
{"type":"Feature","geometry":{"type":"Polygon","coordinates":[[[-53.01444,-29.46398],[-53.01253,-29.45363],[-52.99048,-29.43502],[-52.98308,-29.43804],[-52.97528,-29.42936],[-52.96373,-29.42253],[-52.96365,-29.41252],[-52.9501,-29.40779],[-52.93715,-29.41005],[-52.93859,-29.39493],[-52.95033,-29.39799],[-52.95985,-29.39649],[-52.96935,-29.38682],[-52.96617,-29.37523],[-52.97429,-29.3585],[-52.98465,-29.35501],[-52.98692,-29.34883],[-53.0129,-29.3461],[-53.02447,-29.33708],[-53.02766,-29.34447],[-53.02052,-29.35818],[-53.02998,-29.35963],[-53.0356,-29.35516],[-53.04707,-29.35522],[-53.04932,-29.36081],[-53.06526,-29.36316],[-53.06818,-29.37124],[-53.08307,-29.37192],[-53.08631,-29.41351],[-53.09483,-29.46687],[-53.08843,-29.45916],[-53.05757,-29.4628],[-53.04744,-29.45405],[-53.04039,-29.45908],[-53.03279,-29.45721],[-53.02395,-29.46297],[-53.01444,-29.46398]]]},"properties":{"CD_MUN":"4320701","NM_MUN":"Sobradinho","AREA_KM2":128.823}},
{"type":"Feature","geometry":{"type":"Polygon","coordinates":[[[-52.49487,-29.034],[-52.49545,-29.02361],[-52.49887,-29.01716],[-52.49603,-29.00115],[-52.49099,-28.9919],[-52.4987,-28.98538],[-52.49466,-28.98009],[-52.5012,-28.97054],[-52.50382,-28.94985],[-52.49448,-28.94822],[-52.48602,-28.94037],[-52.49148,-28.93328],[-52.48729,-28.90863],[-52.48168,-28.90201],[-52.46835,-28.90678],[-52.44909,-28.9008],[-52.44717,-28.896],[-52.41883,-28.89248],[-52.41493,-28.88709],[-52.40383,-28.88114],[-52.39053,-28.88526],[-52.37798,-28.88334],[-52.36968,-28.87854],[-52.35668,-28.87568],[-52.34226,-28.88076],[-52.32595,-28.87204],[-52.31075,-28.87578],[-52.29942,-28.87559],[-52.30615,-28.84117],[-52.31214,-28.83868],[-52.30958,-28.82917],[-52.31712,-28.82904],[-52.3294,-28.82094],[-52.32732,-28.81363],[-52.32062,-28.80518],[-52.32136,-28.79852],[-52.31452,-28.79592],[-52.30448,-28.77206],[-52.29525,-28.76257],[-52.30081,-28.74798],[-52.27775,-28.73518],[-52.2769,-28.72849],[-52.27849,-28.69608],[-52.26771,-28.69338],[-52.25696,-28.68052],[-52.24947,-28.6698],[-52.2494,-28.66243],[-52.26167,-28.66058],[-52.27062,-28.66674],[-52.27653,-28.65669],[-52.28827,-28.64228],[-52.30134,-28.65095],[-52.31408,-28.64823],[-52.32269,-28.6787],[-52.33203,-28.68624],[-52.33285,-28.69576],[-52.34634,-28.7036],[-52.35742,-28.7003],[-52.37787,-28.70009],[-52.38309,-28.70249],[-52.39175,-28.6937],[-52.39749,-28.69451],[-52.40697,-28.68926],[-52.41341,-28.6947],[-52.42572,-28.69881],[-52.43752,-28.6994],[-52.45197,-28.69115],[-52.46958,-28.69088],[-52.48108,-28.67541],[-52.48703,-28.67315],[-52.50282,-28.67664],[-52.51236,-28.66883],[-52.52385,-28.66443],[-52.53102,-28.66819],[-52.54356,-28.66885],[-52.55135,-28.65784],[-52.56446,-28.65402],[-52.57128,-28.64965],[-52.5791,-28.65209],[-52.58082,-28.64353],[-52.58948,-28.64802],[-52.59863,-28.6451],[-52.60255,-28.63488],[-52.60847,-28.64017],[-52.61479,-28.63698],[-52.61117,-28.66672],[-52.60302,-28.67931],[-52.59538,-28.68236],[-52.59587,-28.68789],[-52.60397,-28.69383],[-52.61092,-28.70537],[-52.61323,-28.72364],[-52.60857,-28.73304],[-52.59754,-28.74033],[-52.58869,-28.75654],[-52.6024,-28.75262],[-52.62398,-28.75934],[-52.63219,-28.75169],[-52.63964,-28.75595],[-52.67468,-28.75117],[-52.69738,-28.74569],[-52.71,-28.74647],[-52.72458,-28.73482],[-52.72675,-28.75465],[-52.73059,-28.76185],[-52.72328,-28.77206],[-52.71483,-28.77656],[-52.70944,-28.78987],[-52.7182,-29.00994],[-52.74736,-29.02358],[-52.7615,-29.02844],[-52.77356,-29.01997],[-52.77833,-29.03214],[-52.78543,-29.02751],[-52.79989,-29.02382],[-52.8101,-29.02663],[-52.80924,-29.03269],[-52.80164,-29.0361],[-52.80466,-29.04345],[-52.8084,-29.07372],[-52.81687,-29.08371],[-52.80854,-29.09187],[-52.79756,-29.11155],[-52.79097,-29.11713],[-52.78461,-29.11505],[-52.77337,-29.12426],[-52.75801,-29.14045],[-52.75097,-29.14409],[-52.74594,-29.13907],[-52.73939,-29.11259],[-52.73325,-29.10435],[-52.73141,-29.0925],[-52.72108,-29.07352],[-52.70763,-29.06136],[-52.69163,-29.05222],[-52.6896,-29.04113],[-52.68093,-29.02169],[-52.68185,-29.00689],[-52.67534,-28.98802],[-52.67449,-28.97785],[-52.66372,-28.96219],[-52.64733,-28.95241],[-52.63537,-28.96151],[-52.62924,-28.95819],[-52.62109,-28.96508],[-52.60399,-28.96299],[-52.60034,-28.96821],[-52.57033,-28.97407],[-52.55944,-28.97471],[-52.54434,-28.99113],[-52.5403,-28.9993],[-52.53161,-28.99901],[-52.52925,-29.00674],[-52.51651,-29.01691],[-52.50791,-29.02061],[-52.50346,-29.02859],[-52.49487,-29.034]]]},"properties":{"CD_MUN":"4320800","NM_MUN":"Soledade","AREA_KM2":1215.056}},
{"type":"Feature","geometry":{"type":"Polygon","coordinates":[[[-51.65876,-29.64443],[-51.66372,-29.64382],[-51.66964,-29.63163],[-51.67529,-29.62754],[-51.67918,-29.61447],[-51.69965,-29.60014],[-51.70956,-29.60176],[-51.7055,-29.6144],[-51.71381,-29.61517],[-51.71838,-29.62032],[-51.72974,-29.62373],[-51.74086,-29.62104],[-51.7511,-29.62858],[-51.76058,-29.64924],[-51.76356,-29.65475],[-51.77197,-29.65654],[-51.77987,-29.65318],[-51.78229,-29.66659],[-51.7878,-29.67288],[-51.78353,-29.68326],[-51.77613,-29.68363],[-51.77074,-29.69562],[-51.77901,-29.69714],[-51.79807,-29.71347],[-51.79353,-29.72032],[-51.78666,-29.72023],[-51.77896,-29.7255],[-51.77568,-29.73268],[-51.75608,-29.73325],[-51.75382,-29.7226],[-51.7428,-29.71178],[-51.72423,-29.71574],[-51.71669,-29.70231],[-51.70949,-29.70087],[-51.70353,-29.69417],[-51.70315,-29.68617],[-51.69695,-29.68363],[-51.69618,-29.67172],[-51.68524,-29.66667],[-51.68545,-29.66082],[-51.67951,-29.65528],[-51.66546,-29.65331],[-51.65876,-29.64443]]]},"properties":{"CD_MUN":"4320859","NM_MUN":"Tabaí","AREA_KM2":94.754}},
{"type":"Feature","geometry":{"type":"Polygon","coordinates":[[[-52.08337,-28.11773],[-52.07634,-28.12213],[-52.04315,-28.11752],[-52.03561,-28.12918],[-52.0221,-28.1323],[-51.98946,-28.12905],[-51.98004,-28.12279],[-51.97086,-28.10624],[-51.96418,-28.11208],[-51.93468,-28.10841],[-51.92394,-28.10855],[-51.91839,-28.11212],[-51.91255,-28.1139],[-51.90782,-28.10507],[-51.91719,-28.09571],[-51.91679,-28.08837],[-51.90969,-28.08511],[-51.91529,-28.07912],[-51.90908,-28.0673],[-51.91718,-28.06389],[-51.92191,-28.05423],[-51.91312,-28.04459],[-51.90918,-28.02467],[-51.92461,-28.01775],[-51.92897,-28.02229],[-51.94226,-28.01221],[-51.93178,-28.01082],[-51.93449,-27.99975],[-51.95106,-27.99989],[-51.9561,-27.98753],[-51.96283,-27.9812],[-51.97753,-27.99806],[-51.96793,-28.00362],[-51.97189,-28.00984],[-51.98457,-28.01466],[-51.99447,-28.01428],[-52.02033,-28.00488],[-52.02988,-28.00449],[-52.03668,-27.99799],[-52.05268,-27.9921],[-52.06483,-27.99337],[-52.07441,-27.98601],[-52.08324,-27.98449],[-52.08919,-27.97693],[-52.10022,-27.98247],[-52.09673,-27.98995],[-52.08861,-27.99392],[-52.09873,-28.00394],[-52.10315,-28.016],[-52.11179,-28.01017],[-52.12812,-28.0123],[-52.1198,-28.02077],[-52.1242,-28.02409],[-52.11279,-28.02188],[-52.10516,-28.03455],[-52.09835,-28.03819],[-52.09029,-28.03701],[-52.08843,-28.04422],[-52.09453,-28.04648],[-52.08462,-28.05534],[-52.09309,-28.08036],[-52.08886,-28.09054],[-52.09417,-28.09753],[-52.08909,-28.10867],[-52.09828,-28.11765],[-52.08978,-28.12159],[-52.08337,-28.11773]]]},"properties":{"CD_MUN":"4320909","NM_MUN":"Tapejara","AREA_KM2":238.082}},
{"type":"Feature","geometry":{"type":"Polygon","coordinates":[[[-52.76925,-28.6476],[-52.76273,-28.64368],[-52.76467,-28.63317],[-52.76279,-28.62683],[-52.77517,-28.62899],[-52.78879,-28.62353],[-52.83778,-28.61225],[-52.84583,-28.60385],[-52.8636,-28.59786],[-52.87137,-28.60027],[-52.88737,-28.59863],[-52.89546,-28.59509],[-52.90007,-28.59951],[-52.91678,-28.59575],[-52.92079,-28.60214],[-52.92161,-28.61805],[-52.93538,-28.61974],[-52.932,-28.63287],[-52.93379,-28.63978],[-52.92562,-28.64478],[-52.93048,-28.65896],[-52.93667,-28.66295],[-52.93822,-28.67282],[-52.93275,-28.67772],[-52.93801,-28.68512],[-52.93656,-28.70016],[-52.92394,-28.70751],[-52.92556,-28.7298],[-52.91516,-28.73256],[-52.89603,-28.73133],[-52.88561,-28.72714],[-52.87973,-28.70909],[-52.87417,-28.70627],[-52.85745,-28.71258],[-52.85996,-28.71743],[-52.85364,-28.7237],[-52.84567,-28.71736],[-52.83246,-28.72488],[-52.82444,-28.71544],[-52.82293,-28.70947],[-52.81535,-28.70953],[-52.81075,-28.70467],[-52.8211,-28.68798],[-52.81946,-28.67859],[-52.80723,-28.67978],[-52.80832,-28.68792],[-52.80087,-28.69027],[-52.79175,-28.68791],[-52.78391,-28.70017],[-52.77467,-28.69597],[-52.78257,-28.68108],[-52.77221,-28.67812],[-52.77874,-28.67103],[-52.78174,-28.65709],[-52.76925,-28.6476]]]},"properties":{"CD_MUN":"4321006","NM_MUN":"Tapera","AREA_KM2":179.935}},
{"type":"Feature","geometry":{"type":"Polygon","coordinates":[[[-51.44882,-30.87218],[-51.43859,-30.87097],[-51.42938,-30.87519],[-51.41489,-30.87592],[-51.4092,-30.87849],[-51.39008,-30.87989],[-51.37603,-30.87742],[-51.3727,-30.87254],[-51.38172,-30.86094],[-51.39058,-30.84029],[-51.39579,-30.82025],[-51.39594,-30.80826],[-51.40428,-30.78293],[-51.40381,-30.76677],[-51.40583,-30.75675],[-51.40088,-30.71712],[-51.39813,-30.71014],[-51.38947,-30.66462],[-51.38093,-30.64347],[-51.3641,-30.63324],[-51.34789,-30.63151],[-51.33461,-30.63379],[-51.31884,-30.64615],[-51.31686,-30.65433],[-51.31944,-30.66349],[-51.31659,-30.67656],[-51.31916,-30.68216],[-51.31396,-30.6885],[-51.31693,-30.69735],[-51.31487,-30.70527],[-51.30297,-30.72207],[-51.29704,-30.73999],[-51.29335,-30.76478],[-51.29396,-30.77089],[-51.3005,-30.78004],[-51.31177,-30.78864],[-51.29808,-30.79191],[-51.28114,-30.80167],[-51.29414,-30.75156],[-51.29488,-30.73136],[-51.2931,-30.70768],[-51.30223,-30.63445],[-51.30356,-30.60944],[-51.30335,-30.58855],[-51.29841,-30.55909],[-51.27915,-30.5104],[-51.26538,-30.47977],[-51.2759,-30.47074],[-51.39686,-30.49549],[-51.39221,-30.48913],[-51.40583,-30.4876],[-51.42106,-30.48311],[-51.43969,-30.49428],[-51.46523,-30.49842],[-51.47273,-30.50336],[-51.47965,-30.49993],[-51.49131,-30.5026],[-51.4987,-30.52141],[-51.5003,-30.53292],[-51.50878,-30.54021],[-51.51916,-30.55963],[-51.52554,-30.57711],[-51.53884,-30.59343],[-51.53988,-30.60588],[-51.55138,-30.6365],[-51.55959,-30.64435],[-51.56328,-30.65702],[-51.57235,-30.67787],[-51.57959,-30.70262],[-51.59115,-30.71493],[-51.60769,-30.71987],[-51.63034,-30.74482],[-51.61624,-30.75],[-51.61387,-30.75506],[-51.60109,-30.75541],[-51.59012,-30.76022],[-51.58068,-30.76846],[-51.58025,-30.77312],[-51.56143,-30.78644],[-51.53446,-30.80157],[-51.52835,-30.82117],[-51.52277,-30.83337],[-51.50073,-30.8528],[-51.49564,-30.86717],[-51.4865,-30.87151],[-51.48731,-30.87735],[-51.47661,-30.88238],[-51.46313,-30.87108],[-51.44882,-30.87218]]]},"properties":{"CD_MUN":"4321105","NM_MUN":"Tapes","AREA_KM2":805.452}},
{"type":"Feature","geometry":{"type":"Polygon","coordinates":[[[-50.68411,-29.67683],[-50.67468,-29.66441],[-50.66702,-29.66023],[-50.668,-29.65138],[-50.6639,-29.64383],[-50.64199,-29.61836],[-50.63758,-29.60999],[-50.62297,-29.60412],[-50.61576,-29.59684],[-50.60294,-29.58911],[-50.60303,-29.58188],[-50.59037,-29.56639],[-50.58765,-29.55955],[-50.59005,-29.55327],[-50.60237,-29.55182],[-50.61034,-29.55732],[-50.63086,-29.5586],[-50.65115,-29.50248],[-50.6605,-29.50631],[-50.67413,-29.48786],[-50.67507,-29.47177],[-50.68815,-29.48356],[-50.70044,-29.48701],[-50.6983,-29.49627],[-50.71556,-29.51636],[-50.71006,-29.52226],[-50.7011,-29.54697],[-50.69361,-29.55323],[-50.69099,-29.56479],[-50.69597,-29.57492],[-50.69249,-29.58794],[-50.69637,-29.59232],[-50.71977,-29.58953],[-50.7344,-29.58432],[-50.75148,-29.5828],[-50.75667,-29.59098],[-50.75478,-29.60354],[-50.76153,-29.60788],[-50.80596,-29.61743],[-50.8095,-29.62574],[-50.80076,-29.64346],[-50.80679,-29.6508],[-50.7963,-29.66767],[-50.79964,-29.67868],[-50.81128,-29.68596],[-50.82348,-29.6851],[-50.82835,-29.69942],[-50.83912,-29.71396],[-50.83973,-29.72475],[-50.85537,-29.71722],[-50.8554,-29.72535],[-50.86904,-29.7297],[-50.87142,-29.71998],[-50.87877,-29.71236],[-50.87306,-29.70303],[-50.87618,-29.69472],[-50.88786,-29.70077],[-50.89773,-29.69768],[-50.91797,-29.68759],[-50.92656,-29.67557],[-50.936,-29.67269],[-50.94668,-29.67931],[-50.94157,-29.69118],[-50.9469,-29.69311],[-50.94747,-29.70968],[-50.94211,-29.71871],[-50.94138,-29.73221],[-50.93758,-29.73499],[-50.93917,-29.7593],[-50.93424,-29.7691],[-50.94011,-29.77625],[-50.94743,-29.77661],[-50.95774,-29.78928],[-50.86365,-29.78914],[-50.85841,-29.79334],[-50.84509,-29.78467],[-50.83547,-29.76574],[-50.82223,-29.76535],[-50.81204,-29.77376],[-50.80103,-29.77508],[-50.787,-29.76628],[-50.77285,-29.77619],[-50.7676,-29.77241],[-50.75146,-29.77346],[-50.72831,-29.76925],[-50.71518,-29.77438],[-50.71216,-29.78197],[-50.69367,-29.79015],[-50.70176,-29.7754],[-50.70662,-29.77125],[-50.71266,-29.7557],[-50.70024,-29.75863],[-50.6865,-29.74646],[-50.69296,-29.73699],[-50.69856,-29.71393],[-50.69482,-29.71305],[-50.68553,-29.69917],[-50.68411,-29.67683]]]},"properties":{"CD_MUN":"4321204","NM_MUN":"Taquara","AREA_KM2":452.572}},
{"type":"Feature","geometry":{"type":"Polygon","coordinates":[[[-51.94298,-29.75865],[-51.92511,-29.76111],[-51.91028,-29.76658],[-51.91011,-29.77672],[-51.9206,-29.7856],[-51.92038,-29.79248],[-51.91402,-29.80844],[-51.90441,-29.81149],[-51.89373,-29.80436],[-51.88645,-29.80402],[-51.87143,-29.81588],[-51.84078,-29.82377],[-51.82765,-29.83855],[-51.81554,-29.86182],[-51.8013,-29.86246],[-51.78182,-29.86028],[-51.76975,-29.86167],[-51.748,-29.852],[-51.73403,-29.85346],[-51.71642,-29.86074],[-51.72014,-29.85187],[-51.73178,-29.84474],[-51.73018,-29.83527],[-51.7449,-29.83447],[-51.74927,-29.8254],[-51.75834,-29.81879],[-51.75549,-29.81295],[-51.7577,-29.79207],[-51.74721,-29.77948],[-51.749,-29.77354],[-51.73641,-29.75652],[-51.71874,-29.74284],[-51.71909,-29.72341],[-51.72423,-29.71574],[-51.7428,-29.71178],[-51.75382,-29.7226],[-51.75608,-29.73325],[-51.77568,-29.73268],[-51.77896,-29.7255],[-51.78666,-29.72023],[-51.79353,-29.72032],[-51.79807,-29.71347],[-51.77901,-29.69714],[-51.77074,-29.69562],[-51.77613,-29.68363],[-51.78353,-29.68326],[-51.7878,-29.67288],[-51.78229,-29.66659],[-51.77987,-29.65318],[-51.77197,-29.65654],[-51.76356,-29.65475],[-51.76058,-29.64924],[-51.76884,-29.64186],[-51.77559,-29.62908],[-51.77636,-29.62081],[-51.78603,-29.61582],[-51.79869,-29.6142],[-51.80318,-29.62672],[-51.81444,-29.63542],[-51.82676,-29.64877],[-51.84793,-29.63925],[-51.85396,-29.6422],[-51.86003,-29.6377],[-51.8718,-29.63841],[-51.87354,-29.64258],[-51.87489,-29.64975],[-51.87074,-29.6632],[-51.88112,-29.67097],[-51.89417,-29.66716],[-51.90753,-29.66821],[-51.91527,-29.6765],[-51.91545,-29.6825],[-51.92495,-29.69361],[-51.93855,-29.69999],[-51.94029,-29.70502],[-51.95581,-29.70753],[-51.95419,-29.7128],[-51.94365,-29.73814],[-51.94525,-29.75325],[-51.94298,-29.75865]]]},"properties":{"CD_MUN":"4321303","NM_MUN":"Taquari","AREA_KM2":349.967}},
{"type":"Feature","geometry":{"type":"Polygon","coordinates":[[[-53.42711,-27.4236],[-53.42464,-27.41592],[-53.42512,-27.40149],[-53.43692,-27.40122],[-53.43702,-27.38946],[-53.43064,-27.38352],[-53.44211,-27.36483],[-53.46053,-27.35114],[-53.46419,-27.36561],[-53.47552,-27.37649],[-53.48065,-27.38762],[-53.49944,-27.39026],[-53.51665,-27.39511],[-53.53198,-27.38745],[-53.53704,-27.39271],[-53.55078,-27.39441],[-53.5625,-27.40257],[-53.57183,-27.40497],[-53.5624,-27.418],[-53.55036,-27.41461],[-53.54559,-27.42069],[-53.54524,-27.42936],[-53.53456,-27.42709],[-53.53034,-27.43339],[-53.52071,-27.43205],[-53.50565,-27.43385],[-53.50756,-27.44368],[-53.50601,-27.45749],[-53.49888,-27.45026],[-53.4925,-27.45022],[-53.45882,-27.43702],[-53.42711,-27.4236]]]},"properties":{"CD_MUN":"4321329","NM_MUN":"Taquaruçu do Sul","AREA_KM2":76.917}},
{"type":"Feature","geometry":{"type":"Polygon","coordinates":[[[-50.84213,-31.19003],[-50.96225,-31.18325],[-50.98562,-31.20624],[-51.02595,-31.182],[-51.03366,-31.17492],[-51.05275,-31.16395],[-51.08654,-31.1602],[-51.08464,-31.15639],[-51.1172,-31.15076],[-51.12525,-31.1339],[-51.12272,-31.12904],[-51.13384,-31.1234],[-51.17899,-31.1342],[-51.17859,-31.14502],[-51.1688,-31.17455],[-51.16331,-31.19732],[-51.15768,-31.23777],[-51.15647,-31.26421],[-51.15748,-31.28471],[-51.1606,-31.30171],[-51.16679,-31.3248],[-51.17911,-31.36498],[-51.19477,-31.39817],[-51.20388,-31.41364],[-51.21538,-31.42757],[-51.22504,-31.44225],[-51.23754,-31.45744],[-51.19364,-31.49805],[-51.18596,-31.50439],[-51.10401,-31.42143],[-51.07742,-31.39538],[-51.04008,-31.35995],[-50.97037,-31.30487],[-50.92401,-31.26644],[-50.87914,-31.22704],[-50.84213,-31.19003]]]},"properties":{"CD_MUN":"4321352","NM_MUN":"Tavares","AREA_KM2":610.106}},
{"type":"Feature","geometry":{"type":"Polygon","coordinates":[[[-53.64157,-27.3424],[-53.65283,-27.33921],[-53.65269,-27.33433],[-53.63855,-27.33098],[-53.6627,-27.31591],[-53.67211,-27.32122],[-53.68781,-27.32072],[-53.68814,-27.30771],[-53.69947,-27.30652],[-53.70982,-27.31174],[-53.72117,-27.30602],[-53.72899,-27.30552],[-53.7467,-27.29289],[-53.75474,-27.27831],[-53.76361,-27.27901],[-53.77013,-27.26211],[-53.77773,-27.26516],[-53.78076,-27.28438],[-53.78703,-27.30289],[-53.79702,-27.30364],[-53.80219,-27.30724],[-53.81307,-27.30741],[-53.82097,-27.31246],[-53.82333,-27.3195],[-53.83708,-27.32036],[-53.85144,-27.32424],[-53.88529,-27.3251],[-53.89512,-27.33162],[-53.90587,-27.33312],[-53.89627,-27.34478],[-53.87818,-27.33721],[-53.86956,-27.34751],[-53.86937,-27.35211],[-53.89339,-27.35514],[-53.88533,-27.36928],[-53.88781,-27.37488],[-53.8997,-27.38151],[-53.89186,-27.39582],[-53.88182,-27.38913],[-53.87483,-27.39969],[-53.87441,-27.40493],[-53.87965,-27.41782],[-53.86473,-27.41325],[-53.8558,-27.40678],[-53.847,-27.41449],[-53.85141,-27.42912],[-53.84472,-27.44144],[-53.83585,-27.43706],[-53.82563,-27.43888],[-53.81982,-27.44553],[-53.81204,-27.44043],[-53.8005,-27.43907],[-53.79551,-27.44326],[-53.78783,-27.44081],[-53.76725,-27.44463],[-53.75949,-27.45063],[-53.75151,-27.44744],[-53.73612,-27.45464],[-53.71853,-27.44774],[-53.70012,-27.44684],[-53.68087,-27.44841],[-53.67087,-27.43235],[-53.66637,-27.43251],[-53.64809,-27.41934],[-53.63941,-27.41298],[-53.65456,-27.40367],[-53.64983,-27.38753],[-53.655,-27.37811],[-53.65208,-27.37223],[-53.6665,-27.3706],[-53.64672,-27.34494],[-53.64157,-27.3424]]]},"properties":{"CD_MUN":"4321402","NM_MUN":"Tenente Portela","AREA_KM2":337.495}},
{"type":"Feature","geometry":{"type":"Polygon","coordinates":[[[-49.92216,-29.60717],[-49.96128,-29.60487],[-49.98618,-29.60123],[-49.99145,-29.60206],[-50.00732,-29.5903],[-50.01779,-29.58023],[-50.03047,-29.55942],[-50.02954,-29.54719],[-50.02048,-29.54462],[-50.00999,-29.54678],[-50.00425,-29.53689],[-50.0144,-29.54112],[-50.05192,-29.54175],[-50.05489,-29.54639],[-50.06867,-29.55111],[-50.07532,-29.54537],[-50.09063,-29.54784],[-50.1094,-29.55948],[-50.11187,-29.57397],[-50.12268,-29.58187],[-50.1324,-29.59187],[-50.15191,-29.60028],[-50.16167,-29.61142],[-50.16292,-29.62487],[-50.15433,-29.63211],[-50.14921,-29.63137],[-50.12148,-29.64854],[-50.04907,-29.65366],[-50.04248,-29.64326],[-50.02733,-29.63686],[-50.02172,-29.63104],[-50.00975,-29.62962],[-49.99433,-29.62006],[-49.99044,-29.60669],[-49.9337,-29.62506],[-49.92216,-29.60717]]]},"properties":{"CD_MUN":"4321436","NM_MUN":"Terra de Areia","AREA_KM2":142.304}},
{"type":"Feature","geometry":{"type":"Polygon","coordinates":[[[-51.79826,-29.38974],[-51.81241,-29.40611],[-51.84235,-29.42396],[-51.84743,-29.46505],[-51.85821,-29.48815],[-51.86697,-29.5151],[-51.87171,-29.5189],[-51.87249,-29.54392],[-51.86518,-29.54041],[-51.84472,-29.53628],[-51.82995,-29.53524],[-51.82608,-29.53063],[-51.81676,-29.52937],[-51.8095,-29.51907],[-51.79368,-29.51911],[-51.78868,-29.51634],[-51.76674,-29.51699],[-51.76721,-29.51997],[-51.73273,-29.52353],[-51.7312,-29.50761],[-51.69098,-29.50829],[-51.69077,-29.50076],[-51.69042,-29.48777],[-51.66808,-29.48748],[-51.66937,-29.48086],[-51.67053,-29.47079],[-51.69089,-29.47074],[-51.69123,-29.42353],[-51.69121,-29.41507],[-51.73919,-29.41438],[-51.74032,-29.45362],[-51.74413,-29.46222],[-51.75659,-29.46054],[-51.76867,-29.46414],[-51.77244,-29.45665],[-51.78159,-29.46138],[-51.78106,-29.38794],[-51.79826,-29.38974]]]},"properties":{"CD_MUN":"4321451","NM_MUN":"Teutônia","AREA_KM2":177.795}},
{"type":"Feature","geometry":{"type":"Polygon","coordinates":[[[-52.61479,-28.63698],[-52.60847,-28.64017],[-52.60255,-28.63488],[-52.59863,-28.6451],[-52.58948,-28.64802],[-52.58082,-28.64353],[-52.5791,-28.65209],[-52.57128,-28.64965],[-52.56446,-28.65402],[-52.55129,-28.6468],[-52.5459,-28.63979],[-52.54438,-28.62433],[-52.55143,-28.61478],[-52.556,-28.61467],[-52.56182,-28.60627],[-52.58038,-28.60078],[-52.5806,-28.58189],[-52.5605,-28.57302],[-52.55538,-28.56251],[-52.5441,-28.56353],[-52.54617,-28.54738],[-52.55226,-28.54319],[-52.55232,-28.5298],[-52.57318,-28.52468],[-52.57835,-28.5187],[-52.59536,-28.51542],[-52.60435,-28.51094],[-52.61056,-28.51701],[-52.6178,-28.51787],[-52.62562,-28.52443],[-52.63524,-28.51951],[-52.64521,-28.52817],[-52.64622,-28.5414],[-52.63748,-28.55009],[-52.63738,-28.57188],[-52.64045,-28.58042],[-52.63598,-28.58603],[-52.64663,-28.60649],[-52.66057,-28.61163],[-52.65704,-28.62057],[-52.63829,-28.62823],[-52.62923,-28.62664],[-52.62858,-28.6353],[-52.6175,-28.64157],[-52.61479,-28.63698]]]},"properties":{"CD_MUN":"4321469","NM_MUN":"Tio Hugo","AREA_KM2":113.944}},
{"type":"Feature","geometry":{"type":"Polygon","coordinates":[[[-54.21742,-27.385],[-54.21767,-27.40322],[-54.20424,-27.40067],[-54.19972,-27.39603],[-54.18527,-27.39328],[-54.18776,-27.4015],[-54.19524,-27.40558],[-54.18447,-27.41233],[-54.16996,-27.41101],[-54.17102,-27.39753],[-54.16182,-27.39796],[-54.16278,-27.40529],[-54.14917,-27.40229],[-54.14071,-27.40671],[-54.15076,-27.41319],[-54.14854,-27.42042],[-54.13578,-27.41241],[-54.13398,-27.42704],[-54.11795,-27.41753],[-54.11515,-27.42332],[-54.12448,-27.43076],[-54.12423,-27.43543],[-54.11233,-27.44058],[-54.10184,-27.43736],[-54.09452,-27.44746],[-54.08724,-27.44476],[-54.0795,-27.44715],[-54.07151,-27.44207],[-54.06622,-27.44413],[-54.07016,-27.45663],[-54.05077,-27.4497],[-54.0376,-27.45211],[-54.02533,-27.45078],[-54.01377,-27.42037],[-54.00817,-27.416],[-54.02341,-27.40377],[-54.02491,-27.40023],[-54.03005,-27.38848],[-54.03034,-27.37866],[-54.0395,-27.36712],[-54.0547,-27.35888],[-54.05972,-27.34597],[-54.07875,-27.32464],[-54.07902,-27.31874],[-54.09132,-27.32039],[-54.10621,-27.31163],[-54.11146,-27.3025],[-54.13276,-27.3015],[-54.1549,-27.29686],[-54.16017,-27.28757],[-54.15619,-27.28004],[-54.15577,-27.269],[-54.16209,-27.25609],[-54.17419,-27.25491],[-54.18656,-27.26491],[-54.1942,-27.29233],[-54.19334,-27.30846],[-54.20479,-27.32784],[-54.21331,-27.35124],[-54.21303,-27.37513],[-54.21742,-27.385]]]},"properties":{"CD_MUN":"4321477","NM_MUN":"Tiradentes do Sul","AREA_KM2":236.653}},
{"type":"Feature","geometry":{"type":"Polygon","coordinates":[[[-54.34215,-29.54932],[-54.31487,-29.54807],[-54.31263,-29.54093],[-54.30409,-29.53909],[-54.30132,-29.53111],[-54.28487,-29.52491],[-54.27885,-29.51766],[-54.26197,-29.50625],[-54.2563,-29.49929],[-54.24761,-29.50638],[-54.24266,-29.50096],[-54.23928,-29.48934],[-54.23239,-29.48509],[-54.22405,-29.49246],[-54.21563,-29.49377],[-54.20631,-29.48369],[-54.19444,-29.49242],[-54.19123,-29.48245],[-54.19105,-29.4763],[-54.19815,-29.47391],[-54.19483,-29.46009],[-54.20027,-29.4545],[-54.21042,-29.45002],[-54.19549,-29.43928],[-54.19795,-29.42873],[-54.20865,-29.42635],[-54.22512,-29.41024],[-54.24568,-29.41149],[-54.26676,-29.40969],[-54.27676,-29.41117],[-54.27389,-29.41717],[-54.27811,-29.4231],[-54.2908,-29.4206],[-54.29634,-29.41578],[-54.31234,-29.41492],[-54.30818,-29.43183],[-54.32021,-29.43199],[-54.34368,-29.42904],[-54.34993,-29.41963],[-54.36225,-29.41721],[-54.37061,-29.41047],[-54.37637,-29.42908],[-54.39178,-29.4373],[-54.39465,-29.45207],[-54.39513,-29.4523],[-54.3882,-29.46274],[-54.38887,-29.47038],[-54.38366,-29.49942],[-54.37482,-29.50239],[-54.36348,-29.51626],[-54.36188,-29.52453],[-54.35606,-29.52591],[-54.35298,-29.54427],[-54.34215,-29.54932]]]},"properties":{"CD_MUN":"4321493","NM_MUN":"Toropi","AREA_KM2":198.316}},
{"type":"Feature","geometry":{"type":"Polygon","coordinates":[[[-49.80347,-29.44359],[-49.76792,-29.39848],[-49.73797,-29.36146],[-49.732,-29.35824],[-49.73036,-29.35016],[-49.7158,-29.3324],[-49.72325,-29.32651],[-49.73079,-29.32906],[-49.74658,-29.3238],[-49.73942,-29.31477],[-49.7421,-29.29882],[-49.7494,-29.29736],[-49.76234,-29.30026],[-49.77693,-29.29652],[-49.78012,-29.29072],[-49.79256,-29.28604],[-49.79943,-29.28746],[-49.81573,-29.28587],[-49.82969,-29.27596],[-49.84363,-29.27762],[-49.84354,-29.25931],[-49.85468,-29.2573],[-49.85262,-29.24441],[-49.85864,-29.24162],[-49.8571,-29.23306],[-49.86953,-29.22438],[-49.90155,-29.21529],[-49.88894,-29.2418],[-49.88673,-29.25839],[-49.88524,-29.26085],[-49.89714,-29.28176],[-49.88862,-29.3124],[-49.85854,-29.31277],[-49.83063,-29.32362],[-49.81504,-29.33898],[-49.82893,-29.35686],[-49.8188,-29.37979],[-49.80264,-29.39189],[-49.82119,-29.41135],[-49.83552,-29.42423],[-49.80347,-29.44359]]]},"properties":{"CD_MUN":"4321501","NM_MUN":"Torres","AREA_KM2":161.627}},
{"type":"Feature","geometry":{"type":"Polygon","coordinates":[[[-50.17031,-30.09706],[-50.15797,-30.06652],[-50.13005,-30.00467],[-50.11924,-29.97617],[-50.13932,-29.98324],[-50.15505,-29.98665],[-50.17738,-29.98915],[-50.18474,-29.99504],[-50.20219,-29.98118],[-50.22084,-29.97746],[-50.22965,-29.9669],[-50.24429,-29.9844],[-50.26776,-30.0007],[-50.2874,-30.01199],[-50.30686,-30.02136],[-50.31761,-30.03238],[-50.32607,-30.03625],[-50.33961,-30.03443],[-50.34651,-30.03905],[-50.34869,-30.05324],[-50.34283,-30.061],[-50.33451,-30.06506],[-50.30684,-30.06734],[-50.30268,-30.06051],[-50.28866,-30.05482],[-50.27356,-30.04378],[-50.2647,-30.05297],[-50.25698,-30.0653],[-50.25072,-30.06088],[-50.23325,-30.05631],[-50.22108,-30.05113],[-50.21163,-30.04145],[-50.19981,-30.04044],[-50.19138,-30.04921],[-50.18822,-30.05734],[-50.1953,-30.0715],[-50.20584,-30.07159],[-50.2107,-30.0833],[-50.17031,-30.09706]]]},"properties":{"CD_MUN":"4321600","NM_MUN":"Tramandaí","AREA_KM2":142.878}},
{"type":"Feature","geometry":{"type":"Polygon","coordinates":[[[-52.16621,-29.22657],[-52.1536,-29.22281],[-52.15147,-29.23594],[-52.15856,-29.24735],[-52.15815,-29.25717],[-52.14202,-29.25831],[-52.13631,-29.27658],[-52.12735,-29.27518],[-52.12035,-29.27796],[-52.11894,-29.28733],[-52.10634,-29.29115],[-52.10547,-29.30057],[-52.0878,-29.30251],[-52.09162,-29.31008],[-52.10077,-29.31962],[-52.09225,-29.32156],[-52.08933,-29.33283],[-52.07764,-29.32794],[-52.06413,-29.33006],[-52.06039,-29.33557],[-52.06808,-29.34341],[-52.06366,-29.35405],[-52.03664,-29.35394],[-52.03669,-29.34093],[-52.03351,-29.32876],[-52.03701,-29.32868],[-52.03665,-29.26763],[-52.04216,-29.26295],[-52.04203,-29.25143],[-52.05754,-29.25041],[-52.06551,-29.25995],[-52.07397,-29.26409],[-52.07282,-29.27046],[-52.11224,-29.27063],[-52.1134,-29.23282],[-52.12092,-29.22798],[-52.1212,-29.21701],[-52.14035,-29.21655],[-52.14198,-29.20742],[-52.15021,-29.21303],[-52.15868,-29.21388],[-52.16941,-29.22042],[-52.16621,-29.22657]]]},"properties":{"CD_MUN":"4321626","NM_MUN":"Travesseiro","AREA_KM2":80.681}},
{"type":"Feature","geometry":{"type":"Polygon","coordinates":[[[-52.18565,-27.56814],[-52.1871,-27.54361],[-52.18031,-27.53527],[-52.16659,-27.53137],[-52.16135,-27.53324],[-52.15202,-27.54416],[-52.1356,-27.54689],[-52.13011,-27.53859],[-52.13238,-27.51752],[-52.10725,-27.51641],[-52.10695,-27.50752],[-52.0888,-27.50768],[-52.07834,-27.50656],[-52.08,-27.49633],[-52.06703,-27.49173],[-52.06707,-27.48027],[-52.1079,-27.48095],[-52.10864,-27.47517],[-52.13296,-27.46549],[-52.1447,-27.47781],[-52.15853,-27.46766],[-52.16256,-27.45653],[-52.16866,-27.45891],[-52.18062,-27.4438],[-52.19353,-27.44253],[-52.19009,-27.42771],[-52.1943,-27.41883],[-52.19419,-27.40836],[-52.22919,-27.4079],[-52.23639,-27.41128],[-52.2346,-27.42113],[-52.23899,-27.4318],[-52.23712,-27.43827],[-52.24313,-27.4457],[-52.23674,-27.45785],[-52.2436,-27.46318],[-52.23805,-27.47248],[-52.23867,-27.48235],[-52.23732,-27.50107],[-52.23097,-27.50072],[-52.22619,-27.51029],[-52.22666,-27.52897],[-52.21872,-27.52963],[-52.21743,-27.54179],[-52.22733,-27.54256],[-52.22743,-27.55175],[-52.23818,-27.54347],[-52.23718,-27.56926],[-52.18565,-27.56814]]]},"properties":{"CD_MUN":"4321634","NM_MUN":"Três Arroios","AREA_KM2":148.601}},
{"type":"Feature","geometry":{"type":"Polygon","coordinates":[[[-49.83552,-29.42423],[-49.86356,-29.41855],[-49.86532,-29.41412],[-49.88222,-29.4102],[-49.88722,-29.3989],[-49.89486,-29.39583],[-49.89673,-29.38802],[-49.89017,-29.38302],[-49.89069,-29.37225],[-49.90267,-29.37696],[-49.92854,-29.39507],[-49.94371,-29.40189],[-49.95312,-29.40032],[-49.961,-29.40559],[-49.98151,-29.3981],[-50.02431,-29.43233],[-50.02035,-29.42287],[-50.03227,-29.42242],[-50.04842,-29.43302],[-50.06337,-29.45346],[-50.07746,-29.46381],[-50.07343,-29.47062],[-50.06313,-29.47293],[-50.05663,-29.47956],[-50.0469,-29.48181],[-50.03612,-29.48048],[-50.02448,-29.48262],[-50.01971,-29.49662],[-50.01315,-29.50268],[-50.02494,-29.51681],[-50.01482,-29.52287],[-50.00425,-29.53689],[-50.00999,-29.54678],[-50.02048,-29.54462],[-50.02954,-29.54719],[-50.03047,-29.55942],[-50.01779,-29.58023],[-50.00732,-29.5903],[-49.99145,-29.60206],[-49.98618,-29.60123],[-49.92388,-29.51739],[-49.87016,-29.44732],[-49.83552,-29.42423]]]},"properties":{"CD_MUN":"4321667","NM_MUN":"Três Cachoeiras","AREA_KM2":251.483}},
{"type":"Feature","geometry":{"type":"Polygon","coordinates":[[[-50.90808,-29.51628],[-50.89479,-29.51833],[-50.87458,-29.51252],[-50.86362,-29.52518],[-50.81677,-29.52491],[-50.79039,-29.53488],[-50.77287,-29.53631],[-50.77033,-29.54012],[-50.74163,-29.53535],[-50.71556,-29.51636],[-50.6983,-29.49627],[-50.70044,-29.48701],[-50.68815,-29.48356],[-50.68901,-29.47397],[-50.71522,-29.4557],[-50.72729,-29.4543],[-50.72612,-29.4477],[-50.71767,-29.43694],[-50.70497,-29.42482],[-50.70464,-29.41903],[-50.69502,-29.41159],[-50.68476,-29.40687],[-50.68819,-29.40356],[-50.7011,-29.40483],[-50.7218,-29.40408],[-50.73377,-29.40979],[-50.75572,-29.41657],[-50.7639,-29.41299],[-50.77248,-29.42547],[-50.76751,-29.43888],[-50.77618,-29.4416],[-50.78846,-29.43896],[-50.83464,-29.47583],[-50.84863,-29.47379],[-50.85353,-29.47753],[-50.8671,-29.47603],[-50.87517,-29.48052],[-50.8837,-29.48979],[-50.89704,-29.49861],[-50.90742,-29.50021],[-50.90808,-29.51628]]]},"properties":{"CD_MUN":"4321709","NM_MUN":"Três Coroas","AREA_KM2":165.285}},
{"type":"Feature","geometry":{"type":"Polygon","coordinates":[[[-54.19998,-27.59122],[-54.22578,-27.60768],[-54.23609,-27.61052],[-54.2404,-27.61917],[-54.26413,-27.63065],[-54.27432,-27.65751],[-54.28475,-27.67542],[-54.28706,-27.67899],[-54.31228,-27.68758],[-54.32464,-27.69442],[-54.33388,-27.69154],[-54.35199,-27.69531],[-54.36413,-27.69099],[-54.3782,-27.69368],[-54.38558,-27.69819],[-54.40218,-27.69789],[-54.4158,-27.70556],[-54.42088,-27.70214],[-54.4194,-27.71538],[-54.42376,-27.72476],[-54.41115,-27.73043],[-54.40091,-27.72952],[-54.39949,-27.73648],[-54.41433,-27.73416],[-54.41258,-27.74268],[-54.39931,-27.74392],[-54.39716,-27.75441],[-54.38284,-27.77623],[-54.37673,-27.77363],[-54.37498,-27.78859],[-54.38307,-27.79515],[-54.37422,-27.79939],[-54.36507,-27.80934],[-54.36735,-27.81671],[-54.38058,-27.81379],[-54.38244,-27.82197],[-54.36944,-27.82271],[-54.36937,-27.83515],[-54.36309,-27.83708],[-54.35027,-27.83048],[-54.33878,-27.82838],[-54.33316,-27.82142],[-54.32146,-27.82946],[-54.31015,-27.83157],[-54.301,-27.82532],[-54.29395,-27.80637],[-54.2846,-27.80825],[-54.28563,-27.81451],[-54.27404,-27.81789],[-54.26079,-27.81522],[-54.25232,-27.81602],[-54.23149,-27.82213],[-54.22061,-27.8193],[-54.2093,-27.82228],[-54.202,-27.81934],[-54.20175,-27.80711],[-54.19261,-27.8116],[-54.17834,-27.81072],[-54.16165,-27.80116],[-54.1603,-27.79755],[-54.14965,-27.79294],[-54.13925,-27.79667],[-54.12381,-27.79902],[-54.12366,-27.79394],[-54.13109,-27.78645],[-54.12241,-27.77997],[-54.13742,-27.77765],[-54.13936,-27.77071],[-54.12576,-27.76873],[-54.11936,-27.76269],[-54.11162,-27.7619],[-54.11038,-27.75507],[-54.12674,-27.75156],[-54.13051,-27.75841],[-54.14059,-27.75578],[-54.16061,-27.76918],[-54.16856,-27.76988],[-54.18145,-27.7555],[-54.17853,-27.74865],[-54.18849,-27.7426],[-54.19757,-27.73095],[-54.18472,-27.72107],[-54.17919,-27.72035],[-54.16906,-27.70377],[-54.16868,-27.69156],[-54.16886,-27.68165],[-54.16358,-27.67451],[-54.17559,-27.66798],[-54.16663,-27.65416],[-54.15579,-27.64236],[-54.14321,-27.64053],[-54.16287,-27.63169],[-54.16942,-27.63153],[-54.18017,-27.63663],[-54.17614,-27.62258],[-54.16324,-27.62747],[-54.14352,-27.62575],[-54.15503,-27.62197],[-54.16833,-27.61163],[-54.17975,-27.61625],[-54.18885,-27.61477],[-54.1977,-27.60453],[-54.19602,-27.59597],[-54.19998,-27.59122]]]},"properties":{"CD_MUN":"4321808","NM_MUN":"Três de Maio","AREA_KM2":421.461}},
{"type":"Feature","geometry":{"type":"Polygon","coordinates":[[[-50.08421,-29.34945],[-50.09943,-29.33871],[-50.14368,-29.35081],[-50.15518,-29.35524],[-50.17063,-29.37319],[-50.1725,-29.3805],[-50.18242,-29.39062],[-50.18255,-29.4003],[-50.17449,-29.40796],[-50.16997,-29.41902],[-50.16029,-29.42144],[-50.15456,-29.43091],[-50.14767,-29.43601],[-50.13053,-29.44151],[-50.12439,-29.45902],[-50.12597,-29.46455],[-50.11614,-29.47768],[-50.10107,-29.4821],[-50.09837,-29.49112],[-50.09947,-29.50001],[-50.09163,-29.51025],[-50.09324,-29.51722],[-50.08801,-29.52699],[-50.08004,-29.53281],[-50.08055,-29.54199],[-50.07532,-29.54537],[-50.06867,-29.55111],[-50.05489,-29.54639],[-50.05192,-29.54175],[-50.0144,-29.54112],[-50.00425,-29.53689],[-50.01482,-29.52287],[-50.02494,-29.51681],[-50.01315,-29.50268],[-50.01971,-29.49662],[-50.02448,-29.48262],[-50.03612,-29.48048],[-50.0469,-29.48181],[-50.05663,-29.47956],[-50.06313,-29.47293],[-50.07343,-29.47062],[-50.07746,-29.46381],[-50.06337,-29.45346],[-50.04842,-29.43302],[-50.03227,-29.42242],[-50.03353,-29.41837],[-50.02175,-29.41211],[-50.00972,-29.40112],[-50.0136,-29.39042],[-50.01226,-29.38506],[-50.01943,-29.38035],[-50.02029,-29.3741],[-50.01669,-29.36284],[-50.00697,-29.36136],[-50.00455,-29.35298],[-50.01705,-29.34611],[-50.03005,-29.34251],[-50.03404,-29.34961],[-50.041,-29.35507],[-50.05285,-29.35693],[-50.06013,-29.3648],[-50.0752,-29.35847],[-50.08421,-29.34945]]]},"properties":{"CD_MUN":"4321832","NM_MUN":"Três Forquilhas","AREA_KM2":217.386}},
{"type":"Feature","geometry":{"type":"Polygon","coordinates":[[[-52.86864,-27.67154],[-52.85658,-27.67353],[-52.83596,-27.67375],[-52.82348,-27.67117],[-52.82084,-27.67781],[-52.77473,-27.68147],[-52.77318,-27.69354],[-52.76005,-27.69092],[-52.75271,-27.68336],[-52.75522,-27.67116],[-52.75145,-27.66691],[-52.75208,-27.65604],[-52.74646,-27.64699],[-52.75516,-27.63749],[-52.75849,-27.6285],[-52.75472,-27.62484],[-52.73999,-27.62641],[-52.75689,-27.61309],[-52.76694,-27.60891],[-52.75906,-27.59921],[-52.73626,-27.60445],[-52.73964,-27.59494],[-52.7342,-27.59095],[-52.75449,-27.59142],[-52.76811,-27.58475],[-52.7823,-27.58437],[-52.7873,-27.59091],[-52.79874,-27.5958],[-52.81094,-27.59416],[-52.8203,-27.59691],[-52.82573,-27.59069],[-52.8326,-27.57484],[-52.84393,-27.56375],[-52.84112,-27.54928],[-52.84887,-27.54451],[-52.86445,-27.55283],[-52.87867,-27.55278],[-52.892,-27.54911],[-52.90497,-27.55836],[-52.90701,-27.56305],[-52.92326,-27.56447],[-52.93039,-27.56156],[-52.93675,-27.56976],[-52.95041,-27.57683],[-52.95524,-27.5728],[-52.9627,-27.5811],[-52.95795,-27.58806],[-52.94646,-27.58825],[-52.92884,-27.59463],[-52.91879,-27.60909],[-52.90516,-27.61146],[-52.89353,-27.62685],[-52.88813,-27.62912],[-52.88307,-27.64212],[-52.88474,-27.64542],[-52.8764,-27.65338],[-52.87545,-27.66017],[-52.86864,-27.67154]]]},"properties":{"CD_MUN":"4321857","NM_MUN":"Três Palmeiras","AREA_KM2":180.599}},
{"type":"Feature","geometry":{"type":"Polygon","coordinates":[[[-53.98137,-27.52424],[-53.95846,-27.5268],[-53.94607,-27.5209],[-53.93667,-27.52225],[-53.92252,-27.51883],[-53.90633,-27.52977],[-53.89275,-27.52095],[-53.88467,-27.51088],[-53.88474,-27.50433],[-53.87435,-27.50398],[-53.86115,-27.49909],[-53.8451,-27.49927],[-53.84058,-27.50151],[-53.83041,-27.4948],[-53.82734,-27.48916],[-53.83322,-27.4833],[-53.8259,-27.47209],[-53.83522,-27.46551],[-53.82892,-27.46214],[-53.84137,-27.4542],[-53.8432,-27.44624],[-53.83358,-27.44539],[-53.82563,-27.43888],[-53.83585,-27.43706],[-53.84472,-27.44144],[-53.85141,-27.42912],[-53.847,-27.41449],[-53.8558,-27.40678],[-53.86473,-27.41325],[-53.87965,-27.41782],[-53.87441,-27.40493],[-53.87483,-27.39969],[-53.88182,-27.38913],[-53.89186,-27.39582],[-53.8997,-27.38151],[-53.88781,-27.37488],[-53.88533,-27.36928],[-53.89339,-27.35514],[-53.86937,-27.35211],[-53.86956,-27.34751],[-53.87818,-27.33721],[-53.89627,-27.34478],[-53.90587,-27.33312],[-53.91165,-27.32547],[-53.9183,-27.3234],[-53.93333,-27.33962],[-53.93619,-27.35511],[-53.94728,-27.35801],[-53.95522,-27.37091],[-53.97928,-27.38958],[-53.99333,-27.38763],[-54.02491,-27.40023],[-54.02341,-27.40377],[-54.00817,-27.416],[-54.01377,-27.42037],[-54.02533,-27.45078],[-54.0376,-27.45211],[-54.02533,-27.46033],[-54.0321,-27.46833],[-54.02059,-27.47846],[-54.00666,-27.47304],[-54.00414,-27.48022],[-53.99426,-27.49123],[-53.99739,-27.49834],[-53.97439,-27.51378],[-53.98137,-27.52424]]]},"properties":{"CD_MUN":"4321907","NM_MUN":"Três Passos","AREA_KM2":268.902}},
{"type":"Feature","geometry":{"type":"Polygon","coordinates":[[[-52.9627,-27.5811],[-52.95524,-27.5728],[-52.95041,-27.57683],[-52.93675,-27.56976],[-52.93039,-27.56156],[-52.92326,-27.56447],[-52.90701,-27.56305],[-52.90497,-27.55836],[-52.892,-27.54911],[-52.87867,-27.55278],[-52.86445,-27.55283],[-52.84887,-27.54451],[-52.84112,-27.54928],[-52.84393,-27.56375],[-52.8326,-27.57484],[-52.82573,-27.59069],[-52.8203,-27.59691],[-52.81094,-27.59416],[-52.79874,-27.5958],[-52.7873,-27.59091],[-52.7823,-27.58437],[-52.76811,-27.58475],[-52.76102,-27.57956],[-52.7554,-27.58384],[-52.74778,-27.58002],[-52.74796,-27.57073],[-52.73971,-27.56037],[-52.74537,-27.54745],[-52.75034,-27.54752],[-52.75492,-27.55552],[-52.76599,-27.55058],[-52.75332,-27.54495],[-52.7472,-27.53838],[-52.76168,-27.52496],[-52.75711,-27.51274],[-52.76873,-27.50962],[-52.77663,-27.5114],[-52.78336,-27.50111],[-52.79477,-27.50311],[-52.79997,-27.49617],[-52.81256,-27.50325],[-52.81848,-27.50275],[-52.82823,-27.50437],[-52.83603,-27.49396],[-52.85414,-27.48621],[-52.86565,-27.47126],[-52.88045,-27.47076],[-52.88493,-27.47322],[-52.90084,-27.47323],[-52.90368,-27.46722],[-52.94329,-27.47927],[-52.96094,-27.47753],[-52.97185,-27.48569],[-52.98226,-27.48356],[-52.98517,-27.47861],[-52.99621,-27.48126],[-53.00441,-27.47625],[-53.0062,-27.46793],[-53.01666,-27.46169],[-53.02025,-27.45568],[-53.02938,-27.45816],[-53.03546,-27.45398],[-53.03968,-27.46906],[-53.05082,-27.47312],[-53.04238,-27.48028],[-53.02402,-27.48359],[-53.02684,-27.49941],[-53.0153,-27.50964],[-53.02288,-27.51868],[-53.04933,-27.52959],[-53.04803,-27.53397],[-53.02757,-27.54337],[-53.03051,-27.55079],[-53.00683,-27.56195],[-53.00825,-27.57331],[-52.99999,-27.57921],[-52.99342,-27.57706],[-52.97679,-27.58472],[-52.9627,-27.5811]]]},"properties":{"CD_MUN":"4321956","NM_MUN":"Trindade do Sul","AREA_KM2":268.417}},
{"type":"Feature","geometry":{"type":"Polygon","coordinates":[[[-51.72664,-29.94667],[-51.719,-29.94945],[-51.70514,-29.94936],[-51.66434,-29.94481],[-51.63303,-29.94716],[-51.62785,-29.9462],[-51.60271,-29.94422],[-51.58454,-29.94019],[-51.56573,-29.93863],[-51.54432,-29.9298],[-51.53233,-29.92727],[-51.51668,-29.92898],[-51.50703,-29.92749],[-51.49621,-29.93196],[-51.48349,-29.94203],[-51.47594,-29.94286],[-51.46223,-29.94901],[-51.45082,-29.96222],[-51.44577,-29.97527],[-51.43479,-29.98318],[-51.41247,-29.98796],[-51.40431,-29.98729],[-51.38535,-29.97777],[-51.36863,-29.97472],[-51.35529,-29.96748],[-51.34999,-29.96202],[-51.31265,-29.94863],[-51.30325,-29.95007],[-51.28324,-29.94489],[-51.26732,-29.93515],[-51.29156,-29.92928],[-51.31032,-29.93155],[-51.32753,-29.90963],[-51.34759,-29.90009],[-51.35396,-29.89508],[-51.36491,-29.89312],[-51.36763,-29.88921],[-51.36425,-29.87877],[-51.36346,-29.8661],[-51.35357,-29.8439],[-51.36674,-29.83733],[-51.37509,-29.84044],[-51.39513,-29.83901],[-51.39957,-29.837],[-51.41341,-29.83819],[-51.42411,-29.84416],[-51.43817,-29.84437],[-51.44458,-29.83396],[-51.45209,-29.82898],[-51.48162,-29.82372],[-51.49224,-29.82319],[-51.49707,-29.81007],[-51.50815,-29.80051],[-51.50892,-29.79387],[-51.52213,-29.781],[-51.54211,-29.77379],[-51.55842,-29.78503],[-51.5667,-29.77987],[-51.57881,-29.77942],[-51.58653,-29.77602],[-51.58547,-29.75275],[-51.57863,-29.75205],[-51.57558,-29.73976],[-51.5659,-29.73658],[-51.64189,-29.63577],[-51.65056,-29.64251],[-51.65876,-29.64443],[-51.66546,-29.65331],[-51.67951,-29.65528],[-51.68545,-29.66082],[-51.68524,-29.66667],[-51.69618,-29.67172],[-51.69695,-29.68363],[-51.70315,-29.68617],[-51.70353,-29.69417],[-51.70949,-29.70087],[-51.71669,-29.70231],[-51.72423,-29.71574],[-51.71909,-29.72341],[-51.71874,-29.74284],[-51.73641,-29.75652],[-51.749,-29.77354],[-51.74721,-29.77948],[-51.7577,-29.79207],[-51.75549,-29.81295],[-51.75834,-29.81879],[-51.74927,-29.8254],[-51.7449,-29.83447],[-51.73018,-29.83527],[-51.73178,-29.84474],[-51.72014,-29.85187],[-51.71642,-29.86074],[-51.72465,-29.87222],[-51.74426,-29.8818],[-51.75028,-29.8884],[-51.74978,-29.90431],[-51.74015,-29.91651],[-51.73193,-29.93823],[-51.72664,-29.94667]]]},"properties":{"CD_MUN":"4322004","NM_MUN":"Triunfo","AREA_KM2":817.625}},
{"type":"Feature","geometry":{"type":"Polygon","coordinates":[[[-54.5667,-27.63084],[-54.56241,-27.63541],[-54.54792,-27.62653],[-54.54387,-27.6324],[-54.52158,-27.63578],[-54.53404,-27.64301],[-54.5426,-27.65206],[-54.53876,-27.65552],[-54.51812,-27.65644],[-54.4998,-27.651],[-54.4889,-27.65017],[-54.49354,-27.66125],[-54.46938,-27.66235],[-54.45643,-27.6677],[-54.45898,-27.67811],[-54.44904,-27.67786],[-54.44778,-27.67101],[-54.43679,-27.67839],[-54.4459,-27.68247],[-54.44751,-27.69333],[-54.45589,-27.71203],[-54.45247,-27.71601],[-54.4428,-27.70675],[-54.4349,-27.69755],[-54.42088,-27.70214],[-54.4158,-27.70556],[-54.40218,-27.69789],[-54.38558,-27.69819],[-54.3782,-27.69368],[-54.36413,-27.69099],[-54.35199,-27.69531],[-54.33388,-27.69154],[-54.32464,-27.69442],[-54.31228,-27.68758],[-54.28706,-27.67899],[-54.28475,-27.67542],[-54.2943,-27.67807],[-54.3019,-27.67481],[-54.32456,-27.67192],[-54.33317,-27.66658],[-54.34635,-27.66383],[-54.37448,-27.64528],[-54.38937,-27.62296],[-54.38068,-27.6139],[-54.39281,-27.60603],[-54.3964,-27.59866],[-54.39182,-27.59078],[-54.40477,-27.59073],[-54.39606,-27.58098],[-54.40903,-27.57491],[-54.39874,-27.56999],[-54.41609,-27.56211],[-54.41766,-27.55082],[-54.42391,-27.54736],[-54.4486,-27.56565],[-54.44414,-27.57976],[-54.47872,-27.59342],[-54.48384,-27.60187],[-54.49264,-27.60527],[-54.50889,-27.60579],[-54.52073,-27.61219],[-54.54797,-27.61384],[-54.55,-27.6199],[-54.5589,-27.6224],[-54.5667,-27.63084]]]},"properties":{"CD_MUN":"4322103","NM_MUN":"Tucunduva","AREA_KM2":181.198}},
{"type":"Feature","geometry":{"type":"Polygon","coordinates":[[[-52.99945,-29.13899],[-52.99648,-29.14489],[-52.98578,-29.14768],[-52.98675,-29.1569],[-52.97353,-29.15982],[-52.96593,-29.15349],[-52.94756,-29.17662],[-52.9419,-29.1763],[-52.91719,-29.18543],[-52.91611,-29.19226],[-52.90725,-29.20296],[-52.89871,-29.20656],[-52.89265,-29.20146],[-52.88381,-29.20574],[-52.87919,-29.19295],[-52.87307,-29.19189],[-52.84067,-29.14021],[-52.83555,-29.14017],[-52.82565,-29.13289],[-52.82413,-29.12664],[-52.81675,-29.11856],[-52.80358,-29.12022],[-52.79718,-29.11466],[-52.79097,-29.11713],[-52.79756,-29.11155],[-52.80854,-29.09187],[-52.81687,-29.08371],[-52.8084,-29.07372],[-52.80466,-29.04345],[-52.81488,-29.04068],[-52.81161,-29.03302],[-52.8247,-29.0324],[-52.83197,-29.03677],[-52.84379,-29.03823],[-52.85524,-29.04257],[-52.87556,-29.04406],[-52.87876,-29.05058],[-52.88917,-29.04505],[-52.89599,-29.0548],[-52.90105,-29.04902],[-52.90953,-29.0606],[-52.91635,-29.05385],[-52.92542,-29.06164],[-52.92756,-29.07478],[-52.93512,-29.06698],[-52.94426,-29.06825],[-52.95765,-29.066],[-52.95689,-29.07473],[-52.9514,-29.08112],[-52.94843,-29.0958],[-52.95214,-29.09862],[-52.96226,-29.09509],[-52.9742,-29.09616],[-52.98742,-29.10567],[-52.98945,-29.11327],[-52.98797,-29.12344],[-52.99899,-29.11686],[-53.00089,-29.12301],[-52.99343,-29.13693],[-52.99945,-29.13899]]]},"properties":{"CD_MUN":"4322152","NM_MUN":"Tunas","AREA_KM2":217.302}},
{"type":"Feature","geometry":{"type":"Polygon","coordinates":[[[-51.46339,-27.89331],[-51.47642,-27.89673],[-51.49816,-27.88798],[-51.50263,-27.88871],[-51.51826,-27.88349],[-51.52194,-27.8777],[-51.52159,-27.86863],[-51.53229,-27.85899],[-51.54211,-27.86958],[-51.54226,-27.87469],[-51.56228,-27.88134],[-51.56603,-27.8885],[-51.57259,-27.88838],[-51.58579,-27.89388],[-51.58794,-27.89892],[-51.59168,-27.91134],[-51.59934,-27.91705],[-51.60173,-27.92789],[-51.60892,-27.92859],[-51.61463,-27.935],[-51.61033,-27.94521],[-51.60092,-27.95419],[-51.61585,-27.96926],[-51.5974,-27.97659],[-51.58574,-27.97425],[-51.58265,-27.98225],[-51.57433,-27.98784],[-51.55654,-27.9856],[-51.54374,-27.9908],[-51.52573,-27.98396],[-51.51592,-27.97049],[-51.50924,-27.95538],[-51.5034,-27.95239],[-51.48873,-27.95364],[-51.4683,-27.9523],[-51.46015,-27.94923],[-51.45837,-27.92901],[-51.45989,-27.90567],[-51.46339,-27.89331]]]},"properties":{"CD_MUN":"4322186","NM_MUN":"Tupanci do Sul","AREA_KM2":135.243}},
{"type":"Feature","geometry":{"type":"Polygon","coordinates":[[[-53.91991,-29.22067],[-53.90959,-29.2175],[-53.91377,-29.2112],[-53.90683,-29.19462],[-53.89399,-29.18417],[-53.8863,-29.17431],[-53.89592,-29.16989],[-53.87694,-29.16328],[-53.87765,-29.15259],[-53.86863,-29.14524],[-53.85609,-29.14856],[-53.84856,-29.14176],[-53.83842,-29.14598],[-53.82779,-29.14691],[-53.81906,-29.15316],[-53.81032,-29.14745],[-53.77911,-29.15366],[-53.75763,-29.16389],[-53.73936,-29.15077],[-53.7267,-29.14571],[-53.71788,-29.13945],[-53.70935,-29.13964],[-53.69437,-29.12388],[-53.69263,-29.11516],[-53.68384,-29.11204],[-53.67143,-29.10242],[-53.67241,-29.09898],[-53.66429,-29.08818],[-53.66408,-29.05834],[-53.64209,-29.0275],[-53.63007,-29.03098],[-53.62278,-29.02649],[-53.61262,-29.00798],[-53.59585,-28.98767],[-53.58512,-28.98913],[-53.58641,-28.98196],[-53.57634,-28.9714],[-53.56487,-28.96775],[-53.56708,-28.96245],[-53.56823,-28.95434],[-53.58207,-28.94389],[-53.59953,-28.94407],[-53.60626,-28.93866],[-53.62323,-28.94448],[-53.63595,-28.94673],[-53.63874,-28.93832],[-53.65483,-28.94125],[-53.66784,-28.93768],[-53.67952,-28.91816],[-53.68332,-28.90132],[-53.69044,-28.90229],[-53.69425,-28.89676],[-53.71672,-28.88545],[-53.71993,-28.87503],[-53.73436,-28.86467],[-53.74293,-28.86266],[-53.75094,-28.8681],[-53.76352,-28.86126],[-53.77228,-28.84472],[-53.78318,-28.83055],[-53.78711,-28.8092],[-53.79592,-28.80278],[-53.80972,-28.79886],[-53.81785,-28.80821],[-53.83245,-28.80606],[-53.84127,-28.80867],[-53.84374,-28.79895],[-53.85917,-28.80088],[-53.8614,-28.80813],[-53.872,-28.81548],[-53.88804,-28.80157],[-53.89285,-28.81206],[-53.9061,-28.81154],[-53.8984,-28.81834],[-53.90549,-28.8225],[-53.92534,-28.84051],[-53.94207,-28.86167],[-53.93703,-28.86752],[-53.94215,-28.87582],[-53.95504,-28.87526],[-53.95909,-28.88662],[-53.95291,-28.89836],[-53.96833,-28.90044],[-53.97935,-28.89883],[-53.9912,-28.90051],[-53.9962,-28.90398],[-54.01106,-28.90336],[-54.01566,-28.89455],[-54.02118,-28.89486],[-54.02375,-28.90399],[-54.04818,-28.91179],[-54.05378,-28.907],[-54.06502,-28.90533],[-54.06869,-28.90841],[-54.09563,-28.90481],[-54.10562,-28.8999],[-54.11833,-28.88767],[-54.13487,-28.88261],[-54.15051,-28.89519],[-54.16921,-28.89669],[-54.18931,-28.89445],[-54.20159,-28.90202],[-54.21415,-28.91861],[-54.22706,-28.9258],[-54.23398,-28.92497],[-54.2611,-28.91255],[-54.26842,-28.91201],[-54.28092,-28.92149],[-54.29363,-28.92831],[-54.31672,-28.92866],[-54.33091,-28.93108],[-54.34381,-28.92977],[-54.3571,-28.96107],[-54.3511,-28.97292],[-54.36425,-28.98526],[-54.37772,-29.00448],[-54.38639,-29.00863],[-54.39219,-29.01524],[-54.40793,-29.02654],[-54.41593,-29.03639],[-54.4247,-29.03052],[-54.43183,-29.04172],[-54.43827,-29.04549],[-54.44461,-29.05484],[-54.46003,-29.06965],[-54.45718,-29.0755],[-54.44747,-29.08157],[-54.43884,-29.08357],[-54.43295,-29.08996],[-54.42697,-29.08935],[-54.4221,-29.09635],[-54.41889,-29.114],[-54.41459,-29.11795],[-54.40728,-29.13548],[-54.41032,-29.14828],[-54.39712,-29.15836],[-54.38929,-29.17505],[-54.37638,-29.18702],[-54.36674,-29.18747],[-54.36807,-29.17651],[-54.34309,-29.18141],[-54.3292,-29.1887],[-54.33096,-29.17906],[-54.34272,-29.17574],[-54.33459,-29.17014],[-54.33473,-29.16254],[-54.34743,-29.15769],[-54.34247,-29.14388],[-54.32582,-29.14198],[-54.31699,-29.13674],[-54.30719,-29.1264],[-54.29947,-29.12668],[-54.29382,-29.10722],[-54.29702,-29.09393],[-54.29146,-29.0894],[-54.2865,-29.10122],[-54.28522,-29.11299],[-54.27134,-29.12985],[-54.25587,-29.14133],[-54.24583,-29.15246],[-54.23685,-29.15291],[-54.22656,-29.15859],[-54.21505,-29.16181],[-54.19655,-29.16377],[-54.16544,-29.17933],[-54.17016,-29.19244],[-54.1393,-29.19287],[-54.12706,-29.19013],[-54.08171,-29.19089],[-54.07006,-29.19876],[-54.06248,-29.19967],[-54.05066,-29.18877],[-54.05302,-29.18489],[-54.04486,-29.17857],[-54.04493,-29.16759],[-54.03891,-29.16612],[-54.04169,-29.1566],[-54.04223,-29.14075],[-54.03477,-29.1365],[-54.03368,-29.12783],[-54.02916,-29.12231],[-54.02784,-29.10567],[-54.01492,-29.1138],[-54.00564,-29.12252],[-53.99334,-29.1224],[-53.99204,-29.12804],[-53.9785,-29.12993],[-53.97784,-29.14156],[-53.96399,-29.16033],[-53.96324,-29.1703],[-53.95472,-29.17374],[-53.9529,-29.18763],[-53.9461,-29.18796],[-53.93423,-29.19673],[-53.93072,-29.20387],[-53.93402,-29.20917],[-53.91991,-29.22067]]]},"properties":{"CD_MUN":"4322202","NM_MUN":"Tupanciretã","AREA_KM2":2253.234}},
{"type":"Feature","geometry":{"type":"Polygon","coordinates":[[[-51.4534,-29.50171],[-51.439,-29.51347],[-51.43716,-29.5185],[-51.41942,-29.51549],[-51.4048,-29.51858],[-51.39653,-29.52496],[-51.39313,-29.52031],[-51.39235,-29.50757],[-51.38748,-29.50266],[-51.39941,-29.49733],[-51.39897,-29.49322],[-51.38762,-29.4828],[-51.38679,-29.47409],[-51.39203,-29.46711],[-51.39194,-29.45784],[-51.39719,-29.45032],[-51.40542,-29.4452],[-51.40351,-29.43348],[-51.43569,-29.43135],[-51.45023,-29.43006],[-51.45498,-29.4344],[-51.46599,-29.43234],[-51.47318,-29.43734],[-51.47005,-29.44528],[-51.45794,-29.45272],[-51.45487,-29.47097],[-51.47165,-29.48098],[-51.45742,-29.49572],[-51.4534,-29.50171]]]},"properties":{"CD_MUN":"4322251","NM_MUN":"Tupandi","AREA_KM2":59.447}},
{"type":"Feature","geometry":{"type":"Polygon","coordinates":[[[-54.4428,-27.70675],[-54.45247,-27.71601],[-54.45589,-27.71203],[-54.44751,-27.69333],[-54.4459,-27.68247],[-54.43679,-27.67839],[-54.44778,-27.67101],[-54.44904,-27.67786],[-54.45898,-27.67811],[-54.45643,-27.6677],[-54.46938,-27.66235],[-54.49354,-27.66125],[-54.4889,-27.65017],[-54.4998,-27.651],[-54.51812,-27.65644],[-54.53876,-27.65552],[-54.5426,-27.65206],[-54.53404,-27.64301],[-54.52158,-27.63578],[-54.54387,-27.6324],[-54.54792,-27.62653],[-54.56241,-27.63541],[-54.5667,-27.63084],[-54.58278,-27.62177],[-54.56361,-27.60374],[-54.58515,-27.59702],[-54.59359,-27.5983],[-54.59991,-27.62162],[-54.60482,-27.62968],[-54.61452,-27.63115],[-54.63155,-27.65129],[-54.64265,-27.65771],[-54.64936,-27.65779],[-54.65732,-27.64896],[-54.66428,-27.65421],[-54.66776,-27.64569],[-54.67828,-27.64798],[-54.67782,-27.6537],[-54.65694,-27.65813],[-54.65933,-27.66443],[-54.66736,-27.66115],[-54.68056,-27.66754],[-54.66163,-27.67224],[-54.67077,-27.67689],[-54.66989,-27.6858],[-54.66803,-27.69569],[-54.65895,-27.70144],[-54.64656,-27.70553],[-54.65129,-27.7119],[-54.63922,-27.71854],[-54.65002,-27.72304],[-54.64289,-27.7316],[-54.64518,-27.74697],[-54.63841,-27.74442],[-54.63104,-27.74973],[-54.63725,-27.75575],[-54.63233,-27.76366],[-54.62693,-27.76202],[-54.62334,-27.77029],[-54.61689,-27.77084],[-54.61459,-27.78504],[-54.60388,-27.7869],[-54.59376,-27.7931],[-54.57789,-27.79656],[-54.55325,-27.78812],[-54.54479,-27.77854],[-54.55011,-27.76967],[-54.54326,-27.75743],[-54.53302,-27.76173],[-54.51735,-27.76222],[-54.50604,-27.76539],[-54.4975,-27.7742],[-54.48203,-27.77976],[-54.47081,-27.79072],[-54.46369,-27.78264],[-54.45704,-27.78363],[-54.45394,-27.7683],[-54.44539,-27.75639],[-54.43902,-27.72783],[-54.4339,-27.71427],[-54.4428,-27.70675]]]},"properties":{"CD_MUN":"4322301","NM_MUN":"Tuparendi","AREA_KM2":307.71}},
{"type":"Feature","geometry":{"type":"Polygon","coordinates":[[[-52.27737,-31.3905],[-52.28595,-31.40026],[-52.27847,-31.40574],[-52.28464,-31.42],[-52.28156,-31.4281],[-52.29075,-31.42838],[-52.30581,-31.43633],[-52.3087,-31.4404],[-52.30253,-31.45602],[-52.309,-31.46095],[-52.30883,-31.46777],[-52.30192,-31.47763],[-52.2895,-31.47465],[-52.25262,-31.45115],[-52.23802,-31.44467],[-52.22764,-31.44725],[-52.21303,-31.4585],[-52.21348,-31.48036],[-52.18808,-31.48628],[-52.17607,-31.49287],[-52.17312,-31.49842],[-52.17361,-31.51923],[-52.16694,-31.51781],[-52.1618,-31.53193],[-52.15218,-31.53437],[-52.14358,-31.54468],[-52.13537,-31.54589],[-52.13094,-31.55342],[-52.13802,-31.55683],[-52.13563,-31.56345],[-52.12023,-31.56499],[-52.11136,-31.55496],[-52.08834,-31.54985],[-52.06504,-31.55581],[-52.03987,-31.55998],[-52.03787,-31.58657],[-52.0234,-31.58971],[-52.02183,-31.59635],[-52.01345,-31.5972],[-52.01094,-31.59413],[-52.0137,-31.58181],[-52.01808,-31.54793],[-52.01548,-31.52575],[-52.01024,-31.50094],[-52.02201,-31.50247],[-52.03383,-31.50721],[-52.03373,-31.52081],[-52.05226,-31.51431],[-52.05827,-31.50451],[-52.06614,-31.49909],[-52.07532,-31.48494],[-52.08734,-31.48213],[-52.10112,-31.47207],[-52.10701,-31.46325],[-52.10702,-31.45216],[-52.11432,-31.44944],[-52.12361,-31.42901],[-52.13915,-31.42695],[-52.15746,-31.41469],[-52.16834,-31.41123],[-52.16164,-31.40305],[-52.17649,-31.39098],[-52.18141,-31.38314],[-52.20567,-31.37753],[-52.22302,-31.3817],[-52.22181,-31.3866],[-52.22961,-31.39271],[-52.23598,-31.38886],[-52.24721,-31.38916],[-52.26511,-31.39274],[-52.27737,-31.3905]]]},"properties":{"CD_MUN":"4322327","NM_MUN":"Turuçu","AREA_KM2":253.635}},
{"type":"Feature","geometry":{"type":"Polygon","coordinates":[[[-54.69676,-28.06754],[-54.70077,-28.06269],[-54.69361,-28.05384],[-54.68937,-28.05594],[-54.69245,-28.0651],[-54.67839,-28.06438],[-54.67405,-28.05867],[-54.66645,-28.06187],[-54.67883,-28.06992],[-54.66904,-28.07633],[-54.66327,-28.07407],[-54.65664,-28.08028],[-54.66135,-28.09576],[-54.65481,-28.0952],[-54.65196,-28.08744],[-54.64039,-28.09775],[-54.62704,-28.09363],[-54.58473,-28.09367],[-54.58506,-28.01472],[-54.59504,-28.01398],[-54.59541,-27.94381],[-54.60663,-27.94215],[-54.61622,-27.93635],[-54.61582,-28.01175],[-54.66652,-28.01236],[-54.71777,-28.01362],[-54.71778,-28.01008],[-54.73579,-28.00979],[-54.73814,-28.00698],[-54.73822,-28.05857],[-54.7309,-28.0558],[-54.72483,-28.06278],[-54.71055,-28.05839],[-54.71069,-28.06772],[-54.69676,-28.06754]]]},"properties":{"CD_MUN":"4322343","NM_MUN":"Ubiretama","AREA_KM2":125.876}},
{"type":"Feature","geometry":{"type":"Polygon","coordinates":[[[-52.07845,-28.74144],[-52.06852,-28.74736],[-52.07119,-28.75414],[-52.07949,-28.76004],[-52.06869,-28.77096],[-52.07441,-28.78232],[-52.06097,-28.80579],[-52.06334,-28.80959],[-52.06162,-28.82674],[-52.05185,-28.8286],[-52.04342,-28.84432],[-52.03607,-28.84598],[-52.02774,-28.83803],[-52.01696,-28.84191],[-52.01839,-28.83413],[-52.01518,-28.82549],[-52.00036,-28.82529],[-51.95614,-28.82195],[-51.95892,-28.76133],[-51.98519,-28.76345],[-51.98554,-28.75348],[-51.99217,-28.74828],[-51.98998,-28.7385],[-51.9916,-28.72983],[-51.98692,-28.72147],[-51.98606,-28.70689],[-52.08163,-28.71199],[-52.08544,-28.71786],[-52.07667,-28.72915],[-52.07845,-28.74144]]]},"properties":{"CD_MUN":"4322350","NM_MUN":"União da Serra","AREA_KM2":131.154}},
{"type":"Feature","geometry":{"type":"Polygon","coordinates":[[[-55.07292,-28.93269],[-55.08765,-28.94622],[-55.08957,-28.95011],[-55.1011,-28.95519],[-55.12488,-28.9513],[-55.13398,-28.94582],[-55.16942,-28.94819],[-55.17797,-28.94316],[-55.19644,-28.95777],[-55.19757,-28.97914],[-55.22789,-28.98181],[-55.23039,-28.97781],[-55.24505,-28.97802],[-55.24487,-28.97293],[-55.26285,-28.97424],[-55.27291,-28.97183],[-55.28124,-28.96448],[-55.28875,-28.96403],[-55.3022,-28.95513],[-55.3195,-28.95396],[-55.32267,-28.95904],[-55.31458,-28.96431],[-55.29752,-28.96833],[-55.29111,-28.98455],[-55.29299,-28.99151],[-55.28231,-29.00199],[-55.27905,-29.01018],[-55.28148,-29.02415],[-55.27048,-29.04054],[-55.26188,-29.0482],[-55.26449,-29.05368],[-55.27289,-29.05704],[-55.27136,-29.07062],[-55.27519,-29.08453],[-55.27404,-29.08956],[-55.28549,-29.10481],[-55.27623,-29.11242],[-55.26956,-29.12146],[-55.26838,-29.14255],[-55.27667,-29.15333],[-55.27434,-29.16075],[-55.28312,-29.17491],[-55.27916,-29.18213],[-55.28663,-29.18567],[-55.30014,-29.20255],[-55.31257,-29.20478],[-55.30335,-29.21335],[-55.29551,-29.21463],[-55.27893,-29.21097],[-55.26797,-29.20577],[-55.26238,-29.2086],[-55.25378,-29.19717],[-55.23518,-29.18856],[-55.23319,-29.19468],[-55.20979,-29.1897],[-55.2064,-29.19622],[-55.20644,-29.20582],[-55.19573,-29.20271],[-55.19101,-29.2102],[-55.18141,-29.20836],[-55.18066,-29.19784],[-55.17554,-29.19123],[-55.16304,-29.20487],[-55.1554,-29.1955],[-55.14672,-29.19893],[-55.1413,-29.19403],[-55.13235,-29.19842],[-55.12773,-29.18688],[-55.12972,-29.17691],[-55.12042,-29.17839],[-55.10973,-29.17487],[-55.10411,-29.16477],[-55.10556,-29.14957],[-55.09917,-29.1445],[-55.07875,-29.14556],[-55.0689,-29.14032],[-55.06273,-29.12567],[-55.05575,-29.11985],[-55.04136,-29.10048],[-55.03995,-29.08838],[-55.02992,-29.07641],[-55.02877,-29.06625],[-55.01626,-29.06525],[-54.98772,-29.05524],[-54.99306,-29.03797],[-54.99652,-29.01832],[-55.00278,-29.01051],[-55.0174,-29.01545],[-55.02415,-29.0113],[-55.02368,-29.00057],[-55.03523,-28.98216],[-55.05045,-28.96194],[-55.0572,-28.96059],[-55.06487,-28.95293],[-55.07461,-28.93552],[-55.07292,-28.93269]]]},"properties":{"CD_MUN":"4322376","NM_MUN":"Unistalda","AREA_KM2":602.387}},
{"type":"Feature","geometry":{"type":"Polygon","coordinates":[[[-57.32813,-29.97194],[-57.32037,-29.96752],[-57.31562,-29.95897],[-57.30641,-29.95303],[-57.29171,-29.94937],[-57.28045,-29.9531],[-57.27095,-29.96715],[-57.2577,-29.97591],[-57.25176,-29.9905],[-57.24326,-30.0047],[-57.22749,-30.01425],[-57.2312,-30.01882],[-57.21942,-30.02574],[-57.21508,-30.02203],[-57.18478,-30.04269],[-57.17005,-30.04632],[-57.16621,-30.0566],[-57.1605,-30.06042],[-57.15179,-30.05677],[-57.13617,-30.06449],[-57.13841,-30.07345],[-57.13402,-30.0883],[-57.1214,-30.10924],[-57.11521,-30.1137],[-57.09534,-30.11504],[-57.08723,-30.10104],[-57.07828,-30.09152],[-57.06647,-30.08528],[-57.0693,-30.09923],[-57.05787,-30.09865],[-57.04481,-30.10574],[-57.03133,-30.10214],[-57.02894,-30.09285],[-57.0239,-30.08754],[-57.00579,-30.08776],[-56.99344,-30.08571],[-56.9845,-30.08743],[-56.97742,-30.09755],[-56.96776,-30.09766],[-56.95558,-30.10114],[-56.93601,-30.09446],[-56.91777,-30.0962],[-56.90263,-30.11234],[-56.89193,-30.1003],[-56.88889,-30.08911],[-56.87454,-30.08625],[-56.87365,-30.09272],[-56.85037,-30.0889],[-56.82417,-30.09564],[-56.81864,-30.10614],[-56.81004,-30.10297],[-56.80465,-30.10598],[-56.79945,-30.1223],[-56.78027,-30.12663],[-56.77779,-30.13371],[-56.78401,-30.15117],[-56.78194,-30.15877],[-56.773,-30.16426],[-56.76091,-30.16045],[-56.73645,-30.17039],[-56.72979,-30.1717],[-56.7199,-30.17973],[-56.70988,-30.17576],[-56.70482,-30.17928],[-56.70839,-30.18813],[-56.69625,-30.20505],[-56.6855,-30.19613],[-56.67869,-30.20026],[-56.66368,-30.19743],[-56.6581,-30.20129],[-56.6509,-30.18839],[-56.62523,-30.18301],[-56.62491,-30.17534],[-56.61397,-30.15842],[-56.60019,-30.14807],[-56.5808,-30.14417],[-56.56211,-30.14556],[-56.54677,-30.1343],[-56.53498,-30.14438],[-56.52489,-30.14871],[-56.51276,-30.15901],[-56.50587,-30.14966],[-56.5006,-30.14754],[-56.48219,-30.15044],[-56.47757,-30.14583],[-56.466,-30.14178],[-56.43961,-30.13692],[-56.43369,-30.12487],[-56.42614,-30.12075],[-56.41692,-30.12179],[-56.406,-30.11628],[-56.38933,-30.1151],[-56.37913,-30.11781],[-56.36503,-30.11297],[-56.35847,-30.11305],[-56.34866,-30.11934],[-56.32051,-30.12011],[-56.31046,-30.11485],[-56.29896,-30.1168],[-56.29051,-30.11231],[-56.28042,-30.11441],[-56.25047,-30.10304],[-56.23099,-30.09176],[-56.18182,-30.08594],[-56.16504,-30.06834],[-56.15616,-30.06383],[-56.15027,-30.05501],[-56.15312,-30.05383],[-56.15556,-30.03257],[-56.16736,-30.02626],[-56.16864,-30.02124],[-56.17892,-30.0136],[-56.18459,-30.00141],[-56.20013,-29.99279],[-56.20978,-29.99277],[-56.22264,-29.9829],[-56.2343,-29.98314],[-56.24473,-29.97659],[-56.24475,-29.96259],[-56.24729,-29.95812],[-56.26238,-29.9495],[-56.26524,-29.94243],[-56.27823,-29.93186],[-56.28309,-29.92397],[-56.28566,-29.91124],[-56.29127,-29.90684],[-56.29269,-29.89791],[-56.30678,-29.88124],[-56.30569,-29.86737],[-56.31619,-29.85945],[-56.32842,-29.857],[-56.33945,-29.85139],[-56.35101,-29.84863],[-56.36556,-29.83028],[-56.36436,-29.82512],[-56.37217,-29.80983],[-56.36991,-29.79146],[-56.36626,-29.78382],[-56.36981,-29.77847],[-56.3688,-29.76946],[-56.37342,-29.75617],[-56.37131,-29.74438],[-56.3842,-29.72886],[-56.39482,-29.72236],[-56.40067,-29.70959],[-56.40029,-29.69343],[-56.3903,-29.69035],[-56.38821,-29.68525],[-56.37057,-29.6775],[-56.36803,-29.67043],[-56.3617,-29.67013],[-56.37024,-29.65534],[-56.36685,-29.64067],[-56.37499,-29.62967],[-56.38291,-29.62579],[-56.37747,-29.61693],[-56.38401,-29.61489],[-56.37878,-29.5985],[-56.37827,-29.58923],[-56.3913,-29.58547],[-56.40031,-29.57572],[-56.40776,-29.57148],[-56.40817,-29.56102],[-56.42303,-29.54309],[-56.43383,-29.54275],[-56.45703,-29.53091],[-56.46348,-29.52428],[-56.46852,-29.51385],[-56.46168,-29.50353],[-56.46226,-29.4942],[-56.45847,-29.49042],[-56.46302,-29.4829],[-56.47013,-29.48538],[-56.46999,-29.47014],[-56.49218,-29.47071],[-56.50457,-29.4685],[-56.52141,-29.47066],[-56.5229,-29.46322],[-56.53072,-29.46166],[-56.53626,-29.45427],[-56.54508,-29.45027],[-56.55914,-29.4477],[-56.5668,-29.45396],[-56.5758,-29.45049],[-56.57577,-29.44089],[-56.58916,-29.44858],[-56.59654,-29.44775],[-56.6002,-29.45793],[-56.61303,-29.45536],[-56.61469,-29.44871],[-56.62722,-29.44117],[-56.62736,-29.42782],[-56.63863,-29.42594],[-56.65416,-29.42669],[-56.66047,-29.42334],[-56.67447,-29.42356],[-56.68191,-29.40657],[-56.69502,-29.40051],[-56.70311,-29.40019],[-56.73074,-29.40553],[-56.74316,-29.41085],[-56.75157,-29.41192],[-56.77996,-29.41996],[-56.77785,-29.42903],[-56.7795,-29.43737],[-56.79695,-29.44907],[-56.804,-29.45968],[-56.80821,-29.47311],[-56.82209,-29.49002],[-56.86082,-29.50735],[-56.88801,-29.52645],[-56.90196,-29.53382],[-56.92075,-29.55452],[-56.92954,-29.56622],[-56.95092,-29.58069],[-56.9678,-29.60179],[-56.97208,-29.6173],[-56.96729,-29.63007],[-56.97115,-29.64341],[-56.99064,-29.64668],[-57.00092,-29.65191],[-57.01152,-29.6645],[-57.0211,-29.68332],[-57.03343,-29.69571],[-57.04548,-29.70159],[-57.05734,-29.71373],[-57.06922,-29.72194],[-57.09972,-29.74832],[-57.13191,-29.77016],[-57.17202,-29.78068],[-57.18066,-29.7812],[-57.22105,-29.7763],[-57.2354,-29.78079],[-57.26775,-29.80946],[-57.28218,-29.81729],[-57.29782,-29.83473],[-57.31449,-29.85991],[-57.32458,-29.87282],[-57.32969,-29.88764],[-57.32862,-29.90255],[-57.32408,-29.92173],[-57.32405,-29.9398],[-57.32813,-29.97194]]]},"properties":{"CD_MUN":"4322400","NM_MUN":"Uruguaiana","AREA_KM2":5702.098}},
{"type":"Feature","geometry":{"type":"Polygon","coordinates":[[[-50.95839,-28.79025],[-50.95287,-28.78366],[-50.95462,-28.77526],[-50.94635,-28.77173],[-50.94256,-28.7618],[-50.92218,-28.74267],[-50.90884,-28.73452],[-50.90467,-28.71619],[-50.89675,-28.71516],[-50.89202,-28.70025],[-50.90315,-28.69318],[-50.89784,-28.68553],[-50.9102,-28.67211],[-50.91251,-28.66188],[-50.90249,-28.65173],[-50.9059,-28.64673],[-50.90291,-28.63925],[-50.8943,-28.63804],[-50.88977,-28.6293],[-50.89763,-28.62565],[-50.89891,-28.61893],[-50.89046,-28.60997],[-50.87114,-28.60868],[-50.86759,-28.60259],[-50.86813,-28.5898],[-50.86269,-28.58184],[-50.86386,-28.5735],[-50.84995,-28.5672],[-50.82849,-28.55332],[-50.822,-28.55567],[-50.80454,-28.55714],[-50.79216,-28.56193],[-50.78614,-28.55823],[-50.77255,-28.5834],[-50.74664,-28.59732],[-50.72661,-28.59976],[-50.7302,-28.58836],[-50.72969,-28.57382],[-50.7383,-28.55737],[-50.73521,-28.5424],[-50.74007,-28.5215],[-50.73476,-28.5137],[-50.73821,-28.51037],[-50.72645,-28.50063],[-50.73138,-28.49477],[-50.72612,-28.48779],[-50.7311,-28.48263],[-50.72597,-28.4694],[-50.72088,-28.46388],[-50.72881,-28.44711],[-50.72067,-28.4457],[-50.71266,-28.43455],[-50.71842,-28.42395],[-50.71418,-28.40923],[-50.71901,-28.40886],[-50.72188,-28.38848],[-50.71627,-28.37879],[-50.70874,-28.3745],[-50.70888,-28.36277],[-50.71567,-28.34767],[-50.72299,-28.3381],[-50.71876,-28.32827],[-50.731,-28.32958],[-50.73875,-28.32209],[-50.73585,-28.31288],[-50.74074,-28.30427],[-50.74252,-28.29466],[-50.75286,-28.29362],[-50.76455,-28.28945],[-50.75642,-28.28075],[-50.75814,-28.27546],[-50.74358,-28.27279],[-50.75357,-28.26117],[-50.74797,-28.25648],[-50.74908,-28.24853],[-50.75388,-28.24462],[-50.75287,-28.23318],[-50.75645,-28.21452],[-50.75998,-28.2071],[-50.7612,-28.19501],[-50.7682,-28.18896],[-50.7775,-28.20005],[-50.78882,-28.19834],[-50.78919,-28.18919],[-50.78282,-28.17598],[-50.7924,-28.16082],[-50.79205,-28.15516],[-50.78466,-28.14653],[-50.79408,-28.13864],[-50.81818,-28.14127],[-50.82227,-28.13809],[-50.82498,-28.12395],[-50.83024,-28.11765],[-50.83676,-28.1194],[-50.85899,-28.13971],[-50.87197,-28.13742],[-50.87524,-28.1308],[-50.86918,-28.11642],[-50.87006,-28.10594],[-50.87592,-28.09508],[-50.88435,-28.0897],[-50.89936,-28.08966],[-50.90327,-28.08269],[-50.89848,-28.07552],[-50.8859,-28.07175],[-50.87914,-28.06356],[-50.87543,-28.05442],[-50.8754,-28.0402],[-50.88967,-28.02292],[-50.908,-28.01485],[-50.92324,-28.01199],[-50.92081,-28.00263],[-50.92787,-27.99058],[-50.92323,-27.97961],[-50.92397,-27.97165],[-50.93085,-27.96759],[-50.94704,-27.96724],[-50.9587,-27.96004],[-50.97693,-27.95197],[-50.98031,-27.94265],[-50.986,-27.9405],[-50.99363,-27.94601],[-51.00152,-27.96316],[-51.00137,-27.97595],[-50.99372,-27.99085],[-51.01127,-28.00271],[-51.01792,-28.02231],[-51.02272,-28.01899],[-51.04115,-28.02819],[-51.03849,-28.03382],[-51.02673,-28.04263],[-51.03443,-28.04882],[-51.02715,-28.05838],[-51.03486,-28.0606],[-51.03879,-28.06883],[-51.03493,-28.08501],[-51.03839,-28.08743],[-51.03924,-28.0982],[-51.03728,-28.1236],[-51.0435,-28.13273],[-51.04086,-28.15061],[-51.05241,-28.17237],[-51.0608,-28.17226],[-51.06249,-28.18377],[-51.05407,-28.1898],[-51.04527,-28.20147],[-51.03433,-28.20765],[-51.02807,-28.20163],[-51.01114,-28.20585],[-51.01705,-28.21645],[-51.02309,-28.21636],[-51.03493,-28.22346],[-51.05839,-28.23466],[-51.08129,-28.23291],[-51.07251,-28.24517],[-51.0619,-28.25388],[-51.06466,-28.28518],[-51.07424,-28.29785],[-51.07963,-28.2995],[-51.08555,-28.31437],[-51.07182,-28.31419],[-51.06301,-28.31888],[-51.05126,-28.33295],[-51.04678,-28.34355],[-51.04902,-28.35685],[-51.04107,-28.36366],[-51.03751,-28.37642],[-51.04987,-28.38254],[-51.05963,-28.40109],[-51.06825,-28.40871],[-51.08053,-28.40671],[-51.08416,-28.41464],[-51.0972,-28.41184],[-51.09881,-28.42084],[-51.09226,-28.42248],[-51.08934,-28.43376],[-51.07875,-28.44808],[-51.07237,-28.4645],[-51.08595,-28.46222],[-51.09042,-28.45885],[-51.10171,-28.45875],[-51.10702,-28.4639],[-51.11502,-28.46448],[-51.13434,-28.47036],[-51.14113,-28.47498],[-51.15642,-28.47501],[-51.15928,-28.47962],[-51.15482,-28.4881],[-51.14271,-28.49349],[-51.13306,-28.49288],[-51.12298,-28.507],[-51.13515,-28.51042],[-51.14344,-28.51535],[-51.14654,-28.52344],[-51.14362,-28.53534],[-51.14888,-28.53821],[-51.1517,-28.5498],[-51.14844,-28.55531],[-51.15245,-28.5649],[-51.14594,-28.55511],[-51.13922,-28.55851],[-51.13543,-28.56811],[-51.12304,-28.55676],[-51.1178,-28.55567],[-51.09521,-28.58364],[-51.08884,-28.598],[-51.07872,-28.6058],[-51.08153,-28.61088],[-51.07078,-28.62128],[-51.06258,-28.62238],[-51.04934,-28.61969],[-51.04577,-28.6235],[-51.03464,-28.62066],[-51.02518,-28.62428],[-51.02042,-28.63925],[-51.00939,-28.64415],[-51.01566,-28.65255],[-51.00504,-28.65812],[-51.0113,-28.67623],[-51.01633,-28.68228],[-51.01277,-28.6959],[-51.00363,-28.6932],[-50.99973,-28.70544],[-51.00193,-28.71123],[-50.9967,-28.72842],[-50.9975,-28.73618],[-50.99147,-28.74383],[-50.9863,-28.73978],[-50.97506,-28.74516],[-50.97425,-28.76203],[-50.97867,-28.7718],[-50.97852,-28.78084],[-50.96845,-28.78193],[-50.95839,-28.79025]]]},"properties":{"CD_MUN":"4322509","NM_MUN":"Vacaria","AREA_KM2":2124.492}},
{"type":"Feature","geometry":{"type":"Polygon","coordinates":[[[-52.17802,-29.82669],[-52.1747,-29.83991],[-52.18108,-29.84191],[-52.1867,-29.85268],[-52.18487,-29.86419],[-52.18792,-29.86854],[-52.18423,-29.87937],[-52.19344,-29.8897],[-52.19541,-29.91371],[-52.19059,-29.92329],[-52.17993,-29.93337],[-52.1665,-29.92929],[-52.1406,-29.92484],[-52.12886,-29.92713],[-52.11046,-29.93465],[-52.10457,-29.94561],[-52.08369,-29.94563],[-52.07042,-29.93253],[-52.04903,-29.94159],[-52.03308,-29.95726],[-52.02653,-29.95475],[-52.02776,-29.94448],[-52.0179,-29.93786],[-52.01895,-29.93056],[-52.03929,-29.92414],[-52.047,-29.92718],[-52.05467,-29.92285],[-52.0472,-29.90606],[-52.04806,-29.89987],[-52.04215,-29.89273],[-52.05052,-29.87485],[-52.04893,-29.86161],[-52.03792,-29.85843],[-52.04809,-29.84879],[-52.05467,-29.83414],[-52.05285,-29.82161],[-52.05866,-29.81426],[-52.05323,-29.80466],[-52.05422,-29.79728],[-52.04055,-29.78446],[-52.03511,-29.76699],[-52.02925,-29.76317],[-52.02503,-29.75308],[-52.01711,-29.74717],[-52.0144,-29.73611],[-52.0215,-29.72633],[-52.02996,-29.71942],[-52.03742,-29.70377],[-52.04604,-29.71288],[-52.04691,-29.7191],[-52.05803,-29.72628],[-52.08268,-29.71994],[-52.10343,-29.72475],[-52.12037,-29.72378],[-52.13593,-29.73407],[-52.13626,-29.74891],[-52.14189,-29.75318],[-52.16772,-29.76089],[-52.17928,-29.76804],[-52.18564,-29.75761],[-52.20396,-29.765],[-52.20722,-29.77048],[-52.21639,-29.76959],[-52.23261,-29.7754],[-52.22833,-29.78414],[-52.21257,-29.78975],[-52.20352,-29.80354],[-52.20427,-29.80965],[-52.18671,-29.81627],[-52.17802,-29.82669]]]},"properties":{"CD_MUN":"4322525","NM_MUN":"Vale Verde","AREA_KM2":329.727}},
{"type":"Feature","geometry":{"type":"Polygon","coordinates":[[[-52.7982,-29.4955],[-52.77285,-29.49546],[-52.76903,-29.5016],[-52.75069,-29.50374],[-52.74737,-29.51111],[-52.74423,-29.52871],[-52.73633,-29.54733],[-52.7435,-29.55019],[-52.75112,-29.57349],[-52.74846,-29.57637],[-52.77206,-29.58037],[-52.76448,-29.60276],[-52.75045,-29.61124],[-52.73377,-29.61354],[-52.74014,-29.62026],[-52.73772,-29.62898],[-52.74328,-29.63997],[-52.74156,-29.65005],[-52.73399,-29.65474],[-52.72205,-29.65551],[-52.70932,-29.66278],[-52.70956,-29.68505],[-52.71479,-29.68816],[-52.71099,-29.69785],[-52.70461,-29.69734],[-52.69193,-29.71319],[-52.68171,-29.7096],[-52.66504,-29.7083],[-52.64969,-29.7209],[-52.62448,-29.72467],[-52.60318,-29.73896],[-52.59929,-29.73794],[-52.59872,-29.72979],[-52.60535,-29.71412],[-52.60321,-29.70061],[-52.5953,-29.6959],[-52.59979,-29.6892],[-52.61382,-29.67604],[-52.62281,-29.67278],[-52.62246,-29.66309],[-52.61426,-29.65356],[-52.62239,-29.60637],[-52.62052,-29.58076],[-52.6193,-29.55384],[-52.61547,-29.5481],[-52.62382,-29.54512],[-52.61609,-29.53554],[-52.61689,-29.52482],[-52.63339,-29.5309],[-52.64012,-29.52158],[-52.64897,-29.52215],[-52.65798,-29.53189],[-52.66884,-29.53465],[-52.66946,-29.52852],[-52.68207,-29.52659],[-52.67728,-29.50739],[-52.67977,-29.50019],[-52.68165,-29.48356],[-52.67389,-29.47398],[-52.68781,-29.46383],[-52.6893,-29.45295],[-52.70172,-29.45177],[-52.70699,-29.4454],[-52.71795,-29.44299],[-52.72202,-29.43382],[-52.73157,-29.43342],[-52.73624,-29.43923],[-52.74233,-29.43622],[-52.75157,-29.43984],[-52.77374,-29.44269],[-52.7792,-29.4495],[-52.78055,-29.46368],[-52.79674,-29.48941],[-52.7982,-29.4955]]]},"properties":{"CD_MUN":"4322533","NM_MUN":"Vale do Sol","AREA_KM2":328.275}},
{"type":"Feature","geometry":{"type":"Polygon","coordinates":[[[-51.22629,-29.38988],[-51.22105,-29.38509],[-51.22397,-29.3779],[-51.20769,-29.37308],[-51.2123,-29.35857],[-51.22755,-29.34415],[-51.21652,-29.33665],[-51.25066,-29.30766],[-51.26274,-29.29514],[-51.2667,-29.29509],[-51.27843,-29.29494],[-51.27691,-29.30419],[-51.25988,-29.30885],[-51.2697,-29.31282],[-51.2621,-29.31578],[-51.25411,-29.32669],[-51.25419,-29.33367],[-51.23938,-29.35436],[-51.26025,-29.35071],[-51.26332,-29.35864],[-51.28195,-29.37214],[-51.27434,-29.39636],[-51.28032,-29.40483],[-51.28142,-29.41338],[-51.26688,-29.41841],[-51.25707,-29.40738],[-51.25582,-29.40218],[-51.23135,-29.39749],[-51.22629,-29.38988]]]},"properties":{"CD_MUN":"4322541","NM_MUN":"Vale Real","AREA_KM2":45.085}},
{"type":"Feature","geometry":{"type":"Polygon","coordinates":[[[-51.9124,-28.48435],[-51.88889,-28.48386],[-51.88903,-28.49],[-51.87619,-28.49025],[-51.87626,-28.50585],[-51.863,-28.50967],[-51.84923,-28.50974],[-51.84906,-28.51561],[-51.8368,-28.51568],[-51.837,-28.52125],[-51.82484,-28.52116],[-51.82502,-28.52774],[-51.80312,-28.52728],[-51.80982,-28.5331],[-51.80281,-28.53775],[-51.79737,-28.53211],[-51.79064,-28.52582],[-51.7876,-28.51651],[-51.78098,-28.51105],[-51.78846,-28.50017],[-51.78984,-28.48745],[-51.78027,-28.48404],[-51.7826,-28.47169],[-51.79401,-28.46511],[-51.81285,-28.4677],[-51.8168,-28.47141],[-51.82955,-28.46824],[-51.83573,-28.4606],[-51.85295,-28.4585],[-51.87579,-28.45931],[-51.8844,-28.45813],[-51.90599,-28.46736],[-51.91541,-28.47834],[-51.9124,-28.48435]]]},"properties":{"CD_MUN":"4322558","NM_MUN":"Vanini","AREA_KM2":64.905}},
{"type":"Feature","geometry":{"type":"Polygon","coordinates":[[[-52.29885,-29.67457],[-52.28087,-29.68222],[-52.27523,-29.68699],[-52.27624,-29.69312],[-52.26886,-29.69971],[-52.2601,-29.70238],[-52.25426,-29.69702],[-52.24386,-29.69696],[-52.23541,-29.68958],[-52.2303,-29.6765],[-52.21004,-29.66636],[-52.19964,-29.66906],[-52.18345,-29.66978],[-52.17201,-29.67701],[-52.16609,-29.68624],[-52.16568,-29.69376],[-52.15626,-29.70445],[-52.13725,-29.71252],[-52.13001,-29.71977],[-52.12037,-29.72378],[-52.10343,-29.72475],[-52.08268,-29.71994],[-52.05803,-29.72628],[-52.04691,-29.7191],[-52.04604,-29.71288],[-52.03742,-29.70377],[-52.03027,-29.70293],[-52.01991,-29.70918],[-52.007,-29.70555],[-52.0028,-29.709],[-52.00536,-29.71683],[-52.00135,-29.72358],[-51.98634,-29.72626],[-51.98465,-29.73068],[-51.97266,-29.73673],[-51.9622,-29.7347],[-51.95836,-29.74454],[-51.9582,-29.75573],[-51.9618,-29.76082],[-51.95531,-29.76551],[-51.94959,-29.75949],[-51.94298,-29.75865],[-51.94525,-29.75325],[-51.94365,-29.73814],[-51.95419,-29.7128],[-51.96424,-29.70112],[-51.97538,-29.67374],[-51.9823,-29.66055],[-51.98192,-29.65306],[-51.96986,-29.63364],[-51.98182,-29.62626],[-51.991,-29.62824],[-51.98964,-29.61939],[-51.99259,-29.61423],[-52.00932,-29.62461],[-52.01608,-29.62165],[-52.02048,-29.61464],[-52.03072,-29.60833],[-52.03286,-29.59549],[-52.04876,-29.58089],[-52.05788,-29.57931],[-52.06034,-29.57347],[-52.06792,-29.57338],[-52.07385,-29.56287],[-52.09073,-29.55261],[-52.10118,-29.54855],[-52.10612,-29.55993],[-52.12828,-29.55316],[-52.14822,-29.5645],[-52.16752,-29.54554],[-52.16828,-29.5166],[-52.175,-29.51447],[-52.17442,-29.50639],[-52.18007,-29.50022],[-52.1563,-29.50037],[-52.1558,-29.4769],[-52.16697,-29.47343],[-52.17675,-29.47605],[-52.18263,-29.46708],[-52.19774,-29.45966],[-52.2107,-29.45993],[-52.21844,-29.45528],[-52.23222,-29.45671],[-52.24243,-29.44827],[-52.24894,-29.44809],[-52.25588,-29.43887],[-52.2747,-29.42476],[-52.2737,-29.42086],[-52.28657,-29.41574],[-52.29509,-29.40669],[-52.30518,-29.40423],[-52.30206,-29.39809],[-52.315,-29.39245],[-52.32645,-29.39303],[-52.34528,-29.38085],[-52.35228,-29.36977],[-52.36594,-29.3716],[-52.3772,-29.35807],[-52.38424,-29.35268],[-52.39053,-29.3535],[-52.39562,-29.36356],[-52.40302,-29.36538],[-52.41046,-29.35908],[-52.41538,-29.346],[-52.42548,-29.34191],[-52.44342,-29.34637],[-52.45539,-29.35831],[-52.46226,-29.37395],[-52.46012,-29.38475],[-52.45137,-29.38348],[-52.44499,-29.37875],[-52.43485,-29.37832],[-52.42887,-29.37667],[-52.41815,-29.37951],[-52.40812,-29.37539],[-52.39046,-29.37537],[-52.37744,-29.38377],[-52.37699,-29.39603],[-52.37037,-29.39999],[-52.36884,-29.40843],[-52.35917,-29.41673],[-52.35301,-29.42892],[-52.35857,-29.43729],[-52.35837,-29.4446],[-52.35261,-29.45225],[-52.3523,-29.46174],[-52.35676,-29.46448],[-52.35091,-29.47356],[-52.35209,-29.4869],[-52.34544,-29.4948],[-52.34708,-29.50507],[-52.3314,-29.51792],[-52.33029,-29.52568],[-52.3337,-29.53299],[-52.331,-29.5391],[-52.33299,-29.54883],[-52.32873,-29.5544],[-52.3264,-29.56647],[-52.31445,-29.66578],[-52.29885,-29.67457]]]},"properties":{"CD_MUN":"4322608","NM_MUN":"Venâncio Aires","AREA_KM2":772.588}},
{"type":"Feature","geometry":{"type":"Polygon","coordinates":[[[-52.58108,-29.79367],[-52.57059,-29.80215],[-52.55478,-29.80998],[-52.54949,-29.81896],[-52.55265,-29.82404],[-52.54424,-29.83327],[-52.53089,-29.83147],[-52.52001,-29.83768],[-52.50555,-29.83942],[-52.50408,-29.84968],[-52.50938,-29.86182],[-52.50981,-29.87287],[-52.49687,-29.87568],[-52.48574,-29.87162],[-52.47782,-29.87528],[-52.47267,-29.86975],[-52.47101,-29.86143],[-52.47528,-29.85823],[-52.47398,-29.84853],[-52.46396,-29.84011],[-52.47413,-29.83349],[-52.47982,-29.81268],[-52.48695,-29.80161],[-52.48059,-29.79328],[-52.47513,-29.76984],[-52.47827,-29.76205],[-52.47343,-29.74715],[-52.46297,-29.74372],[-52.4598,-29.73409],[-52.46594,-29.73036],[-52.46391,-29.71151],[-52.47169,-29.69415],[-52.46383,-29.68325],[-52.46227,-29.6728],[-52.46435,-29.66563],[-52.48552,-29.66532],[-52.48551,-29.65116],[-52.48974,-29.64276],[-52.50065,-29.64262],[-52.51047,-29.6218],[-52.53115,-29.62117],[-52.53079,-29.59935],[-52.56397,-29.59903],[-52.56499,-29.58473],[-52.58429,-29.5857],[-52.58418,-29.58268],[-52.62052,-29.58076],[-52.62239,-29.60637],[-52.61426,-29.65356],[-52.62246,-29.66309],[-52.62281,-29.67278],[-52.61382,-29.67604],[-52.59979,-29.6892],[-52.5953,-29.6959],[-52.60321,-29.70061],[-52.60535,-29.71412],[-52.59872,-29.72979],[-52.59929,-29.73794],[-52.58216,-29.74689],[-52.57871,-29.76613],[-52.57417,-29.77077],[-52.58108,-29.79367]]]},"properties":{"CD_MUN":"4322707","NM_MUN":"Vera Cruz","AREA_KM2":309.621}},
{"type":"Feature","geometry":{"type":"Polygon","coordinates":[[[-51.62932,-29.02073],[-51.62937,-29.02848],[-51.63462,-29.0386],[-51.63124,-29.04431],[-51.61712,-29.04254],[-51.60857,-29.06091],[-51.60129,-29.06167],[-51.60378,-29.04942],[-51.59483,-29.04472],[-51.58014,-29.04827],[-51.56437,-29.04386],[-51.56391,-29.03056],[-51.55316,-29.01565],[-51.5351,-29.01921],[-51.53573,-29.02571],[-51.54391,-29.03594],[-51.55658,-29.04483],[-51.55131,-29.05557],[-51.5395,-29.05599],[-51.53234,-29.06141],[-51.52826,-29.07048],[-51.51982,-29.07923],[-51.50398,-29.08179],[-51.50157,-29.07816],[-51.49849,-29.0539],[-51.52081,-29.04335],[-51.52181,-29.03296],[-51.51223,-29.02468],[-51.4917,-29.03251],[-51.4817,-29.02951],[-51.47699,-29.01871],[-51.47817,-29.01014],[-51.46323,-29.00737],[-51.45468,-29.00009],[-51.45899,-28.99483],[-51.47214,-28.99171],[-51.47321,-28.98518],[-51.46294,-28.98355],[-51.45332,-28.97781],[-51.45278,-28.97302],[-51.46828,-28.96995],[-51.47164,-28.96122],[-51.46746,-28.94893],[-51.46131,-28.94798],[-51.45056,-28.95201],[-51.44046,-28.94176],[-51.44689,-28.9381],[-51.46603,-28.93791],[-51.46425,-28.92489],[-51.47186,-28.91774],[-51.4718,-28.91196],[-51.46598,-28.90397],[-51.471,-28.89666],[-51.46741,-28.89257],[-51.45553,-28.89105],[-51.4559,-28.88644],[-51.53302,-28.88722],[-51.53425,-28.87886],[-51.55946,-28.87981],[-51.55941,-28.89183],[-51.57525,-28.89581],[-51.58346,-28.89375],[-51.58353,-28.88632],[-51.62078,-28.88639],[-51.62603,-28.87963],[-51.63472,-28.87947],[-51.64559,-28.89119],[-51.64599,-28.91025],[-51.65902,-28.91413],[-51.66914,-28.91113],[-51.68396,-28.92725],[-51.6937,-28.93178],[-51.62747,-28.92754],[-51.62984,-28.94677],[-51.62357,-28.94897],[-51.62354,-28.96192],[-51.61767,-28.98334],[-51.61815,-28.99468],[-51.62356,-29.01746],[-51.62932,-29.02073]]]},"properties":{"CD_MUN":"4322806","NM_MUN":"Veranópolis","AREA_KM2":289.397}},
{"type":"Feature","geometry":{"type":"Polygon","coordinates":[[[-51.77963,-29.09424],[-51.8084,-29.08172],[-51.8036,-29.06545],[-51.80904,-29.0643],[-51.80533,-29.0457],[-51.8141,-29.01451],[-51.8516,-29.02581],[-51.8523,-29.01685],[-51.86864,-29.02025],[-51.87878,-29.01922],[-51.91833,-29.02286],[-51.91747,-29.03409],[-51.91327,-29.04167],[-51.91784,-29.04949],[-51.91774,-29.06225],[-51.92634,-29.06839],[-51.92585,-29.07487],[-51.92816,-29.09567],[-51.91261,-29.09932],[-51.90772,-29.10748],[-51.89381,-29.10672],[-51.89367,-29.11644],[-51.86268,-29.11623],[-51.85994,-29.10801],[-51.86047,-29.09713],[-51.83075,-29.09683],[-51.83229,-29.1077],[-51.82923,-29.1153],[-51.80078,-29.11584],[-51.79549,-29.11272],[-51.79169,-29.10278],[-51.77963,-29.09424]]]},"properties":{"CD_MUN":"4322855","NM_MUN":"Vespasiano Corrêa","AREA_KM2":113.622}},
{"type":"Feature","geometry":{"type":"Polygon","coordinates":[[[-52.0412,-27.64552],[-52.03491,-27.6394],[-52.01949,-27.64351],[-52.01326,-27.65036],[-52.00677,-27.64815],[-52.00147,-27.64059],[-51.98731,-27.63891],[-51.99069,-27.64898],[-51.9908,-27.66926],[-51.99594,-27.66931],[-51.99582,-27.68174],[-52.00126,-27.69447],[-51.9886,-27.71676],[-51.98215,-27.72039],[-51.97348,-27.67302],[-51.90812,-27.65444],[-51.8964,-27.65216],[-51.89109,-27.64879],[-51.87613,-27.66046],[-51.87269,-27.65501],[-51.88071,-27.64323],[-51.88776,-27.63988],[-51.88777,-27.63188],[-51.86887,-27.63157],[-51.87265,-27.62227],[-51.8842,-27.6256],[-51.89232,-27.61636],[-51.89871,-27.60201],[-51.88815,-27.59866],[-51.8827,-27.59274],[-51.89167,-27.57897],[-51.90016,-27.58587],[-51.89857,-27.59449],[-51.91114,-27.5952],[-51.93707,-27.57889],[-51.94411,-27.58054],[-51.94866,-27.58836],[-51.97504,-27.5772],[-51.96712,-27.5636],[-51.97584,-27.54666],[-51.97005,-27.54307],[-51.96118,-27.52475],[-51.95507,-27.52113],[-51.95637,-27.51237],[-51.97909,-27.49955],[-51.98858,-27.4997],[-51.98851,-27.4868],[-51.99805,-27.48715],[-51.99711,-27.46496],[-51.99205,-27.46254],[-51.99786,-27.45343],[-52.00453,-27.45373],[-52.0111,-27.44677],[-52.01151,-27.43888],[-52.02008,-27.43229],[-52.02975,-27.43594],[-52.02881,-27.45453],[-52.06665,-27.45392],[-52.06707,-27.48027],[-52.06703,-27.49173],[-52.08,-27.49633],[-52.07834,-27.50656],[-52.0888,-27.50768],[-52.08297,-27.51114],[-52.08792,-27.52005],[-52.07617,-27.51899],[-52.07683,-27.53443],[-52.06568,-27.53467],[-52.06596,-27.5426],[-52.05422,-27.54253],[-52.06922,-27.58532],[-52.06565,-27.59029],[-52.0487,-27.58969],[-52.04112,-27.5951],[-52.0412,-27.64552]]]},"properties":{"CD_MUN":"4322905","NM_MUN":"Viadutos","AREA_KM2":268.072}},
{"type":"Feature","geometry":{"type":"Polygon","coordinates":[[[-51.08488,-30.04617],[-51.11229,-30.05098],[-51.1184,-30.05455],[-51.12036,-30.06683],[-51.10924,-30.07833],[-51.11197,-30.10421],[-51.10594,-30.10664],[-51.09492,-30.11862],[-51.09772,-30.13178],[-51.08559,-30.14314],[-51.08879,-30.15151],[-51.07861,-30.16074],[-51.07666,-30.17526],[-51.06696,-30.17845],[-51.05462,-30.18886],[-51.04265,-30.18473],[-51.01194,-30.19893],[-51.03155,-30.21688],[-51.04074,-30.21846],[-51.05304,-30.23072],[-51.05874,-30.24374],[-51.05457,-30.25112],[-51.0629,-30.25961],[-51.06931,-30.27129],[-51.05921,-30.27671],[-51.05668,-30.27113],[-51.04273,-30.26867],[-51.03076,-30.27448],[-51.02248,-30.28415],[-51.0198,-30.29651],[-51.02386,-30.31637],[-51.0316,-30.33387],[-51.03983,-30.34294],[-51.04982,-30.34459],[-51.05098,-30.34923],[-51.06525,-30.35663],[-51.04607,-30.35964],[-51.04129,-30.36637],[-51.0474,-30.3815],[-51.05558,-30.39198],[-51.04208,-30.38981],[-51.03867,-30.38608],[-51.01301,-30.38966],[-50.99838,-30.3951],[-50.97341,-30.40762],[-50.94605,-30.4264],[-50.93004,-30.43577],[-50.93761,-30.40687],[-50.93921,-30.39413],[-50.93855,-30.3751],[-50.93455,-30.35557],[-50.92704,-30.33816],[-50.91484,-30.32639],[-50.90817,-30.32354],[-50.89273,-30.32169],[-50.88489,-30.32367],[-50.84402,-30.32076],[-50.83826,-30.32484],[-50.81943,-30.32994],[-50.79698,-30.33838],[-50.77587,-30.33397],[-50.77666,-30.32724],[-50.7889,-30.33337],[-50.79171,-30.33011],[-50.79487,-30.31235],[-50.78756,-30.28856],[-50.78201,-30.28477],[-50.75073,-30.29671],[-50.73433,-30.29592],[-50.7215,-30.29932],[-50.70368,-30.29687],[-50.68576,-30.29836],[-50.67324,-30.29664],[-50.66837,-30.29148],[-50.65614,-30.28598],[-50.65497,-30.28147],[-50.66348,-30.27038],[-50.66889,-30.25488],[-50.66407,-30.222],[-50.66068,-30.21498],[-50.65889,-30.19992],[-50.64432,-30.19224],[-50.62082,-30.19841],[-50.62156,-30.16145],[-50.62149,-30.11987],[-50.62264,-30.11973],[-50.6311,-30.073],[-50.63509,-30.06785],[-50.63466,-30.05835],[-50.64624,-30.0603],[-50.65347,-30.05867],[-50.65806,-30.04673],[-50.65448,-30.0437],[-50.65722,-30.04131],[-50.67834,-30.05396],[-50.68454,-30.05155],[-50.68409,-30.04159],[-50.70049,-30.034],[-50.70055,-30.01797],[-50.71366,-30.01112],[-50.71172,-30.00331],[-50.71794,-29.98711],[-50.71785,-29.97893],[-50.73158,-29.98068],[-50.7439,-29.98645],[-50.76733,-29.99217],[-50.82075,-29.99879],[-50.82762,-29.99983],[-50.85938,-30.01432],[-50.86871,-30.01557],[-50.91434,-30.00259],[-50.92531,-29.99562],[-50.93832,-29.97705],[-50.94931,-29.96628],[-50.95593,-29.96973],[-50.96234,-29.98998],[-50.97318,-29.99504],[-50.98624,-29.99507],[-50.99827,-29.99993],[-51.014,-29.99824],[-51.03069,-30.00189],[-51.03967,-30.00655],[-51.03364,-30.02335],[-51.05421,-30.02851],[-51.0484,-30.04503],[-51.05134,-30.05023],[-51.07059,-30.05133],[-51.08488,-30.04617]]]},"properties":{"CD_MUN":"4323002","NM_MUN":"Viamão","AREA_KM2":1496.506}},
{"type":"Feature","geometry":{"type":"Polygon","coordinates":[[[-53.48817,-27.19377],[-53.47791,-27.19329],[-53.46305,-27.19568],[-53.45729,-27.19967],[-53.4471,-27.19981],[-53.43802,-27.20793],[-53.43423,-27.21776],[-53.41543,-27.22554],[-53.40081,-27.23654],[-53.39269,-27.23406],[-53.38661,-27.23832],[-53.37261,-27.23627],[-53.36893,-27.23328],[-53.34934,-27.23958],[-53.34183,-27.24132],[-53.33994,-27.23478],[-53.3299,-27.23569],[-53.3351,-27.2227],[-53.32687,-27.22054],[-53.32246,-27.20989],[-53.32073,-27.19824],[-53.30902,-27.18161],[-53.29598,-27.15154],[-53.29294,-27.14081],[-53.29924,-27.1287],[-53.3087,-27.12131],[-53.31731,-27.1186],[-53.33723,-27.12146],[-53.34575,-27.12099],[-53.3533,-27.11538],[-53.36498,-27.09435],[-53.37064,-27.0911],[-53.38104,-27.09411],[-53.3956,-27.11342],[-53.39923,-27.12536],[-53.40621,-27.13654],[-53.41794,-27.14444],[-53.43183,-27.14623],[-53.45537,-27.15689],[-53.46417,-27.15504],[-53.47634,-27.13891],[-53.4912,-27.13233],[-53.50313,-27.13476],[-53.50707,-27.1394],[-53.5081,-27.15147],[-53.50286,-27.16558],[-53.48973,-27.18043],[-53.48817,-27.19377]]]},"properties":{"CD_MUN":"4323101","NM_MUN":"Vicente Dutra","AREA_KM2":193.025}},
{"type":"Feature","geometry":{"type":"Polygon","coordinates":[[[-52.626,-28.41066],[-52.62946,-28.42007],[-52.64642,-28.44195],[-52.65514,-28.44306],[-52.67094,-28.45857],[-52.67543,-28.45565],[-52.68525,-28.46108],[-52.69247,-28.46901],[-52.69488,-28.47558],[-52.68763,-28.48635],[-52.69013,-28.49928],[-52.69445,-28.50552],[-52.70646,-28.49345],[-52.71497,-28.50131],[-52.71791,-28.52076],[-52.73119,-28.52609],[-52.72369,-28.53312],[-52.72714,-28.54859],[-52.73517,-28.54707],[-52.74613,-28.54899],[-52.7601,-28.54289],[-52.76327,-28.54981],[-52.75721,-28.55738],[-52.76698,-28.56908],[-52.7634,-28.58679],[-52.75172,-28.59201],[-52.7494,-28.59771],[-52.76121,-28.60677],[-52.7653,-28.61449],[-52.76078,-28.62034],[-52.76279,-28.62683],[-52.76467,-28.63317],[-52.76273,-28.64368],[-52.76925,-28.6476],[-52.76497,-28.6607],[-52.73111,-28.67266],[-52.73207,-28.68057],[-52.74238,-28.67914],[-52.74017,-28.68803],[-52.72841,-28.68525],[-52.71447,-28.68382],[-52.72561,-28.67337],[-52.72108,-28.66596],[-52.70657,-28.66825],[-52.69539,-28.66633],[-52.6949,-28.65875],[-52.70056,-28.65306],[-52.70093,-28.64349],[-52.71098,-28.63372],[-52.70231,-28.62871],[-52.6897,-28.63609],[-52.67864,-28.62895],[-52.66448,-28.62546],[-52.66883,-28.61815],[-52.66057,-28.61163],[-52.64663,-28.60649],[-52.63598,-28.58603],[-52.64045,-28.58042],[-52.63738,-28.57188],[-52.63748,-28.55009],[-52.64622,-28.5414],[-52.64521,-28.52817],[-52.63524,-28.51951],[-52.62562,-28.52443],[-52.6178,-28.51787],[-52.62193,-28.50438],[-52.61812,-28.50148],[-52.62277,-28.49054],[-52.61571,-28.48941],[-52.61072,-28.48068],[-52.61468,-28.47305],[-52.60892,-28.46351],[-52.59813,-28.45565],[-52.58908,-28.43536],[-52.59211,-28.42301],[-52.59963,-28.42422],[-52.60474,-28.41165],[-52.62228,-28.40403],[-52.626,-28.41066]]]},"properties":{"CD_MUN":"4323200","NM_MUN":"Victor Graeff","AREA_KM2":238.133}},
{"type":"Feature","geometry":{"type":"Polygon","coordinates":[[[-51.49374,-28.82364],[-51.50002,-28.8272],[-51.57642,-28.83117],[-51.57524,-28.83337],[-51.66718,-28.83484],[-51.65143,-28.84829],[-51.64656,-28.8648],[-51.64972,-28.87263],[-51.62043,-28.87289],[-51.62078,-28.88639],[-51.58353,-28.88632],[-51.58346,-28.89375],[-51.57525,-28.89581],[-51.55941,-28.89183],[-51.55946,-28.87981],[-51.53425,-28.87886],[-51.53302,-28.88722],[-51.4559,-28.88644],[-51.45741,-28.87796],[-51.44777,-28.87104],[-51.44782,-28.86514],[-51.46046,-28.86075],[-51.46262,-28.85616],[-51.46532,-28.85077],[-51.47897,-28.84901],[-51.48607,-28.82965],[-51.49374,-28.82364]]]},"properties":{"CD_MUN":"4323309","NM_MUN":"Vila Flores","AREA_KM2":107.703}},
{"type":"Feature","geometry":{"type":"Polygon","coordinates":[[[-52.16458,-28.07359],[-52.17252,-28.07915],[-52.17059,-28.08659],[-52.18082,-28.08599],[-52.18377,-28.09481],[-52.17617,-28.09541],[-52.1786,-28.10787],[-52.17642,-28.11802],[-52.18266,-28.13218],[-52.17612,-28.1366],[-52.17553,-28.14359],[-52.18922,-28.15205],[-52.18801,-28.16688],[-52.19391,-28.1753],[-52.20404,-28.17663],[-52.20214,-28.18428],[-52.21267,-28.19286],[-52.2062,-28.20195],[-52.1973,-28.20732],[-52.19432,-28.22249],[-52.17953,-28.22961],[-52.17465,-28.23956],[-52.16943,-28.23395],[-52.16005,-28.23912],[-52.14396,-28.24281],[-52.13655,-28.23948],[-52.1438,-28.2272],[-52.15122,-28.22401],[-52.15714,-28.20969],[-52.16706,-28.20698],[-52.16842,-28.18911],[-52.1557,-28.18313],[-52.14681,-28.18491],[-52.12377,-28.18251],[-52.12265,-28.17851],[-52.10783,-28.17308],[-52.1006,-28.16445],[-52.10878,-28.15673],[-52.10473,-28.15148],[-52.10151,-28.1389],[-52.09632,-28.12926],[-52.08337,-28.11773],[-52.08978,-28.12159],[-52.09828,-28.11765],[-52.08909,-28.10867],[-52.09417,-28.09753],[-52.08886,-28.09054],[-52.09309,-28.08036],[-52.08462,-28.05534],[-52.09453,-28.04648],[-52.08843,-28.04422],[-52.09029,-28.03701],[-52.09835,-28.03819],[-52.10516,-28.03455],[-52.11279,-28.02188],[-52.1242,-28.02409],[-52.13036,-28.03039],[-52.13955,-28.03155],[-52.13733,-28.04341],[-52.14964,-28.05817],[-52.15698,-28.06027],[-52.15812,-28.07785],[-52.16458,-28.07359]]]},"properties":{"CD_MUN":"4323358","NM_MUN":"Vila Lângaro","AREA_KM2":151.695}},
{"type":"Feature","geometry":{"type":"Polygon","coordinates":[[[-52.23541,-28.5484],[-52.22165,-28.55256],[-52.21286,-28.55052],[-52.2019,-28.56732],[-52.1918,-28.56675],[-52.17986,-28.56214],[-52.17421,-28.57164],[-52.17011,-28.58542],[-52.17372,-28.59006],[-52.17162,-28.59803],[-52.17839,-28.60337],[-52.16904,-28.61019],[-52.15821,-28.60214],[-52.14718,-28.60824],[-52.14348,-28.6166],[-52.13026,-28.61458],[-52.1315,-28.62342],[-52.1389,-28.63265],[-52.15027,-28.63439],[-52.15576,-28.63899],[-52.15595,-28.65171],[-52.14757,-28.6669],[-52.13354,-28.673],[-52.11177,-28.67177],[-52.10007,-28.66896],[-52.1012,-28.65719],[-52.1097,-28.65584],[-52.09821,-28.63003],[-52.09165,-28.62882],[-52.09298,-28.61592],[-52.0987,-28.54804],[-52.09712,-28.54074],[-52.09025,-28.53567],[-52.09444,-28.53235],[-52.09572,-28.51461],[-52.09125,-28.50729],[-52.08856,-28.49562],[-52.09906,-28.4959],[-52.10482,-28.50225],[-52.11599,-28.49365],[-52.12611,-28.4961],[-52.1292,-28.50546],[-52.13922,-28.48756],[-52.13333,-28.48281],[-52.136,-28.47652],[-52.16488,-28.47763],[-52.1663,-28.48239],[-52.17849,-28.48953],[-52.186,-28.49961],[-52.19601,-28.49604],[-52.19707,-28.48914],[-52.21174,-28.48276],[-52.2228,-28.48731],[-52.2289,-28.50104],[-52.23423,-28.50521],[-52.24163,-28.50099],[-52.24309,-28.51407],[-52.25015,-28.51452],[-52.25486,-28.52019],[-52.23749,-28.52758],[-52.24432,-28.53474],[-52.23459,-28.5371],[-52.23541,-28.5484]]]},"properties":{"CD_MUN":"4323408","NM_MUN":"Vila Maria","AREA_KM2":181.061}},
{"type":"Feature","geometry":{"type":"Polygon","coordinates":[[[-53.84524,-30.48298],[-53.83306,-30.46546],[-53.83122,-30.45244],[-53.82711,-30.44235],[-53.80987,-30.42978],[-53.80556,-30.4195],[-53.79773,-30.41671],[-53.79241,-30.4035],[-53.77458,-30.39186],[-53.7584,-30.38505],[-53.74579,-30.38511],[-53.74322,-30.37672],[-53.74502,-30.36811],[-53.73424,-30.35583],[-53.74036,-30.33727],[-53.74207,-30.32166],[-53.77586,-30.32821],[-53.77882,-30.31631],[-53.78956,-30.3094],[-53.78858,-30.30582],[-53.77306,-30.29293],[-53.77107,-30.27846],[-53.75951,-30.27854],[-53.76241,-30.2699],[-53.75906,-30.26644],[-53.76114,-30.25571],[-53.75932,-30.24386],[-53.76671,-30.24514],[-53.77916,-30.25402],[-53.78659,-30.25511],[-53.80326,-30.24712],[-53.82413,-30.24604],[-53.83393,-30.2615],[-53.8571,-30.25124],[-53.87645,-30.2464],[-53.89216,-30.23466],[-53.90906,-30.22976],[-53.90971,-30.22634],[-53.92238,-30.22095],[-53.93467,-30.20839],[-53.94428,-30.21243],[-53.95465,-30.2075],[-53.9628,-30.21996],[-53.96696,-30.21798],[-53.98183,-30.22161],[-53.9878,-30.22563],[-53.98508,-30.2342],[-53.98987,-30.24763],[-54.00052,-30.24737],[-54.00072,-30.25501],[-54.01246,-30.25912],[-54.01801,-30.26638],[-54.00312,-30.28562],[-54.00053,-30.29722],[-53.98731,-30.30029],[-53.99287,-30.30793],[-53.98205,-30.31304],[-53.97741,-30.32718],[-53.96699,-30.33723],[-53.96553,-30.34233],[-53.97279,-30.3481],[-53.97167,-30.35919],[-53.96244,-30.36106],[-53.95868,-30.36925],[-53.95182,-30.37194],[-53.94168,-30.39275],[-53.93839,-30.40365],[-53.94194,-30.40996],[-53.93785,-30.41671],[-53.94044,-30.42437],[-53.9562,-30.43329],[-53.9678,-30.44218],[-53.97464,-30.44385],[-53.96236,-30.45813],[-53.95915,-30.47147],[-53.96072,-30.48203],[-53.94563,-30.48914],[-53.9244,-30.49045],[-53.91834,-30.49294],[-53.90129,-30.48991],[-53.896,-30.4958],[-53.88728,-30.49719],[-53.88061,-30.49438],[-53.87182,-30.48143],[-53.85889,-30.47628],[-53.84524,-30.48298]]]},"properties":{"CD_MUN":"4323457","NM_MUN":"Vila Nova do Sul","AREA_KM2":508.278}},
{"type":"Feature","geometry":{"type":"Polygon","coordinates":[[[-53.56142,-27.24513],[-53.55951,-27.25671],[-53.5553,-27.26136],[-53.55641,-27.26909],[-53.54718,-27.27131],[-53.54906,-27.29711],[-53.54167,-27.30356],[-53.54613,-27.30835],[-53.54078,-27.31333],[-53.54498,-27.3214],[-53.54038,-27.32534],[-53.53813,-27.33656],[-53.52809,-27.34107],[-53.52277,-27.34725],[-53.5124,-27.36576],[-53.513,-27.3744],[-53.5313,-27.38373],[-53.53198,-27.38745],[-53.51665,-27.39511],[-53.49944,-27.39026],[-53.48065,-27.38762],[-53.47552,-27.37649],[-53.46419,-27.36561],[-53.46053,-27.35114],[-53.46305,-27.34105],[-53.47137,-27.3391],[-53.47759,-27.3307],[-53.48122,-27.31785],[-53.49307,-27.30027],[-53.48376,-27.29635],[-53.48769,-27.29028],[-53.50443,-27.28436],[-53.51217,-27.27331],[-53.52004,-27.27867],[-53.52206,-27.26071],[-53.53022,-27.2646],[-53.53882,-27.26039],[-53.53855,-27.25012],[-53.54955,-27.24888],[-53.54633,-27.23755],[-53.55397,-27.23766],[-53.56142,-27.24513]]]},"properties":{"CD_MUN":"4323507","NM_MUN":"Vista Alegre","AREA_KM2":77.63}},
{"type":"Feature","geometry":{"type":"Polygon","coordinates":[[[-51.71212,-28.83546],[-51.71228,-28.82433],[-51.70434,-28.82432],[-51.70397,-28.81487],[-51.68384,-28.81499],[-51.68365,-28.80329],[-51.68915,-28.8032],[-51.68886,-28.79212],[-51.70647,-28.7918],[-51.7067,-28.78424],[-51.71405,-28.78422],[-51.76103,-28.79569],[-51.76745,-28.78382],[-51.76297,-28.77817],[-51.83359,-28.77821],[-51.83956,-28.78563],[-51.84768,-28.78053],[-51.85172,-28.79107],[-51.86643,-28.79525],[-51.87026,-28.80283],[-51.86124,-28.80896],[-51.8482,-28.80828],[-51.83498,-28.81858],[-51.84075,-28.82823],[-51.86372,-28.83041],[-51.85954,-28.84119],[-51.8387,-28.83586],[-51.83471,-28.83733],[-51.83199,-28.85476],[-51.82649,-28.85747],[-51.82937,-28.86876],[-51.81251,-28.87233],[-51.81258,-28.86599],[-51.802,-28.86864],[-51.8012,-28.8768],[-51.79107,-28.88394],[-51.77641,-28.88034],[-51.77055,-28.87455],[-51.75829,-28.87261],[-51.76555,-28.86457],[-51.75467,-28.85122],[-51.75468,-28.83598],[-51.71212,-28.83546]]]},"properties":{"CD_MUN":"4323606","NM_MUN":"Vista Alegre do Prata","AREA_KM2":119.327}},
{"type":"Feature","geometry":{"type":"Polygon","coordinates":[[[-53.76361,-27.27901],[-53.75474,-27.27831],[-53.7467,-27.29289],[-53.72899,-27.30552],[-53.72117,-27.30602],[-53.70982,-27.31174],[-53.69947,-27.30652],[-53.68814,-27.30771],[-53.68781,-27.32072],[-53.67211,-27.32122],[-53.6627,-27.31591],[-53.66256,-27.30297],[-53.65711,-27.29891],[-53.64796,-27.29995],[-53.6459,-27.29169],[-53.65616,-27.28175],[-53.64599,-27.28078],[-53.64358,-27.26854],[-53.63962,-27.26122],[-53.64116,-27.25696],[-53.65172,-27.25371],[-53.66121,-27.24699],[-53.66985,-27.24676],[-53.67714,-27.23783],[-53.67539,-27.23128],[-53.6908,-27.22357],[-53.68636,-27.21023],[-53.69528,-27.20997],[-53.70902,-27.21474],[-53.70693,-27.19826],[-53.71809,-27.19947],[-53.72858,-27.21573],[-53.72927,-27.22433],[-53.74223,-27.23272],[-53.74556,-27.24463],[-53.74132,-27.25549],[-53.74788,-27.26028],[-53.75187,-27.27176],[-53.76395,-27.27458],[-53.76361,-27.27901]]]},"properties":{"CD_MUN":"4323705","NM_MUN":"Vista Gaúcha","AREA_KM2":90.022}},
{"type":"Feature","geometry":{"type":"Polygon","coordinates":[[[-54.36912,-28.34924],[-54.37252,-28.33677],[-54.38251,-28.33863],[-54.39009,-28.3489],[-54.39541,-28.3467],[-54.39814,-28.33038],[-54.38939,-28.32129],[-54.39455,-28.31413],[-54.40014,-28.31592],[-54.41518,-28.33565],[-54.42365,-28.3364],[-54.43163,-28.31973],[-54.43447,-28.32052],[-54.43306,-28.33587],[-54.4453,-28.34009],[-54.46251,-28.33671],[-54.46027,-28.32594],[-54.46616,-28.31858],[-54.47738,-28.32461],[-54.47649,-28.31266],[-54.46862,-28.31024],[-54.45762,-28.31281],[-54.45875,-28.30226],[-54.46404,-28.29277],[-54.47433,-28.28907],[-54.48986,-28.29178],[-54.49197,-28.29879],[-54.48729,-28.31432],[-54.49611,-28.31713],[-54.50456,-28.30314],[-54.50658,-28.28967],[-54.50282,-28.27994],[-54.51324,-28.27627],[-54.51944,-28.28149],[-54.5204,-28.28841],[-54.5176,-28.30137],[-54.50994,-28.30935],[-54.50824,-28.31717],[-54.51707,-28.31846],[-54.52624,-28.30493],[-54.54021,-28.30123],[-54.54114,-28.29402],[-54.533,-28.28351],[-54.53284,-28.27774],[-54.54387,-28.27044],[-54.55731,-28.27736],[-54.5669,-28.27602],[-54.57302,-28.29856],[-54.55507,-28.28199],[-54.54938,-28.28889],[-54.55531,-28.29744],[-54.54784,-28.30439],[-54.55566,-28.31594],[-54.54529,-28.33124],[-54.54291,-28.34093],[-54.54388,-28.35081],[-54.53989,-28.35583],[-54.55205,-28.36362],[-54.55418,-28.37279],[-54.54458,-28.37715],[-54.54945,-28.38301],[-54.54028,-28.38668],[-54.53791,-28.39158],[-54.54182,-28.39938],[-54.53744,-28.40399],[-54.53173,-28.41507],[-54.51964,-28.4251],[-54.51736,-28.43136],[-54.50814,-28.43108],[-54.50014,-28.43684],[-54.49388,-28.44831],[-54.4823,-28.45138],[-54.49021,-28.4574],[-54.47807,-28.46713],[-54.46332,-28.48865],[-54.44231,-28.47775],[-54.42907,-28.47277],[-54.42468,-28.46316],[-54.40226,-28.45717],[-54.3984,-28.44777],[-54.38946,-28.43984],[-54.3748,-28.43621],[-54.37033,-28.40871],[-54.37595,-28.37119],[-54.36639,-28.35571],[-54.37284,-28.35437],[-54.37677,-28.36172],[-54.38283,-28.36378],[-54.38943,-28.35715],[-54.37977,-28.34841],[-54.36912,-28.34924]]]},"properties":{"CD_MUN":"4323754","NM_MUN":"Vitória das Missões","AREA_KM2":258.312}},
{"type":"Feature","geometry":{"type":"Polygon","coordinates":[[[-51.78106,-29.38794],[-51.78159,-29.46138],[-51.77244,-29.45665],[-51.76867,-29.46414],[-51.75659,-29.46054],[-51.74413,-29.46222],[-51.74032,-29.45362],[-51.73919,-29.41438],[-51.69121,-29.41507],[-51.69108,-29.37137],[-51.72745,-29.36941],[-51.72789,-29.36216],[-51.75076,-29.36214],[-51.75549,-29.36872],[-51.76955,-29.36984],[-51.77036,-29.38042],[-51.78106,-29.38794]]]},"properties":{"CD_MUN":"4323770","NM_MUN":"Westfália","AREA_KM2":63.665}},
{"type":"Feature","geometry":{"type":"Polygon","coordinates":[[[-50.01761,-29.77247],[-50.05495,-29.76165],[-50.06201,-29.76774],[-50.08007,-29.76904],[-50.08535,-29.7712],[-50.08588,-29.78544],[-50.09366,-29.78922],[-50.10922,-29.78356],[-50.11594,-29.78823],[-50.1076,-29.79659],[-50.10666,-29.80155],[-50.114,-29.81074],[-50.10827,-29.81556],[-50.10604,-29.82372],[-50.11212,-29.82694],[-50.11116,-29.83381],[-50.09877,-29.83677],[-50.10377,-29.84438],[-50.09603,-29.85249],[-50.06366,-29.86005],[-50.01761,-29.77247]]]},"properties":{"CD_MUN":"4323804","NM_MUN":"Xangri-lá","AREA_KM2":60.756}}
]}